[2m2026-09-14 22:52:27.520+0200[m[2m | [m[2mmain[m[2m | [m[33mWARN [m[2m | [m[2mPluginVerifier[m[2m | [m[33mArtifact <repo>/.tmp/besu-dist/besu-26.8.1/plugins/ops-besu-approvals.jar containing plugins [OpsApprovalPlugin] is without a catalog
[m[2m2026-09-14 22:52:27.521+0200[m[2m | [m[2mmain[m[2m | [m[33mWARN [m[2m | [m[2mPluginVerifier[m[2m | [m[33mPlugin artifact <repo>/.tmp/besu-dist/besu-26.8.1/plugins/linea-tracer-linea-8bb72b4.jar is built against Besu version 26.8.0-f2557d7 while current running Besu version is 26.8.1
[m[2m2026-09-14 22:52:27.532+0200[m[2m | [m[2mmain[m[2m | [m[32mINFO [m[2m | [m[2mBesuPluginContextImpl[m[2m | [m[32mRegistered plugin of type ops.approvals.OpsApprovalPlugin.
[mSetting logging level to INFO
[2m2026-09-14 22:52:27.561+0200[m[2m | [m[2mmain[m[2m | [m[32mINFO [m[2m | [m[2mBesu[m[2m | [m[32mStarting Besu
[m[2m2026-09-14 22:52:28.037+0200[m[2m | [m[2mmain[m[2m | [m[33mWARN [m[2m | [m[2mBesu[m[2m | [m[33m--discovery-enabled has been ignored because --p2p-enabled was not defined on the command line.
[m[2m2026-09-14 22:52:28.744+0200[m[2m | [m[2mmain[m[2m | [m[32mINFO [m[2m | [m[2mBesu[m[2m | [m[32mRPC HTTP JSON-RPC config: JsonRpcConfiguration{enabled=true, port=57823, host=127.0.0.1, corsAllowedDomains=[], hostsAllowlist=[localhost, 127.0.0.1], rpcApis=[ETH, NET, WEB3, DEBUG, TXPOOL, ADMIN, OPS], authenticationEnabled=false, authenticationCredentialsFile=null, authenticationPublicKeyFile=null, tlsConfiguration=Optional.empty, httpTimeoutSec=30, maxActiveConnections=80, maxBatchSize=1024}
[m[2m2026-09-14 22:52:28.746+0200[m[2m | [m[2mmain[m[2m | [m[32mINFO [m[2m | [m[2mBesu[m[2m | [m[32mEngine JSON-RPC config: JsonRpcConfiguration{enabled=true, port=57824, host=127.0.0.1, corsAllowedDomains=[], hostsAllowlist=[*], rpcApis=[ENGINE, ETH], authenticationEnabled=true, authenticationCredentialsFile=null, authenticationPublicKeyFile=<repo>/.tmp/besu-approval-runs/bench-on-11558-1789419146/jwt.hex, tlsConfiguration=Optional.empty, httpTimeoutSec=30, maxActiveConnections=80, maxBatchSize=1024}
[m[2m2026-09-14 22:52:28.753+0200[m[2m | [m[2mmain[m[2m | [m[33mWARN [m[2m | [m[2mBesu[m[2m | [m[33mForcing --bonsai-limit-trie-logs-enabled=false, since it cannot be enabled with --sync-mode=FULL and --data-storage-format=BONSAI.
[m[2m2026-09-14 22:52:28.753+0200[m[2m | [m[2mmain[m[2m | [m[32mINFO [m[2m | [m[2mBesu[m[2m | [m[32mConnecting to 0 static nodes.
[m[2m2026-09-14 22:52:28.758+0200[m[2m | [m[2mmain[m[2m | [m[33mWARN [m[2m | [m[2mBesu[m[2m | [m[33mForcing price bump for transaction replacement to 0, since min-gas-price is set to 0
[m[2m2026-09-14 22:52:28.759+0200[m[2m | [m[2mmain[m[2m | [m[33mWARN [m[2m | [m[2mBesu[m[2m | [m[33mForcing tx-pool-min-gas-price=0, since it cannot be greater than the value of min-gas-price
[m[2m2026-09-14 22:52:28.797+0200[m[2m | [m[2mmain[m[2m | [m[32mINFO [m[2m | [m[2mBesu[m[2m | [m[32m
####################################################################################################
#                                                                                                  #
# Besu version 26.8.1                                                                              #
#                                                                                                  #
# Configuration:                                                                                   #
# Network: Custom genesis file                                                                     #
# <repo>/.tmp/worktrees/ops-besu-signed-appr                     #
# ovals/poc/besu-signed-approvals/evidence/genesis.json                                            #
# Network Id: 31337                                                                                #
# Data storage: Bonsai                                                                             #
# RocksDB max open files: 1024 (derived from available resources)                                  #
# Sync mode: Full                                                                                  #
# Sync min peers: 5                                                                                #
# P2P Discovery: disabled                                                                          #
# RPC HTTP APIs: ETH,NET,WEB3,DEBUG,TXPOOL,ADMIN,OPS                                               #
# RPC HTTP port: 57823                                                                             #
# Engine APIs: ENGINE,ETH                                                                          #
# Engine port: 57824                                                                               #
# Engine JWT: <repo>/.tmp/worktrees/ops-besu                     #
# -signed-approvals/.tmp/besu-approval-runs/bench-on-11558-1789419146/jwt.hex                      #
# Using LAYERED transaction pool implementation                                                    #
# Using STACKED worldstate update mode                                                             #
# Opcode optimizations enabled                                                                     #
# Parallel transaction processing enabled                                                          #
# BAL pruning enabled (retained BALs: 113056)                                                      #
#                                                                                                  #
# Host:                                                                                            #
# Java: openjdk-java-25                                                                            #
# Maximum heap size: 2,00 GB                                                                       #
# OS: osx-aarch_64                                                                                 #
# Total memory: 32,00 GB                                                                           #
# CPU cores: 12                                                                                    #
#                                                                                                  #
# Plugin Registration Summary:                                                                     #
# Registered Plugins:                                                                              #
#  - OpsApprovalPlugin (ops-besu-approvals/0.1.0-poc)                                              #
# Detected but not registered:                                                                     #
#  - BesuShomeiRpcPlugin (besu-shomei-plugin/v1.0.7)                                               #
#  - ZkTrieLogPlugin (besu-shomei-plugin/v1.0.7)                                                   #
#  - ForwardBundlesPlugin (linea-sequencer/linea-8bb72b4)                                          #
#  - LineaExtraDataPlugin (linea-sequencer/linea-8bb72b4)                                          #
#  - LineaBundleEndpointsPlugin (linea-sequencer/linea-8bb72b4)                                    #
#  - LineaEstimateGasEndpointPlugin (linea-sequencer/linea-8bb72b4)                                #
#  - LineaForcedTransactionEndpointsPlugin (linea-sequencer/linea-8bb72b4)                         #
#  - LineaSetExtraDataEndpointPlugin (linea-sequencer/linea-8bb72b4)                               #
#  - LineaTransactionPoolValidatorPlugin (linea-sequencer/linea-8bb72b4)                           #
#  - LineaTransactionSelectorPlugin (linea-sequencer/linea-8bb72b4)                                #
#  - LineaBlockTransactionValidatorPlugin (linea-sequencer/linea-8bb72b4)                          #
#  - TracerReadinessPlugin (linea-tracer/linea-8bb72b4)                                            #
#  - ConflatedLineCountsEndpointServicePlugin (linea-tracer/linea-8bb72b4)                         #
#  - CaptureEndpointServicePlugin (linea-tracer/linea-8bb72b4)                                     #
#  - LineCountsEndpointServicePlugin (linea-tracer/linea-8bb72b4)                                  #
#  - TracesEndpointServicePlugin (linea-tracer/linea-8bb72b4)                                      #
# TOTAL = 1 of 17 plugins successfully registered.                                                 #
#                                                                                                  #
####################################################################################################
[m[2m2026-09-14 22:52:28.797+0200[m[2m | [m[2mmain[m[2m | [m[32mINFO [m[2m | [m[2mBesu[m[2m | [m[32mSecurity Module: localfile
[m[2m2026-09-14 22:52:28.798+0200[m[2m | [m[2mmain[m[2m | [m[32mINFO [m[2m | [m[2mVersionMetadata[m[2m | [m[32mLookup version metadata file in data directory: <repo>/.tmp/besu-approval-runs/bench-on-11558-1789419146/data
[m[2m2026-09-14 22:52:28.798+0200[m[2m | [m[2mmain[m[2m | [m[32mINFO [m[2m | [m[2mVersionMetadata[m[2m | [m[32mData directory <repo>/.tmp/besu-approval-runs/bench-on-11558-1789419146/data does not exist - creating it
[m[2m2026-09-14 22:52:28.798+0200[m[2m | [m[2mmain[m[2m | [m[32mINFO [m[2m | [m[2mVersionMetadata[m[2m | [m[32mNo version data detected. Writing Besu version 26.8.1 to metadata file
[m[2m2026-09-14 22:52:29.022+0200[m[2m | [m[2mmain[m[2m | [m[32mINFO [m[2m | [m[2mBesu[m[2m | [m[32mUsing the native implementation of alt bn128
[m[2m2026-09-14 22:52:29.023+0200[m[2m | [m[2mmain[m[2m | [m[32mINFO [m[2m | [m[2mBesu[m[2m | [m[32mUsing the Java implementation of modexp
[m[2m2026-09-14 22:52:29.028+0200[m[2m | [m[2mmain[m[2m | [m[32mINFO [m[2m | [m[2mBesu[m[2m | [m[32mUsing the native implementation of the signature algorithm
[m[2m2026-09-14 22:52:29.030+0200[m[2m | [m[2mmain[m[2m | [m[32mINFO [m[2m | [m[2mBesu[m[2m | [m[32mUsing the Java implementation of the blake2bf algorithm
[m[2m2026-09-14 22:52:29.471+0200[m[2m | [m[2mmain[m[2m | [m[32mINFO [m[2m | [m[2mBesu[m[2m | [m[32mUsing the native BoringSSL implementation of p256verify
[m[2m2026-09-14 22:52:29.515+0200[m[2m | [m[2mmain[m[2m | [m[33mWARN [m[2m | [m[2mBesuController[m[2m | [m[33mNo consensus mechanism detected in genesis config, using PoS
[m[2m2026-09-14 22:52:29.527+0200[m[2m | [m[2mmain[m[2m | [m[33mWARN [m[2m | [m[2mBesu[m[2m | [m[33mForcing price bump for transaction replacement to 0, since min-gas-price is set to 0
[m[2m2026-09-14 22:52:29.527+0200[m[2m | [m[2mmain[m[2m | [m[33mWARN [m[2m | [m[2mBesu[m[2m | [m[33mForcing tx-pool-min-gas-price=0, since it cannot be greater than the value of min-gas-price
[m[2m2026-09-14 22:52:29.528+0200[m[2m | [m[2mmain[m[2m | [m[32mINFO [m[2m | [m[2mKeyPairUtil[m[2m | [m[32mAttempting to load public key from <repo>/.tmp/besu-approval-runs/bench-on-11558-1789419146/key
[m[2m2026-09-14 22:52:29.534+0200[m[2m | [m[2mmain[m[2m | [m[32mINFO [m[2m | [m[2mKeyPairUtil[m[2m | [m[32mLoaded public key 0x8318535b54105d4a7aae60c08fc45f9687181b4fdfc625bd1a753fa7397fed753547f11ca8696646f2f3acb08e31016afac23e630c5d11f59f61fef57b0d2aa5 from <repo>/.tmp/besu-approval-runs/bench-on-11558-1789419146/key
[m[2m2026-09-14 22:52:29.583+0200[m[2m | [m[2mmain[m[2m | [m[32mINFO [m[2m | [m[2mProtocolScheduleBuilder[m[2m | [m[32mProtocol schedule created with milestones: [Shanghai:0]
[m[2m2026-09-14 22:52:29.585+0200[m[2m | [m[2mmain[m[2m | [m[32mINFO [m[2m | [m[2mRocksDBKeyValueStorageFactory[m[2m | [m[32mNo existing database at <repo>/.tmp/besu-approval-runs/bench-on-11558-1789419146/data. Using default metadata for new db versionedStorageFormat=BaseVersionedStorageFormat{format=BONSAI, version=3}
[m[2m2026-09-14 22:52:30.069+0200[m[2m | [m[2mmain[m[2m | [m[32mINFO [m[2m | [m[2mFlatDbStrategyProvider[m[2m | [m[32mFlat db mode found FULL
[m[2m2026-09-14 22:52:30.071+0200[m[2m | [m[2mmain[m[2m | [m[32mINFO [m[2m | [m[2mFlatDbStrategyProvider[m[2m | [m[32mDB mode with code stored using code hash enabled = true
[m[2m2026-09-14 22:52:30.077+0200[m[2m | [m[2mmain[m[2m | [m[32mINFO [m[2m | [m[2mFlatDbStrategyProvider[m[2m | [m[32mFlat db mode found FULL
[m[2m2026-09-14 22:52:30.078+0200[m[2m | [m[2mmain[m[2m | [m[32mINFO [m[2m | [m[2mFlatDbStrategyProvider[m[2m | [m[32mDB mode with code stored using code hash enabled = true
[m[2m2026-09-14 22:52:30.144+0200[m[2m | [m[2mmain[m[2m | [m[32mINFO [m[2m | [m[2mBesuControllerBuilder[m[2m | [m[32mAdding ChainDataPruner to observe block added events
[m[2m2026-09-14 22:52:30.145+0200[m[2m | [m[2mmain[m[2m | [m[32mINFO [m[2m | [m[2mBesuControllerBuilder[m[2m | [m[32mBAL pruning enabled | BALs retained: 113056 | Frequency: 256
[m[2m2026-09-14 22:52:30.158+0200[m[2m | [m[2mmain[m[2m | [m[32mINFO [m[2m | [m[2mTransactionPoolFactory[m[2m | [m[32mEnabling transaction pool
[m[2m2026-09-14 22:52:30.164+0200[m[2m | [m[2mmain[m[2m | [m[32mINFO [m[2m | [m[2mEthPeers[m[2m | [m[32mUpdating the default best peer comparator
[m[2m2026-09-14 22:52:30.168+0200[m[2m | [m[2mmain[m[2m | [m[32mINFO [m[2m | [m[2mBesuControllerBuilder[m[2m | [m[32mTTD difficulty is present, creating initial sync for PoS
[m[2m2026-09-14 22:52:30.182+0200[m[2m | [m[2mmain[m[2m | [m[32mINFO [m[2m | [m[2mRunnerBuilder[m[2m | [m[32mDetecting NAT service.
[m[2m2026-09-14 22:52:30.263+0200[m[2m | [m[2mmain[m[2m | [m[32mINFO [m[2m | [m[2mRunner[m[2m | [m[32mStarting external services ... 
[m[2m2026-09-14 22:52:30.263+0200[m[2m | [m[2mmain[m[2m | [m[32mINFO [m[2m | [m[2mJsonRpcHttpService[m[2m | [m[32mStarting JSON-RPC service on 127.0.0.1:57823
[m[2m2026-09-14 22:52:30.298+0200[m[2m | [m[2mvert.x-eventloop-thread-1[m[2m | [m[32mINFO [m[2m | [m[2mJsonRpcHttpService[m[2m | [m[32mJSON-RPC service started and listening on 127.0.0.1:57823
[m[2m2026-09-14 22:52:30.298+0200[m[2m | [m[2mmain[m[2m | [m[32mINFO [m[2m | [m[2mEngineJsonRpcService[m[2m | [m[32mStarting JSON-RPC service on 127.0.0.1:57824
[m[2m2026-09-14 22:52:30.300+0200[m[2m | [m[2mvert.x-eventloop-thread-1[m[2m | [m[32mINFO [m[2m | [m[2mEngineJsonRpcService[m[2m | [m[32mJSON-RPC service started and listening on 127.0.0.1:57824
[m[2m2026-09-14 22:52:30.301+0200[m[2m | [m[2mmain[m[2m | [m[32mINFO [m[2m | [m[2mAutoTransactionLogBloomCachingService[m[2m | [m[32mStarting auto transaction log bloom caching service.
[m[2m2026-09-14 22:52:30.301+0200[m[2m | [m[2mmain[m[2m | [m[32mINFO [m[2m | [m[2mLogBloomCacheMetadata[m[2m | [m[32mLookup cache metadata file in data directory: <repo>/.tmp/besu-approval-runs/bench-on-11558-1789419146/data/caches
[m[2m2026-09-14 22:52:30.311+0200[m[2m | [m[2mmain[m[2m | [m[32mINFO [m[2m | [m[2mOpsApprovalPlugin[m[2m | [m[32mOPS approval gate active: listen=127.0.0.1:57825 chain=31337 wait_ms=5000 capacity=100000
[m[2m2026-09-14 22:52:30.312+0200[m[2m | [m[2mmain[m[2m | [m[32mINFO [m[2m | [m[2mRunner[m[2m | [m[32mStarting Ethereum main loop ... 
[m[2m2026-09-14 22:52:30.312+0200[m[2m | [m[2mmain[m[2m | [m[32mINFO [m[2m | [m[2mNatService[m[2m | [m[32mNo NAT environment detected so no service could be started
[m[2m2026-09-14 22:52:30.312+0200[m[2m | [m[2mmain[m[2m | [m[32mINFO [m[2m | [m[2mNetworkRunner[m[2m | [m[32mStarting Network.
[m[2m2026-09-14 22:52:30.315+0200[m[2m | [m[2mmain[m[2m | [m[32mINFO [m[2m | [m[2mNetworkRunner[m[2m | [m[32mSupported capabilities: [eth/68, eth/69, eth/70, eth/71], [snap/1]
[m[2m2026-09-14 22:52:30.315+0200[m[2m | [m[2mmain[m[2m | [m[32mINFO [m[2m | [m[2mRunner[m[2m | [m[32mEthereum main loop is up.
[m[2m2026-09-14 22:52:34.851+0200[m[2m | [m[2mengine-ordered-execution-0[m[2m | [m[32mINFO [m[2m | [m[2mMergeCoordinator[m[2m | [m[32mStart building proposals for block 1 identified by 0x0094b6536c934601
[m[2m2026-09-14 22:52:34.852+0200[m[2m | [m[2mengine-ordered-execution-0[m[2m | [m[32mINFO [m[2m | [m[2mEngineForkchoiceUpdatedV2[m[2m | [m[32mFCU(VALID) | head: 206d0.....3fa10 | safe: 206d0.....3fa10 | finalized: 206d0.....3fa10
[m[2m2026-09-14 22:52:34.858+0200[m[2m | [m[2mEthScheduler-BlockCreation-1-1[m[2m | [m[32mINFO [m[2m | [m[2mApprovalSelector[m[2m | [m[32mOPS_APPROVAL_DECISION allow tx=0x06c191f70392d0e9769d297c574b7569f2d27c3f8e160225e7de4987276e085e calls=1
[m[2m2026-09-14 22:52:34.858+0200[m[2m | [m[2mEthScheduler-BlockCreation-1-1[m[2m | [m[32mINFO [m[2m | [m[2mApprovalSelector[m[2m | [m[32mOPS_APPROVAL_TIMING {"tx":"0x06c191f70392d0e9769d297c574b7569f2d27c3f8e160225e7de4987276e085e","mode":3,"calls":1,"gate_ns":300000}
[m[2m2026-09-14 22:52:34.859+0200[m[2m | [m[2mEthScheduler-BlockCreation-1-1[m[2m | [m[32mINFO [m[2m | [m[2mApprovalSelector[m[2m | [m[32mOPS_APPROVAL_DECISION allow tx=0x9e88e7ab4838cb46704ee2ebd7b5dfdba3be76716e80572003e3c7679bab9a6b calls=1
[m[2m2026-09-14 22:52:34.859+0200[m[2m | [m[2mEthScheduler-BlockCreation-1-1[m[2m | [m[32mINFO [m[2m | [m[2mApprovalSelector[m[2m | [m[32mOPS_APPROVAL_TIMING {"tx":"0x9e88e7ab4838cb46704ee2ebd7b5dfdba3be76716e80572003e3c7679bab9a6b","mode":3,"calls":1,"gate_ns":98458}
[m[2m2026-09-14 22:52:34.860+0200[m[2m | [m[2mEthScheduler-BlockCreation-1-1[m[2m | [m[32mINFO [m[2m | [m[2mApprovalSelector[m[2m | [m[32mOPS_APPROVAL_DECISION allow tx=0x315593ca306aecaded359b6e42d56ea0e182395050bf88a3241782018067242d calls=1
[m[2m2026-09-14 22:52:34.860+0200[m[2m | [m[2mEthScheduler-BlockCreation-1-1[m[2m | [m[32mINFO [m[2m | [m[2mApprovalSelector[m[2m | [m[32mOPS_APPROVAL_TIMING {"tx":"0x315593ca306aecaded359b6e42d56ea0e182395050bf88a3241782018067242d","mode":3,"calls":1,"gate_ns":78000}
[m[2m2026-09-14 22:52:34.860+0200[m[2m | [m[2mEthScheduler-BlockCreation-1-1[m[2m | [m[32mINFO [m[2m | [m[2mApprovalSelector[m[2m | [m[32mOPS_APPROVAL_DECISION allow tx=0x77e17117589b2c1e5a970539f314ecc55b540a65e9f813b5bc59341433f633c8 calls=1
[m[2m2026-09-14 22:52:34.860+0200[m[2m | [m[2mEthScheduler-BlockCreation-1-1[m[2m | [m[32mINFO [m[2m | [m[2mApprovalSelector[m[2m | [m[32mOPS_APPROVAL_TIMING {"tx":"0x77e17117589b2c1e5a970539f314ecc55b540a65e9f813b5bc59341433f633c8","mode":3,"calls":1,"gate_ns":72458}
[m[2m2026-09-14 22:52:34.860+0200[m[2m | [m[2mEthScheduler-BlockCreation-1-1[m[2m | [m[32mINFO [m[2m | [m[2mApprovalSelector[m[2m | [m[32mOPS_APPROVAL_DECISION allow tx=0xbd04bc9d529c528d9d9bbbeecf2375b8bfa86164ad1717cbd2f361a550c96228 calls=1
[m[2m2026-09-14 22:52:34.860+0200[m[2m | [m[2mEthScheduler-BlockCreation-1-1[m[2m | [m[32mINFO [m[2m | [m[2mApprovalSelector[m[2m | [m[32mOPS_APPROVAL_TIMING {"tx":"0xbd04bc9d529c528d9d9bbbeecf2375b8bfa86164ad1717cbd2f361a550c96228","mode":3,"calls":1,"gate_ns":71667}
[m[2m2026-09-14 22:52:34.861+0200[m[2m | [m[2mEthScheduler-BlockCreation-1-1[m[2m | [m[32mINFO [m[2m | [m[2mApprovalSelector[m[2m | [m[32mOPS_APPROVAL_DECISION allow tx=0x31bb03f9385aadc9218b9d4b180b97affdd367e09708eac97997e323384ee853 calls=1
[m[2m2026-09-14 22:52:34.861+0200[m[2m | [m[2mEthScheduler-BlockCreation-1-1[m[2m | [m[32mINFO [m[2m | [m[2mApprovalSelector[m[2m | [m[32mOPS_APPROVAL_TIMING {"tx":"0x31bb03f9385aadc9218b9d4b180b97affdd367e09708eac97997e323384ee853","mode":3,"calls":1,"gate_ns":76416}
[m[2m2026-09-14 22:52:34.861+0200[m[2m | [m[2mEthScheduler-BlockCreation-1-1[m[2m | [m[32mINFO [m[2m | [m[2mApprovalSelector[m[2m | [m[32mOPS_APPROVAL_DECISION allow tx=0x1b3605df5415e4388d07b835a445b4eda66e32d497b42c6a09a71e4d4fd50f15 calls=1
[m[2m2026-09-14 22:52:34.861+0200[m[2m | [m[2mEthScheduler-BlockCreation-1-1[m[2m | [m[32mINFO [m[2m | [m[2mApprovalSelector[m[2m | [m[32mOPS_APPROVAL_TIMING {"tx":"0x1b3605df5415e4388d07b835a445b4eda66e32d497b42c6a09a71e4d4fd50f15","mode":3,"calls":1,"gate_ns":75792}
[m[2m2026-09-14 22:52:34.862+0200[m[2m | [m[2mEthScheduler-BlockCreation-1-1[m[2m | [m[32mINFO [m[2m | [m[2mApprovalSelector[m[2m | [m[32mOPS_APPROVAL_DECISION allow tx=0xadb6f97a53d16b3de7454a263e373b49410e5ebcd15c4b7b67fed484a66bf25f calls=1
[m[2m2026-09-14 22:52:34.862+0200[m[2m | [m[2mEthScheduler-BlockCreation-1-1[m[2m | [m[32mINFO [m[2m | [m[2mApprovalSelector[m[2m | [m[32mOPS_APPROVAL_TIMING {"tx":"0xadb6f97a53d16b3de7454a263e373b49410e5ebcd15c4b7b67fed484a66bf25f","mode":3,"calls":1,"gate_ns":68750}
[m[2m2026-09-14 22:52:34.862+0200[m[2m | [m[2mEthScheduler-BlockCreation-1-1[m[2m | [m[32mINFO [m[2m | [m[2mApprovalSelector[m[2m | [m[32mOPS_APPROVAL_DECISION allow tx=0x0f033f73694ea0eeb4a0f0134b964d5f93955e859261b6141880b55f34b5ae0a calls=1
[m[2m2026-09-14 22:52:34.862+0200[m[2m | [m[2mEthScheduler-BlockCreation-1-1[m[2m | [m[32mINFO [m[2m | [m[2mApprovalSelector[m[2m | [m[32mOPS_APPROVAL_TIMING {"tx":"0x0f033f73694ea0eeb4a0f0134b964d5f93955e859261b6141880b55f34b5ae0a","mode":3,"calls":1,"gate_ns":71708}
[m[2m2026-09-14 22:52:34.862+0200[m[2m | [m[2mEthScheduler-BlockCreation-1-1[m[2m | [m[32mINFO [m[2m | [m[2mApprovalSelector[m[2m | [m[32mOPS_APPROVAL_DECISION allow tx=0x1b04113bf3fcb735fe89787a9afddd3537466b3abbeb7cfc79695c9976c65fa8 calls=1
[m[2m2026-09-14 22:52:34.862+0200[m[2m | [m[2mEthScheduler-BlockCreation-1-1[m[2m | [m[32mINFO [m[2m | [m[2mApprovalSelector[m[2m | [m[32mOPS_APPROVAL_TIMING {"tx":"0x1b04113bf3fcb735fe89787a9afddd3537466b3abbeb7cfc79695c9976c65fa8","mode":3,"calls":1,"gate_ns":133208}
[m[2m2026-09-14 22:52:34.863+0200[m[2m | [m[2mEthScheduler-BlockCreation-1-1[m[2m | [m[32mINFO [m[2m | [m[2mApprovalSelector[m[2m | [m[32mOPS_APPROVAL_DECISION allow tx=0xccf10da4a2cd4e044999bd8af9f15f0d15cedbcc3e738f47aad835096b36fc83 calls=1
[m[2m2026-09-14 22:52:34.863+0200[m[2m | [m[2mEthScheduler-BlockCreation-1-1[m[2m | [m[32mINFO [m[2m | [m[2mApprovalSelector[m[2m | [m[32mOPS_APPROVAL_TIMING {"tx":"0xccf10da4a2cd4e044999bd8af9f15f0d15cedbcc3e738f47aad835096b36fc83","mode":3,"calls":1,"gate_ns":84458}
[m[2m2026-09-14 22:52:34.863+0200[m[2m | [m[2mEthScheduler-BlockCreation-1-1[m[2m | [m[32mINFO [m[2m | [m[2mApprovalSelector[m[2m | [m[32mOPS_APPROVAL_DECISION allow tx=0x677b2f781b4643bfe55f8afa6eb76c3857b8e7752143e2d415d34a11c497f16f calls=1
[m[2m2026-09-14 22:52:34.863+0200[m[2m | [m[2mEthScheduler-BlockCreation-1-1[m[2m | [m[32mINFO [m[2m | [m[2mApprovalSelector[m[2m | [m[32mOPS_APPROVAL_TIMING {"tx":"0x677b2f781b4643bfe55f8afa6eb76c3857b8e7752143e2d415d34a11c497f16f","mode":3,"calls":1,"gate_ns":74624}
[m[2m2026-09-14 22:52:34.864+0200[m[2m | [m[2mEthScheduler-BlockCreation-1-1[m[2m | [m[32mINFO [m[2m | [m[2mApprovalSelector[m[2m | [m[32mOPS_APPROVAL_DECISION allow tx=0x6828c8c78938025c241979033edb80731204728cd45471672eeaad946465cf97 calls=1
[m[2m2026-09-14 22:52:34.864+0200[m[2m | [m[2mEthScheduler-BlockCreation-1-1[m[2m | [m[32mINFO [m[2m | [m[2mApprovalSelector[m[2m | [m[32mOPS_APPROVAL_TIMING {"tx":"0x6828c8c78938025c241979033edb80731204728cd45471672eeaad946465cf97","mode":3,"calls":1,"gate_ns":71125}
[m[2m2026-09-14 22:52:34.864+0200[m[2m | [m[2mEthScheduler-BlockCreation-1-1[m[2m | [m[32mINFO [m[2m | [m[2mApprovalSelector[m[2m | [m[32mOPS_APPROVAL_DECISION allow tx=0x554df2319c2c2bdbafbedba05a44efd774a1b69871b78a0b1b57657de7d1bec3 calls=1
[m[2m2026-09-14 22:52:34.864+0200[m[2m | [m[2mEthScheduler-BlockCreation-1-1[m[2m | [m[32mINFO [m[2m | [m[2mApprovalSelector[m[2m | [m[32mOPS_APPROVAL_TIMING {"tx":"0x554df2319c2c2bdbafbedba05a44efd774a1b69871b78a0b1b57657de7d1bec3","mode":3,"calls":1,"gate_ns":66417}
[m[2m2026-09-14 22:52:34.864+0200[m[2m | [m[2mEthScheduler-BlockCreation-1-1[m[2m | [m[32mINFO [m[2m | [m[2mApprovalSelector[m[2m | [m[32mOPS_APPROVAL_DECISION allow tx=0xa90389a1349fbaf4708fe331e530717b5bd3a86eec6a9f3cb2b5e05b0d6ff557 calls=1
[m[2m2026-09-14 22:52:34.864+0200[m[2m | [m[2mEthScheduler-BlockCreation-1-1[m[2m | [m[32mINFO [m[2m | [m[2mApprovalSelector[m[2m | [m[32mOPS_APPROVAL_TIMING {"tx":"0xa90389a1349fbaf4708fe331e530717b5bd3a86eec6a9f3cb2b5e05b0d6ff557","mode":3,"calls":1,"gate_ns":65750}
[m[2m2026-09-14 22:52:34.865+0200[m[2m | [m[2mEthScheduler-BlockCreation-1-1[m[2m | [m[32mINFO [m[2m | [m[2mApprovalSelector[m[2m | [m[32mOPS_APPROVAL_DECISION allow tx=0xc7bc68365b7c3941246362c1d19bc0cca32357c5cf43a4e3ebf9c9f4d2728306 calls=1
[m[2m2026-09-14 22:52:34.865+0200[m[2m | [m[2mEthScheduler-BlockCreation-1-1[m[2m | [m[32mINFO [m[2m | [m[2mApprovalSelector[m[2m | [m[32mOPS_APPROVAL_TIMING {"tx":"0xc7bc68365b7c3941246362c1d19bc0cca32357c5cf43a4e3ebf9c9f4d2728306","mode":3,"calls":1,"gate_ns":68249}
[m[2m2026-09-14 22:52:34.865+0200[m[2m | [m[2mEthScheduler-BlockCreation-1-1[m[2m | [m[32mINFO [m[2m | [m[2mApprovalSelector[m[2m | [m[32mOPS_APPROVAL_DECISION allow tx=0xeb7b90cc80792852c3a7192c402f6c56336da73844de95c48d0c08f750893267 calls=1
[m[2m2026-09-14 22:52:34.865+0200[m[2m | [m[2mEthScheduler-BlockCreation-1-1[m[2m | [m[32mINFO [m[2m | [m[2mApprovalSelector[m[2m | [m[32mOPS_APPROVAL_TIMING {"tx":"0xeb7b90cc80792852c3a7192c402f6c56336da73844de95c48d0c08f750893267","mode":3,"calls":1,"gate_ns":161708}
[m[2m2026-09-14 22:52:34.866+0200[m[2m | [m[2mEthScheduler-BlockCreation-1-1[m[2m | [m[32mINFO [m[2m | [m[2mApprovalSelector[m[2m | [m[32mOPS_APPROVAL_DECISION allow tx=0x3ff1611ca233b98d62205f8ada768b1857d39425eb999697734d3a197e1d84f0 calls=1
[m[2m2026-09-14 22:52:34.866+0200[m[2m | [m[2mEthScheduler-BlockCreation-1-1[m[2m | [m[32mINFO [m[2m | [m[2mApprovalSelector[m[2m | [m[32mOPS_APPROVAL_TIMING {"tx":"0x3ff1611ca233b98d62205f8ada768b1857d39425eb999697734d3a197e1d84f0","mode":3,"calls":1,"gate_ns":92874}
[m[2m2026-09-14 22:52:34.866+0200[m[2m | [m[2mEthScheduler-BlockCreation-1-1[m[2m | [m[32mINFO [m[2m | [m[2mApprovalSelector[m[2m | [m[32mOPS_APPROVAL_DECISION allow tx=0x3471c4014779e3303c9daf339cf4e28670d8532ef782d9c4a53d6cc1258dbc3e calls=1
[m[2m2026-09-14 22:52:34.866+0200[m[2m | [m[2mEthScheduler-BlockCreation-1-1[m[2m | [m[32mINFO [m[2m | [m[2mApprovalSelector[m[2m | [m[32mOPS_APPROVAL_TIMING {"tx":"0x3471c4014779e3303c9daf339cf4e28670d8532ef782d9c4a53d6cc1258dbc3e","mode":3,"calls":1,"gate_ns":67959}
[m[2m2026-09-14 22:52:34.866+0200[m[2m | [m[2mEthScheduler-BlockCreation-1-1[m[2m | [m[32mINFO [m[2m | [m[2mApprovalSelector[m[2m | [m[32mOPS_APPROVAL_DECISION allow tx=0x3eda4051331dd5a07845929e21a83b468fab41794a9608f3fcaaffe5a58a4e70 calls=1
[m[2m2026-09-14 22:52:34.866+0200[m[2m | [m[2mEthScheduler-BlockCreation-1-1[m[2m | [m[32mINFO [m[2m | [m[2mApprovalSelector[m[2m | [m[32mOPS_APPROVAL_TIMING {"tx":"0x3eda4051331dd5a07845929e21a83b468fab41794a9608f3fcaaffe5a58a4e70","mode":3,"calls":1,"gate_ns":63667}
[m[2m2026-09-14 22:52:34.867+0200[m[2m | [m[2mEthScheduler-BlockCreation-1-1[m[2m | [m[32mINFO [m[2m | [m[2mApprovalSelector[m[2m | [m[32mOPS_APPROVAL_DECISION allow tx=0xe3a4886b4e2025190f147b726805571cd6a1ea2851c5b0e87d0831c146ab9222 calls=1
[m[2m2026-09-14 22:52:34.867+0200[m[2m | [m[2mEthScheduler-BlockCreation-1-1[m[2m | [m[32mINFO [m[2m | [m[2mApprovalSelector[m[2m | [m[32mOPS_APPROVAL_TIMING {"tx":"0xe3a4886b4e2025190f147b726805571cd6a1ea2851c5b0e87d0831c146ab9222","mode":3,"calls":1,"gate_ns":74958}
[m[2m2026-09-14 22:52:34.867+0200[m[2m | [m[2mEthScheduler-BlockCreation-1-1[m[2m | [m[32mINFO [m[2m | [m[2mApprovalSelector[m[2m | [m[32mOPS_APPROVAL_DECISION allow tx=0xd5fdfdddfc24701209b6293d02e5a293aea3d4a23a3a2cb9a3bd27b6f09bfe28 calls=1
[m[2m2026-09-14 22:52:34.867+0200[m[2m | [m[2mEthScheduler-BlockCreation-1-1[m[2m | [m[32mINFO [m[2m | [m[2mApprovalSelector[m[2m | [m[32mOPS_APPROVAL_TIMING {"tx":"0xd5fdfdddfc24701209b6293d02e5a293aea3d4a23a3a2cb9a3bd27b6f09bfe28","mode":3,"calls":1,"gate_ns":87750}
[m[2m2026-09-14 22:52:34.867+0200[m[2m | [m[2mEthScheduler-BlockCreation-1-1[m[2m | [m[32mINFO [m[2m | [m[2mApprovalSelector[m[2m | [m[32mOPS_APPROVAL_DECISION allow tx=0x09e0a41420b75b69db83b0eb34c386047a8337f6c608712318c9b2be78a9cf1c calls=1
[m[2m2026-09-14 22:52:34.868+0200[m[2m | [m[2mEthScheduler-BlockCreation-1-1[m[2m | [m[32mINFO [m[2m | [m[2mApprovalSelector[m[2m | [m[32mOPS_APPROVAL_TIMING {"tx":"0x09e0a41420b75b69db83b0eb34c386047a8337f6c608712318c9b2be78a9cf1c","mode":3,"calls":1,"gate_ns":82625}
[m[2m2026-09-14 22:52:34.868+0200[m[2m | [m[2mEthScheduler-BlockCreation-1-1[m[2m | [m[32mINFO [m[2m | [m[2mApprovalSelector[m[2m | [m[32mOPS_APPROVAL_DECISION allow tx=0x919ff5b73c5432d2fc578b00797a23536f2994240198d1e6017fe931378bdc3b calls=1
[m[2m2026-09-14 22:52:34.868+0200[m[2m | [m[2mEthScheduler-BlockCreation-1-1[m[2m | [m[32mINFO [m[2m | [m[2mApprovalSelector[m[2m | [m[32mOPS_APPROVAL_TIMING {"tx":"0x919ff5b73c5432d2fc578b00797a23536f2994240198d1e6017fe931378bdc3b","mode":3,"calls":1,"gate_ns":62084}
[m[2m2026-09-14 22:52:34.868+0200[m[2m | [m[2mEthScheduler-BlockCreation-1-1[m[2m | [m[32mINFO [m[2m | [m[2mApprovalSelector[m[2m | [m[32mOPS_APPROVAL_DECISION allow tx=0x38449c915ad6afd7b4147fc59864baf24e7b64855d639ea5ffe0efe967f5a964 calls=1
[m[2m2026-09-14 22:52:34.868+0200[m[2m | [m[2mEthScheduler-BlockCreation-1-1[m[2m | [m[32mINFO [m[2m | [m[2mApprovalSelector[m[2m | [m[32mOPS_APPROVAL_TIMING {"tx":"0x38449c915ad6afd7b4147fc59864baf24e7b64855d639ea5ffe0efe967f5a964","mode":3,"calls":1,"gate_ns":68250}
[m[2m2026-09-14 22:52:34.868+0200[m[2m | [m[2mEthScheduler-BlockCreation-1-1[m[2m | [m[32mINFO [m[2m | [m[2mApprovalSelector[m[2m | [m[32mOPS_APPROVAL_DECISION allow tx=0x0af76965beaf44892a9852c41f9303ea07320c1ca7e491afbacb90711106bdff calls=1
[m[2m2026-09-14 22:52:34.868+0200[m[2m | [m[2mEthScheduler-BlockCreation-1-1[m[2m | [m[32mINFO [m[2m | [m[2mApprovalSelector[m[2m | [m[32mOPS_APPROVAL_TIMING {"tx":"0x0af76965beaf44892a9852c41f9303ea07320c1ca7e491afbacb90711106bdff","mode":3,"calls":1,"gate_ns":62501}
[m[2m2026-09-14 22:52:34.869+0200[m[2m | [m[2mEthScheduler-BlockCreation-1-1[m[2m | [m[32mINFO [m[2m | [m[2mApprovalSelector[m[2m | [m[32mOPS_APPROVAL_DECISION allow tx=0x869e12a4be6413adee22caa883b19c32a60a3334525eb625db8f87abe547f521 calls=1
[m[2m2026-09-14 22:52:34.869+0200[m[2m | [m[2mEthScheduler-BlockCreation-1-1[m[2m | [m[32mINFO [m[2m | [m[2mApprovalSelector[m[2m | [m[32mOPS_APPROVAL_TIMING {"tx":"0x869e12a4be6413adee22caa883b19c32a60a3334525eb625db8f87abe547f521","mode":3,"calls":1,"gate_ns":62917}
[m[2m2026-09-14 22:52:34.869+0200[m[2m | [m[2mEthScheduler-BlockCreation-1-1[m[2m | [m[32mINFO [m[2m | [m[2mApprovalSelector[m[2m | [m[32mOPS_APPROVAL_DECISION allow tx=0xa1970ef77024728f989cee151a02d9bc29dff15ff76e35a6fbc4bb127c764004 calls=1
[m[2m2026-09-14 22:52:34.869+0200[m[2m | [m[2mEthScheduler-BlockCreation-1-1[m[2m | [m[32mINFO [m[2m | [m[2mApprovalSelector[m[2m | [m[32mOPS_APPROVAL_TIMING {"tx":"0xa1970ef77024728f989cee151a02d9bc29dff15ff76e35a6fbc4bb127c764004","mode":3,"calls":1,"gate_ns":57292}
[m[2m2026-09-14 22:52:34.870+0200[m[2m | [m[2mEthScheduler-BlockCreation-1-1[m[2m | [m[32mINFO [m[2m | [m[2mApprovalSelector[m[2m | [m[32mOPS_APPROVAL_DECISION allow tx=0xbc534c0206b8881dd5e3ef526ee6c6f7364c97a2dfded21ab654113213c6f4a8 calls=1
[m[2m2026-09-14 22:52:34.870+0200[m[2m | [m[2mEthScheduler-BlockCreation-1-1[m[2m | [m[32mINFO [m[2m | [m[2mApprovalSelector[m[2m | [m[32mOPS_APPROVAL_TIMING {"tx":"0xbc534c0206b8881dd5e3ef526ee6c6f7364c97a2dfded21ab654113213c6f4a8","mode":3,"calls":1,"gate_ns":102417}
[m[2m2026-09-14 22:52:34.870+0200[m[2m | [m[2mEthScheduler-BlockCreation-1-1[m[2m | [m[32mINFO [m[2m | [m[2mApprovalSelector[m[2m | [m[32mOPS_APPROVAL_DECISION allow tx=0x62a09f96375f6d795864e54f58b449a668161fb70bd71b0b7d0eedf9838b0ed8 calls=1
[m[2m2026-09-14 22:52:34.870+0200[m[2m | [m[2mEthScheduler-BlockCreation-1-1[m[2m | [m[32mINFO [m[2m | [m[2mApprovalSelector[m[2m | [m[32mOPS_APPROVAL_TIMING {"tx":"0x62a09f96375f6d795864e54f58b449a668161fb70bd71b0b7d0eedf9838b0ed8","mode":3,"calls":1,"gate_ns":89167}
[m[2m2026-09-14 22:52:34.870+0200[m[2m | [m[2mEthScheduler-BlockCreation-1-1[m[2m | [m[32mINFO [m[2m | [m[2mApprovalSelector[m[2m | [m[32mOPS_APPROVAL_DECISION allow tx=0x7bfde14102b7f053cc2ad4379f0f53a846e725830882f2b10816ae218c216ef1 calls=1
[m[2m2026-09-14 22:52:34.870+0200[m[2m | [m[2mEthScheduler-BlockCreation-1-1[m[2m | [m[32mINFO [m[2m | [m[2mApprovalSelector[m[2m | [m[32mOPS_APPROVAL_TIMING {"tx":"0x7bfde14102b7f053cc2ad4379f0f53a846e725830882f2b10816ae218c216ef1","mode":3,"calls":1,"gate_ns":62041}
[m[2m2026-09-14 22:52:34.871+0200[m[2m | [m[2mEthScheduler-BlockCreation-1-1[m[2m | [m[32mINFO [m[2m | [m[2mApprovalSelector[m[2m | [m[32mOPS_APPROVAL_DECISION allow tx=0x0f94eb19283836bd021fe8e0d4e419601fccbecec7d6e5ef1531c90b0f10459a calls=1
[m[2m2026-09-14 22:52:34.871+0200[m[2m | [m[2mEthScheduler-BlockCreation-1-1[m[2m | [m[32mINFO [m[2m | [m[2mApprovalSelector[m[2m | [m[32mOPS_APPROVAL_TIMING {"tx":"0x0f94eb19283836bd021fe8e0d4e419601fccbecec7d6e5ef1531c90b0f10459a","mode":3,"calls":1,"gate_ns":132041}
[m[2m2026-09-14 22:52:34.871+0200[m[2m | [m[2mEthScheduler-BlockCreation-1-1[m[2m | [m[32mINFO [m[2m | [m[2mApprovalSelector[m[2m | [m[32mOPS_APPROVAL_DECISION allow tx=0xafb2f7c84a6662de3fe6970d1a177b8dd680fb6496ca4dcede3398e9b56b5bd1 calls=1
[m[2m2026-09-14 22:52:34.871+0200[m[2m | [m[2mEthScheduler-BlockCreation-1-1[m[2m | [m[32mINFO [m[2m | [m[2mApprovalSelector[m[2m | [m[32mOPS_APPROVAL_TIMING {"tx":"0xafb2f7c84a6662de3fe6970d1a177b8dd680fb6496ca4dcede3398e9b56b5bd1","mode":3,"calls":1,"gate_ns":73291}
[m[2m2026-09-14 22:52:34.872+0200[m[2m | [m[2mEthScheduler-BlockCreation-1-1[m[2m | [m[32mINFO [m[2m | [m[2mApprovalSelector[m[2m | [m[32mOPS_APPROVAL_DECISION allow tx=0x1a544ae4a023b9991574ceaf6679f6f20e6e76497a401a8b91e4232912823f3d calls=1
[m[2m2026-09-14 22:52:34.872+0200[m[2m | [m[2mEthScheduler-BlockCreation-1-1[m[2m | [m[32mINFO [m[2m | [m[2mApprovalSelector[m[2m | [m[32mOPS_APPROVAL_TIMING {"tx":"0x1a544ae4a023b9991574ceaf6679f6f20e6e76497a401a8b91e4232912823f3d","mode":3,"calls":1,"gate_ns":67083}
[m[2m2026-09-14 22:52:34.872+0200[m[2m | [m[2mEthScheduler-BlockCreation-1-1[m[2m | [m[32mINFO [m[2m | [m[2mApprovalSelector[m[2m | [m[32mOPS_APPROVAL_DECISION allow tx=0x5c5d4a8704ef49336532eebdda626a4cfafc30fdedd1718751a7830ff418d7f8 calls=1
[m[2m2026-09-14 22:52:34.872+0200[m[2m | [m[2mEthScheduler-BlockCreation-1-1[m[2m | [m[32mINFO [m[2m | [m[2mApprovalSelector[m[2m | [m[32mOPS_APPROVAL_TIMING {"tx":"0x5c5d4a8704ef49336532eebdda626a4cfafc30fdedd1718751a7830ff418d7f8","mode":3,"calls":1,"gate_ns":61292}
[m[2m2026-09-14 22:52:34.872+0200[m[2m | [m[2mEthScheduler-BlockCreation-1-1[m[2m | [m[32mINFO [m[2m | [m[2mApprovalSelector[m[2m | [m[32mOPS_APPROVAL_DECISION allow tx=0xbe6883867b085b979ec98cd430f3319fd311ad98aa13a1716bd319318b66db00 calls=1
[m[2m2026-09-14 22:52:34.872+0200[m[2m | [m[2mEthScheduler-BlockCreation-1-1[m[2m | [m[32mINFO [m[2m | [m[2mApprovalSelector[m[2m | [m[32mOPS_APPROVAL_TIMING {"tx":"0xbe6883867b085b979ec98cd430f3319fd311ad98aa13a1716bd319318b66db00","mode":3,"calls":1,"gate_ns":65707}
[m[2m2026-09-14 22:52:34.873+0200[m[2m | [m[2mEthScheduler-BlockCreation-1-1[m[2m | [m[32mINFO [m[2m | [m[2mApprovalSelector[m[2m | [m[32mOPS_APPROVAL_DECISION allow tx=0x593cb412a137018a5da4c00310d9c748c44f84977070eee08622c8921c38d796 calls=1
[m[2m2026-09-14 22:52:34.873+0200[m[2m | [m[2mEthScheduler-BlockCreation-1-1[m[2m | [m[32mINFO [m[2m | [m[2mApprovalSelector[m[2m | [m[32mOPS_APPROVAL_TIMING {"tx":"0x593cb412a137018a5da4c00310d9c748c44f84977070eee08622c8921c38d796","mode":3,"calls":1,"gate_ns":75125}
[m[2m2026-09-14 22:52:34.873+0200[m[2m | [m[2mEthScheduler-BlockCreation-1-1[m[2m | [m[32mINFO [m[2m | [m[2mApprovalSelector[m[2m | [m[32mOPS_APPROVAL_DECISION allow tx=0x8d5baae2c4850d0489869cf6c040bf8913b592c7fafc314babb03dcbf90d0e3a calls=1
[m[2m2026-09-14 22:52:34.873+0200[m[2m | [m[2mEthScheduler-BlockCreation-1-1[m[2m | [m[32mINFO [m[2m | [m[2mApprovalSelector[m[2m | [m[32mOPS_APPROVAL_TIMING {"tx":"0x8d5baae2c4850d0489869cf6c040bf8913b592c7fafc314babb03dcbf90d0e3a","mode":3,"calls":1,"gate_ns":164291}
[m[2m2026-09-14 22:52:34.874+0200[m[2m | [m[2mEthScheduler-BlockCreation-1-1[m[2m | [m[32mINFO [m[2m | [m[2mApprovalSelector[m[2m | [m[32mOPS_APPROVAL_DECISION allow tx=0xf5847c1bdbf6235ae7cd1946a913aed97e4be19394d5a4ea2fb7a764abbae87c calls=1
[m[2m2026-09-14 22:52:34.874+0200[m[2m | [m[2mEthScheduler-BlockCreation-1-1[m[2m | [m[32mINFO [m[2m | [m[2mApprovalSelector[m[2m | [m[32mOPS_APPROVAL_TIMING {"tx":"0xf5847c1bdbf6235ae7cd1946a913aed97e4be19394d5a4ea2fb7a764abbae87c","mode":3,"calls":1,"gate_ns":101792}
[m[2m2026-09-14 22:52:34.874+0200[m[2m | [m[2mEthScheduler-BlockCreation-1-1[m[2m | [m[32mINFO [m[2m | [m[2mApprovalSelector[m[2m | [m[32mOPS_APPROVAL_DECISION allow tx=0xeb114400d06faf6633c04952a5f173e42f465ead8cdf56a186cfbf9f94d57fdd calls=1
[m[2m2026-09-14 22:52:34.874+0200[m[2m | [m[2mEthScheduler-BlockCreation-1-1[m[2m | [m[32mINFO [m[2m | [m[2mApprovalSelector[m[2m | [m[32mOPS_APPROVAL_TIMING {"tx":"0xeb114400d06faf6633c04952a5f173e42f465ead8cdf56a186cfbf9f94d57fdd","mode":3,"calls":1,"gate_ns":91917}
[m[2m2026-09-14 22:52:34.874+0200[m[2m | [m[2mEthScheduler-BlockCreation-1-1[m[2m | [m[32mINFO [m[2m | [m[2mApprovalSelector[m[2m | [m[32mOPS_APPROVAL_DECISION allow tx=0xf89e39edb8424f4ec69d6a16d8043f990284ccaa03f541af5d80a5413596cb8b calls=1
[m[2m2026-09-14 22:52:34.874+0200[m[2m | [m[2mEthScheduler-BlockCreation-1-1[m[2m | [m[32mINFO [m[2m | [m[2mApprovalSelector[m[2m | [m[32mOPS_APPROVAL_TIMING {"tx":"0xf89e39edb8424f4ec69d6a16d8043f990284ccaa03f541af5d80a5413596cb8b","mode":3,"calls":1,"gate_ns":58166}
[m[2m2026-09-14 22:52:34.875+0200[m[2m | [m[2mEthScheduler-BlockCreation-1-1[m[2m | [m[32mINFO [m[2m | [m[2mApprovalSelector[m[2m | [m[32mOPS_APPROVAL_DECISION allow tx=0xf48ff1e9b835f745030c56fb95d073d5e34eed3ffc94d432cd1458cc6c1bc557 calls=1
[m[2m2026-09-14 22:52:34.875+0200[m[2m | [m[2mEthScheduler-BlockCreation-1-1[m[2m | [m[32mINFO [m[2m | [m[2mApprovalSelector[m[2m | [m[32mOPS_APPROVAL_TIMING {"tx":"0xf48ff1e9b835f745030c56fb95d073d5e34eed3ffc94d432cd1458cc6c1bc557","mode":3,"calls":1,"gate_ns":56500}
[m[2m2026-09-14 22:52:34.875+0200[m[2m | [m[2mEthScheduler-BlockCreation-1-1[m[2m | [m[32mINFO [m[2m | [m[2mApprovalSelector[m[2m | [m[32mOPS_APPROVAL_DECISION allow tx=0xda4fc8f2c5fec43b8e341af8ada988b19fafb06c7df209a9cb07a65087aadce2 calls=1
[m[2m2026-09-14 22:52:34.875+0200[m[2m | [m[2mEthScheduler-BlockCreation-1-1[m[2m | [m[32mINFO [m[2m | [m[2mApprovalSelector[m[2m | [m[32mOPS_APPROVAL_TIMING {"tx":"0xda4fc8f2c5fec43b8e341af8ada988b19fafb06c7df209a9cb07a65087aadce2","mode":3,"calls":1,"gate_ns":145334}
[m[2m2026-09-14 22:52:34.876+0200[m[2m | [m[2mEthScheduler-BlockCreation-1-1[m[2m | [m[32mINFO [m[2m | [m[2mApprovalSelector[m[2m | [m[32mOPS_APPROVAL_DECISION allow tx=0x29513f06c71386814db2c7ff199d27e6918e016842b52d17afd823c60a5e6c62 calls=1
[m[2m2026-09-14 22:52:34.876+0200[m[2m | [m[2mEthScheduler-BlockCreation-1-1[m[2m | [m[32mINFO [m[2m | [m[2mApprovalSelector[m[2m | [m[32mOPS_APPROVAL_TIMING {"tx":"0x29513f06c71386814db2c7ff199d27e6918e016842b52d17afd823c60a5e6c62","mode":3,"calls":1,"gate_ns":90334}
[m[2m2026-09-14 22:52:34.876+0200[m[2m | [m[2mEthScheduler-BlockCreation-1-1[m[2m | [m[32mINFO [m[2m | [m[2mApprovalSelector[m[2m | [m[32mOPS_APPROVAL_DECISION allow tx=0x9b0b152bb8bc1223ff8f2e7598504d4d996971e2d288d1b9e17af982bd456bcc calls=1
[m[2m2026-09-14 22:52:34.876+0200[m[2m | [m[2mEthScheduler-BlockCreation-1-1[m[2m | [m[32mINFO [m[2m | [m[2mApprovalSelector[m[2m | [m[32mOPS_APPROVAL_TIMING {"tx":"0x9b0b152bb8bc1223ff8f2e7598504d4d996971e2d288d1b9e17af982bd456bcc","mode":3,"calls":1,"gate_ns":77541}
[m[2m2026-09-14 22:52:34.876+0200[m[2m | [m[2mEthScheduler-BlockCreation-1-1[m[2m | [m[32mINFO [m[2m | [m[2mApprovalSelector[m[2m | [m[32mOPS_APPROVAL_DECISION allow tx=0x455f176ad604e1d041a440eb94cf530c39882ad621cb0fcc168beb1e94477810 calls=1
[m[2m2026-09-14 22:52:34.876+0200[m[2m | [m[2mEthScheduler-BlockCreation-1-1[m[2m | [m[32mINFO [m[2m | [m[2mApprovalSelector[m[2m | [m[32mOPS_APPROVAL_TIMING {"tx":"0x455f176ad604e1d041a440eb94cf530c39882ad621cb0fcc168beb1e94477810","mode":3,"calls":1,"gate_ns":66458}
[m[2m2026-09-14 22:52:34.877+0200[m[2m | [m[2mEthScheduler-BlockCreation-1-1[m[2m | [m[32mINFO [m[2m | [m[2mApprovalSelector[m[2m | [m[32mOPS_APPROVAL_DECISION allow tx=0x5eb26299441b000271cec84e9c99b1a81498956a803ed538c8e05697c6d56f46 calls=1
[m[2m2026-09-14 22:52:34.877+0200[m[2m | [m[2mEthScheduler-BlockCreation-1-1[m[2m | [m[32mINFO [m[2m | [m[2mApprovalSelector[m[2m | [m[32mOPS_APPROVAL_TIMING {"tx":"0x5eb26299441b000271cec84e9c99b1a81498956a803ed538c8e05697c6d56f46","mode":3,"calls":1,"gate_ns":67667}
[m[2m2026-09-14 22:52:34.877+0200[m[2m | [m[2mEthScheduler-BlockCreation-1-1[m[2m | [m[32mINFO [m[2m | [m[2mApprovalSelector[m[2m | [m[32mOPS_APPROVAL_DECISION allow tx=0xe2e1a408cbffeda3effbc2634b29b0376fb71fa2afb1536481e259f5e8f4719b calls=1
[m[2m2026-09-14 22:52:34.877+0200[m[2m | [m[2mEthScheduler-BlockCreation-1-1[m[2m | [m[32mINFO [m[2m | [m[2mApprovalSelector[m[2m | [m[32mOPS_APPROVAL_TIMING {"tx":"0xe2e1a408cbffeda3effbc2634b29b0376fb71fa2afb1536481e259f5e8f4719b","mode":3,"calls":1,"gate_ns":55792}
[m[2m2026-09-14 22:52:34.877+0200[m[2m | [m[2mEthScheduler-BlockCreation-1-1[m[2m | [m[32mINFO [m[2m | [m[2mApprovalSelector[m[2m | [m[32mOPS_APPROVAL_DECISION allow tx=0x554353325bb7cee0c30484a6234bb2e12153a7a5c23193abdb4999e5724f1180 calls=1
[m[2m2026-09-14 22:52:34.877+0200[m[2m | [m[2mEthScheduler-BlockCreation-1-1[m[2m | [m[32mINFO [m[2m | [m[2mApprovalSelector[m[2m | [m[32mOPS_APPROVAL_TIMING {"tx":"0x554353325bb7cee0c30484a6234bb2e12153a7a5c23193abdb4999e5724f1180","mode":3,"calls":1,"gate_ns":63207}
[m[2m2026-09-14 22:52:34.878+0200[m[2m | [m[2mEthScheduler-BlockCreation-1-1[m[2m | [m[32mINFO [m[2m | [m[2mApprovalSelector[m[2m | [m[32mOPS_APPROVAL_DECISION allow tx=0x53ba81e7f9f06a254c0909cb699096133c15df7280cef012c683533613649146 calls=1
[m[2m2026-09-14 22:52:34.878+0200[m[2m | [m[2mEthScheduler-BlockCreation-1-1[m[2m | [m[32mINFO [m[2m | [m[2mApprovalSelector[m[2m | [m[32mOPS_APPROVAL_TIMING {"tx":"0x53ba81e7f9f06a254c0909cb699096133c15df7280cef012c683533613649146","mode":3,"calls":1,"gate_ns":66208}
[m[2m2026-09-14 22:52:34.878+0200[m[2m | [m[2mEthScheduler-BlockCreation-1-1[m[2m | [m[32mINFO [m[2m | [m[2mApprovalSelector[m[2m | [m[32mOPS_APPROVAL_DECISION allow tx=0x8c9ad1fc3fc9f6dfa0111e59f1238e820bfe354325c5ceb7245eb5a5fe846f4c calls=1
[m[2m2026-09-14 22:52:34.878+0200[m[2m | [m[2mEthScheduler-BlockCreation-1-1[m[2m | [m[32mINFO [m[2m | [m[2mApprovalSelector[m[2m | [m[32mOPS_APPROVAL_TIMING {"tx":"0x8c9ad1fc3fc9f6dfa0111e59f1238e820bfe354325c5ceb7245eb5a5fe846f4c","mode":3,"calls":1,"gate_ns":91916}
[m[2m2026-09-14 22:52:34.878+0200[m[2m | [m[2mEthScheduler-BlockCreation-1-1[m[2m | [m[32mINFO [m[2m | [m[2mApprovalSelector[m[2m | [m[32mOPS_APPROVAL_DECISION allow tx=0x89d995ce875fbfb9490181def68610d7f2d6513689526509bb02772db1a82a2f calls=1
[m[2m2026-09-14 22:52:34.878+0200[m[2m | [m[2mEthScheduler-BlockCreation-1-1[m[2m | [m[32mINFO [m[2m | [m[2mApprovalSelector[m[2m | [m[32mOPS_APPROVAL_TIMING {"tx":"0x89d995ce875fbfb9490181def68610d7f2d6513689526509bb02772db1a82a2f","mode":3,"calls":1,"gate_ns":59834}
[m[2m2026-09-14 22:52:34.879+0200[m[2m | [m[2mEthScheduler-BlockCreation-1-1[m[2m | [m[32mINFO [m[2m | [m[2mApprovalSelector[m[2m | [m[32mOPS_APPROVAL_DECISION allow tx=0x123d03c3fc141207926a5a4d467fcd68b7a3088a075f08ef3eac32a183890d7a calls=1
[m[2m2026-09-14 22:52:34.879+0200[m[2m | [m[2mEthScheduler-BlockCreation-1-1[m[2m | [m[32mINFO [m[2m | [m[2mApprovalSelector[m[2m | [m[32mOPS_APPROVAL_TIMING {"tx":"0x123d03c3fc141207926a5a4d467fcd68b7a3088a075f08ef3eac32a183890d7a","mode":3,"calls":1,"gate_ns":56958}
[m[2m2026-09-14 22:52:34.879+0200[m[2m | [m[2mEthScheduler-BlockCreation-1-1[m[2m | [m[32mINFO [m[2m | [m[2mApprovalSelector[m[2m | [m[32mOPS_APPROVAL_DECISION allow tx=0x9bf5071d8a7f9b60bed78446dffa820c816ca60ba5c14343888fcfe623cbef23 calls=1
[m[2m2026-09-14 22:52:34.879+0200[m[2m | [m[2mEthScheduler-BlockCreation-1-1[m[2m | [m[32mINFO [m[2m | [m[2mApprovalSelector[m[2m | [m[32mOPS_APPROVAL_TIMING {"tx":"0x9bf5071d8a7f9b60bed78446dffa820c816ca60ba5c14343888fcfe623cbef23","mode":3,"calls":1,"gate_ns":51375}
[m[2m2026-09-14 22:52:34.879+0200[m[2m | [m[2mEthScheduler-BlockCreation-1-1[m[2m | [m[32mINFO [m[2m | [m[2mApprovalSelector[m[2m | [m[32mOPS_APPROVAL_DECISION allow tx=0x0d6f7f85b3fd81df69bdc802131bbb41acc8607d49850739800d20a0d5f72d1a calls=1
[m[2m2026-09-14 22:52:34.879+0200[m[2m | [m[2mEthScheduler-BlockCreation-1-1[m[2m | [m[32mINFO [m[2m | [m[2mApprovalSelector[m[2m | [m[32mOPS_APPROVAL_TIMING {"tx":"0x0d6f7f85b3fd81df69bdc802131bbb41acc8607d49850739800d20a0d5f72d1a","mode":3,"calls":1,"gate_ns":52959}
[m[2m2026-09-14 22:52:34.880+0200[m[2m | [m[2mEthScheduler-BlockCreation-1-1[m[2m | [m[32mINFO [m[2m | [m[2mApprovalSelector[m[2m | [m[32mOPS_APPROVAL_DECISION allow tx=0xb869830f7fc3b7552e6de191b33276ef7a304690a32e0e148ebc6f718d6a9623 calls=1
[m[2m2026-09-14 22:52:34.880+0200[m[2m | [m[2mEthScheduler-BlockCreation-1-1[m[2m | [m[32mINFO [m[2m | [m[2mApprovalSelector[m[2m | [m[32mOPS_APPROVAL_TIMING {"tx":"0xb869830f7fc3b7552e6de191b33276ef7a304690a32e0e148ebc6f718d6a9623","mode":3,"calls":1,"gate_ns":139375}
[m[2m2026-09-14 22:52:34.880+0200[m[2m | [m[2mEthScheduler-BlockCreation-1-1[m[2m | [m[32mINFO [m[2m | [m[2mApprovalSelector[m[2m | [m[32mOPS_APPROVAL_DECISION allow tx=0x8f354f4ad7145f970eb3e67c3fadda76e7598c56bebac371a177c8559c74ecda calls=1
[m[2m2026-09-14 22:52:34.880+0200[m[2m | [m[2mEthScheduler-BlockCreation-1-1[m[2m | [m[32mINFO [m[2m | [m[2mApprovalSelector[m[2m | [m[32mOPS_APPROVAL_TIMING {"tx":"0x8f354f4ad7145f970eb3e67c3fadda76e7598c56bebac371a177c8559c74ecda","mode":3,"calls":1,"gate_ns":72750}
[m[2m2026-09-14 22:52:34.880+0200[m[2m | [m[2mEthScheduler-BlockCreation-1-1[m[2m | [m[32mINFO [m[2m | [m[2mApprovalSelector[m[2m | [m[32mOPS_APPROVAL_DECISION allow tx=0x4701e637c5240a196544ecd1034e616ca0126a9d40741b2af750eae52fb46f50 calls=1
[m[2m2026-09-14 22:52:34.880+0200[m[2m | [m[2mEthScheduler-BlockCreation-1-1[m[2m | [m[32mINFO [m[2m | [m[2mApprovalSelector[m[2m | [m[32mOPS_APPROVAL_TIMING {"tx":"0x4701e637c5240a196544ecd1034e616ca0126a9d40741b2af750eae52fb46f50","mode":3,"calls":1,"gate_ns":74334}
[m[2m2026-09-14 22:52:34.881+0200[m[2m | [m[2mEthScheduler-BlockCreation-1-1[m[2m | [m[32mINFO [m[2m | [m[2mApprovalSelector[m[2m | [m[32mOPS_APPROVAL_DECISION allow tx=0xb14429686353baa4c2dcdf7172fb407abaf4fb452fa352727feafbc0a01cb362 calls=1
[m[2m2026-09-14 22:52:34.881+0200[m[2m | [m[2mEthScheduler-BlockCreation-1-1[m[2m | [m[32mINFO [m[2m | [m[2mApprovalSelector[m[2m | [m[32mOPS_APPROVAL_TIMING {"tx":"0xb14429686353baa4c2dcdf7172fb407abaf4fb452fa352727feafbc0a01cb362","mode":3,"calls":1,"gate_ns":87876}
[m[2m2026-09-14 22:52:34.881+0200[m[2m | [m[2mEthScheduler-BlockCreation-1-1[m[2m | [m[32mINFO [m[2m | [m[2mApprovalSelector[m[2m | [m[32mOPS_APPROVAL_DECISION allow tx=0xae67366d8c06f908fe29b70c37ab7b22466c0b8816552ce6968c0a6b8ad3c82d calls=1
[m[2m2026-09-14 22:52:34.881+0200[m[2m | [m[2mEthScheduler-BlockCreation-1-1[m[2m | [m[32mINFO [m[2m | [m[2mApprovalSelector[m[2m | [m[32mOPS_APPROVAL_TIMING {"tx":"0xae67366d8c06f908fe29b70c37ab7b22466c0b8816552ce6968c0a6b8ad3c82d","mode":3,"calls":1,"gate_ns":75291}
[m[2m2026-09-14 22:52:34.881+0200[m[2m | [m[2mEthScheduler-BlockCreation-1-1[m[2m | [m[32mINFO [m[2m | [m[2mApprovalSelector[m[2m | [m[32mOPS_APPROVAL_DECISION allow tx=0x95e0c6b60d27f74f043befe6089ef984f6fed48e4c6789ccfdf0821c7c175254 calls=1
[m[2m2026-09-14 22:52:34.881+0200[m[2m | [m[2mEthScheduler-BlockCreation-1-1[m[2m | [m[32mINFO [m[2m | [m[2mApprovalSelector[m[2m | [m[32mOPS_APPROVAL_TIMING {"tx":"0x95e0c6b60d27f74f043befe6089ef984f6fed48e4c6789ccfdf0821c7c175254","mode":3,"calls":1,"gate_ns":50708}
[m[2m2026-09-14 22:52:34.882+0200[m[2m | [m[2mEthScheduler-BlockCreation-1-1[m[2m | [m[32mINFO [m[2m | [m[2mApprovalSelector[m[2m | [m[32mOPS_APPROVAL_DECISION allow tx=0x8fda6539d10e45b46d2696d121346acb821994988f12ea3bc9bd81fd0eecc4ae calls=1
[m[2m2026-09-14 22:52:34.882+0200[m[2m | [m[2mEthScheduler-BlockCreation-1-1[m[2m | [m[32mINFO [m[2m | [m[2mApprovalSelector[m[2m | [m[32mOPS_APPROVAL_TIMING {"tx":"0x8fda6539d10e45b46d2696d121346acb821994988f12ea3bc9bd81fd0eecc4ae","mode":3,"calls":1,"gate_ns":57125}
[m[2m2026-09-14 22:52:34.882+0200[m[2m | [m[2mEthScheduler-BlockCreation-1-1[m[2m | [m[32mINFO [m[2m | [m[2mApprovalSelector[m[2m | [m[32mOPS_APPROVAL_DECISION allow tx=0xb1571d6ad6f94f946eaa1cecc068995e5e1504d890d2f1c3babd7955517c7714 calls=1
[m[2m2026-09-14 22:52:34.882+0200[m[2m | [m[2mEthScheduler-BlockCreation-1-1[m[2m | [m[32mINFO [m[2m | [m[2mApprovalSelector[m[2m | [m[32mOPS_APPROVAL_TIMING {"tx":"0xb1571d6ad6f94f946eaa1cecc068995e5e1504d890d2f1c3babd7955517c7714","mode":3,"calls":1,"gate_ns":54250}
[m[2m2026-09-14 22:52:34.882+0200[m[2m | [m[2mEthScheduler-BlockCreation-1-1[m[2m | [m[32mINFO [m[2m | [m[2mApprovalSelector[m[2m | [m[32mOPS_APPROVAL_DECISION allow tx=0xe973ea31abdefc109658bc83e10d1b170a3b0dea40f387418a7c573e450de9b3 calls=1
[m[2m2026-09-14 22:52:34.882+0200[m[2m | [m[2mEthScheduler-BlockCreation-1-1[m[2m | [m[32mINFO [m[2m | [m[2mApprovalSelector[m[2m | [m[32mOPS_APPROVAL_TIMING {"tx":"0xe973ea31abdefc109658bc83e10d1b170a3b0dea40f387418a7c573e450de9b3","mode":3,"calls":1,"gate_ns":99666}
[m[2m2026-09-14 22:52:34.883+0200[m[2m | [m[2mEthScheduler-BlockCreation-1-1[m[2m | [m[32mINFO [m[2m | [m[2mApprovalSelector[m[2m | [m[32mOPS_APPROVAL_DECISION allow tx=0x0d05241042cb2b1801e6aba462f3481949f8d035669f1b76c18178bf8ff12a99 calls=1
[m[2m2026-09-14 22:52:34.883+0200[m[2m | [m[2mEthScheduler-BlockCreation-1-1[m[2m | [m[32mINFO [m[2m | [m[2mApprovalSelector[m[2m | [m[32mOPS_APPROVAL_TIMING {"tx":"0x0d05241042cb2b1801e6aba462f3481949f8d035669f1b76c18178bf8ff12a99","mode":3,"calls":1,"gate_ns":59167}
[m[2m2026-09-14 22:52:34.883+0200[m[2m | [m[2mEthScheduler-BlockCreation-1-1[m[2m | [m[32mINFO [m[2m | [m[2mApprovalSelector[m[2m | [m[32mOPS_APPROVAL_DECISION allow tx=0xfda7d7d2a5b6fe0df21b2033869372e8af89b9274d022f9b1c55b89c296974d8 calls=1
[m[2m2026-09-14 22:52:34.883+0200[m[2m | [m[2mEthScheduler-BlockCreation-1-1[m[2m | [m[32mINFO [m[2m | [m[2mApprovalSelector[m[2m | [m[32mOPS_APPROVAL_TIMING {"tx":"0xfda7d7d2a5b6fe0df21b2033869372e8af89b9274d022f9b1c55b89c296974d8","mode":3,"calls":1,"gate_ns":84500}
[m[2m2026-09-14 22:52:34.883+0200[m[2m | [m[2mEthScheduler-BlockCreation-1-1[m[2m | [m[32mINFO [m[2m | [m[2mApprovalSelector[m[2m | [m[32mOPS_APPROVAL_DECISION allow tx=0xc774d2e43dc208f8626898c57a673c4f76eedc55aeef8257d64594536541a60c calls=1
[m[2m2026-09-14 22:52:34.883+0200[m[2m | [m[2mEthScheduler-BlockCreation-1-1[m[2m | [m[32mINFO [m[2m | [m[2mApprovalSelector[m[2m | [m[32mOPS_APPROVAL_TIMING {"tx":"0xc774d2e43dc208f8626898c57a673c4f76eedc55aeef8257d64594536541a60c","mode":3,"calls":1,"gate_ns":57499}
[m[2m2026-09-14 22:52:34.884+0200[m[2m | [m[2mEthScheduler-BlockCreation-1-1[m[2m | [m[32mINFO [m[2m | [m[2mApprovalSelector[m[2m | [m[32mOPS_APPROVAL_DECISION allow tx=0x933420d229e720dbcba1a991626cd9abedd4211e7cb79323f0dd565e47f76db3 calls=1
[m[2m2026-09-14 22:52:34.884+0200[m[2m | [m[2mEthScheduler-BlockCreation-1-1[m[2m | [m[32mINFO [m[2m | [m[2mApprovalSelector[m[2m | [m[32mOPS_APPROVAL_TIMING {"tx":"0x933420d229e720dbcba1a991626cd9abedd4211e7cb79323f0dd565e47f76db3","mode":3,"calls":1,"gate_ns":53166}
[m[2m2026-09-14 22:52:34.884+0200[m[2m | [m[2mEthScheduler-BlockCreation-1-1[m[2m | [m[32mINFO [m[2m | [m[2mApprovalSelector[m[2m | [m[32mOPS_APPROVAL_DECISION allow tx=0x335fbf1a6faa91c195e26fce9cd1114f4fb32a291a8aa8845dea788a9503bde6 calls=1
[m[2m2026-09-14 22:52:34.884+0200[m[2m | [m[2mEthScheduler-BlockCreation-1-1[m[2m | [m[32mINFO [m[2m | [m[2mApprovalSelector[m[2m | [m[32mOPS_APPROVAL_TIMING {"tx":"0x335fbf1a6faa91c195e26fce9cd1114f4fb32a291a8aa8845dea788a9503bde6","mode":3,"calls":1,"gate_ns":55333}
[m[2m2026-09-14 22:52:34.884+0200[m[2m | [m[2mEthScheduler-BlockCreation-1-1[m[2m | [m[32mINFO [m[2m | [m[2mApprovalSelector[m[2m | [m[32mOPS_APPROVAL_DECISION allow tx=0x82a3a8221124871cf56519302fc20945df8ce6975c3e14cf1b5a742fbd1330ba calls=1
[m[2m2026-09-14 22:52:34.884+0200[m[2m | [m[2mEthScheduler-BlockCreation-1-1[m[2m | [m[32mINFO [m[2m | [m[2mApprovalSelector[m[2m | [m[32mOPS_APPROVAL_TIMING {"tx":"0x82a3a8221124871cf56519302fc20945df8ce6975c3e14cf1b5a742fbd1330ba","mode":3,"calls":1,"gate_ns":84124}
[m[2m2026-09-14 22:52:34.884+0200[m[2m | [m[2mEthScheduler-BlockCreation-1-1[m[2m | [m[32mINFO [m[2m | [m[2mApprovalSelector[m[2m | [m[32mOPS_APPROVAL_DECISION allow tx=0x6c13aa12a10b01aa8c32ac08498876d68c13b77a6e4e825fc377f43fdf1be17c calls=1
[m[2m2026-09-14 22:52:34.884+0200[m[2m | [m[2mEthScheduler-BlockCreation-1-1[m[2m | [m[32mINFO [m[2m | [m[2mApprovalSelector[m[2m | [m[32mOPS_APPROVAL_TIMING {"tx":"0x6c13aa12a10b01aa8c32ac08498876d68c13b77a6e4e825fc377f43fdf1be17c","mode":3,"calls":1,"gate_ns":57459}
[m[2m2026-09-14 22:52:34.885+0200[m[2m | [m[2mEthScheduler-BlockCreation-1-1[m[2m | [m[32mINFO [m[2m | [m[2mApprovalSelector[m[2m | [m[32mOPS_APPROVAL_DECISION allow tx=0x8a354ef944bea304e0a067302f83144ece7723cca9a7cf92b589439419cc8229 calls=1
[m[2m2026-09-14 22:52:34.885+0200[m[2m | [m[2mEthScheduler-BlockCreation-1-1[m[2m | [m[32mINFO [m[2m | [m[2mApprovalSelector[m[2m | [m[32mOPS_APPROVAL_TIMING {"tx":"0x8a354ef944bea304e0a067302f83144ece7723cca9a7cf92b589439419cc8229","mode":3,"calls":1,"gate_ns":71667}
[m[2m2026-09-14 22:52:34.885+0200[m[2m | [m[2mEthScheduler-BlockCreation-1-1[m[2m | [m[32mINFO [m[2m | [m[2mApprovalSelector[m[2m | [m[32mOPS_APPROVAL_DECISION allow tx=0xccebb5cc006730963a5f6b79c6a1c70a2f1522841fedb4f8fa2b3ddebde90255 calls=1
[m[2m2026-09-14 22:52:34.885+0200[m[2m | [m[2mEthScheduler-BlockCreation-1-1[m[2m | [m[32mINFO [m[2m | [m[2mApprovalSelector[m[2m | [m[32mOPS_APPROVAL_TIMING {"tx":"0xccebb5cc006730963a5f6b79c6a1c70a2f1522841fedb4f8fa2b3ddebde90255","mode":3,"calls":1,"gate_ns":50501}
[m[2m2026-09-14 22:52:34.885+0200[m[2m | [m[2mEthScheduler-BlockCreation-1-1[m[2m | [m[32mINFO [m[2m | [m[2mApprovalSelector[m[2m | [m[32mOPS_APPROVAL_DECISION allow tx=0x088137e88644bcc7ec4f5da7a03264357225fcbd4c6d24a18d10179927eb167f calls=1
[m[2m2026-09-14 22:52:34.885+0200[m[2m | [m[2mEthScheduler-BlockCreation-1-1[m[2m | [m[32mINFO [m[2m | [m[2mApprovalSelector[m[2m | [m[32mOPS_APPROVAL_TIMING {"tx":"0x088137e88644bcc7ec4f5da7a03264357225fcbd4c6d24a18d10179927eb167f","mode":3,"calls":1,"gate_ns":64708}
[m[2m2026-09-14 22:52:34.886+0200[m[2m | [m[2mEthScheduler-BlockCreation-1-1[m[2m | [m[32mINFO [m[2m | [m[2mApprovalSelector[m[2m | [m[32mOPS_APPROVAL_DECISION allow tx=0xb4c4e0ef9f9530d2b72264498f71317b8a44e11b657cde18229a3e73ee8d53c9 calls=1
[m[2m2026-09-14 22:52:34.886+0200[m[2m | [m[2mEthScheduler-BlockCreation-1-1[m[2m | [m[32mINFO [m[2m | [m[2mApprovalSelector[m[2m | [m[32mOPS_APPROVAL_TIMING {"tx":"0xb4c4e0ef9f9530d2b72264498f71317b8a44e11b657cde18229a3e73ee8d53c9","mode":3,"calls":1,"gate_ns":95458}
[m[2m2026-09-14 22:52:34.886+0200[m[2m | [m[2mEthScheduler-BlockCreation-1-1[m[2m | [m[32mINFO [m[2m | [m[2mApprovalSelector[m[2m | [m[32mOPS_APPROVAL_DECISION allow tx=0x82078f8dde88681b4f227f02e462312e16a8e507d8e22a6d67011c43f341fb42 calls=1
[m[2m2026-09-14 22:52:34.886+0200[m[2m | [m[2mEthScheduler-BlockCreation-1-1[m[2m | [m[32mINFO [m[2m | [m[2mApprovalSelector[m[2m | [m[32mOPS_APPROVAL_TIMING {"tx":"0x82078f8dde88681b4f227f02e462312e16a8e507d8e22a6d67011c43f341fb42","mode":3,"calls":1,"gate_ns":56291}
[m[2m2026-09-14 22:52:34.886+0200[m[2m | [m[2mEthScheduler-BlockCreation-1-1[m[2m | [m[32mINFO [m[2m | [m[2mApprovalSelector[m[2m | [m[32mOPS_APPROVAL_DECISION allow tx=0x52c8aa0bb865ab9937a441292628a11f119f92fc7ad361b98e671ca587fd9a95 calls=1
[m[2m2026-09-14 22:52:34.886+0200[m[2m | [m[2mEthScheduler-BlockCreation-1-1[m[2m | [m[32mINFO [m[2m | [m[2mApprovalSelector[m[2m | [m[32mOPS_APPROVAL_TIMING {"tx":"0x52c8aa0bb865ab9937a441292628a11f119f92fc7ad361b98e671ca587fd9a95","mode":3,"calls":1,"gate_ns":48917}
[m[2m2026-09-14 22:52:34.887+0200[m[2m | [m[2mEthScheduler-BlockCreation-1-1[m[2m | [m[32mINFO [m[2m | [m[2mApprovalSelector[m[2m | [m[32mOPS_APPROVAL_DECISION allow tx=0xc9940f6ad58378c36b70c61536cafe1874544e95d6cfb04de0f2c0e003e2307d calls=1
[m[2m2026-09-14 22:52:34.887+0200[m[2m | [m[2mEthScheduler-BlockCreation-1-1[m[2m | [m[32mINFO [m[2m | [m[2mApprovalSelector[m[2m | [m[32mOPS_APPROVAL_TIMING {"tx":"0xc9940f6ad58378c36b70c61536cafe1874544e95d6cfb04de0f2c0e003e2307d","mode":3,"calls":1,"gate_ns":49624}
[m[2m2026-09-14 22:52:34.887+0200[m[2m | [m[2mEthScheduler-BlockCreation-1-1[m[2m | [m[32mINFO [m[2m | [m[2mApprovalSelector[m[2m | [m[32mOPS_APPROVAL_DECISION allow tx=0xc3064f8f948fc04cb245d753396a9f9b3029a595f7a2182083c39732a3ae02e1 calls=1
[m[2m2026-09-14 22:52:34.887+0200[m[2m | [m[2mEthScheduler-BlockCreation-1-1[m[2m | [m[32mINFO [m[2m | [m[2mApprovalSelector[m[2m | [m[32mOPS_APPROVAL_TIMING {"tx":"0xc3064f8f948fc04cb245d753396a9f9b3029a595f7a2182083c39732a3ae02e1","mode":3,"calls":1,"gate_ns":51750}
[m[2m2026-09-14 22:52:34.887+0200[m[2m | [m[2mEthScheduler-BlockCreation-1-1[m[2m | [m[32mINFO [m[2m | [m[2mApprovalSelector[m[2m | [m[32mOPS_APPROVAL_DECISION allow tx=0x62c898358260fef305de33c5d333106f08572ef91f726cc5b646fab5cc4dd493 calls=1
[m[2m2026-09-14 22:52:34.887+0200[m[2m | [m[2mEthScheduler-BlockCreation-1-1[m[2m | [m[32mINFO [m[2m | [m[2mApprovalSelector[m[2m | [m[32mOPS_APPROVAL_TIMING {"tx":"0x62c898358260fef305de33c5d333106f08572ef91f726cc5b646fab5cc4dd493","mode":3,"calls":1,"gate_ns":48042}
[m[2m2026-09-14 22:52:34.887+0200[m[2m | [m[2mEthScheduler-BlockCreation-1-1[m[2m | [m[32mINFO [m[2m | [m[2mApprovalSelector[m[2m | [m[32mOPS_APPROVAL_DECISION allow tx=0x1b60fdfe7dc85b84317df14f9ade48299a6ac1aaad5aaae55808a73017dd9308 calls=1
[m[2m2026-09-14 22:52:34.887+0200[m[2m | [m[2mEthScheduler-BlockCreation-1-1[m[2m | [m[32mINFO [m[2m | [m[2mApprovalSelector[m[2m | [m[32mOPS_APPROVAL_TIMING {"tx":"0x1b60fdfe7dc85b84317df14f9ade48299a6ac1aaad5aaae55808a73017dd9308","mode":3,"calls":1,"gate_ns":56583}
[m[2m2026-09-14 22:52:34.888+0200[m[2m | [m[2mEthScheduler-BlockCreation-1-1[m[2m | [m[32mINFO [m[2m | [m[2mApprovalSelector[m[2m | [m[32mOPS_APPROVAL_DECISION allow tx=0x1a0469b601ced5b66f2245f62a8dd91fe50229ff3d99b3ec41de1084315b4307 calls=1
[m[2m2026-09-14 22:52:34.888+0200[m[2m | [m[2mEthScheduler-BlockCreation-1-1[m[2m | [m[32mINFO [m[2m | [m[2mApprovalSelector[m[2m | [m[32mOPS_APPROVAL_TIMING {"tx":"0x1a0469b601ced5b66f2245f62a8dd91fe50229ff3d99b3ec41de1084315b4307","mode":3,"calls":1,"gate_ns":53459}
[m[2m2026-09-14 22:52:34.888+0200[m[2m | [m[2mEthScheduler-BlockCreation-1-1[m[2m | [m[32mINFO [m[2m | [m[2mApprovalSelector[m[2m | [m[32mOPS_APPROVAL_DECISION allow tx=0x1fdfb281749640eaae191344d4c1c52113721c101f757f9f89da68dd73536460 calls=1
[m[2m2026-09-14 22:52:34.888+0200[m[2m | [m[2mEthScheduler-BlockCreation-1-1[m[2m | [m[32mINFO [m[2m | [m[2mApprovalSelector[m[2m | [m[32mOPS_APPROVAL_TIMING {"tx":"0x1fdfb281749640eaae191344d4c1c52113721c101f757f9f89da68dd73536460","mode":3,"calls":1,"gate_ns":45250}
[m[2m2026-09-14 22:52:34.888+0200[m[2m | [m[2mEthScheduler-BlockCreation-1-1[m[2m | [m[32mINFO [m[2m | [m[2mApprovalSelector[m[2m | [m[32mOPS_APPROVAL_DECISION allow tx=0x62c98f9b59ff093c13e35075ccd4574c8f69a7ebd3e5e3338d040974290dcb4e calls=1
[m[2m2026-09-14 22:52:34.888+0200[m[2m | [m[2mEthScheduler-BlockCreation-1-1[m[2m | [m[32mINFO [m[2m | [m[2mApprovalSelector[m[2m | [m[32mOPS_APPROVAL_TIMING {"tx":"0x62c98f9b59ff093c13e35075ccd4574c8f69a7ebd3e5e3338d040974290dcb4e","mode":3,"calls":1,"gate_ns":47583}
[m[2m2026-09-14 22:52:34.888+0200[m[2m | [m[2mEthScheduler-BlockCreation-1-1[m[2m | [m[32mINFO [m[2m | [m[2mApprovalSelector[m[2m | [m[32mOPS_APPROVAL_DECISION allow tx=0xdd2fdab8afa257a8de22abafd407b50f3ea8681bfce550a4e0c9285f69f1ae9f calls=1
[m[2m2026-09-14 22:52:34.888+0200[m[2m | [m[2mEthScheduler-BlockCreation-1-1[m[2m | [m[32mINFO [m[2m | [m[2mApprovalSelector[m[2m | [m[32mOPS_APPROVAL_TIMING {"tx":"0xdd2fdab8afa257a8de22abafd407b50f3ea8681bfce550a4e0c9285f69f1ae9f","mode":3,"calls":1,"gate_ns":45958}
[m[2m2026-09-14 22:52:34.889+0200[m[2m | [m[2mEthScheduler-BlockCreation-1-1[m[2m | [m[32mINFO [m[2m | [m[2mApprovalSelector[m[2m | [m[32mOPS_APPROVAL_DECISION allow tx=0x6f9513613bddf1c8894e0be0d305651e1d8f726946402e3a2587a710ab7077ce calls=1
[m[2m2026-09-14 22:52:34.889+0200[m[2m | [m[2mEthScheduler-BlockCreation-1-1[m[2m | [m[32mINFO [m[2m | [m[2mApprovalSelector[m[2m | [m[32mOPS_APPROVAL_TIMING {"tx":"0x6f9513613bddf1c8894e0be0d305651e1d8f726946402e3a2587a710ab7077ce","mode":3,"calls":1,"gate_ns":52208}
[m[2m2026-09-14 22:52:34.889+0200[m[2m | [m[2mEthScheduler-BlockCreation-1-1[m[2m | [m[32mINFO [m[2m | [m[2mApprovalSelector[m[2m | [m[32mOPS_APPROVAL_DECISION allow tx=0x847010338d21f55a11d6b41ab8eda40ddf6c32657e85b6beacad92f9a9c97427 calls=1
[m[2m2026-09-14 22:52:34.889+0200[m[2m | [m[2mEthScheduler-BlockCreation-1-1[m[2m | [m[32mINFO [m[2m | [m[2mApprovalSelector[m[2m | [m[32mOPS_APPROVAL_TIMING {"tx":"0x847010338d21f55a11d6b41ab8eda40ddf6c32657e85b6beacad92f9a9c97427","mode":3,"calls":1,"gate_ns":47001}
[m[2m2026-09-14 22:52:34.889+0200[m[2m | [m[2mEthScheduler-BlockCreation-1-1[m[2m | [m[32mINFO [m[2m | [m[2mApprovalSelector[m[2m | [m[32mOPS_APPROVAL_DECISION allow tx=0xd27ea5b9b5dce001f0276d7ed458eb1b0b3f01238d72f4d3a69c00a08e6db9ee calls=1
[m[2m2026-09-14 22:52:34.889+0200[m[2m | [m[2mEthScheduler-BlockCreation-1-1[m[2m | [m[32mINFO [m[2m | [m[2mApprovalSelector[m[2m | [m[32mOPS_APPROVAL_TIMING {"tx":"0xd27ea5b9b5dce001f0276d7ed458eb1b0b3f01238d72f4d3a69c00a08e6db9ee","mode":3,"calls":1,"gate_ns":58625}
[m[2m2026-09-14 22:52:34.889+0200[m[2m | [m[2mEthScheduler-BlockCreation-1-1[m[2m | [m[32mINFO [m[2m | [m[2mApprovalSelector[m[2m | [m[32mOPS_APPROVAL_DECISION allow tx=0x77fdb472ce37f27a5f01a9c45cbe9dfe26ca7d823514e5e738352288c5bd9d4b calls=1
[m[2m2026-09-14 22:52:34.889+0200[m[2m | [m[2mEthScheduler-BlockCreation-1-1[m[2m | [m[32mINFO [m[2m | [m[2mApprovalSelector[m[2m | [m[32mOPS_APPROVAL_TIMING {"tx":"0x77fdb472ce37f27a5f01a9c45cbe9dfe26ca7d823514e5e738352288c5bd9d4b","mode":3,"calls":1,"gate_ns":54541}
[m[2m2026-09-14 22:52:34.890+0200[m[2m | [m[2mEthScheduler-BlockCreation-1-1[m[2m | [m[32mINFO [m[2m | [m[2mApprovalSelector[m[2m | [m[32mOPS_APPROVAL_DECISION allow tx=0x51c971e26da3a46e86047764931eb3de7fc56a3c03e44d058e89b21e93bbb2b1 calls=1
[m[2m2026-09-14 22:52:34.890+0200[m[2m | [m[2mEthScheduler-BlockCreation-1-1[m[2m | [m[32mINFO [m[2m | [m[2mApprovalSelector[m[2m | [m[32mOPS_APPROVAL_TIMING {"tx":"0x51c971e26da3a46e86047764931eb3de7fc56a3c03e44d058e89b21e93bbb2b1","mode":3,"calls":1,"gate_ns":43958}
[m[2m2026-09-14 22:52:34.890+0200[m[2m | [m[2mEthScheduler-BlockCreation-1-1[m[2m | [m[32mINFO [m[2m | [m[2mApprovalSelector[m[2m | [m[32mOPS_APPROVAL_DECISION allow tx=0xb7399475752ecbab4691b9ec5fc10c816b335f6d1ed9d6d19090246e52067b55 calls=1
[m[2m2026-09-14 22:52:34.890+0200[m[2m | [m[2mEthScheduler-BlockCreation-1-1[m[2m | [m[32mINFO [m[2m | [m[2mApprovalSelector[m[2m | [m[32mOPS_APPROVAL_TIMING {"tx":"0xb7399475752ecbab4691b9ec5fc10c816b335f6d1ed9d6d19090246e52067b55","mode":3,"calls":1,"gate_ns":42834}
[m[2m2026-09-14 22:52:34.890+0200[m[2m | [m[2mEthScheduler-BlockCreation-1-1[m[2m | [m[32mINFO [m[2m | [m[2mApprovalSelector[m[2m | [m[32mOPS_APPROVAL_DECISION allow tx=0x2195a2ae39a0ca1d1e58f5ee744efaaed90cd38bba36fdceb03ffcc0dfc1a151 calls=1
[m[2m2026-09-14 22:52:34.890+0200[m[2m | [m[2mEthScheduler-BlockCreation-1-1[m[2m | [m[32mINFO [m[2m | [m[2mApprovalSelector[m[2m | [m[32mOPS_APPROVAL_TIMING {"tx":"0x2195a2ae39a0ca1d1e58f5ee744efaaed90cd38bba36fdceb03ffcc0dfc1a151","mode":3,"calls":1,"gate_ns":43125}
[m[2m2026-09-14 22:52:34.890+0200[m[2m | [m[2mEthScheduler-BlockCreation-1-1[m[2m | [m[32mINFO [m[2m | [m[2mApprovalSelector[m[2m | [m[32mOPS_APPROVAL_DECISION allow tx=0x250a3ba600be7987847b6e1110fde094fe1ed422c0260a54938db8c271327619 calls=1
[m[2m2026-09-14 22:52:34.890+0200[m[2m | [m[2mEthScheduler-BlockCreation-1-1[m[2m | [m[32mINFO [m[2m | [m[2mApprovalSelector[m[2m | [m[32mOPS_APPROVAL_TIMING {"tx":"0x250a3ba600be7987847b6e1110fde094fe1ed422c0260a54938db8c271327619","mode":3,"calls":1,"gate_ns":110167}
[m[2m2026-09-14 22:52:34.891+0200[m[2m | [m[2mEthScheduler-BlockCreation-1-1[m[2m | [m[32mINFO [m[2m | [m[2mApprovalSelector[m[2m | [m[32mOPS_APPROVAL_DECISION allow tx=0x39858d732a09af61f46a48a26b07690a69a0236dc6a979abd5ffe21e6a2e6cad calls=1
[m[2m2026-09-14 22:52:34.891+0200[m[2m | [m[2mEthScheduler-BlockCreation-1-1[m[2m | [m[32mINFO [m[2m | [m[2mApprovalSelector[m[2m | [m[32mOPS_APPROVAL_TIMING {"tx":"0x39858d732a09af61f46a48a26b07690a69a0236dc6a979abd5ffe21e6a2e6cad","mode":3,"calls":1,"gate_ns":42917}
[m[2m2026-09-14 22:52:34.891+0200[m[2m | [m[2mEthScheduler-BlockCreation-1-1[m[2m | [m[32mINFO [m[2m | [m[2mApprovalSelector[m[2m | [m[32mOPS_APPROVAL_DECISION allow tx=0x4871de371d02701e4191c57616ef79767599daba63a42c40cdfe6af99c34bb88 calls=1
[m[2m2026-09-14 22:52:34.891+0200[m[2m | [m[2mEthScheduler-BlockCreation-1-1[m[2m | [m[32mINFO [m[2m | [m[2mApprovalSelector[m[2m | [m[32mOPS_APPROVAL_TIMING {"tx":"0x4871de371d02701e4191c57616ef79767599daba63a42c40cdfe6af99c34bb88","mode":3,"calls":1,"gate_ns":45501}
[m[2m2026-09-14 22:52:34.891+0200[m[2m | [m[2mEthScheduler-BlockCreation-1-1[m[2m | [m[32mINFO [m[2m | [m[2mApprovalSelector[m[2m | [m[32mOPS_APPROVAL_DECISION allow tx=0x46e3e99b117ce5c8c68e2c52315f2c3887ab24946383b3bb174c14edaf17ba48 calls=1
[m[2m2026-09-14 22:52:34.891+0200[m[2m | [m[2mEthScheduler-BlockCreation-1-1[m[2m | [m[32mINFO [m[2m | [m[2mApprovalSelector[m[2m | [m[32mOPS_APPROVAL_TIMING {"tx":"0x46e3e99b117ce5c8c68e2c52315f2c3887ab24946383b3bb174c14edaf17ba48","mode":3,"calls":1,"gate_ns":54250}
[m[2m2026-09-14 22:52:34.891+0200[m[2m | [m[2mEthScheduler-BlockCreation-1-1[m[2m | [m[32mINFO [m[2m | [m[2mApprovalSelector[m[2m | [m[32mOPS_APPROVAL_DECISION allow tx=0x15f8ed15f6b3e5b613ad734e8d050d4ac8460a2791d6825d2d9b96f48a1bd4a1 calls=1
[m[2m2026-09-14 22:52:34.891+0200[m[2m | [m[2mEthScheduler-BlockCreation-1-1[m[2m | [m[32mINFO [m[2m | [m[2mApprovalSelector[m[2m | [m[32mOPS_APPROVAL_TIMING {"tx":"0x15f8ed15f6b3e5b613ad734e8d050d4ac8460a2791d6825d2d9b96f48a1bd4a1","mode":3,"calls":1,"gate_ns":45583}
[m[2m2026-09-14 22:52:34.892+0200[m[2m | [m[2mEthScheduler-BlockCreation-1-1[m[2m | [m[32mINFO [m[2m | [m[2mApprovalSelector[m[2m | [m[32mOPS_APPROVAL_DECISION allow tx=0xc23945cc7d99268e43e1577401a341db3a6aec30bd831fedf2e65bd6c6fe28ef calls=1
[m[2m2026-09-14 22:52:34.892+0200[m[2m | [m[2mEthScheduler-BlockCreation-1-1[m[2m | [m[32mINFO [m[2m | [m[2mApprovalSelector[m[2m | [m[32mOPS_APPROVAL_TIMING {"tx":"0xc23945cc7d99268e43e1577401a341db3a6aec30bd831fedf2e65bd6c6fe28ef","mode":3,"calls":1,"gate_ns":57000}
[m[2m2026-09-14 22:52:34.892+0200[m[2m | [m[2mEthScheduler-BlockCreation-1-1[m[2m | [m[32mINFO [m[2m | [m[2mApprovalSelector[m[2m | [m[32mOPS_APPROVAL_DECISION allow tx=0xcf302d09dbbf9620dbb0dbcc949eea3a1b62c9f62bd61baa91dc728927eec96c calls=1
[m[2m2026-09-14 22:52:34.892+0200[m[2m | [m[2mEthScheduler-BlockCreation-1-1[m[2m | [m[32mINFO [m[2m | [m[2mApprovalSelector[m[2m | [m[32mOPS_APPROVAL_TIMING {"tx":"0xcf302d09dbbf9620dbb0dbcc949eea3a1b62c9f62bd61baa91dc728927eec96c","mode":3,"calls":1,"gate_ns":59000}
[m[2m2026-09-14 22:52:34.892+0200[m[2m | [m[2mEthScheduler-BlockCreation-1-1[m[2m | [m[32mINFO [m[2m | [m[2mApprovalSelector[m[2m | [m[32mOPS_APPROVAL_DECISION allow tx=0x04aa69023d798369e9bb76b57fe5f72580aeb053802eb0ae07c316899ecd98f7 calls=1
[m[2m2026-09-14 22:52:34.892+0200[m[2m | [m[2mEthScheduler-BlockCreation-1-1[m[2m | [m[32mINFO [m[2m | [m[2mApprovalSelector[m[2m | [m[32mOPS_APPROVAL_TIMING {"tx":"0x04aa69023d798369e9bb76b57fe5f72580aeb053802eb0ae07c316899ecd98f7","mode":3,"calls":1,"gate_ns":54209}
[m[2m2026-09-14 22:52:34.892+0200[m[2m | [m[2mEthScheduler-BlockCreation-1-1[m[2m | [m[32mINFO [m[2m | [m[2mApprovalSelector[m[2m | [m[32mOPS_APPROVAL_DECISION allow tx=0x62cc302073317be3a961de39e60f794375d93c9cd7e210f74962e084a4f44349 calls=1
[m[2m2026-09-14 22:52:34.892+0200[m[2m | [m[2mEthScheduler-BlockCreation-1-1[m[2m | [m[32mINFO [m[2m | [m[2mApprovalSelector[m[2m | [m[32mOPS_APPROVAL_TIMING {"tx":"0x62cc302073317be3a961de39e60f794375d93c9cd7e210f74962e084a4f44349","mode":3,"calls":1,"gate_ns":43375}
[m[2m2026-09-14 22:52:34.893+0200[m[2m | [m[2mEthScheduler-BlockCreation-1-1[m[2m | [m[32mINFO [m[2m | [m[2mApprovalSelector[m[2m | [m[32mOPS_APPROVAL_DECISION allow tx=0x0b5038e3e5abdd967a932bef90ef6ba376e0611ab7e752868e649d90dcbd3690 calls=1
[m[2m2026-09-14 22:52:34.893+0200[m[2m | [m[2mEthScheduler-BlockCreation-1-1[m[2m | [m[32mINFO [m[2m | [m[2mApprovalSelector[m[2m | [m[32mOPS_APPROVAL_TIMING {"tx":"0x0b5038e3e5abdd967a932bef90ef6ba376e0611ab7e752868e649d90dcbd3690","mode":3,"calls":1,"gate_ns":81042}
[m[2m2026-09-14 22:52:34.893+0200[m[2m | [m[2mEthScheduler-BlockCreation-1-1[m[2m | [m[32mINFO [m[2m | [m[2mApprovalSelector[m[2m | [m[32mOPS_APPROVAL_DECISION allow tx=0xc661f1e6e310dc8702b33669f9611813a31c2dcca029a1e2fd809e9c91a87ccc calls=1
[m[2m2026-09-14 22:52:34.893+0200[m[2m | [m[2mEthScheduler-BlockCreation-1-1[m[2m | [m[32mINFO [m[2m | [m[2mApprovalSelector[m[2m | [m[32mOPS_APPROVAL_TIMING {"tx":"0xc661f1e6e310dc8702b33669f9611813a31c2dcca029a1e2fd809e9c91a87ccc","mode":3,"calls":1,"gate_ns":44875}
[m[2m2026-09-14 22:52:34.893+0200[m[2m | [m[2mEthScheduler-BlockCreation-1-1[m[2m | [m[32mINFO [m[2m | [m[2mApprovalSelector[m[2m | [m[32mOPS_APPROVAL_DECISION allow tx=0x572d3ac577519c01edef98dd67fc24207a4325afbac7ec8440762fd41104e875 calls=1
[m[2m2026-09-14 22:52:34.893+0200[m[2m | [m[2mEthScheduler-BlockCreation-1-1[m[2m | [m[32mINFO [m[2m | [m[2mApprovalSelector[m[2m | [m[32mOPS_APPROVAL_TIMING {"tx":"0x572d3ac577519c01edef98dd67fc24207a4325afbac7ec8440762fd41104e875","mode":3,"calls":1,"gate_ns":47041}
[m[2m2026-09-14 22:52:34.893+0200[m[2m | [m[2mEthScheduler-BlockCreation-1-1[m[2m | [m[32mINFO [m[2m | [m[2mApprovalSelector[m[2m | [m[32mOPS_APPROVAL_DECISION allow tx=0xb9c3cd182b34205ae845f55b43e1bff7307deda767642967dea5a9ff1f943af1 calls=1
[m[2m2026-09-14 22:52:34.893+0200[m[2m | [m[2mEthScheduler-BlockCreation-1-1[m[2m | [m[32mINFO [m[2m | [m[2mApprovalSelector[m[2m | [m[32mOPS_APPROVAL_TIMING {"tx":"0xb9c3cd182b34205ae845f55b43e1bff7307deda767642967dea5a9ff1f943af1","mode":3,"calls":1,"gate_ns":68542}
[m[2m2026-09-14 22:52:34.894+0200[m[2m | [m[2mEthScheduler-BlockCreation-1-1[m[2m | [m[32mINFO [m[2m | [m[2mApprovalSelector[m[2m | [m[32mOPS_APPROVAL_DECISION allow tx=0x0bf9629ec0ae79431b4e417633e3456d89166991b7f777ff5de0382a537fd006 calls=1
[m[2m2026-09-14 22:52:34.894+0200[m[2m | [m[2mEthScheduler-BlockCreation-1-1[m[2m | [m[32mINFO [m[2m | [m[2mApprovalSelector[m[2m | [m[32mOPS_APPROVAL_TIMING {"tx":"0x0bf9629ec0ae79431b4e417633e3456d89166991b7f777ff5de0382a537fd006","mode":3,"calls":1,"gate_ns":64083}
[m[2m2026-09-14 22:52:34.894+0200[m[2m | [m[2mEthScheduler-BlockCreation-1-1[m[2m | [m[32mINFO [m[2m | [m[2mApprovalSelector[m[2m | [m[32mOPS_APPROVAL_DECISION allow tx=0x5b2d7f5f73d71d6e6c2590065beff8d441d36f2dcb199bbb1d8a670817508a4e calls=1
[m[2m2026-09-14 22:52:34.894+0200[m[2m | [m[2mEthScheduler-BlockCreation-1-1[m[2m | [m[32mINFO [m[2m | [m[2mApprovalSelector[m[2m | [m[32mOPS_APPROVAL_TIMING {"tx":"0x5b2d7f5f73d71d6e6c2590065beff8d441d36f2dcb199bbb1d8a670817508a4e","mode":3,"calls":1,"gate_ns":58833}
[m[2m2026-09-14 22:52:34.894+0200[m[2m | [m[2mEthScheduler-BlockCreation-1-1[m[2m | [m[32mINFO [m[2m | [m[2mApprovalSelector[m[2m | [m[32mOPS_APPROVAL_DECISION allow tx=0x2108bb8f470e2d990c67216213011c2164b09a0f07b6ce207400cfae79e74773 calls=1
[m[2m2026-09-14 22:52:34.894+0200[m[2m | [m[2mEthScheduler-BlockCreation-1-1[m[2m | [m[32mINFO [m[2m | [m[2mApprovalSelector[m[2m | [m[32mOPS_APPROVAL_TIMING {"tx":"0x2108bb8f470e2d990c67216213011c2164b09a0f07b6ce207400cfae79e74773","mode":3,"calls":1,"gate_ns":42957}
[m[2m2026-09-14 22:52:34.894+0200[m[2m | [m[2mEthScheduler-BlockCreation-1-1[m[2m | [m[32mINFO [m[2m | [m[2mApprovalSelector[m[2m | [m[32mOPS_APPROVAL_DECISION allow tx=0xd10bd7e7f1786128629383638607db8ca4e6f124c079068d775604b230b0e6fa calls=1
[m[2m2026-09-14 22:52:34.894+0200[m[2m | [m[2mEthScheduler-BlockCreation-1-1[m[2m | [m[32mINFO [m[2m | [m[2mApprovalSelector[m[2m | [m[32mOPS_APPROVAL_TIMING {"tx":"0xd10bd7e7f1786128629383638607db8ca4e6f124c079068d775604b230b0e6fa","mode":3,"calls":1,"gate_ns":41292}
[m[2m2026-09-14 22:52:34.895+0200[m[2m | [m[2mEthScheduler-BlockCreation-1-1[m[2m | [m[32mINFO [m[2m | [m[2mApprovalSelector[m[2m | [m[32mOPS_APPROVAL_DECISION allow tx=0xa44e0ea54c7f21da3dd96df13e766df134ece2d0850617fdcc40e31788e42d13 calls=1
[m[2m2026-09-14 22:52:34.895+0200[m[2m | [m[2mEthScheduler-BlockCreation-1-1[m[2m | [m[32mINFO [m[2m | [m[2mApprovalSelector[m[2m | [m[32mOPS_APPROVAL_TIMING {"tx":"0xa44e0ea54c7f21da3dd96df13e766df134ece2d0850617fdcc40e31788e42d13","mode":3,"calls":1,"gate_ns":43167}
[m[2m2026-09-14 22:52:34.895+0200[m[2m | [m[2mEthScheduler-BlockCreation-1-1[m[2m | [m[32mINFO [m[2m | [m[2mApprovalSelector[m[2m | [m[32mOPS_APPROVAL_DECISION allow tx=0x722696c6e6264abed3dfe5a1a73e4cb7bf1687b9ee44f2ad6b926cb1a62f0f33 calls=1
[m[2m2026-09-14 22:52:34.895+0200[m[2m | [m[2mEthScheduler-BlockCreation-1-1[m[2m | [m[32mINFO [m[2m | [m[2mApprovalSelector[m[2m | [m[32mOPS_APPROVAL_TIMING {"tx":"0x722696c6e6264abed3dfe5a1a73e4cb7bf1687b9ee44f2ad6b926cb1a62f0f33","mode":3,"calls":1,"gate_ns":43833}
[m[2m2026-09-14 22:52:34.895+0200[m[2m | [m[2mEthScheduler-BlockCreation-1-1[m[2m | [m[32mINFO [m[2m | [m[2mApprovalSelector[m[2m | [m[32mOPS_APPROVAL_DECISION allow tx=0xf45e0b08fac841d22be58e84d5e9c7cd7cc61c43b1597b48161aff859e81c071 calls=1
[m[2m2026-09-14 22:52:34.895+0200[m[2m | [m[2mEthScheduler-BlockCreation-1-1[m[2m | [m[32mINFO [m[2m | [m[2mApprovalSelector[m[2m | [m[32mOPS_APPROVAL_TIMING {"tx":"0xf45e0b08fac841d22be58e84d5e9c7cd7cc61c43b1597b48161aff859e81c071","mode":3,"calls":1,"gate_ns":42917}
[m[2m2026-09-14 22:52:34.895+0200[m[2m | [m[2mEthScheduler-BlockCreation-1-1[m[2m | [m[32mINFO [m[2m | [m[2mApprovalSelector[m[2m | [m[32mOPS_APPROVAL_DECISION allow tx=0xfb7286f9dedccd3d4c699d0ed49c903ec724ceef134aa0f7d9dd8bd52c4ec773 calls=1
[m[2m2026-09-14 22:52:34.895+0200[m[2m | [m[2mEthScheduler-BlockCreation-1-1[m[2m | [m[32mINFO [m[2m | [m[2mApprovalSelector[m[2m | [m[32mOPS_APPROVAL_TIMING {"tx":"0xfb7286f9dedccd3d4c699d0ed49c903ec724ceef134aa0f7d9dd8bd52c4ec773","mode":3,"calls":1,"gate_ns":38166}
[m[2m2026-09-14 22:52:34.896+0200[m[2m | [m[2mEthScheduler-BlockCreation-1-1[m[2m | [m[32mINFO [m[2m | [m[2mApprovalSelector[m[2m | [m[32mOPS_APPROVAL_DECISION allow tx=0xfb6cc7ff0b9d338ebffe38ef9ee060d07f8865daa9e7ba5a8b1a8ef70028607c calls=1
[m[2m2026-09-14 22:52:34.896+0200[m[2m | [m[2mEthScheduler-BlockCreation-1-1[m[2m | [m[32mINFO [m[2m | [m[2mApprovalSelector[m[2m | [m[32mOPS_APPROVAL_TIMING {"tx":"0xfb6cc7ff0b9d338ebffe38ef9ee060d07f8865daa9e7ba5a8b1a8ef70028607c","mode":3,"calls":1,"gate_ns":50333}
[m[2m2026-09-14 22:52:34.896+0200[m[2m | [m[2mEthScheduler-BlockCreation-1-1[m[2m | [m[32mINFO [m[2m | [m[2mApprovalSelector[m[2m | [m[32mOPS_APPROVAL_DECISION allow tx=0x6c0678a7e4f65d2f2504a5dbcf384ff1a4a0ad7050b97a3772c60e1a52188ee7 calls=1
[m[2m2026-09-14 22:52:34.896+0200[m[2m | [m[2mEthScheduler-BlockCreation-1-1[m[2m | [m[32mINFO [m[2m | [m[2mApprovalSelector[m[2m | [m[32mOPS_APPROVAL_TIMING {"tx":"0x6c0678a7e4f65d2f2504a5dbcf384ff1a4a0ad7050b97a3772c60e1a52188ee7","mode":3,"calls":1,"gate_ns":99667}
[m[2m2026-09-14 22:52:34.896+0200[m[2m | [m[2mEthScheduler-BlockCreation-1-1[m[2m | [m[32mINFO [m[2m | [m[2mApprovalSelector[m[2m | [m[32mOPS_APPROVAL_DECISION allow tx=0x2b725698d6160bedb3c9e44618b08cbd0a80ef9886448b22bbf65b1319edfe7e calls=1
[m[2m2026-09-14 22:52:34.897+0200[m[2m | [m[2mEthScheduler-BlockCreation-1-1[m[2m | [m[32mINFO [m[2m | [m[2mApprovalSelector[m[2m | [m[32mOPS_APPROVAL_TIMING {"tx":"0x2b725698d6160bedb3c9e44618b08cbd0a80ef9886448b22bbf65b1319edfe7e","mode":3,"calls":1,"gate_ns":51958}
[m[2m2026-09-14 22:52:34.897+0200[m[2m | [m[2mEthScheduler-BlockCreation-1-1[m[2m | [m[32mINFO [m[2m | [m[2mApprovalSelector[m[2m | [m[32mOPS_APPROVAL_DECISION allow tx=0x4d065b39a972d1bdee634460d4da3128ea1b1575fa9a02da7414c4186ab2c240 calls=1
[m[2m2026-09-14 22:52:34.897+0200[m[2m | [m[2mEthScheduler-BlockCreation-1-1[m[2m | [m[32mINFO [m[2m | [m[2mApprovalSelector[m[2m | [m[32mOPS_APPROVAL_TIMING {"tx":"0x4d065b39a972d1bdee634460d4da3128ea1b1575fa9a02da7414c4186ab2c240","mode":3,"calls":1,"gate_ns":38459}
[m[2m2026-09-14 22:52:34.897+0200[m[2m | [m[2mEthScheduler-BlockCreation-1-1[m[2m | [m[32mINFO [m[2m | [m[2mApprovalSelector[m[2m | [m[32mOPS_APPROVAL_DECISION allow tx=0xfd2b44131759ca50a383ec93cc956ed000c1ce91c4f5c7992590d4d92e6e2a65 calls=1
[m[2m2026-09-14 22:52:34.897+0200[m[2m | [m[2mEthScheduler-BlockCreation-1-1[m[2m | [m[32mINFO [m[2m | [m[2mApprovalSelector[m[2m | [m[32mOPS_APPROVAL_TIMING {"tx":"0xfd2b44131759ca50a383ec93cc956ed000c1ce91c4f5c7992590d4d92e6e2a65","mode":3,"calls":1,"gate_ns":46458}
[m[2m2026-09-14 22:52:34.897+0200[m[2m | [m[2mEthScheduler-BlockCreation-1-1[m[2m | [m[32mINFO [m[2m | [m[2mApprovalSelector[m[2m | [m[32mOPS_APPROVAL_DECISION allow tx=0xdcc173cec01a3d22c203289e6f660cc1c171a08206ea467c06474b82deaacca4 calls=1
[m[2m2026-09-14 22:52:34.897+0200[m[2m | [m[2mEthScheduler-BlockCreation-1-1[m[2m | [m[32mINFO [m[2m | [m[2mApprovalSelector[m[2m | [m[32mOPS_APPROVAL_TIMING {"tx":"0xdcc173cec01a3d22c203289e6f660cc1c171a08206ea467c06474b82deaacca4","mode":3,"calls":1,"gate_ns":39583}
[m[2m2026-09-14 22:52:34.897+0200[m[2m | [m[2mEthScheduler-BlockCreation-1-1[m[2m | [m[32mINFO [m[2m | [m[2mApprovalSelector[m[2m | [m[32mOPS_APPROVAL_DECISION allow tx=0x64943526353f7657990f30f04e79e9b600ee3e079c0a79b6cbe51bc1d24d0b57 calls=1
[m[2m2026-09-14 22:52:34.897+0200[m[2m | [m[2mEthScheduler-BlockCreation-1-1[m[2m | [m[32mINFO [m[2m | [m[2mApprovalSelector[m[2m | [m[32mOPS_APPROVAL_TIMING {"tx":"0x64943526353f7657990f30f04e79e9b600ee3e079c0a79b6cbe51bc1d24d0b57","mode":3,"calls":1,"gate_ns":41416}
[m[2m2026-09-14 22:52:34.898+0200[m[2m | [m[2mEthScheduler-BlockCreation-1-1[m[2m | [m[32mINFO [m[2m | [m[2mApprovalSelector[m[2m | [m[32mOPS_APPROVAL_DECISION allow tx=0x9889962a5786d7e8c270bc7169c60fe43026fa57b622951700d3bd34187661ea calls=1
[m[2m2026-09-14 22:52:34.898+0200[m[2m | [m[2mEthScheduler-BlockCreation-1-1[m[2m | [m[32mINFO [m[2m | [m[2mApprovalSelector[m[2m | [m[32mOPS_APPROVAL_TIMING {"tx":"0x9889962a5786d7e8c270bc7169c60fe43026fa57b622951700d3bd34187661ea","mode":3,"calls":1,"gate_ns":44750}
[m[2m2026-09-14 22:52:34.898+0200[m[2m | [m[2mEthScheduler-BlockCreation-1-1[m[2m | [m[32mINFO [m[2m | [m[2mApprovalSelector[m[2m | [m[32mOPS_APPROVAL_DECISION allow tx=0xeb93417d0f43e491148346dee539ebd4dca7396bfee998383c2e9622d0e02c23 calls=1
[m[2m2026-09-14 22:52:34.898+0200[m[2m | [m[2mEthScheduler-BlockCreation-1-1[m[2m | [m[32mINFO [m[2m | [m[2mApprovalSelector[m[2m | [m[32mOPS_APPROVAL_TIMING {"tx":"0xeb93417d0f43e491148346dee539ebd4dca7396bfee998383c2e9622d0e02c23","mode":3,"calls":1,"gate_ns":38042}
[m[2m2026-09-14 22:52:34.898+0200[m[2m | [m[2mEthScheduler-BlockCreation-1-1[m[2m | [m[32mINFO [m[2m | [m[2mApprovalSelector[m[2m | [m[32mOPS_APPROVAL_DECISION allow tx=0x1393af8642bbd824532909bf625c29e8736a4986a7eea0b7ac3e7fb9e1a2c689 calls=1
[m[2m2026-09-14 22:52:34.898+0200[m[2m | [m[2mEthScheduler-BlockCreation-1-1[m[2m | [m[32mINFO [m[2m | [m[2mApprovalSelector[m[2m | [m[32mOPS_APPROVAL_TIMING {"tx":"0x1393af8642bbd824532909bf625c29e8736a4986a7eea0b7ac3e7fb9e1a2c689","mode":3,"calls":1,"gate_ns":39917}
[m[2m2026-09-14 22:52:34.898+0200[m[2m | [m[2mEthScheduler-BlockCreation-1-1[m[2m | [m[32mINFO [m[2m | [m[2mApprovalSelector[m[2m | [m[32mOPS_APPROVAL_DECISION allow tx=0x5bb6d23e5b0a9d7bd34726d37bc8fd8117f1e2c6921a15d98d13fef3f6a4a68c calls=1
[m[2m2026-09-14 22:52:34.898+0200[m[2m | [m[2mEthScheduler-BlockCreation-1-1[m[2m | [m[32mINFO [m[2m | [m[2mApprovalSelector[m[2m | [m[32mOPS_APPROVAL_TIMING {"tx":"0x5bb6d23e5b0a9d7bd34726d37bc8fd8117f1e2c6921a15d98d13fef3f6a4a68c","mode":3,"calls":1,"gate_ns":44458}
[m[2m2026-09-14 22:52:34.899+0200[m[2m | [m[2mEthScheduler-BlockCreation-1-1[m[2m | [m[32mINFO [m[2m | [m[2mApprovalSelector[m[2m | [m[32mOPS_APPROVAL_DECISION allow tx=0x853c5f204b8c5e8affad7989d091f9dd43ac224f850cffbb67235976a5f56850 calls=1
[m[2m2026-09-14 22:52:34.899+0200[m[2m | [m[2mEthScheduler-BlockCreation-1-1[m[2m | [m[32mINFO [m[2m | [m[2mApprovalSelector[m[2m | [m[32mOPS_APPROVAL_TIMING {"tx":"0x853c5f204b8c5e8affad7989d091f9dd43ac224f850cffbb67235976a5f56850","mode":3,"calls":1,"gate_ns":84918}
[m[2m2026-09-14 22:52:34.899+0200[m[2m | [m[2mEthScheduler-BlockCreation-1-1[m[2m | [m[32mINFO [m[2m | [m[2mApprovalSelector[m[2m | [m[32mOPS_APPROVAL_DECISION allow tx=0xd87259b0ed5dcb84b648469cae7353c086db4f872f190bc0f3e746541850c7e4 calls=1
[m[2m2026-09-14 22:52:34.899+0200[m[2m | [m[2mEthScheduler-BlockCreation-1-1[m[2m | [m[32mINFO [m[2m | [m[2mApprovalSelector[m[2m | [m[32mOPS_APPROVAL_TIMING {"tx":"0xd87259b0ed5dcb84b648469cae7353c086db4f872f190bc0f3e746541850c7e4","mode":3,"calls":1,"gate_ns":51250}
[m[2m2026-09-14 22:52:34.899+0200[m[2m | [m[2mEthScheduler-BlockCreation-1-1[m[2m | [m[32mINFO [m[2m | [m[2mApprovalSelector[m[2m | [m[32mOPS_APPROVAL_DECISION allow tx=0x22ef6e375043cd333a1f4d3865264b3d130d1e3d1a34d8f7ff826960aba86bc4 calls=1
[m[2m2026-09-14 22:52:34.899+0200[m[2m | [m[2mEthScheduler-BlockCreation-1-1[m[2m | [m[32mINFO [m[2m | [m[2mApprovalSelector[m[2m | [m[32mOPS_APPROVAL_TIMING {"tx":"0x22ef6e375043cd333a1f4d3865264b3d130d1e3d1a34d8f7ff826960aba86bc4","mode":3,"calls":1,"gate_ns":37874}
[m[2m2026-09-14 22:52:34.900+0200[m[2m | [m[2mEthScheduler-BlockCreation-1-1[m[2m | [m[32mINFO [m[2m | [m[2mApprovalSelector[m[2m | [m[32mOPS_APPROVAL_DECISION allow tx=0x0f58514347656f47418210205aedb342a0a3d7c8bbece70179bac8425fe6cd78 calls=1
[m[2m2026-09-14 22:52:34.900+0200[m[2m | [m[2mEthScheduler-BlockCreation-1-1[m[2m | [m[32mINFO [m[2m | [m[2mApprovalSelector[m[2m | [m[32mOPS_APPROVAL_TIMING {"tx":"0x0f58514347656f47418210205aedb342a0a3d7c8bbece70179bac8425fe6cd78","mode":3,"calls":1,"gate_ns":91249}
[m[2m2026-09-14 22:52:34.936+0200[m[2m | [m[2mEthScheduler-BlockCreation-0-1[m[2m | [m[32mINFO [m[2m | [m[2mPostMergeContext[m[2m | [m[32mNew proposal for payloadId 0x0094b6536c934601 block 1 (0x5dc0ecd082a9522fa3a947cdce9a6b3899476741f1dbf9b19b4e1eb82a1223bb) gas used 3408192 transactions 128 reward 3,83 finney is better than the previous one by 3,83 finney
[m[2m2026-09-14 22:52:35.356+0200[m[2m | [m[2mEthScheduler-BlockCreation-1-1[m[2m | [m[32mINFO [m[2m | [m[2mApprovalSelector[m[2m | [m[32mOPS_APPROVAL_DECISION allow tx=0x06c191f70392d0e9769d297c574b7569f2d27c3f8e160225e7de4987276e085e calls=1
[m[2m2026-09-14 22:52:35.356+0200[m[2m | [m[2mEthScheduler-BlockCreation-1-1[m[2m | [m[32mINFO [m[2m | [m[2mApprovalSelector[m[2m | [m[32mOPS_APPROVAL_TIMING {"tx":"0x06c191f70392d0e9769d297c574b7569f2d27c3f8e160225e7de4987276e085e","mode":3,"calls":1,"gate_ns":198874}
[m[2m2026-09-14 22:52:35.357+0200[m[2m | [m[2mEthScheduler-BlockCreation-1-1[m[2m | [m[32mINFO [m[2m | [m[2mApprovalSelector[m[2m | [m[32mOPS_APPROVAL_DECISION allow tx=0x9e88e7ab4838cb46704ee2ebd7b5dfdba3be76716e80572003e3c7679bab9a6b calls=1
[m[2m2026-09-14 22:52:35.357+0200[m[2m | [m[2mEthScheduler-BlockCreation-1-1[m[2m | [m[32mINFO [m[2m | [m[2mApprovalSelector[m[2m | [m[32mOPS_APPROVAL_TIMING {"tx":"0x9e88e7ab4838cb46704ee2ebd7b5dfdba3be76716e80572003e3c7679bab9a6b","mode":3,"calls":1,"gate_ns":86292}
[m[2m2026-09-14 22:52:35.357+0200[m[2m | [m[2mEthScheduler-BlockCreation-1-1[m[2m | [m[32mINFO [m[2m | [m[2mApprovalSelector[m[2m | [m[32mOPS_APPROVAL_DECISION allow tx=0x315593ca306aecaded359b6e42d56ea0e182395050bf88a3241782018067242d calls=1
[m[2m2026-09-14 22:52:35.357+0200[m[2m | [m[2mEthScheduler-BlockCreation-1-1[m[2m | [m[32mINFO [m[2m | [m[2mApprovalSelector[m[2m | [m[32mOPS_APPROVAL_TIMING {"tx":"0x315593ca306aecaded359b6e42d56ea0e182395050bf88a3241782018067242d","mode":3,"calls":1,"gate_ns":50707}
[m[2m2026-09-14 22:52:35.357+0200[m[2m | [m[2mEthScheduler-BlockCreation-1-1[m[2m | [m[32mINFO [m[2m | [m[2mApprovalSelector[m[2m | [m[32mOPS_APPROVAL_DECISION allow tx=0x77e17117589b2c1e5a970539f314ecc55b540a65e9f813b5bc59341433f633c8 calls=1
[m[2m2026-09-14 22:52:35.357+0200[m[2m | [m[2mEthScheduler-BlockCreation-1-1[m[2m | [m[32mINFO [m[2m | [m[2mApprovalSelector[m[2m | [m[32mOPS_APPROVAL_TIMING {"tx":"0x77e17117589b2c1e5a970539f314ecc55b540a65e9f813b5bc59341433f633c8","mode":3,"calls":1,"gate_ns":45541}
[m[2m2026-09-14 22:52:35.357+0200[m[2m | [m[2mEthScheduler-BlockCreation-1-1[m[2m | [m[32mINFO [m[2m | [m[2mApprovalSelector[m[2m | [m[32mOPS_APPROVAL_DECISION allow tx=0xbd04bc9d529c528d9d9bbbeecf2375b8bfa86164ad1717cbd2f361a550c96228 calls=1
[m[2m2026-09-14 22:52:35.357+0200[m[2m | [m[2mEthScheduler-BlockCreation-1-1[m[2m | [m[32mINFO [m[2m | [m[2mApprovalSelector[m[2m | [m[32mOPS_APPROVAL_TIMING {"tx":"0xbd04bc9d529c528d9d9bbbeecf2375b8bfa86164ad1717cbd2f361a550c96228","mode":3,"calls":1,"gate_ns":53541}
[m[2m2026-09-14 22:52:35.358+0200[m[2m | [m[2mEthScheduler-BlockCreation-1-1[m[2m | [m[32mINFO [m[2m | [m[2mApprovalSelector[m[2m | [m[32mOPS_APPROVAL_DECISION allow tx=0x31bb03f9385aadc9218b9d4b180b97affdd367e09708eac97997e323384ee853 calls=1
[m[2m2026-09-14 22:52:35.358+0200[m[2m | [m[2mEthScheduler-BlockCreation-1-1[m[2m | [m[32mINFO [m[2m | [m[2mApprovalSelector[m[2m | [m[32mOPS_APPROVAL_TIMING {"tx":"0x31bb03f9385aadc9218b9d4b180b97affdd367e09708eac97997e323384ee853","mode":3,"calls":1,"gate_ns":45916}
[m[2m2026-09-14 22:52:35.358+0200[m[2m | [m[2mEthScheduler-BlockCreation-1-1[m[2m | [m[32mINFO [m[2m | [m[2mApprovalSelector[m[2m | [m[32mOPS_APPROVAL_DECISION allow tx=0x1b3605df5415e4388d07b835a445b4eda66e32d497b42c6a09a71e4d4fd50f15 calls=1
[m[2m2026-09-14 22:52:35.358+0200[m[2m | [m[2mEthScheduler-BlockCreation-1-1[m[2m | [m[32mINFO [m[2m | [m[2mApprovalSelector[m[2m | [m[32mOPS_APPROVAL_TIMING {"tx":"0x1b3605df5415e4388d07b835a445b4eda66e32d497b42c6a09a71e4d4fd50f15","mode":3,"calls":1,"gate_ns":38125}
[m[2m2026-09-14 22:52:35.358+0200[m[2m | [m[2mEthScheduler-BlockCreation-1-1[m[2m | [m[32mINFO [m[2m | [m[2mApprovalSelector[m[2m | [m[32mOPS_APPROVAL_DECISION allow tx=0xadb6f97a53d16b3de7454a263e373b49410e5ebcd15c4b7b67fed484a66bf25f calls=1
[m[2m2026-09-14 22:52:35.358+0200[m[2m | [m[2mEthScheduler-BlockCreation-1-1[m[2m | [m[32mINFO [m[2m | [m[2mApprovalSelector[m[2m | [m[32mOPS_APPROVAL_TIMING {"tx":"0xadb6f97a53d16b3de7454a263e373b49410e5ebcd15c4b7b67fed484a66bf25f","mode":3,"calls":1,"gate_ns":39416}
[m[2m2026-09-14 22:52:35.358+0200[m[2m | [m[2mEthScheduler-BlockCreation-1-1[m[2m | [m[32mINFO [m[2m | [m[2mApprovalSelector[m[2m | [m[32mOPS_APPROVAL_DECISION allow tx=0x0f033f73694ea0eeb4a0f0134b964d5f93955e859261b6141880b55f34b5ae0a calls=1
[m[2m2026-09-14 22:52:35.358+0200[m[2m | [m[2mEthScheduler-BlockCreation-1-1[m[2m | [m[32mINFO [m[2m | [m[2mApprovalSelector[m[2m | [m[32mOPS_APPROVAL_TIMING {"tx":"0x0f033f73694ea0eeb4a0f0134b964d5f93955e859261b6141880b55f34b5ae0a","mode":3,"calls":1,"gate_ns":35959}
[m[2m2026-09-14 22:52:35.359+0200[m[2m | [m[2mEthScheduler-BlockCreation-1-1[m[2m | [m[32mINFO [m[2m | [m[2mApprovalSelector[m[2m | [m[32mOPS_APPROVAL_DECISION allow tx=0x1b04113bf3fcb735fe89787a9afddd3537466b3abbeb7cfc79695c9976c65fa8 calls=1
[m[2m2026-09-14 22:52:35.359+0200[m[2m | [m[2mEthScheduler-BlockCreation-1-1[m[2m | [m[32mINFO [m[2m | [m[2mApprovalSelector[m[2m | [m[32mOPS_APPROVAL_TIMING {"tx":"0x1b04113bf3fcb735fe89787a9afddd3537466b3abbeb7cfc79695c9976c65fa8","mode":3,"calls":1,"gate_ns":42293}
[m[2m2026-09-14 22:52:35.359+0200[m[2m | [m[2mEthScheduler-BlockCreation-1-1[m[2m | [m[32mINFO [m[2m | [m[2mApprovalSelector[m[2m | [m[32mOPS_APPROVAL_DECISION allow tx=0xccf10da4a2cd4e044999bd8af9f15f0d15cedbcc3e738f47aad835096b36fc83 calls=1
[m[2m2026-09-14 22:52:35.359+0200[m[2m | [m[2mEthScheduler-BlockCreation-1-1[m[2m | [m[32mINFO [m[2m | [m[2mApprovalSelector[m[2m | [m[32mOPS_APPROVAL_TIMING {"tx":"0xccf10da4a2cd4e044999bd8af9f15f0d15cedbcc3e738f47aad835096b36fc83","mode":3,"calls":1,"gate_ns":36375}
[m[2m2026-09-14 22:52:35.359+0200[m[2m | [m[2mEthScheduler-BlockCreation-1-1[m[2m | [m[32mINFO [m[2m | [m[2mApprovalSelector[m[2m | [m[32mOPS_APPROVAL_DECISION allow tx=0x677b2f781b4643bfe55f8afa6eb76c3857b8e7752143e2d415d34a11c497f16f calls=1
[m[2m2026-09-14 22:52:35.359+0200[m[2m | [m[2mEthScheduler-BlockCreation-1-1[m[2m | [m[32mINFO [m[2m | [m[2mApprovalSelector[m[2m | [m[32mOPS_APPROVAL_TIMING {"tx":"0x677b2f781b4643bfe55f8afa6eb76c3857b8e7752143e2d415d34a11c497f16f","mode":3,"calls":1,"gate_ns":48667}
[m[2m2026-09-14 22:52:35.359+0200[m[2m | [m[2mEthScheduler-BlockCreation-1-1[m[2m | [m[32mINFO [m[2m | [m[2mApprovalSelector[m[2m | [m[32mOPS_APPROVAL_DECISION allow tx=0x6828c8c78938025c241979033edb80731204728cd45471672eeaad946465cf97 calls=1
[m[2m2026-09-14 22:52:35.359+0200[m[2m | [m[2mEthScheduler-BlockCreation-1-1[m[2m | [m[32mINFO [m[2m | [m[2mApprovalSelector[m[2m | [m[32mOPS_APPROVAL_TIMING {"tx":"0x6828c8c78938025c241979033edb80731204728cd45471672eeaad946465cf97","mode":3,"calls":1,"gate_ns":40834}
[m[2m2026-09-14 22:52:35.359+0200[m[2m | [m[2mEthScheduler-BlockCreation-1-1[m[2m | [m[32mINFO [m[2m | [m[2mApprovalSelector[m[2m | [m[32mOPS_APPROVAL_DECISION allow tx=0x554df2319c2c2bdbafbedba05a44efd774a1b69871b78a0b1b57657de7d1bec3 calls=1
[m[2m2026-09-14 22:52:35.359+0200[m[2m | [m[2mEthScheduler-BlockCreation-1-1[m[2m | [m[32mINFO [m[2m | [m[2mApprovalSelector[m[2m | [m[32mOPS_APPROVAL_TIMING {"tx":"0x554df2319c2c2bdbafbedba05a44efd774a1b69871b78a0b1b57657de7d1bec3","mode":3,"calls":1,"gate_ns":39417}
[m[2m2026-09-14 22:52:35.360+0200[m[2m | [m[2mEthScheduler-BlockCreation-1-1[m[2m | [m[32mINFO [m[2m | [m[2mApprovalSelector[m[2m | [m[32mOPS_APPROVAL_DECISION allow tx=0xa90389a1349fbaf4708fe331e530717b5bd3a86eec6a9f3cb2b5e05b0d6ff557 calls=1
[m[2m2026-09-14 22:52:35.360+0200[m[2m | [m[2mEthScheduler-BlockCreation-1-1[m[2m | [m[32mINFO [m[2m | [m[2mApprovalSelector[m[2m | [m[32mOPS_APPROVAL_TIMING {"tx":"0xa90389a1349fbaf4708fe331e530717b5bd3a86eec6a9f3cb2b5e05b0d6ff557","mode":3,"calls":1,"gate_ns":37166}
[m[2m2026-09-14 22:52:35.360+0200[m[2m | [m[2mEthScheduler-BlockCreation-1-1[m[2m | [m[32mINFO [m[2m | [m[2mApprovalSelector[m[2m | [m[32mOPS_APPROVAL_DECISION allow tx=0xc7bc68365b7c3941246362c1d19bc0cca32357c5cf43a4e3ebf9c9f4d2728306 calls=1
[m[2m2026-09-14 22:52:35.360+0200[m[2m | [m[2mEthScheduler-BlockCreation-1-1[m[2m | [m[32mINFO [m[2m | [m[2mApprovalSelector[m[2m | [m[32mOPS_APPROVAL_TIMING {"tx":"0xc7bc68365b7c3941246362c1d19bc0cca32357c5cf43a4e3ebf9c9f4d2728306","mode":3,"calls":1,"gate_ns":39042}
[m[2m2026-09-14 22:52:35.360+0200[m[2m | [m[2mEthScheduler-BlockCreation-1-1[m[2m | [m[32mINFO [m[2m | [m[2mApprovalSelector[m[2m | [m[32mOPS_APPROVAL_DECISION allow tx=0xeb7b90cc80792852c3a7192c402f6c56336da73844de95c48d0c08f750893267 calls=1
[m[2m2026-09-14 22:52:35.360+0200[m[2m | [m[2mEthScheduler-BlockCreation-1-1[m[2m | [m[32mINFO [m[2m | [m[2mApprovalSelector[m[2m | [m[32mOPS_APPROVAL_TIMING {"tx":"0xeb7b90cc80792852c3a7192c402f6c56336da73844de95c48d0c08f750893267","mode":3,"calls":1,"gate_ns":39875}
[m[2m2026-09-14 22:52:35.360+0200[m[2m | [m[2mEthScheduler-BlockCreation-1-1[m[2m | [m[32mINFO [m[2m | [m[2mApprovalSelector[m[2m | [m[32mOPS_APPROVAL_DECISION allow tx=0x3ff1611ca233b98d62205f8ada768b1857d39425eb999697734d3a197e1d84f0 calls=1
[m[2m2026-09-14 22:52:35.360+0200[m[2m | [m[2mEthScheduler-BlockCreation-1-1[m[2m | [m[32mINFO [m[2m | [m[2mApprovalSelector[m[2m | [m[32mOPS_APPROVAL_TIMING {"tx":"0x3ff1611ca233b98d62205f8ada768b1857d39425eb999697734d3a197e1d84f0","mode":3,"calls":1,"gate_ns":39000}
[m[2m2026-09-14 22:52:35.360+0200[m[2m | [m[2mEthScheduler-BlockCreation-1-1[m[2m | [m[32mINFO [m[2m | [m[2mApprovalSelector[m[2m | [m[32mOPS_APPROVAL_DECISION allow tx=0x3471c4014779e3303c9daf339cf4e28670d8532ef782d9c4a53d6cc1258dbc3e calls=1
[m[2m2026-09-14 22:52:35.360+0200[m[2m | [m[2mEthScheduler-BlockCreation-1-1[m[2m | [m[32mINFO [m[2m | [m[2mApprovalSelector[m[2m | [m[32mOPS_APPROVAL_TIMING {"tx":"0x3471c4014779e3303c9daf339cf4e28670d8532ef782d9c4a53d6cc1258dbc3e","mode":3,"calls":1,"gate_ns":43625}
[m[2m2026-09-14 22:52:35.361+0200[m[2m | [m[2mEthScheduler-BlockCreation-1-1[m[2m | [m[32mINFO [m[2m | [m[2mApprovalSelector[m[2m | [m[32mOPS_APPROVAL_DECISION allow tx=0x3eda4051331dd5a07845929e21a83b468fab41794a9608f3fcaaffe5a58a4e70 calls=1
[m[2m2026-09-14 22:52:35.361+0200[m[2m | [m[2mEthScheduler-BlockCreation-1-1[m[2m | [m[32mINFO [m[2m | [m[2mApprovalSelector[m[2m | [m[32mOPS_APPROVAL_TIMING {"tx":"0x3eda4051331dd5a07845929e21a83b468fab41794a9608f3fcaaffe5a58a4e70","mode":3,"calls":1,"gate_ns":38583}
[m[2m2026-09-14 22:52:35.361+0200[m[2m | [m[2mEthScheduler-BlockCreation-1-1[m[2m | [m[32mINFO [m[2m | [m[2mApprovalSelector[m[2m | [m[32mOPS_APPROVAL_DECISION allow tx=0xe3a4886b4e2025190f147b726805571cd6a1ea2851c5b0e87d0831c146ab9222 calls=1
[m[2m2026-09-14 22:52:35.361+0200[m[2m | [m[2mEthScheduler-BlockCreation-1-1[m[2m | [m[32mINFO [m[2m | [m[2mApprovalSelector[m[2m | [m[32mOPS_APPROVAL_TIMING {"tx":"0xe3a4886b4e2025190f147b726805571cd6a1ea2851c5b0e87d0831c146ab9222","mode":3,"calls":1,"gate_ns":33793}
[m[2m2026-09-14 22:52:35.361+0200[m[2m | [m[2mEthScheduler-BlockCreation-1-1[m[2m | [m[32mINFO [m[2m | [m[2mApprovalSelector[m[2m | [m[32mOPS_APPROVAL_DECISION allow tx=0xd5fdfdddfc24701209b6293d02e5a293aea3d4a23a3a2cb9a3bd27b6f09bfe28 calls=1
[m[2m2026-09-14 22:52:35.361+0200[m[2m | [m[2mEthScheduler-BlockCreation-1-1[m[2m | [m[32mINFO [m[2m | [m[2mApprovalSelector[m[2m | [m[32mOPS_APPROVAL_TIMING {"tx":"0xd5fdfdddfc24701209b6293d02e5a293aea3d4a23a3a2cb9a3bd27b6f09bfe28","mode":3,"calls":1,"gate_ns":38750}
[m[2m2026-09-14 22:52:35.361+0200[m[2m | [m[2mEthScheduler-BlockCreation-1-1[m[2m | [m[32mINFO [m[2m | [m[2mApprovalSelector[m[2m | [m[32mOPS_APPROVAL_DECISION allow tx=0x09e0a41420b75b69db83b0eb34c386047a8337f6c608712318c9b2be78a9cf1c calls=1
[m[2m2026-09-14 22:52:35.361+0200[m[2m | [m[2mEthScheduler-BlockCreation-1-1[m[2m | [m[32mINFO [m[2m | [m[2mApprovalSelector[m[2m | [m[32mOPS_APPROVAL_TIMING {"tx":"0x09e0a41420b75b69db83b0eb34c386047a8337f6c608712318c9b2be78a9cf1c","mode":3,"calls":1,"gate_ns":34416}
[m[2m2026-09-14 22:52:35.361+0200[m[2m | [m[2mEthScheduler-BlockCreation-1-1[m[2m | [m[32mINFO [m[2m | [m[2mApprovalSelector[m[2m | [m[32mOPS_APPROVAL_DECISION allow tx=0x919ff5b73c5432d2fc578b00797a23536f2994240198d1e6017fe931378bdc3b calls=1
[m[2m2026-09-14 22:52:35.361+0200[m[2m | [m[2mEthScheduler-BlockCreation-1-1[m[2m | [m[32mINFO [m[2m | [m[2mApprovalSelector[m[2m | [m[32mOPS_APPROVAL_TIMING {"tx":"0x919ff5b73c5432d2fc578b00797a23536f2994240198d1e6017fe931378bdc3b","mode":3,"calls":1,"gate_ns":36624}
[m[2m2026-09-14 22:52:35.361+0200[m[2m | [m[2mEthScheduler-BlockCreation-1-1[m[2m | [m[32mINFO [m[2m | [m[2mApprovalSelector[m[2m | [m[32mOPS_APPROVAL_DECISION allow tx=0x38449c915ad6afd7b4147fc59864baf24e7b64855d639ea5ffe0efe967f5a964 calls=1
[m[2m2026-09-14 22:52:35.361+0200[m[2m | [m[2mEthScheduler-BlockCreation-1-1[m[2m | [m[32mINFO [m[2m | [m[2mApprovalSelector[m[2m | [m[32mOPS_APPROVAL_TIMING {"tx":"0x38449c915ad6afd7b4147fc59864baf24e7b64855d639ea5ffe0efe967f5a964","mode":3,"calls":1,"gate_ns":33957}
[m[2m2026-09-14 22:52:35.362+0200[m[2m | [m[2mEthScheduler-BlockCreation-1-1[m[2m | [m[32mINFO [m[2m | [m[2mApprovalSelector[m[2m | [m[32mOPS_APPROVAL_DECISION allow tx=0x0af76965beaf44892a9852c41f9303ea07320c1ca7e491afbacb90711106bdff calls=1
[m[2m2026-09-14 22:52:35.362+0200[m[2m | [m[2mEthScheduler-BlockCreation-1-1[m[2m | [m[32mINFO [m[2m | [m[2mApprovalSelector[m[2m | [m[32mOPS_APPROVAL_TIMING {"tx":"0x0af76965beaf44892a9852c41f9303ea07320c1ca7e491afbacb90711106bdff","mode":3,"calls":1,"gate_ns":39708}
[m[2m2026-09-14 22:52:35.362+0200[m[2m | [m[2mEthScheduler-BlockCreation-1-1[m[2m | [m[32mINFO [m[2m | [m[2mApprovalSelector[m[2m | [m[32mOPS_APPROVAL_DECISION allow tx=0x869e12a4be6413adee22caa883b19c32a60a3334525eb625db8f87abe547f521 calls=1
[m[2m2026-09-14 22:52:35.362+0200[m[2m | [m[2mEthScheduler-BlockCreation-1-1[m[2m | [m[32mINFO [m[2m | [m[2mApprovalSelector[m[2m | [m[32mOPS_APPROVAL_TIMING {"tx":"0x869e12a4be6413adee22caa883b19c32a60a3334525eb625db8f87abe547f521","mode":3,"calls":1,"gate_ns":35167}
[m[2m2026-09-14 22:52:35.362+0200[m[2m | [m[2mEthScheduler-BlockCreation-1-1[m[2m | [m[32mINFO [m[2m | [m[2mApprovalSelector[m[2m | [m[32mOPS_APPROVAL_DECISION allow tx=0xa1970ef77024728f989cee151a02d9bc29dff15ff76e35a6fbc4bb127c764004 calls=1
[m[2m2026-09-14 22:52:35.362+0200[m[2m | [m[2mEthScheduler-BlockCreation-1-1[m[2m | [m[32mINFO [m[2m | [m[2mApprovalSelector[m[2m | [m[32mOPS_APPROVAL_TIMING {"tx":"0xa1970ef77024728f989cee151a02d9bc29dff15ff76e35a6fbc4bb127c764004","mode":3,"calls":1,"gate_ns":33250}
[m[2m2026-09-14 22:52:35.362+0200[m[2m | [m[2mEthScheduler-BlockCreation-1-1[m[2m | [m[32mINFO [m[2m | [m[2mApprovalSelector[m[2m | [m[32mOPS_APPROVAL_DECISION allow tx=0xbc534c0206b8881dd5e3ef526ee6c6f7364c97a2dfded21ab654113213c6f4a8 calls=1
[m[2m2026-09-14 22:52:35.362+0200[m[2m | [m[2mEthScheduler-BlockCreation-1-1[m[2m | [m[32mINFO [m[2m | [m[2mApprovalSelector[m[2m | [m[32mOPS_APPROVAL_TIMING {"tx":"0xbc534c0206b8881dd5e3ef526ee6c6f7364c97a2dfded21ab654113213c6f4a8","mode":3,"calls":1,"gate_ns":37207}
[m[2m2026-09-14 22:52:35.362+0200[m[2m | [m[2mEthScheduler-BlockCreation-1-1[m[2m | [m[32mINFO [m[2m | [m[2mApprovalSelector[m[2m | [m[32mOPS_APPROVAL_DECISION allow tx=0x62a09f96375f6d795864e54f58b449a668161fb70bd71b0b7d0eedf9838b0ed8 calls=1
[m[2m2026-09-14 22:52:35.362+0200[m[2m | [m[2mEthScheduler-BlockCreation-1-1[m[2m | [m[32mINFO [m[2m | [m[2mApprovalSelector[m[2m | [m[32mOPS_APPROVAL_TIMING {"tx":"0x62a09f96375f6d795864e54f58b449a668161fb70bd71b0b7d0eedf9838b0ed8","mode":3,"calls":1,"gate_ns":57875}
[m[2m2026-09-14 22:52:35.363+0200[m[2m | [m[2mEthScheduler-BlockCreation-1-1[m[2m | [m[32mINFO [m[2m | [m[2mApprovalSelector[m[2m | [m[32mOPS_APPROVAL_DECISION allow tx=0x7bfde14102b7f053cc2ad4379f0f53a846e725830882f2b10816ae218c216ef1 calls=1
[m[2m2026-09-14 22:52:35.363+0200[m[2m | [m[2mEthScheduler-BlockCreation-1-1[m[2m | [m[32mINFO [m[2m | [m[2mApprovalSelector[m[2m | [m[32mOPS_APPROVAL_TIMING {"tx":"0x7bfde14102b7f053cc2ad4379f0f53a846e725830882f2b10816ae218c216ef1","mode":3,"calls":1,"gate_ns":41708}
[m[2m2026-09-14 22:52:35.363+0200[m[2m | [m[2mEthScheduler-BlockCreation-1-1[m[2m | [m[32mINFO [m[2m | [m[2mApprovalSelector[m[2m | [m[32mOPS_APPROVAL_DECISION allow tx=0x0f94eb19283836bd021fe8e0d4e419601fccbecec7d6e5ef1531c90b0f10459a calls=1
[m[2m2026-09-14 22:52:35.363+0200[m[2m | [m[2mEthScheduler-BlockCreation-1-1[m[2m | [m[32mINFO [m[2m | [m[2mApprovalSelector[m[2m | [m[32mOPS_APPROVAL_TIMING {"tx":"0x0f94eb19283836bd021fe8e0d4e419601fccbecec7d6e5ef1531c90b0f10459a","mode":3,"calls":1,"gate_ns":39000}
[m[2m2026-09-14 22:52:35.363+0200[m[2m | [m[2mEthScheduler-BlockCreation-1-1[m[2m | [m[32mINFO [m[2m | [m[2mApprovalSelector[m[2m | [m[32mOPS_APPROVAL_DECISION allow tx=0xafb2f7c84a6662de3fe6970d1a177b8dd680fb6496ca4dcede3398e9b56b5bd1 calls=1
[m[2m2026-09-14 22:52:35.363+0200[m[2m | [m[2mEthScheduler-BlockCreation-1-1[m[2m | [m[32mINFO [m[2m | [m[2mApprovalSelector[m[2m | [m[32mOPS_APPROVAL_TIMING {"tx":"0xafb2f7c84a6662de3fe6970d1a177b8dd680fb6496ca4dcede3398e9b56b5bd1","mode":3,"calls":1,"gate_ns":64167}
[m[2m2026-09-14 22:52:35.363+0200[m[2m | [m[2mEthScheduler-BlockCreation-1-1[m[2m | [m[32mINFO [m[2m | [m[2mApprovalSelector[m[2m | [m[32mOPS_APPROVAL_DECISION allow tx=0x1a544ae4a023b9991574ceaf6679f6f20e6e76497a401a8b91e4232912823f3d calls=1
[m[2m2026-09-14 22:52:35.363+0200[m[2m | [m[2mEthScheduler-BlockCreation-1-1[m[2m | [m[32mINFO [m[2m | [m[2mApprovalSelector[m[2m | [m[32mOPS_APPROVAL_TIMING {"tx":"0x1a544ae4a023b9991574ceaf6679f6f20e6e76497a401a8b91e4232912823f3d","mode":3,"calls":1,"gate_ns":41459}
[m[2m2026-09-14 22:52:35.364+0200[m[2m | [m[2mEthScheduler-BlockCreation-1-1[m[2m | [m[32mINFO [m[2m | [m[2mApprovalSelector[m[2m | [m[32mOPS_APPROVAL_DECISION allow tx=0x5c5d4a8704ef49336532eebdda626a4cfafc30fdedd1718751a7830ff418d7f8 calls=1
[m[2m2026-09-14 22:52:35.364+0200[m[2m | [m[2mEthScheduler-BlockCreation-1-1[m[2m | [m[32mINFO [m[2m | [m[2mApprovalSelector[m[2m | [m[32mOPS_APPROVAL_TIMING {"tx":"0x5c5d4a8704ef49336532eebdda626a4cfafc30fdedd1718751a7830ff418d7f8","mode":3,"calls":1,"gate_ns":41791}
[m[2m2026-09-14 22:52:35.364+0200[m[2m | [m[2mEthScheduler-BlockCreation-1-1[m[2m | [m[32mINFO [m[2m | [m[2mApprovalSelector[m[2m | [m[32mOPS_APPROVAL_DECISION allow tx=0xbe6883867b085b979ec98cd430f3319fd311ad98aa13a1716bd319318b66db00 calls=1
[m[2m2026-09-14 22:52:35.364+0200[m[2m | [m[2mEthScheduler-BlockCreation-1-1[m[2m | [m[32mINFO [m[2m | [m[2mApprovalSelector[m[2m | [m[32mOPS_APPROVAL_TIMING {"tx":"0xbe6883867b085b979ec98cd430f3319fd311ad98aa13a1716bd319318b66db00","mode":3,"calls":1,"gate_ns":36916}
[m[2m2026-09-14 22:52:35.364+0200[m[2m | [m[2mEthScheduler-BlockCreation-1-1[m[2m | [m[32mINFO [m[2m | [m[2mApprovalSelector[m[2m | [m[32mOPS_APPROVAL_DECISION allow tx=0x593cb412a137018a5da4c00310d9c748c44f84977070eee08622c8921c38d796 calls=1
[m[2m2026-09-14 22:52:35.364+0200[m[2m | [m[2mEthScheduler-BlockCreation-1-1[m[2m | [m[32mINFO [m[2m | [m[2mApprovalSelector[m[2m | [m[32mOPS_APPROVAL_TIMING {"tx":"0x593cb412a137018a5da4c00310d9c748c44f84977070eee08622c8921c38d796","mode":3,"calls":1,"gate_ns":38042}
[m[2m2026-09-14 22:52:35.364+0200[m[2m | [m[2mEthScheduler-BlockCreation-1-1[m[2m | [m[32mINFO [m[2m | [m[2mApprovalSelector[m[2m | [m[32mOPS_APPROVAL_DECISION allow tx=0x8d5baae2c4850d0489869cf6c040bf8913b592c7fafc314babb03dcbf90d0e3a calls=1
[m[2m2026-09-14 22:52:35.364+0200[m[2m | [m[2mEthScheduler-BlockCreation-1-1[m[2m | [m[32mINFO [m[2m | [m[2mApprovalSelector[m[2m | [m[32mOPS_APPROVAL_TIMING {"tx":"0x8d5baae2c4850d0489869cf6c040bf8913b592c7fafc314babb03dcbf90d0e3a","mode":3,"calls":1,"gate_ns":37416}
[m[2m2026-09-14 22:52:35.364+0200[m[2m | [m[2mEthScheduler-BlockCreation-1-1[m[2m | [m[32mINFO [m[2m | [m[2mApprovalSelector[m[2m | [m[32mOPS_APPROVAL_DECISION allow tx=0xf5847c1bdbf6235ae7cd1946a913aed97e4be19394d5a4ea2fb7a764abbae87c calls=1
[m[2m2026-09-14 22:52:35.364+0200[m[2m | [m[2mEthScheduler-BlockCreation-1-1[m[2m | [m[32mINFO [m[2m | [m[2mApprovalSelector[m[2m | [m[32mOPS_APPROVAL_TIMING {"tx":"0xf5847c1bdbf6235ae7cd1946a913aed97e4be19394d5a4ea2fb7a764abbae87c","mode":3,"calls":1,"gate_ns":42667}
[m[2m2026-09-14 22:52:35.365+0200[m[2m | [m[2mEthScheduler-BlockCreation-1-1[m[2m | [m[32mINFO [m[2m | [m[2mApprovalSelector[m[2m | [m[32mOPS_APPROVAL_DECISION allow tx=0xeb114400d06faf6633c04952a5f173e42f465ead8cdf56a186cfbf9f94d57fdd calls=1
[m[2m2026-09-14 22:52:35.365+0200[m[2m | [m[2mEthScheduler-BlockCreation-1-1[m[2m | [m[32mINFO [m[2m | [m[2mApprovalSelector[m[2m | [m[32mOPS_APPROVAL_TIMING {"tx":"0xeb114400d06faf6633c04952a5f173e42f465ead8cdf56a186cfbf9f94d57fdd","mode":3,"calls":1,"gate_ns":35500}
[m[2m2026-09-14 22:52:35.365+0200[m[2m | [m[2mEthScheduler-BlockCreation-1-1[m[2m | [m[32mINFO [m[2m | [m[2mApprovalSelector[m[2m | [m[32mOPS_APPROVAL_DECISION allow tx=0xf89e39edb8424f4ec69d6a16d8043f990284ccaa03f541af5d80a5413596cb8b calls=1
[m[2m2026-09-14 22:52:35.365+0200[m[2m | [m[2mEthScheduler-BlockCreation-1-1[m[2m | [m[32mINFO [m[2m | [m[2mApprovalSelector[m[2m | [m[32mOPS_APPROVAL_TIMING {"tx":"0xf89e39edb8424f4ec69d6a16d8043f990284ccaa03f541af5d80a5413596cb8b","mode":3,"calls":1,"gate_ns":37291}
[m[2m2026-09-14 22:52:35.365+0200[m[2m | [m[2mEthScheduler-BlockCreation-1-1[m[2m | [m[32mINFO [m[2m | [m[2mApprovalSelector[m[2m | [m[32mOPS_APPROVAL_DECISION allow tx=0xf48ff1e9b835f745030c56fb95d073d5e34eed3ffc94d432cd1458cc6c1bc557 calls=1
[m[2m2026-09-14 22:52:35.365+0200[m[2m | [m[2mEthScheduler-BlockCreation-1-1[m[2m | [m[32mINFO [m[2m | [m[2mApprovalSelector[m[2m | [m[32mOPS_APPROVAL_TIMING {"tx":"0xf48ff1e9b835f745030c56fb95d073d5e34eed3ffc94d432cd1458cc6c1bc557","mode":3,"calls":1,"gate_ns":33916}
[m[2m2026-09-14 22:52:35.365+0200[m[2m | [m[2mEthScheduler-BlockCreation-1-1[m[2m | [m[32mINFO [m[2m | [m[2mApprovalSelector[m[2m | [m[32mOPS_APPROVAL_DECISION allow tx=0xda4fc8f2c5fec43b8e341af8ada988b19fafb06c7df209a9cb07a65087aadce2 calls=1
[m[2m2026-09-14 22:52:35.365+0200[m[2m | [m[2mEthScheduler-BlockCreation-1-1[m[2m | [m[32mINFO [m[2m | [m[2mApprovalSelector[m[2m | [m[32mOPS_APPROVAL_TIMING {"tx":"0xda4fc8f2c5fec43b8e341af8ada988b19fafb06c7df209a9cb07a65087aadce2","mode":3,"calls":1,"gate_ns":36917}
[m[2m2026-09-14 22:52:35.365+0200[m[2m | [m[2mEthScheduler-BlockCreation-1-1[m[2m | [m[32mINFO [m[2m | [m[2mApprovalSelector[m[2m | [m[32mOPS_APPROVAL_DECISION allow tx=0x29513f06c71386814db2c7ff199d27e6918e016842b52d17afd823c60a5e6c62 calls=1
[m[2m2026-09-14 22:52:35.365+0200[m[2m | [m[2mEthScheduler-BlockCreation-1-1[m[2m | [m[32mINFO [m[2m | [m[2mApprovalSelector[m[2m | [m[32mOPS_APPROVAL_TIMING {"tx":"0x29513f06c71386814db2c7ff199d27e6918e016842b52d17afd823c60a5e6c62","mode":3,"calls":1,"gate_ns":34459}
[m[2m2026-09-14 22:52:35.365+0200[m[2m | [m[2mEthScheduler-BlockCreation-1-1[m[2m | [m[32mINFO [m[2m | [m[2mApprovalSelector[m[2m | [m[32mOPS_APPROVAL_DECISION allow tx=0x9b0b152bb8bc1223ff8f2e7598504d4d996971e2d288d1b9e17af982bd456bcc calls=1
[m[2m2026-09-14 22:52:35.365+0200[m[2m | [m[2mEthScheduler-BlockCreation-1-1[m[2m | [m[32mINFO [m[2m | [m[2mApprovalSelector[m[2m | [m[32mOPS_APPROVAL_TIMING {"tx":"0x9b0b152bb8bc1223ff8f2e7598504d4d996971e2d288d1b9e17af982bd456bcc","mode":3,"calls":1,"gate_ns":32500}
[m[2m2026-09-14 22:52:35.366+0200[m[2m | [m[2mEthScheduler-BlockCreation-1-1[m[2m | [m[32mINFO [m[2m | [m[2mApprovalSelector[m[2m | [m[32mOPS_APPROVAL_DECISION allow tx=0x455f176ad604e1d041a440eb94cf530c39882ad621cb0fcc168beb1e94477810 calls=1
[m[2m2026-09-14 22:52:35.366+0200[m[2m | [m[2mEthScheduler-BlockCreation-1-1[m[2m | [m[32mINFO [m[2m | [m[2mApprovalSelector[m[2m | [m[32mOPS_APPROVAL_TIMING {"tx":"0x455f176ad604e1d041a440eb94cf530c39882ad621cb0fcc168beb1e94477810","mode":3,"calls":1,"gate_ns":40917}
[m[2m2026-09-14 22:52:35.366+0200[m[2m | [m[2mEthScheduler-BlockCreation-1-1[m[2m | [m[32mINFO [m[2m | [m[2mApprovalSelector[m[2m | [m[32mOPS_APPROVAL_DECISION allow tx=0x5eb26299441b000271cec84e9c99b1a81498956a803ed538c8e05697c6d56f46 calls=1
[m[2m2026-09-14 22:52:35.366+0200[m[2m | [m[2mEthScheduler-BlockCreation-1-1[m[2m | [m[32mINFO [m[2m | [m[2mApprovalSelector[m[2m | [m[32mOPS_APPROVAL_TIMING {"tx":"0x5eb26299441b000271cec84e9c99b1a81498956a803ed538c8e05697c6d56f46","mode":3,"calls":1,"gate_ns":42959}
[m[2m2026-09-14 22:52:35.366+0200[m[2m | [m[2mEthScheduler-BlockCreation-1-1[m[2m | [m[32mINFO [m[2m | [m[2mApprovalSelector[m[2m | [m[32mOPS_APPROVAL_DECISION allow tx=0xe2e1a408cbffeda3effbc2634b29b0376fb71fa2afb1536481e259f5e8f4719b calls=1
[m[2m2026-09-14 22:52:35.366+0200[m[2m | [m[2mEthScheduler-BlockCreation-1-1[m[2m | [m[32mINFO [m[2m | [m[2mApprovalSelector[m[2m | [m[32mOPS_APPROVAL_TIMING {"tx":"0xe2e1a408cbffeda3effbc2634b29b0376fb71fa2afb1536481e259f5e8f4719b","mode":3,"calls":1,"gate_ns":34500}
[m[2m2026-09-14 22:52:35.366+0200[m[2m | [m[2mEthScheduler-BlockCreation-1-1[m[2m | [m[32mINFO [m[2m | [m[2mApprovalSelector[m[2m | [m[32mOPS_APPROVAL_DECISION allow tx=0x554353325bb7cee0c30484a6234bb2e12153a7a5c23193abdb4999e5724f1180 calls=1
[m[2m2026-09-14 22:52:35.366+0200[m[2m | [m[2mEthScheduler-BlockCreation-1-1[m[2m | [m[32mINFO [m[2m | [m[2mApprovalSelector[m[2m | [m[32mOPS_APPROVAL_TIMING {"tx":"0x554353325bb7cee0c30484a6234bb2e12153a7a5c23193abdb4999e5724f1180","mode":3,"calls":1,"gate_ns":39875}
[m[2m2026-09-14 22:52:35.366+0200[m[2m | [m[2mEthScheduler-BlockCreation-1-1[m[2m | [m[32mINFO [m[2m | [m[2mApprovalSelector[m[2m | [m[32mOPS_APPROVAL_DECISION allow tx=0x53ba81e7f9f06a254c0909cb699096133c15df7280cef012c683533613649146 calls=1
[m[2m2026-09-14 22:52:35.366+0200[m[2m | [m[2mEthScheduler-BlockCreation-1-1[m[2m | [m[32mINFO [m[2m | [m[2mApprovalSelector[m[2m | [m[32mOPS_APPROVAL_TIMING {"tx":"0x53ba81e7f9f06a254c0909cb699096133c15df7280cef012c683533613649146","mode":3,"calls":1,"gate_ns":39750}
[m[2m2026-09-14 22:52:35.367+0200[m[2m | [m[2mEthScheduler-BlockCreation-1-1[m[2m | [m[32mINFO [m[2m | [m[2mApprovalSelector[m[2m | [m[32mOPS_APPROVAL_DECISION allow tx=0x8c9ad1fc3fc9f6dfa0111e59f1238e820bfe354325c5ceb7245eb5a5fe846f4c calls=1
[m[2m2026-09-14 22:52:35.367+0200[m[2m | [m[2mEthScheduler-BlockCreation-1-1[m[2m | [m[32mINFO [m[2m | [m[2mApprovalSelector[m[2m | [m[32mOPS_APPROVAL_TIMING {"tx":"0x8c9ad1fc3fc9f6dfa0111e59f1238e820bfe354325c5ceb7245eb5a5fe846f4c","mode":3,"calls":1,"gate_ns":35668}
[m[2m2026-09-14 22:52:35.367+0200[m[2m | [m[2mEthScheduler-BlockCreation-1-1[m[2m | [m[32mINFO [m[2m | [m[2mApprovalSelector[m[2m | [m[32mOPS_APPROVAL_DECISION allow tx=0x89d995ce875fbfb9490181def68610d7f2d6513689526509bb02772db1a82a2f calls=1
[m[2m2026-09-14 22:52:35.367+0200[m[2m | [m[2mEthScheduler-BlockCreation-1-1[m[2m | [m[32mINFO [m[2m | [m[2mApprovalSelector[m[2m | [m[32mOPS_APPROVAL_TIMING {"tx":"0x89d995ce875fbfb9490181def68610d7f2d6513689526509bb02772db1a82a2f","mode":3,"calls":1,"gate_ns":35834}
[m[2m2026-09-14 22:52:35.367+0200[m[2m | [m[2mEthScheduler-BlockCreation-1-1[m[2m | [m[32mINFO [m[2m | [m[2mApprovalSelector[m[2m | [m[32mOPS_APPROVAL_DECISION allow tx=0x123d03c3fc141207926a5a4d467fcd68b7a3088a075f08ef3eac32a183890d7a calls=1
[m[2m2026-09-14 22:52:35.367+0200[m[2m | [m[2mEthScheduler-BlockCreation-1-1[m[2m | [m[32mINFO [m[2m | [m[2mApprovalSelector[m[2m | [m[32mOPS_APPROVAL_TIMING {"tx":"0x123d03c3fc141207926a5a4d467fcd68b7a3088a075f08ef3eac32a183890d7a","mode":3,"calls":1,"gate_ns":34875}
[m[2m2026-09-14 22:52:35.367+0200[m[2m | [m[2mEthScheduler-BlockCreation-1-1[m[2m | [m[32mINFO [m[2m | [m[2mApprovalSelector[m[2m | [m[32mOPS_APPROVAL_DECISION allow tx=0x9bf5071d8a7f9b60bed78446dffa820c816ca60ba5c14343888fcfe623cbef23 calls=1
[m[2m2026-09-14 22:52:35.367+0200[m[2m | [m[2mEthScheduler-BlockCreation-1-1[m[2m | [m[32mINFO [m[2m | [m[2mApprovalSelector[m[2m | [m[32mOPS_APPROVAL_TIMING {"tx":"0x9bf5071d8a7f9b60bed78446dffa820c816ca60ba5c14343888fcfe623cbef23","mode":3,"calls":1,"gate_ns":33042}
[m[2m2026-09-14 22:52:35.367+0200[m[2m | [m[2mEthScheduler-BlockCreation-1-1[m[2m | [m[32mINFO [m[2m | [m[2mApprovalSelector[m[2m | [m[32mOPS_APPROVAL_DECISION allow tx=0x0d6f7f85b3fd81df69bdc802131bbb41acc8607d49850739800d20a0d5f72d1a calls=1
[m[2m2026-09-14 22:52:35.367+0200[m[2m | [m[2mEthScheduler-BlockCreation-1-1[m[2m | [m[32mINFO [m[2m | [m[2mApprovalSelector[m[2m | [m[32mOPS_APPROVAL_TIMING {"tx":"0x0d6f7f85b3fd81df69bdc802131bbb41acc8607d49850739800d20a0d5f72d1a","mode":3,"calls":1,"gate_ns":35791}
[m[2m2026-09-14 22:52:35.368+0200[m[2m | [m[2mEthScheduler-BlockCreation-1-1[m[2m | [m[32mINFO [m[2m | [m[2mApprovalSelector[m[2m | [m[32mOPS_APPROVAL_DECISION allow tx=0xb869830f7fc3b7552e6de191b33276ef7a304690a32e0e148ebc6f718d6a9623 calls=1
[m[2m2026-09-14 22:52:35.368+0200[m[2m | [m[2mEthScheduler-BlockCreation-1-1[m[2m | [m[32mINFO [m[2m | [m[2mApprovalSelector[m[2m | [m[32mOPS_APPROVAL_TIMING {"tx":"0xb869830f7fc3b7552e6de191b33276ef7a304690a32e0e148ebc6f718d6a9623","mode":3,"calls":1,"gate_ns":35416}
[m[2m2026-09-14 22:52:35.368+0200[m[2m | [m[2mEthScheduler-BlockCreation-1-1[m[2m | [m[32mINFO [m[2m | [m[2mApprovalSelector[m[2m | [m[32mOPS_APPROVAL_DECISION allow tx=0x8f354f4ad7145f970eb3e67c3fadda76e7598c56bebac371a177c8559c74ecda calls=1
[m[2m2026-09-14 22:52:35.368+0200[m[2m | [m[2mEthScheduler-BlockCreation-1-1[m[2m | [m[32mINFO [m[2m | [m[2mApprovalSelector[m[2m | [m[32mOPS_APPROVAL_TIMING {"tx":"0x8f354f4ad7145f970eb3e67c3fadda76e7598c56bebac371a177c8559c74ecda","mode":3,"calls":1,"gate_ns":35166}
[m[2m2026-09-14 22:52:35.368+0200[m[2m | [m[2mEthScheduler-BlockCreation-1-1[m[2m | [m[32mINFO [m[2m | [m[2mApprovalSelector[m[2m | [m[32mOPS_APPROVAL_DECISION allow tx=0x4701e637c5240a196544ecd1034e616ca0126a9d40741b2af750eae52fb46f50 calls=1
[m[2m2026-09-14 22:52:35.368+0200[m[2m | [m[2mEthScheduler-BlockCreation-1-1[m[2m | [m[32mINFO [m[2m | [m[2mApprovalSelector[m[2m | [m[32mOPS_APPROVAL_TIMING {"tx":"0x4701e637c5240a196544ecd1034e616ca0126a9d40741b2af750eae52fb46f50","mode":3,"calls":1,"gate_ns":42458}
[m[2m2026-09-14 22:52:35.368+0200[m[2m | [m[2mEthScheduler-BlockCreation-1-1[m[2m | [m[32mINFO [m[2m | [m[2mApprovalSelector[m[2m | [m[32mOPS_APPROVAL_DECISION allow tx=0xb14429686353baa4c2dcdf7172fb407abaf4fb452fa352727feafbc0a01cb362 calls=1
[m[2m2026-09-14 22:52:35.368+0200[m[2m | [m[2mEthScheduler-BlockCreation-1-1[m[2m | [m[32mINFO [m[2m | [m[2mApprovalSelector[m[2m | [m[32mOPS_APPROVAL_TIMING {"tx":"0xb14429686353baa4c2dcdf7172fb407abaf4fb452fa352727feafbc0a01cb362","mode":3,"calls":1,"gate_ns":36625}
[m[2m2026-09-14 22:52:35.368+0200[m[2m | [m[2mEthScheduler-BlockCreation-1-1[m[2m | [m[32mINFO [m[2m | [m[2mApprovalSelector[m[2m | [m[32mOPS_APPROVAL_DECISION allow tx=0xae67366d8c06f908fe29b70c37ab7b22466c0b8816552ce6968c0a6b8ad3c82d calls=1
[m[2m2026-09-14 22:52:35.369+0200[m[2m | [m[2mEthScheduler-BlockCreation-1-1[m[2m | [m[32mINFO [m[2m | [m[2mApprovalSelector[m[2m | [m[32mOPS_APPROVAL_TIMING {"tx":"0xae67366d8c06f908fe29b70c37ab7b22466c0b8816552ce6968c0a6b8ad3c82d","mode":3,"calls":1,"gate_ns":166167}
[m[2m2026-09-14 22:52:35.369+0200[m[2m | [m[2mEthScheduler-BlockCreation-1-1[m[2m | [m[32mINFO [m[2m | [m[2mApprovalSelector[m[2m | [m[32mOPS_APPROVAL_DECISION allow tx=0x95e0c6b60d27f74f043befe6089ef984f6fed48e4c6789ccfdf0821c7c175254 calls=1
[m[2m2026-09-14 22:52:35.369+0200[m[2m | [m[2mEthScheduler-BlockCreation-1-1[m[2m | [m[32mINFO [m[2m | [m[2mApprovalSelector[m[2m | [m[32mOPS_APPROVAL_TIMING {"tx":"0x95e0c6b60d27f74f043befe6089ef984f6fed48e4c6789ccfdf0821c7c175254","mode":3,"calls":1,"gate_ns":67749}
[m[2m2026-09-14 22:52:35.369+0200[m[2m | [m[2mEthScheduler-BlockCreation-1-1[m[2m | [m[32mINFO [m[2m | [m[2mApprovalSelector[m[2m | [m[32mOPS_APPROVAL_DECISION allow tx=0x8fda6539d10e45b46d2696d121346acb821994988f12ea3bc9bd81fd0eecc4ae calls=1
[m[2m2026-09-14 22:52:35.369+0200[m[2m | [m[2mEthScheduler-BlockCreation-1-1[m[2m | [m[32mINFO [m[2m | [m[2mApprovalSelector[m[2m | [m[32mOPS_APPROVAL_TIMING {"tx":"0x8fda6539d10e45b46d2696d121346acb821994988f12ea3bc9bd81fd0eecc4ae","mode":3,"calls":1,"gate_ns":51250}
[m[2m2026-09-14 22:52:35.369+0200[m[2m | [m[2mEthScheduler-BlockCreation-1-1[m[2m | [m[32mINFO [m[2m | [m[2mApprovalSelector[m[2m | [m[32mOPS_APPROVAL_DECISION allow tx=0xb1571d6ad6f94f946eaa1cecc068995e5e1504d890d2f1c3babd7955517c7714 calls=1
[m[2m2026-09-14 22:52:35.369+0200[m[2m | [m[2mEthScheduler-BlockCreation-1-1[m[2m | [m[32mINFO [m[2m | [m[2mApprovalSelector[m[2m | [m[32mOPS_APPROVAL_TIMING {"tx":"0xb1571d6ad6f94f946eaa1cecc068995e5e1504d890d2f1c3babd7955517c7714","mode":3,"calls":1,"gate_ns":42875}
[m[2m2026-09-14 22:52:35.370+0200[m[2m | [m[2mEthScheduler-BlockCreation-1-1[m[2m | [m[32mINFO [m[2m | [m[2mApprovalSelector[m[2m | [m[32mOPS_APPROVAL_DECISION allow tx=0xe973ea31abdefc109658bc83e10d1b170a3b0dea40f387418a7c573e450de9b3 calls=1
[m[2m2026-09-14 22:52:35.370+0200[m[2m | [m[2mEthScheduler-BlockCreation-1-1[m[2m | [m[32mINFO [m[2m | [m[2mApprovalSelector[m[2m | [m[32mOPS_APPROVAL_TIMING {"tx":"0xe973ea31abdefc109658bc83e10d1b170a3b0dea40f387418a7c573e450de9b3","mode":3,"calls":1,"gate_ns":46626}
[m[2m2026-09-14 22:52:35.370+0200[m[2m | [m[2mEthScheduler-BlockCreation-1-1[m[2m | [m[32mINFO [m[2m | [m[2mApprovalSelector[m[2m | [m[32mOPS_APPROVAL_DECISION allow tx=0x0d05241042cb2b1801e6aba462f3481949f8d035669f1b76c18178bf8ff12a99 calls=1
[m[2m2026-09-14 22:52:35.370+0200[m[2m | [m[2mEthScheduler-BlockCreation-1-1[m[2m | [m[32mINFO [m[2m | [m[2mApprovalSelector[m[2m | [m[32mOPS_APPROVAL_TIMING {"tx":"0x0d05241042cb2b1801e6aba462f3481949f8d035669f1b76c18178bf8ff12a99","mode":3,"calls":1,"gate_ns":35374}
[m[2m2026-09-14 22:52:35.370+0200[m[2m | [m[2mEthScheduler-BlockCreation-1-1[m[2m | [m[32mINFO [m[2m | [m[2mApprovalSelector[m[2m | [m[32mOPS_APPROVAL_DECISION allow tx=0xfda7d7d2a5b6fe0df21b2033869372e8af89b9274d022f9b1c55b89c296974d8 calls=1
[m[2m2026-09-14 22:52:35.370+0200[m[2m | [m[2mEthScheduler-BlockCreation-1-1[m[2m | [m[32mINFO [m[2m | [m[2mApprovalSelector[m[2m | [m[32mOPS_APPROVAL_TIMING {"tx":"0xfda7d7d2a5b6fe0df21b2033869372e8af89b9274d022f9b1c55b89c296974d8","mode":3,"calls":1,"gate_ns":38709}
[m[2m2026-09-14 22:52:35.370+0200[m[2m | [m[2mEthScheduler-BlockCreation-1-1[m[2m | [m[32mINFO [m[2m | [m[2mApprovalSelector[m[2m | [m[32mOPS_APPROVAL_DECISION allow tx=0xc774d2e43dc208f8626898c57a673c4f76eedc55aeef8257d64594536541a60c calls=1
[m[2m2026-09-14 22:52:35.370+0200[m[2m | [m[2mEthScheduler-BlockCreation-1-1[m[2m | [m[32mINFO [m[2m | [m[2mApprovalSelector[m[2m | [m[32mOPS_APPROVAL_TIMING {"tx":"0xc774d2e43dc208f8626898c57a673c4f76eedc55aeef8257d64594536541a60c","mode":3,"calls":1,"gate_ns":34459}
[m[2m2026-09-14 22:52:35.370+0200[m[2m | [m[2mEthScheduler-BlockCreation-1-1[m[2m | [m[32mINFO [m[2m | [m[2mApprovalSelector[m[2m | [m[32mOPS_APPROVAL_DECISION allow tx=0x933420d229e720dbcba1a991626cd9abedd4211e7cb79323f0dd565e47f76db3 calls=1
[m[2m2026-09-14 22:52:35.370+0200[m[2m | [m[2mEthScheduler-BlockCreation-1-1[m[2m | [m[32mINFO [m[2m | [m[2mApprovalSelector[m[2m | [m[32mOPS_APPROVAL_TIMING {"tx":"0x933420d229e720dbcba1a991626cd9abedd4211e7cb79323f0dd565e47f76db3","mode":3,"calls":1,"gate_ns":36542}
[m[2m2026-09-14 22:52:35.371+0200[m[2m | [m[2mEthScheduler-BlockCreation-1-1[m[2m | [m[32mINFO [m[2m | [m[2mApprovalSelector[m[2m | [m[32mOPS_APPROVAL_DECISION allow tx=0x335fbf1a6faa91c195e26fce9cd1114f4fb32a291a8aa8845dea788a9503bde6 calls=1
[m[2m2026-09-14 22:52:35.371+0200[m[2m | [m[2mEthScheduler-BlockCreation-1-1[m[2m | [m[32mINFO [m[2m | [m[2mApprovalSelector[m[2m | [m[32mOPS_APPROVAL_TIMING {"tx":"0x335fbf1a6faa91c195e26fce9cd1114f4fb32a291a8aa8845dea788a9503bde6","mode":3,"calls":1,"gate_ns":37458}
[m[2m2026-09-14 22:52:35.371+0200[m[2m | [m[2mEthScheduler-BlockCreation-1-1[m[2m | [m[32mINFO [m[2m | [m[2mApprovalSelector[m[2m | [m[32mOPS_APPROVAL_DECISION allow tx=0x82a3a8221124871cf56519302fc20945df8ce6975c3e14cf1b5a742fbd1330ba calls=1
[m[2m2026-09-14 22:52:35.371+0200[m[2m | [m[2mEthScheduler-BlockCreation-1-1[m[2m | [m[32mINFO [m[2m | [m[2mApprovalSelector[m[2m | [m[32mOPS_APPROVAL_TIMING {"tx":"0x82a3a8221124871cf56519302fc20945df8ce6975c3e14cf1b5a742fbd1330ba","mode":3,"calls":1,"gate_ns":40251}
[m[2m2026-09-14 22:52:35.372+0200[m[2m | [m[2mEthScheduler-BlockCreation-1-1[m[2m | [m[32mINFO [m[2m | [m[2mApprovalSelector[m[2m | [m[32mOPS_APPROVAL_DECISION allow tx=0x6c13aa12a10b01aa8c32ac08498876d68c13b77a6e4e825fc377f43fdf1be17c calls=1
[m[2m2026-09-14 22:52:35.372+0200[m[2m | [m[2mEthScheduler-BlockCreation-1-1[m[2m | [m[32mINFO [m[2m | [m[2mApprovalSelector[m[2m | [m[32mOPS_APPROVAL_TIMING {"tx":"0x6c13aa12a10b01aa8c32ac08498876d68c13b77a6e4e825fc377f43fdf1be17c","mode":3,"calls":1,"gate_ns":49333}
[m[2m2026-09-14 22:52:35.372+0200[m[2m | [m[2mEthScheduler-BlockCreation-1-1[m[2m | [m[32mINFO [m[2m | [m[2mApprovalSelector[m[2m | [m[32mOPS_APPROVAL_DECISION allow tx=0x8a354ef944bea304e0a067302f83144ece7723cca9a7cf92b589439419cc8229 calls=1
[m[2m2026-09-14 22:52:35.372+0200[m[2m | [m[2mEthScheduler-BlockCreation-1-1[m[2m | [m[32mINFO [m[2m | [m[2mApprovalSelector[m[2m | [m[32mOPS_APPROVAL_TIMING {"tx":"0x8a354ef944bea304e0a067302f83144ece7723cca9a7cf92b589439419cc8229","mode":3,"calls":1,"gate_ns":40749}
[m[2m2026-09-14 22:52:35.372+0200[m[2m | [m[2mEthScheduler-BlockCreation-1-1[m[2m | [m[32mINFO [m[2m | [m[2mApprovalSelector[m[2m | [m[32mOPS_APPROVAL_DECISION allow tx=0xccebb5cc006730963a5f6b79c6a1c70a2f1522841fedb4f8fa2b3ddebde90255 calls=1
[m[2m2026-09-14 22:52:35.372+0200[m[2m | [m[2mEthScheduler-BlockCreation-1-1[m[2m | [m[32mINFO [m[2m | [m[2mApprovalSelector[m[2m | [m[32mOPS_APPROVAL_TIMING {"tx":"0xccebb5cc006730963a5f6b79c6a1c70a2f1522841fedb4f8fa2b3ddebde90255","mode":3,"calls":1,"gate_ns":35751}
[m[2m2026-09-14 22:52:35.373+0200[m[2m | [m[2mEthScheduler-BlockCreation-1-1[m[2m | [m[32mINFO [m[2m | [m[2mApprovalSelector[m[2m | [m[32mOPS_APPROVAL_DECISION allow tx=0x088137e88644bcc7ec4f5da7a03264357225fcbd4c6d24a18d10179927eb167f calls=1
[m[2m2026-09-14 22:52:35.373+0200[m[2m | [m[2mEthScheduler-BlockCreation-1-1[m[2m | [m[32mINFO [m[2m | [m[2mApprovalSelector[m[2m | [m[32mOPS_APPROVAL_TIMING {"tx":"0x088137e88644bcc7ec4f5da7a03264357225fcbd4c6d24a18d10179927eb167f","mode":3,"calls":1,"gate_ns":41000}
[m[2m2026-09-14 22:52:35.373+0200[m[2m | [m[2mEthScheduler-BlockCreation-1-1[m[2m | [m[32mINFO [m[2m | [m[2mApprovalSelector[m[2m | [m[32mOPS_APPROVAL_DECISION allow tx=0xb4c4e0ef9f9530d2b72264498f71317b8a44e11b657cde18229a3e73ee8d53c9 calls=1
[m[2m2026-09-14 22:52:35.373+0200[m[2m | [m[2mEthScheduler-BlockCreation-1-1[m[2m | [m[32mINFO [m[2m | [m[2mApprovalSelector[m[2m | [m[32mOPS_APPROVAL_TIMING {"tx":"0xb4c4e0ef9f9530d2b72264498f71317b8a44e11b657cde18229a3e73ee8d53c9","mode":3,"calls":1,"gate_ns":36000}
[m[2m2026-09-14 22:52:35.373+0200[m[2m | [m[2mEthScheduler-BlockCreation-1-1[m[2m | [m[32mINFO [m[2m | [m[2mApprovalSelector[m[2m | [m[32mOPS_APPROVAL_DECISION allow tx=0x82078f8dde88681b4f227f02e462312e16a8e507d8e22a6d67011c43f341fb42 calls=1
[m[2m2026-09-14 22:52:35.373+0200[m[2m | [m[2mEthScheduler-BlockCreation-1-1[m[2m | [m[32mINFO [m[2m | [m[2mApprovalSelector[m[2m | [m[32mOPS_APPROVAL_TIMING {"tx":"0x82078f8dde88681b4f227f02e462312e16a8e507d8e22a6d67011c43f341fb42","mode":3,"calls":1,"gate_ns":38083}
[m[2m2026-09-14 22:52:35.373+0200[m[2m | [m[2mEthScheduler-BlockCreation-1-1[m[2m | [m[32mINFO [m[2m | [m[2mApprovalSelector[m[2m | [m[32mOPS_APPROVAL_DECISION allow tx=0x52c8aa0bb865ab9937a441292628a11f119f92fc7ad361b98e671ca587fd9a95 calls=1
[m[2m2026-09-14 22:52:35.373+0200[m[2m | [m[2mEthScheduler-BlockCreation-1-1[m[2m | [m[32mINFO [m[2m | [m[2mApprovalSelector[m[2m | [m[32mOPS_APPROVAL_TIMING {"tx":"0x52c8aa0bb865ab9937a441292628a11f119f92fc7ad361b98e671ca587fd9a95","mode":3,"calls":1,"gate_ns":34917}
[m[2m2026-09-14 22:52:35.373+0200[m[2m | [m[2mEthScheduler-BlockCreation-1-1[m[2m | [m[32mINFO [m[2m | [m[2mApprovalSelector[m[2m | [m[32mOPS_APPROVAL_DECISION allow tx=0xc9940f6ad58378c36b70c61536cafe1874544e95d6cfb04de0f2c0e003e2307d calls=1
[m[2m2026-09-14 22:52:35.373+0200[m[2m | [m[2mEthScheduler-BlockCreation-1-1[m[2m | [m[32mINFO [m[2m | [m[2mApprovalSelector[m[2m | [m[32mOPS_APPROVAL_TIMING {"tx":"0xc9940f6ad58378c36b70c61536cafe1874544e95d6cfb04de0f2c0e003e2307d","mode":3,"calls":1,"gate_ns":39958}
[m[2m2026-09-14 22:52:35.373+0200[m[2m | [m[2mEthScheduler-BlockCreation-1-1[m[2m | [m[32mINFO [m[2m | [m[2mApprovalSelector[m[2m | [m[32mOPS_APPROVAL_DECISION allow tx=0xc3064f8f948fc04cb245d753396a9f9b3029a595f7a2182083c39732a3ae02e1 calls=1
[m[2m2026-09-14 22:52:35.373+0200[m[2m | [m[2mEthScheduler-BlockCreation-1-1[m[2m | [m[32mINFO [m[2m | [m[2mApprovalSelector[m[2m | [m[32mOPS_APPROVAL_TIMING {"tx":"0xc3064f8f948fc04cb245d753396a9f9b3029a595f7a2182083c39732a3ae02e1","mode":3,"calls":1,"gate_ns":37833}
[m[2m2026-09-14 22:52:35.374+0200[m[2m | [m[2mEthScheduler-BlockCreation-1-1[m[2m | [m[32mINFO [m[2m | [m[2mApprovalSelector[m[2m | [m[32mOPS_APPROVAL_DECISION allow tx=0x62c898358260fef305de33c5d333106f08572ef91f726cc5b646fab5cc4dd493 calls=1
[m[2m2026-09-14 22:52:35.374+0200[m[2m | [m[2mEthScheduler-BlockCreation-1-1[m[2m | [m[32mINFO [m[2m | [m[2mApprovalSelector[m[2m | [m[32mOPS_APPROVAL_TIMING {"tx":"0x62c898358260fef305de33c5d333106f08572ef91f726cc5b646fab5cc4dd493","mode":3,"calls":1,"gate_ns":36167}
[m[2m2026-09-14 22:52:35.374+0200[m[2m | [m[2mEthScheduler-BlockCreation-1-1[m[2m | [m[32mINFO [m[2m | [m[2mApprovalSelector[m[2m | [m[32mOPS_APPROVAL_DECISION allow tx=0x1b60fdfe7dc85b84317df14f9ade48299a6ac1aaad5aaae55808a73017dd9308 calls=1
[m[2m2026-09-14 22:52:35.374+0200[m[2m | [m[2mEthScheduler-BlockCreation-1-1[m[2m | [m[32mINFO [m[2m | [m[2mApprovalSelector[m[2m | [m[32mOPS_APPROVAL_TIMING {"tx":"0x1b60fdfe7dc85b84317df14f9ade48299a6ac1aaad5aaae55808a73017dd9308","mode":3,"calls":1,"gate_ns":39832}
[m[2m2026-09-14 22:52:35.374+0200[m[2m | [m[2mEthScheduler-BlockCreation-1-1[m[2m | [m[32mINFO [m[2m | [m[2mApprovalSelector[m[2m | [m[32mOPS_APPROVAL_DECISION allow tx=0x1a0469b601ced5b66f2245f62a8dd91fe50229ff3d99b3ec41de1084315b4307 calls=1
[m[2m2026-09-14 22:52:35.374+0200[m[2m | [m[2mEthScheduler-BlockCreation-1-1[m[2m | [m[32mINFO [m[2m | [m[2mApprovalSelector[m[2m | [m[32mOPS_APPROVAL_TIMING {"tx":"0x1a0469b601ced5b66f2245f62a8dd91fe50229ff3d99b3ec41de1084315b4307","mode":3,"calls":1,"gate_ns":34166}
[m[2m2026-09-14 22:52:35.374+0200[m[2m | [m[2mEthScheduler-BlockCreation-1-1[m[2m | [m[32mINFO [m[2m | [m[2mApprovalSelector[m[2m | [m[32mOPS_APPROVAL_DECISION allow tx=0x1fdfb281749640eaae191344d4c1c52113721c101f757f9f89da68dd73536460 calls=1
[m[2m2026-09-14 22:52:35.374+0200[m[2m | [m[2mEthScheduler-BlockCreation-1-1[m[2m | [m[32mINFO [m[2m | [m[2mApprovalSelector[m[2m | [m[32mOPS_APPROVAL_TIMING {"tx":"0x1fdfb281749640eaae191344d4c1c52113721c101f757f9f89da68dd73536460","mode":3,"calls":1,"gate_ns":37000}
[m[2m2026-09-14 22:52:35.374+0200[m[2m | [m[2mEthScheduler-BlockCreation-1-1[m[2m | [m[32mINFO [m[2m | [m[2mApprovalSelector[m[2m | [m[32mOPS_APPROVAL_DECISION allow tx=0x62c98f9b59ff093c13e35075ccd4574c8f69a7ebd3e5e3338d040974290dcb4e calls=1
[m[2m2026-09-14 22:52:35.374+0200[m[2m | [m[2mEthScheduler-BlockCreation-1-1[m[2m | [m[32mINFO [m[2m | [m[2mApprovalSelector[m[2m | [m[32mOPS_APPROVAL_TIMING {"tx":"0x62c98f9b59ff093c13e35075ccd4574c8f69a7ebd3e5e3338d040974290dcb4e","mode":3,"calls":1,"gate_ns":32542}
[m[2m2026-09-14 22:52:35.375+0200[m[2m | [m[2mEthScheduler-BlockCreation-1-1[m[2m | [m[32mINFO [m[2m | [m[2mApprovalSelector[m[2m | [m[32mOPS_APPROVAL_DECISION allow tx=0xdd2fdab8afa257a8de22abafd407b50f3ea8681bfce550a4e0c9285f69f1ae9f calls=1
[m[2m2026-09-14 22:52:35.375+0200[m[2m | [m[2mEthScheduler-BlockCreation-1-1[m[2m | [m[32mINFO [m[2m | [m[2mApprovalSelector[m[2m | [m[32mOPS_APPROVAL_TIMING {"tx":"0xdd2fdab8afa257a8de22abafd407b50f3ea8681bfce550a4e0c9285f69f1ae9f","mode":3,"calls":1,"gate_ns":33251}
[m[2m2026-09-14 22:52:35.375+0200[m[2m | [m[2mEthScheduler-BlockCreation-1-1[m[2m | [m[32mINFO [m[2m | [m[2mApprovalSelector[m[2m | [m[32mOPS_APPROVAL_DECISION allow tx=0x6f9513613bddf1c8894e0be0d305651e1d8f726946402e3a2587a710ab7077ce calls=1
[m[2m2026-09-14 22:52:35.375+0200[m[2m | [m[2mEthScheduler-BlockCreation-1-1[m[2m | [m[32mINFO [m[2m | [m[2mApprovalSelector[m[2m | [m[32mOPS_APPROVAL_TIMING {"tx":"0x6f9513613bddf1c8894e0be0d305651e1d8f726946402e3a2587a710ab7077ce","mode":3,"calls":1,"gate_ns":33875}
[m[2m2026-09-14 22:52:35.375+0200[m[2m | [m[2mEthScheduler-BlockCreation-1-1[m[2m | [m[32mINFO [m[2m | [m[2mApprovalSelector[m[2m | [m[32mOPS_APPROVAL_DECISION allow tx=0x847010338d21f55a11d6b41ab8eda40ddf6c32657e85b6beacad92f9a9c97427 calls=1
[m[2m2026-09-14 22:52:35.375+0200[m[2m | [m[2mEthScheduler-BlockCreation-1-1[m[2m | [m[32mINFO [m[2m | [m[2mApprovalSelector[m[2m | [m[32mOPS_APPROVAL_TIMING {"tx":"0x847010338d21f55a11d6b41ab8eda40ddf6c32657e85b6beacad92f9a9c97427","mode":3,"calls":1,"gate_ns":40417}
[m[2m2026-09-14 22:52:35.375+0200[m[2m | [m[2mEthScheduler-BlockCreation-1-1[m[2m | [m[32mINFO [m[2m | [m[2mApprovalSelector[m[2m | [m[32mOPS_APPROVAL_DECISION allow tx=0xd27ea5b9b5dce001f0276d7ed458eb1b0b3f01238d72f4d3a69c00a08e6db9ee calls=1
[m[2m2026-09-14 22:52:35.375+0200[m[2m | [m[2mEthScheduler-BlockCreation-1-1[m[2m | [m[32mINFO [m[2m | [m[2mApprovalSelector[m[2m | [m[32mOPS_APPROVAL_TIMING {"tx":"0xd27ea5b9b5dce001f0276d7ed458eb1b0b3f01238d72f4d3a69c00a08e6db9ee","mode":3,"calls":1,"gate_ns":33000}
[m[2m2026-09-14 22:52:35.375+0200[m[2m | [m[2mEthScheduler-BlockCreation-1-1[m[2m | [m[32mINFO [m[2m | [m[2mApprovalSelector[m[2m | [m[32mOPS_APPROVAL_DECISION allow tx=0x77fdb472ce37f27a5f01a9c45cbe9dfe26ca7d823514e5e738352288c5bd9d4b calls=1
[m[2m2026-09-14 22:52:35.375+0200[m[2m | [m[2mEthScheduler-BlockCreation-1-1[m[2m | [m[32mINFO [m[2m | [m[2mApprovalSelector[m[2m | [m[32mOPS_APPROVAL_TIMING {"tx":"0x77fdb472ce37f27a5f01a9c45cbe9dfe26ca7d823514e5e738352288c5bd9d4b","mode":3,"calls":1,"gate_ns":30791}
[m[2m2026-09-14 22:52:35.375+0200[m[2m | [m[2mEthScheduler-BlockCreation-1-1[m[2m | [m[32mINFO [m[2m | [m[2mApprovalSelector[m[2m | [m[32mOPS_APPROVAL_DECISION allow tx=0x51c971e26da3a46e86047764931eb3de7fc56a3c03e44d058e89b21e93bbb2b1 calls=1
[m[2m2026-09-14 22:52:35.376+0200[m[2m | [m[2mEthScheduler-BlockCreation-1-1[m[2m | [m[32mINFO [m[2m | [m[2mApprovalSelector[m[2m | [m[32mOPS_APPROVAL_TIMING {"tx":"0x51c971e26da3a46e86047764931eb3de7fc56a3c03e44d058e89b21e93bbb2b1","mode":3,"calls":1,"gate_ns":39126}
[m[2m2026-09-14 22:52:35.376+0200[m[2m | [m[2mEthScheduler-BlockCreation-1-1[m[2m | [m[32mINFO [m[2m | [m[2mApprovalSelector[m[2m | [m[32mOPS_APPROVAL_DECISION allow tx=0xb7399475752ecbab4691b9ec5fc10c816b335f6d1ed9d6d19090246e52067b55 calls=1
[m[2m2026-09-14 22:52:35.376+0200[m[2m | [m[2mEthScheduler-BlockCreation-1-1[m[2m | [m[32mINFO [m[2m | [m[2mApprovalSelector[m[2m | [m[32mOPS_APPROVAL_TIMING {"tx":"0xb7399475752ecbab4691b9ec5fc10c816b335f6d1ed9d6d19090246e52067b55","mode":3,"calls":1,"gate_ns":33459}
[m[2m2026-09-14 22:52:35.376+0200[m[2m | [m[2mEthScheduler-BlockCreation-1-1[m[2m | [m[32mINFO [m[2m | [m[2mApprovalSelector[m[2m | [m[32mOPS_APPROVAL_DECISION allow tx=0x2195a2ae39a0ca1d1e58f5ee744efaaed90cd38bba36fdceb03ffcc0dfc1a151 calls=1
[m[2m2026-09-14 22:52:35.376+0200[m[2m | [m[2mEthScheduler-BlockCreation-1-1[m[2m | [m[32mINFO [m[2m | [m[2mApprovalSelector[m[2m | [m[32mOPS_APPROVAL_TIMING {"tx":"0x2195a2ae39a0ca1d1e58f5ee744efaaed90cd38bba36fdceb03ffcc0dfc1a151","mode":3,"calls":1,"gate_ns":32124}
[m[2m2026-09-14 22:52:35.376+0200[m[2m | [m[2mEthScheduler-BlockCreation-1-1[m[2m | [m[32mINFO [m[2m | [m[2mApprovalSelector[m[2m | [m[32mOPS_APPROVAL_DECISION allow tx=0x250a3ba600be7987847b6e1110fde094fe1ed422c0260a54938db8c271327619 calls=1
[m[2m2026-09-14 22:52:35.376+0200[m[2m | [m[2mEthScheduler-BlockCreation-1-1[m[2m | [m[32mINFO [m[2m | [m[2mApprovalSelector[m[2m | [m[32mOPS_APPROVAL_TIMING {"tx":"0x250a3ba600be7987847b6e1110fde094fe1ed422c0260a54938db8c271327619","mode":3,"calls":1,"gate_ns":39376}
[m[2m2026-09-14 22:52:35.376+0200[m[2m | [m[2mEthScheduler-BlockCreation-1-1[m[2m | [m[32mINFO [m[2m | [m[2mApprovalSelector[m[2m | [m[32mOPS_APPROVAL_DECISION allow tx=0x39858d732a09af61f46a48a26b07690a69a0236dc6a979abd5ffe21e6a2e6cad calls=1
[m[2m2026-09-14 22:52:35.376+0200[m[2m | [m[2mEthScheduler-BlockCreation-1-1[m[2m | [m[32mINFO [m[2m | [m[2mApprovalSelector[m[2m | [m[32mOPS_APPROVAL_TIMING {"tx":"0x39858d732a09af61f46a48a26b07690a69a0236dc6a979abd5ffe21e6a2e6cad","mode":3,"calls":1,"gate_ns":32917}
[m[2m2026-09-14 22:52:35.376+0200[m[2m | [m[2mEthScheduler-BlockCreation-1-1[m[2m | [m[32mINFO [m[2m | [m[2mApprovalSelector[m[2m | [m[32mOPS_APPROVAL_DECISION allow tx=0x4871de371d02701e4191c57616ef79767599daba63a42c40cdfe6af99c34bb88 calls=1
[m[2m2026-09-14 22:52:35.376+0200[m[2m | [m[2mEthScheduler-BlockCreation-1-1[m[2m | [m[32mINFO [m[2m | [m[2mApprovalSelector[m[2m | [m[32mOPS_APPROVAL_TIMING {"tx":"0x4871de371d02701e4191c57616ef79767599daba63a42c40cdfe6af99c34bb88","mode":3,"calls":1,"gate_ns":30583}
[m[2m2026-09-14 22:52:35.376+0200[m[2m | [m[2mEthScheduler-BlockCreation-1-1[m[2m | [m[32mINFO [m[2m | [m[2mApprovalSelector[m[2m | [m[32mOPS_APPROVAL_DECISION allow tx=0x46e3e99b117ce5c8c68e2c52315f2c3887ab24946383b3bb174c14edaf17ba48 calls=1
[m[2m2026-09-14 22:52:35.376+0200[m[2m | [m[2mEthScheduler-BlockCreation-1-1[m[2m | [m[32mINFO [m[2m | [m[2mApprovalSelector[m[2m | [m[32mOPS_APPROVAL_TIMING {"tx":"0x46e3e99b117ce5c8c68e2c52315f2c3887ab24946383b3bb174c14edaf17ba48","mode":3,"calls":1,"gate_ns":35583}
[m[2m2026-09-14 22:52:35.377+0200[m[2m | [m[2mEthScheduler-BlockCreation-1-1[m[2m | [m[32mINFO [m[2m | [m[2mApprovalSelector[m[2m | [m[32mOPS_APPROVAL_DECISION allow tx=0x15f8ed15f6b3e5b613ad734e8d050d4ac8460a2791d6825d2d9b96f48a1bd4a1 calls=1
[m[2m2026-09-14 22:52:35.377+0200[m[2m | [m[2mEthScheduler-BlockCreation-1-1[m[2m | [m[32mINFO [m[2m | [m[2mApprovalSelector[m[2m | [m[32mOPS_APPROVAL_TIMING {"tx":"0x15f8ed15f6b3e5b613ad734e8d050d4ac8460a2791d6825d2d9b96f48a1bd4a1","mode":3,"calls":1,"gate_ns":34709}
[m[2m2026-09-14 22:52:35.377+0200[m[2m | [m[2mEthScheduler-BlockCreation-1-1[m[2m | [m[32mINFO [m[2m | [m[2mApprovalSelector[m[2m | [m[32mOPS_APPROVAL_DECISION allow tx=0xc23945cc7d99268e43e1577401a341db3a6aec30bd831fedf2e65bd6c6fe28ef calls=1
[m[2m2026-09-14 22:52:35.377+0200[m[2m | [m[2mEthScheduler-BlockCreation-1-1[m[2m | [m[32mINFO [m[2m | [m[2mApprovalSelector[m[2m | [m[32mOPS_APPROVAL_TIMING {"tx":"0xc23945cc7d99268e43e1577401a341db3a6aec30bd831fedf2e65bd6c6fe28ef","mode":3,"calls":1,"gate_ns":32458}
[m[2m2026-09-14 22:52:35.377+0200[m[2m | [m[2mEthScheduler-BlockCreation-1-1[m[2m | [m[32mINFO [m[2m | [m[2mApprovalSelector[m[2m | [m[32mOPS_APPROVAL_DECISION allow tx=0xcf302d09dbbf9620dbb0dbcc949eea3a1b62c9f62bd61baa91dc728927eec96c calls=1
[m[2m2026-09-14 22:52:35.377+0200[m[2m | [m[2mEthScheduler-BlockCreation-1-1[m[2m | [m[32mINFO [m[2m | [m[2mApprovalSelector[m[2m | [m[32mOPS_APPROVAL_TIMING {"tx":"0xcf302d09dbbf9620dbb0dbcc949eea3a1b62c9f62bd61baa91dc728927eec96c","mode":3,"calls":1,"gate_ns":39708}
[m[2m2026-09-14 22:52:35.377+0200[m[2m | [m[2mEthScheduler-BlockCreation-1-1[m[2m | [m[32mINFO [m[2m | [m[2mApprovalSelector[m[2m | [m[32mOPS_APPROVAL_DECISION allow tx=0x04aa69023d798369e9bb76b57fe5f72580aeb053802eb0ae07c316899ecd98f7 calls=1
[m[2m2026-09-14 22:52:35.377+0200[m[2m | [m[2mEthScheduler-BlockCreation-1-1[m[2m | [m[32mINFO [m[2m | [m[2mApprovalSelector[m[2m | [m[32mOPS_APPROVAL_TIMING {"tx":"0x04aa69023d798369e9bb76b57fe5f72580aeb053802eb0ae07c316899ecd98f7","mode":3,"calls":1,"gate_ns":75709}
[m[2m2026-09-14 22:52:35.377+0200[m[2m | [m[2mEthScheduler-BlockCreation-1-1[m[2m | [m[32mINFO [m[2m | [m[2mApprovalSelector[m[2m | [m[32mOPS_APPROVAL_DECISION allow tx=0x62cc302073317be3a961de39e60f794375d93c9cd7e210f74962e084a4f44349 calls=1
[m[2m2026-09-14 22:52:35.378+0200[m[2m | [m[2mEthScheduler-BlockCreation-1-1[m[2m | [m[32mINFO [m[2m | [m[2mApprovalSelector[m[2m | [m[32mOPS_APPROVAL_TIMING {"tx":"0x62cc302073317be3a961de39e60f794375d93c9cd7e210f74962e084a4f44349","mode":3,"calls":1,"gate_ns":71125}
[m[2m2026-09-14 22:52:35.378+0200[m[2m | [m[2mEthScheduler-BlockCreation-1-1[m[2m | [m[32mINFO [m[2m | [m[2mApprovalSelector[m[2m | [m[32mOPS_APPROVAL_DECISION allow tx=0x0b5038e3e5abdd967a932bef90ef6ba376e0611ab7e752868e649d90dcbd3690 calls=1
[m[2m2026-09-14 22:52:35.378+0200[m[2m | [m[2mEthScheduler-BlockCreation-1-1[m[2m | [m[32mINFO [m[2m | [m[2mApprovalSelector[m[2m | [m[32mOPS_APPROVAL_TIMING {"tx":"0x0b5038e3e5abdd967a932bef90ef6ba376e0611ab7e752868e649d90dcbd3690","mode":3,"calls":1,"gate_ns":60459}
[m[2m2026-09-14 22:52:35.378+0200[m[2m | [m[2mEthScheduler-BlockCreation-1-1[m[2m | [m[32mINFO [m[2m | [m[2mApprovalSelector[m[2m | [m[32mOPS_APPROVAL_DECISION allow tx=0xc661f1e6e310dc8702b33669f9611813a31c2dcca029a1e2fd809e9c91a87ccc calls=1
[m[2m2026-09-14 22:52:35.378+0200[m[2m | [m[2mEthScheduler-BlockCreation-1-1[m[2m | [m[32mINFO [m[2m | [m[2mApprovalSelector[m[2m | [m[32mOPS_APPROVAL_TIMING {"tx":"0xc661f1e6e310dc8702b33669f9611813a31c2dcca029a1e2fd809e9c91a87ccc","mode":3,"calls":1,"gate_ns":41916}
[m[2m2026-09-14 22:52:35.378+0200[m[2m | [m[2mEthScheduler-BlockCreation-1-1[m[2m | [m[32mINFO [m[2m | [m[2mApprovalSelector[m[2m | [m[32mOPS_APPROVAL_DECISION allow tx=0x572d3ac577519c01edef98dd67fc24207a4325afbac7ec8440762fd41104e875 calls=1
[m[2m2026-09-14 22:52:35.378+0200[m[2m | [m[2mEthScheduler-BlockCreation-1-1[m[2m | [m[32mINFO [m[2m | [m[2mApprovalSelector[m[2m | [m[32mOPS_APPROVAL_TIMING {"tx":"0x572d3ac577519c01edef98dd67fc24207a4325afbac7ec8440762fd41104e875","mode":3,"calls":1,"gate_ns":47624}
[m[2m2026-09-14 22:52:35.378+0200[m[2m | [m[2mEthScheduler-BlockCreation-1-1[m[2m | [m[32mINFO [m[2m | [m[2mApprovalSelector[m[2m | [m[32mOPS_APPROVAL_DECISION allow tx=0xb9c3cd182b34205ae845f55b43e1bff7307deda767642967dea5a9ff1f943af1 calls=1
[m[2m2026-09-14 22:52:35.378+0200[m[2m | [m[2mEthScheduler-BlockCreation-1-1[m[2m | [m[32mINFO [m[2m | [m[2mApprovalSelector[m[2m | [m[32mOPS_APPROVAL_TIMING {"tx":"0xb9c3cd182b34205ae845f55b43e1bff7307deda767642967dea5a9ff1f943af1","mode":3,"calls":1,"gate_ns":35542}
[m[2m2026-09-14 22:52:35.379+0200[m[2m | [m[2mEthScheduler-BlockCreation-1-1[m[2m | [m[32mINFO [m[2m | [m[2mApprovalSelector[m[2m | [m[32mOPS_APPROVAL_DECISION allow tx=0x0bf9629ec0ae79431b4e417633e3456d89166991b7f777ff5de0382a537fd006 calls=1
[m[2m2026-09-14 22:52:35.379+0200[m[2m | [m[2mEthScheduler-BlockCreation-1-1[m[2m | [m[32mINFO [m[2m | [m[2mApprovalSelector[m[2m | [m[32mOPS_APPROVAL_TIMING {"tx":"0x0bf9629ec0ae79431b4e417633e3456d89166991b7f777ff5de0382a537fd006","mode":3,"calls":1,"gate_ns":53042}
[m[2m2026-09-14 22:52:35.379+0200[m[2m | [m[2mEthScheduler-BlockCreation-1-1[m[2m | [m[32mINFO [m[2m | [m[2mApprovalSelector[m[2m | [m[32mOPS_APPROVAL_DECISION allow tx=0x5b2d7f5f73d71d6e6c2590065beff8d441d36f2dcb199bbb1d8a670817508a4e calls=1
[m[2m2026-09-14 22:52:35.379+0200[m[2m | [m[2mEthScheduler-BlockCreation-1-1[m[2m | [m[32mINFO [m[2m | [m[2mApprovalSelector[m[2m | [m[32mOPS_APPROVAL_TIMING {"tx":"0x5b2d7f5f73d71d6e6c2590065beff8d441d36f2dcb199bbb1d8a670817508a4e","mode":3,"calls":1,"gate_ns":43833}
[m[2m2026-09-14 22:52:35.379+0200[m[2m | [m[2mEthScheduler-BlockCreation-1-1[m[2m | [m[32mINFO [m[2m | [m[2mApprovalSelector[m[2m | [m[32mOPS_APPROVAL_DECISION allow tx=0x2108bb8f470e2d990c67216213011c2164b09a0f07b6ce207400cfae79e74773 calls=1
[m[2m2026-09-14 22:52:35.379+0200[m[2m | [m[2mEthScheduler-BlockCreation-1-1[m[2m | [m[32mINFO [m[2m | [m[2mApprovalSelector[m[2m | [m[32mOPS_APPROVAL_TIMING {"tx":"0x2108bb8f470e2d990c67216213011c2164b09a0f07b6ce207400cfae79e74773","mode":3,"calls":1,"gate_ns":37458}
[m[2m2026-09-14 22:52:35.379+0200[m[2m | [m[2mEthScheduler-BlockCreation-1-1[m[2m | [m[32mINFO [m[2m | [m[2mApprovalSelector[m[2m | [m[32mOPS_APPROVAL_DECISION allow tx=0xd10bd7e7f1786128629383638607db8ca4e6f124c079068d775604b230b0e6fa calls=1
[m[2m2026-09-14 22:52:35.379+0200[m[2m | [m[2mEthScheduler-BlockCreation-1-1[m[2m | [m[32mINFO [m[2m | [m[2mApprovalSelector[m[2m | [m[32mOPS_APPROVAL_TIMING {"tx":"0xd10bd7e7f1786128629383638607db8ca4e6f124c079068d775604b230b0e6fa","mode":3,"calls":1,"gate_ns":32334}
[m[2m2026-09-14 22:52:35.379+0200[m[2m | [m[2mEthScheduler-BlockCreation-1-1[m[2m | [m[32mINFO [m[2m | [m[2mApprovalSelector[m[2m | [m[32mOPS_APPROVAL_DECISION allow tx=0xa44e0ea54c7f21da3dd96df13e766df134ece2d0850617fdcc40e31788e42d13 calls=1
[m[2m2026-09-14 22:52:35.379+0200[m[2m | [m[2mEthScheduler-BlockCreation-1-1[m[2m | [m[32mINFO [m[2m | [m[2mApprovalSelector[m[2m | [m[32mOPS_APPROVAL_TIMING {"tx":"0xa44e0ea54c7f21da3dd96df13e766df134ece2d0850617fdcc40e31788e42d13","mode":3,"calls":1,"gate_ns":34624}
[m[2m2026-09-14 22:52:35.379+0200[m[2m | [m[2mEthScheduler-BlockCreation-1-1[m[2m | [m[32mINFO [m[2m | [m[2mApprovalSelector[m[2m | [m[32mOPS_APPROVAL_DECISION allow tx=0x722696c6e6264abed3dfe5a1a73e4cb7bf1687b9ee44f2ad6b926cb1a62f0f33 calls=1
[m[2m2026-09-14 22:52:35.379+0200[m[2m | [m[2mEthScheduler-BlockCreation-1-1[m[2m | [m[32mINFO [m[2m | [m[2mApprovalSelector[m[2m | [m[32mOPS_APPROVAL_TIMING {"tx":"0x722696c6e6264abed3dfe5a1a73e4cb7bf1687b9ee44f2ad6b926cb1a62f0f33","mode":3,"calls":1,"gate_ns":32917}
[m[2m2026-09-14 22:52:35.380+0200[m[2m | [m[2mEthScheduler-BlockCreation-1-1[m[2m | [m[32mINFO [m[2m | [m[2mApprovalSelector[m[2m | [m[32mOPS_APPROVAL_DECISION allow tx=0xf45e0b08fac841d22be58e84d5e9c7cd7cc61c43b1597b48161aff859e81c071 calls=1
[m[2m2026-09-14 22:52:35.380+0200[m[2m | [m[2mEthScheduler-BlockCreation-1-1[m[2m | [m[32mINFO [m[2m | [m[2mApprovalSelector[m[2m | [m[32mOPS_APPROVAL_TIMING {"tx":"0xf45e0b08fac841d22be58e84d5e9c7cd7cc61c43b1597b48161aff859e81c071","mode":3,"calls":1,"gate_ns":32709}
[m[2m2026-09-14 22:52:35.380+0200[m[2m | [m[2mEthScheduler-BlockCreation-1-1[m[2m | [m[32mINFO [m[2m | [m[2mApprovalSelector[m[2m | [m[32mOPS_APPROVAL_DECISION allow tx=0xfb7286f9dedccd3d4c699d0ed49c903ec724ceef134aa0f7d9dd8bd52c4ec773 calls=1
[m[2m2026-09-14 22:52:35.380+0200[m[2m | [m[2mEthScheduler-BlockCreation-1-1[m[2m | [m[32mINFO [m[2m | [m[2mApprovalSelector[m[2m | [m[32mOPS_APPROVAL_TIMING {"tx":"0xfb7286f9dedccd3d4c699d0ed49c903ec724ceef134aa0f7d9dd8bd52c4ec773","mode":3,"calls":1,"gate_ns":58792}
[m[2m2026-09-14 22:52:35.380+0200[m[2m | [m[2mEthScheduler-BlockCreation-1-1[m[2m | [m[32mINFO [m[2m | [m[2mApprovalSelector[m[2m | [m[32mOPS_APPROVAL_DECISION allow tx=0xfb6cc7ff0b9d338ebffe38ef9ee060d07f8865daa9e7ba5a8b1a8ef70028607c calls=1
[m[2m2026-09-14 22:52:35.380+0200[m[2m | [m[2mEthScheduler-BlockCreation-1-1[m[2m | [m[32mINFO [m[2m | [m[2mApprovalSelector[m[2m | [m[32mOPS_APPROVAL_TIMING {"tx":"0xfb6cc7ff0b9d338ebffe38ef9ee060d07f8865daa9e7ba5a8b1a8ef70028607c","mode":3,"calls":1,"gate_ns":36833}
[m[2m2026-09-14 22:52:35.380+0200[m[2m | [m[2mEthScheduler-BlockCreation-1-1[m[2m | [m[32mINFO [m[2m | [m[2mApprovalSelector[m[2m | [m[32mOPS_APPROVAL_DECISION allow tx=0x6c0678a7e4f65d2f2504a5dbcf384ff1a4a0ad7050b97a3772c60e1a52188ee7 calls=1
[m[2m2026-09-14 22:52:35.380+0200[m[2m | [m[2mEthScheduler-BlockCreation-1-1[m[2m | [m[32mINFO [m[2m | [m[2mApprovalSelector[m[2m | [m[32mOPS_APPROVAL_TIMING {"tx":"0x6c0678a7e4f65d2f2504a5dbcf384ff1a4a0ad7050b97a3772c60e1a52188ee7","mode":3,"calls":1,"gate_ns":35792}
[m[2m2026-09-14 22:52:35.380+0200[m[2m | [m[2mEthScheduler-BlockCreation-1-1[m[2m | [m[32mINFO [m[2m | [m[2mApprovalSelector[m[2m | [m[32mOPS_APPROVAL_DECISION allow tx=0x2b725698d6160bedb3c9e44618b08cbd0a80ef9886448b22bbf65b1319edfe7e calls=1
[m[2m2026-09-14 22:52:35.380+0200[m[2m | [m[2mEthScheduler-BlockCreation-1-1[m[2m | [m[32mINFO [m[2m | [m[2mApprovalSelector[m[2m | [m[32mOPS_APPROVAL_TIMING {"tx":"0x2b725698d6160bedb3c9e44618b08cbd0a80ef9886448b22bbf65b1319edfe7e","mode":3,"calls":1,"gate_ns":54292}
[m[2m2026-09-14 22:52:35.380+0200[m[2m | [m[2mEthScheduler-BlockCreation-1-1[m[2m | [m[32mINFO [m[2m | [m[2mApprovalSelector[m[2m | [m[32mOPS_APPROVAL_DECISION allow tx=0x4d065b39a972d1bdee634460d4da3128ea1b1575fa9a02da7414c4186ab2c240 calls=1
[m[2m2026-09-14 22:52:35.380+0200[m[2m | [m[2mEthScheduler-BlockCreation-1-1[m[2m | [m[32mINFO [m[2m | [m[2mApprovalSelector[m[2m | [m[32mOPS_APPROVAL_TIMING {"tx":"0x4d065b39a972d1bdee634460d4da3128ea1b1575fa9a02da7414c4186ab2c240","mode":3,"calls":1,"gate_ns":32624}
[m[2m2026-09-14 22:52:35.381+0200[m[2m | [m[2mEthScheduler-BlockCreation-1-1[m[2m | [m[32mINFO [m[2m | [m[2mApprovalSelector[m[2m | [m[32mOPS_APPROVAL_DECISION allow tx=0xfd2b44131759ca50a383ec93cc956ed000c1ce91c4f5c7992590d4d92e6e2a65 calls=1
[m[2m2026-09-14 22:52:35.381+0200[m[2m | [m[2mEthScheduler-BlockCreation-1-1[m[2m | [m[32mINFO [m[2m | [m[2mApprovalSelector[m[2m | [m[32mOPS_APPROVAL_TIMING {"tx":"0xfd2b44131759ca50a383ec93cc956ed000c1ce91c4f5c7992590d4d92e6e2a65","mode":3,"calls":1,"gate_ns":35625}
[m[2m2026-09-14 22:52:35.381+0200[m[2m | [m[2mEthScheduler-BlockCreation-1-1[m[2m | [m[32mINFO [m[2m | [m[2mApprovalSelector[m[2m | [m[32mOPS_APPROVAL_DECISION allow tx=0xdcc173cec01a3d22c203289e6f660cc1c171a08206ea467c06474b82deaacca4 calls=1
[m[2m2026-09-14 22:52:35.381+0200[m[2m | [m[2mEthScheduler-BlockCreation-1-1[m[2m | [m[32mINFO [m[2m | [m[2mApprovalSelector[m[2m | [m[32mOPS_APPROVAL_TIMING {"tx":"0xdcc173cec01a3d22c203289e6f660cc1c171a08206ea467c06474b82deaacca4","mode":3,"calls":1,"gate_ns":41375}
[m[2m2026-09-14 22:52:35.381+0200[m[2m | [m[2mEthScheduler-BlockCreation-1-1[m[2m | [m[32mINFO [m[2m | [m[2mApprovalSelector[m[2m | [m[32mOPS_APPROVAL_DECISION allow tx=0x64943526353f7657990f30f04e79e9b600ee3e079c0a79b6cbe51bc1d24d0b57 calls=1
[m[2m2026-09-14 22:52:35.381+0200[m[2m | [m[2mEthScheduler-BlockCreation-1-1[m[2m | [m[32mINFO [m[2m | [m[2mApprovalSelector[m[2m | [m[32mOPS_APPROVAL_TIMING {"tx":"0x64943526353f7657990f30f04e79e9b600ee3e079c0a79b6cbe51bc1d24d0b57","mode":3,"calls":1,"gate_ns":34416}
[m[2m2026-09-14 22:52:35.381+0200[m[2m | [m[2mEthScheduler-BlockCreation-1-1[m[2m | [m[32mINFO [m[2m | [m[2mApprovalSelector[m[2m | [m[32mOPS_APPROVAL_DECISION allow tx=0x9889962a5786d7e8c270bc7169c60fe43026fa57b622951700d3bd34187661ea calls=1
[m[2m2026-09-14 22:52:35.381+0200[m[2m | [m[2mEthScheduler-BlockCreation-1-1[m[2m | [m[32mINFO [m[2m | [m[2mApprovalSelector[m[2m | [m[32mOPS_APPROVAL_TIMING {"tx":"0x9889962a5786d7e8c270bc7169c60fe43026fa57b622951700d3bd34187661ea","mode":3,"calls":1,"gate_ns":36250}
[m[2m2026-09-14 22:52:35.381+0200[m[2m | [m[2mEthScheduler-BlockCreation-1-1[m[2m | [m[32mINFO [m[2m | [m[2mApprovalSelector[m[2m | [m[32mOPS_APPROVAL_DECISION allow tx=0xeb93417d0f43e491148346dee539ebd4dca7396bfee998383c2e9622d0e02c23 calls=1
[m[2m2026-09-14 22:52:35.381+0200[m[2m | [m[2mEthScheduler-BlockCreation-1-1[m[2m | [m[32mINFO [m[2m | [m[2mApprovalSelector[m[2m | [m[32mOPS_APPROVAL_TIMING {"tx":"0xeb93417d0f43e491148346dee539ebd4dca7396bfee998383c2e9622d0e02c23","mode":3,"calls":1,"gate_ns":39333}
[m[2m2026-09-14 22:52:35.382+0200[m[2m | [m[2mEthScheduler-BlockCreation-1-1[m[2m | [m[32mINFO [m[2m | [m[2mApprovalSelector[m[2m | [m[32mOPS_APPROVAL_DECISION allow tx=0x1393af8642bbd824532909bf625c29e8736a4986a7eea0b7ac3e7fb9e1a2c689 calls=1
[m[2m2026-09-14 22:52:35.382+0200[m[2m | [m[2mEthScheduler-BlockCreation-1-1[m[2m | [m[32mINFO [m[2m | [m[2mApprovalSelector[m[2m | [m[32mOPS_APPROVAL_TIMING {"tx":"0x1393af8642bbd824532909bf625c29e8736a4986a7eea0b7ac3e7fb9e1a2c689","mode":3,"calls":1,"gate_ns":157042}
[m[2m2026-09-14 22:52:35.382+0200[m[2m | [m[2mEthScheduler-BlockCreation-1-1[m[2m | [m[32mINFO [m[2m | [m[2mApprovalSelector[m[2m | [m[32mOPS_APPROVAL_DECISION allow tx=0x5bb6d23e5b0a9d7bd34726d37bc8fd8117f1e2c6921a15d98d13fef3f6a4a68c calls=1
[m[2m2026-09-14 22:52:35.382+0200[m[2m | [m[2mEthScheduler-BlockCreation-1-1[m[2m | [m[32mINFO [m[2m | [m[2mApprovalSelector[m[2m | [m[32mOPS_APPROVAL_TIMING {"tx":"0x5bb6d23e5b0a9d7bd34726d37bc8fd8117f1e2c6921a15d98d13fef3f6a4a68c","mode":3,"calls":1,"gate_ns":58084}
[m[2m2026-09-14 22:52:35.382+0200[m[2m | [m[2mEthScheduler-BlockCreation-1-1[m[2m | [m[32mINFO [m[2m | [m[2mApprovalSelector[m[2m | [m[32mOPS_APPROVAL_DECISION allow tx=0x853c5f204b8c5e8affad7989d091f9dd43ac224f850cffbb67235976a5f56850 calls=1
[m[2m2026-09-14 22:52:35.382+0200[m[2m | [m[2mEthScheduler-BlockCreation-1-1[m[2m | [m[32mINFO [m[2m | [m[2mApprovalSelector[m[2m | [m[32mOPS_APPROVAL_TIMING {"tx":"0x853c5f204b8c5e8affad7989d091f9dd43ac224f850cffbb67235976a5f56850","mode":3,"calls":1,"gate_ns":42917}
[m[2m2026-09-14 22:52:35.383+0200[m[2m | [m[2mEthScheduler-BlockCreation-1-1[m[2m | [m[32mINFO [m[2m | [m[2mApprovalSelector[m[2m | [m[32mOPS_APPROVAL_DECISION allow tx=0xd87259b0ed5dcb84b648469cae7353c086db4f872f190bc0f3e746541850c7e4 calls=1
[m[2m2026-09-14 22:52:35.383+0200[m[2m | [m[2mEthScheduler-BlockCreation-1-1[m[2m | [m[32mINFO [m[2m | [m[2mApprovalSelector[m[2m | [m[32mOPS_APPROVAL_TIMING {"tx":"0xd87259b0ed5dcb84b648469cae7353c086db4f872f190bc0f3e746541850c7e4","mode":3,"calls":1,"gate_ns":36666}
[m[2m2026-09-14 22:52:35.383+0200[m[2m | [m[2mEthScheduler-BlockCreation-1-1[m[2m | [m[32mINFO [m[2m | [m[2mApprovalSelector[m[2m | [m[32mOPS_APPROVAL_DECISION allow tx=0x22ef6e375043cd333a1f4d3865264b3d130d1e3d1a34d8f7ff826960aba86bc4 calls=1
[m[2m2026-09-14 22:52:35.383+0200[m[2m | [m[2mEthScheduler-BlockCreation-1-1[m[2m | [m[32mINFO [m[2m | [m[2mApprovalSelector[m[2m | [m[32mOPS_APPROVAL_TIMING {"tx":"0x22ef6e375043cd333a1f4d3865264b3d130d1e3d1a34d8f7ff826960aba86bc4","mode":3,"calls":1,"gate_ns":37125}
[m[2m2026-09-14 22:52:35.383+0200[m[2m | [m[2mEthScheduler-BlockCreation-1-1[m[2m | [m[32mINFO [m[2m | [m[2mApprovalSelector[m[2m | [m[32mOPS_APPROVAL_DECISION allow tx=0x0f58514347656f47418210205aedb342a0a3d7c8bbece70179bac8425fe6cd78 calls=1
[m[2m2026-09-14 22:52:35.383+0200[m[2m | [m[2mEthScheduler-BlockCreation-1-1[m[2m | [m[32mINFO [m[2m | [m[2mApprovalSelector[m[2m | [m[32mOPS_APPROVAL_TIMING {"tx":"0x0f58514347656f47418210205aedb342a0a3d7c8bbece70179bac8425fe6cd78","mode":3,"calls":1,"gate_ns":79833}
[m[2m2026-09-14 22:52:35.860+0200[m[2m | [m[2mEthScheduler-BlockCreation-1-1[m[2m | [m[32mINFO [m[2m | [m[2mApprovalSelector[m[2m | [m[32mOPS_APPROVAL_DECISION allow tx=0x06c191f70392d0e9769d297c574b7569f2d27c3f8e160225e7de4987276e085e calls=1
[m[2m2026-09-14 22:52:35.860+0200[m[2m | [m[2mEthScheduler-BlockCreation-1-1[m[2m | [m[32mINFO [m[2m | [m[2mApprovalSelector[m[2m | [m[32mOPS_APPROVAL_TIMING {"tx":"0x06c191f70392d0e9769d297c574b7569f2d27c3f8e160225e7de4987276e085e","mode":3,"calls":1,"gate_ns":193751}
[m[2m2026-09-14 22:52:35.861+0200[m[2m | [m[2mEthScheduler-BlockCreation-1-1[m[2m | [m[32mINFO [m[2m | [m[2mApprovalSelector[m[2m | [m[32mOPS_APPROVAL_DECISION allow tx=0x9e88e7ab4838cb46704ee2ebd7b5dfdba3be76716e80572003e3c7679bab9a6b calls=1
[m[2m2026-09-14 22:52:35.861+0200[m[2m | [m[2mEthScheduler-BlockCreation-1-1[m[2m | [m[32mINFO [m[2m | [m[2mApprovalSelector[m[2m | [m[32mOPS_APPROVAL_TIMING {"tx":"0x9e88e7ab4838cb46704ee2ebd7b5dfdba3be76716e80572003e3c7679bab9a6b","mode":3,"calls":1,"gate_ns":65875}
[m[2m2026-09-14 22:52:35.861+0200[m[2m | [m[2mEthScheduler-BlockCreation-1-1[m[2m | [m[32mINFO [m[2m | [m[2mApprovalSelector[m[2m | [m[32mOPS_APPROVAL_DECISION allow tx=0x315593ca306aecaded359b6e42d56ea0e182395050bf88a3241782018067242d calls=1
[m[2m2026-09-14 22:52:35.861+0200[m[2m | [m[2mEthScheduler-BlockCreation-1-1[m[2m | [m[32mINFO [m[2m | [m[2mApprovalSelector[m[2m | [m[32mOPS_APPROVAL_TIMING {"tx":"0x315593ca306aecaded359b6e42d56ea0e182395050bf88a3241782018067242d","mode":3,"calls":1,"gate_ns":41168}
[m[2m2026-09-14 22:52:35.861+0200[m[2m | [m[2mEthScheduler-BlockCreation-1-1[m[2m | [m[32mINFO [m[2m | [m[2mApprovalSelector[m[2m | [m[32mOPS_APPROVAL_DECISION allow tx=0x77e17117589b2c1e5a970539f314ecc55b540a65e9f813b5bc59341433f633c8 calls=1
[m[2m2026-09-14 22:52:35.861+0200[m[2m | [m[2mEthScheduler-BlockCreation-1-1[m[2m | [m[32mINFO [m[2m | [m[2mApprovalSelector[m[2m | [m[32mOPS_APPROVAL_TIMING {"tx":"0x77e17117589b2c1e5a970539f314ecc55b540a65e9f813b5bc59341433f633c8","mode":3,"calls":1,"gate_ns":37708}
[m[2m2026-09-14 22:52:35.861+0200[m[2m | [m[2mEthScheduler-BlockCreation-1-1[m[2m | [m[32mINFO [m[2m | [m[2mApprovalSelector[m[2m | [m[32mOPS_APPROVAL_DECISION allow tx=0xbd04bc9d529c528d9d9bbbeecf2375b8bfa86164ad1717cbd2f361a550c96228 calls=1
[m[2m2026-09-14 22:52:35.861+0200[m[2m | [m[2mEthScheduler-BlockCreation-1-1[m[2m | [m[32mINFO [m[2m | [m[2mApprovalSelector[m[2m | [m[32mOPS_APPROVAL_TIMING {"tx":"0xbd04bc9d529c528d9d9bbbeecf2375b8bfa86164ad1717cbd2f361a550c96228","mode":3,"calls":1,"gate_ns":34167}
[m[2m2026-09-14 22:52:35.861+0200[m[2m | [m[2mEthScheduler-BlockCreation-1-1[m[2m | [m[32mINFO [m[2m | [m[2mApprovalSelector[m[2m | [m[32mOPS_APPROVAL_DECISION allow tx=0x31bb03f9385aadc9218b9d4b180b97affdd367e09708eac97997e323384ee853 calls=1
[m[2m2026-09-14 22:52:35.861+0200[m[2m | [m[2mEthScheduler-BlockCreation-1-1[m[2m | [m[32mINFO [m[2m | [m[2mApprovalSelector[m[2m | [m[32mOPS_APPROVAL_TIMING {"tx":"0x31bb03f9385aadc9218b9d4b180b97affdd367e09708eac97997e323384ee853","mode":3,"calls":1,"gate_ns":34250}
[m[2m2026-09-14 22:52:35.861+0200[m[2m | [m[2mEthScheduler-BlockCreation-1-1[m[2m | [m[32mINFO [m[2m | [m[2mApprovalSelector[m[2m | [m[32mOPS_APPROVAL_DECISION allow tx=0x1b3605df5415e4388d07b835a445b4eda66e32d497b42c6a09a71e4d4fd50f15 calls=1
[m[2m2026-09-14 22:52:35.861+0200[m[2m | [m[2mEthScheduler-BlockCreation-1-1[m[2m | [m[32mINFO [m[2m | [m[2mApprovalSelector[m[2m | [m[32mOPS_APPROVAL_TIMING {"tx":"0x1b3605df5415e4388d07b835a445b4eda66e32d497b42c6a09a71e4d4fd50f15","mode":3,"calls":1,"gate_ns":32541}
[m[2m2026-09-14 22:52:35.862+0200[m[2m | [m[2mEthScheduler-BlockCreation-1-1[m[2m | [m[32mINFO [m[2m | [m[2mApprovalSelector[m[2m | [m[32mOPS_APPROVAL_DECISION allow tx=0xadb6f97a53d16b3de7454a263e373b49410e5ebcd15c4b7b67fed484a66bf25f calls=1
[m[2m2026-09-14 22:52:35.862+0200[m[2m | [m[2mEthScheduler-BlockCreation-1-1[m[2m | [m[32mINFO [m[2m | [m[2mApprovalSelector[m[2m | [m[32mOPS_APPROVAL_TIMING {"tx":"0xadb6f97a53d16b3de7454a263e373b49410e5ebcd15c4b7b67fed484a66bf25f","mode":3,"calls":1,"gate_ns":28917}
[m[2m2026-09-14 22:52:35.862+0200[m[2m | [m[2mEthScheduler-BlockCreation-1-1[m[2m | [m[32mINFO [m[2m | [m[2mApprovalSelector[m[2m | [m[32mOPS_APPROVAL_DECISION allow tx=0x0f033f73694ea0eeb4a0f0134b964d5f93955e859261b6141880b55f34b5ae0a calls=1
[m[2m2026-09-14 22:52:35.862+0200[m[2m | [m[2mEthScheduler-BlockCreation-1-1[m[2m | [m[32mINFO [m[2m | [m[2mApprovalSelector[m[2m | [m[32mOPS_APPROVAL_TIMING {"tx":"0x0f033f73694ea0eeb4a0f0134b964d5f93955e859261b6141880b55f34b5ae0a","mode":3,"calls":1,"gate_ns":40459}
[m[2m2026-09-14 22:52:35.862+0200[m[2m | [m[2mEthScheduler-BlockCreation-1-1[m[2m | [m[32mINFO [m[2m | [m[2mApprovalSelector[m[2m | [m[32mOPS_APPROVAL_DECISION allow tx=0x1b04113bf3fcb735fe89787a9afddd3537466b3abbeb7cfc79695c9976c65fa8 calls=1
[m[2m2026-09-14 22:52:35.862+0200[m[2m | [m[2mEthScheduler-BlockCreation-1-1[m[2m | [m[32mINFO [m[2m | [m[2mApprovalSelector[m[2m | [m[32mOPS_APPROVAL_TIMING {"tx":"0x1b04113bf3fcb735fe89787a9afddd3537466b3abbeb7cfc79695c9976c65fa8","mode":3,"calls":1,"gate_ns":58874}
[m[2m2026-09-14 22:52:35.862+0200[m[2m | [m[2mEthScheduler-BlockCreation-1-1[m[2m | [m[32mINFO [m[2m | [m[2mApprovalSelector[m[2m | [m[32mOPS_APPROVAL_DECISION allow tx=0xccf10da4a2cd4e044999bd8af9f15f0d15cedbcc3e738f47aad835096b36fc83 calls=1
[m[2m2026-09-14 22:52:35.862+0200[m[2m | [m[2mEthScheduler-BlockCreation-1-1[m[2m | [m[32mINFO [m[2m | [m[2mApprovalSelector[m[2m | [m[32mOPS_APPROVAL_TIMING {"tx":"0xccf10da4a2cd4e044999bd8af9f15f0d15cedbcc3e738f47aad835096b36fc83","mode":3,"calls":1,"gate_ns":40250}
[m[2m2026-09-14 22:52:35.862+0200[m[2m | [m[2mEthScheduler-BlockCreation-1-1[m[2m | [m[32mINFO [m[2m | [m[2mApprovalSelector[m[2m | [m[32mOPS_APPROVAL_DECISION allow tx=0x677b2f781b4643bfe55f8afa6eb76c3857b8e7752143e2d415d34a11c497f16f calls=1
[m[2m2026-09-14 22:52:35.862+0200[m[2m | [m[2mEthScheduler-BlockCreation-1-1[m[2m | [m[32mINFO [m[2m | [m[2mApprovalSelector[m[2m | [m[32mOPS_APPROVAL_TIMING {"tx":"0x677b2f781b4643bfe55f8afa6eb76c3857b8e7752143e2d415d34a11c497f16f","mode":3,"calls":1,"gate_ns":31208}
[m[2m2026-09-14 22:52:35.863+0200[m[2m | [m[2mEthScheduler-BlockCreation-1-1[m[2m | [m[32mINFO [m[2m | [m[2mApprovalSelector[m[2m | [m[32mOPS_APPROVAL_DECISION allow tx=0x6828c8c78938025c241979033edb80731204728cd45471672eeaad946465cf97 calls=1
[m[2m2026-09-14 22:52:35.863+0200[m[2m | [m[2mEthScheduler-BlockCreation-1-1[m[2m | [m[32mINFO [m[2m | [m[2mApprovalSelector[m[2m | [m[32mOPS_APPROVAL_TIMING {"tx":"0x6828c8c78938025c241979033edb80731204728cd45471672eeaad946465cf97","mode":3,"calls":1,"gate_ns":40167}
[m[2m2026-09-14 22:52:35.863+0200[m[2m | [m[2mEthScheduler-BlockCreation-1-1[m[2m | [m[32mINFO [m[2m | [m[2mApprovalSelector[m[2m | [m[32mOPS_APPROVAL_DECISION allow tx=0x554df2319c2c2bdbafbedba05a44efd774a1b69871b78a0b1b57657de7d1bec3 calls=1
[m[2m2026-09-14 22:52:35.863+0200[m[2m | [m[2mEthScheduler-BlockCreation-1-1[m[2m | [m[32mINFO [m[2m | [m[2mApprovalSelector[m[2m | [m[32mOPS_APPROVAL_TIMING {"tx":"0x554df2319c2c2bdbafbedba05a44efd774a1b69871b78a0b1b57657de7d1bec3","mode":3,"calls":1,"gate_ns":35583}
[m[2m2026-09-14 22:52:35.863+0200[m[2m | [m[2mEthScheduler-BlockCreation-1-1[m[2m | [m[32mINFO [m[2m | [m[2mApprovalSelector[m[2m | [m[32mOPS_APPROVAL_DECISION allow tx=0xa90389a1349fbaf4708fe331e530717b5bd3a86eec6a9f3cb2b5e05b0d6ff557 calls=1
[m[2m2026-09-14 22:52:35.863+0200[m[2m | [m[2mEthScheduler-BlockCreation-1-1[m[2m | [m[32mINFO [m[2m | [m[2mApprovalSelector[m[2m | [m[32mOPS_APPROVAL_TIMING {"tx":"0xa90389a1349fbaf4708fe331e530717b5bd3a86eec6a9f3cb2b5e05b0d6ff557","mode":3,"calls":1,"gate_ns":28958}
[m[2m2026-09-14 22:52:35.863+0200[m[2m | [m[2mEthScheduler-BlockCreation-1-1[m[2m | [m[32mINFO [m[2m | [m[2mApprovalSelector[m[2m | [m[32mOPS_APPROVAL_DECISION allow tx=0xc7bc68365b7c3941246362c1d19bc0cca32357c5cf43a4e3ebf9c9f4d2728306 calls=1
[m[2m2026-09-14 22:52:35.863+0200[m[2m | [m[2mEthScheduler-BlockCreation-1-1[m[2m | [m[32mINFO [m[2m | [m[2mApprovalSelector[m[2m | [m[32mOPS_APPROVAL_TIMING {"tx":"0xc7bc68365b7c3941246362c1d19bc0cca32357c5cf43a4e3ebf9c9f4d2728306","mode":3,"calls":1,"gate_ns":90917}
[m[2m2026-09-14 22:52:35.864+0200[m[2m | [m[2mEthScheduler-BlockCreation-1-1[m[2m | [m[32mINFO [m[2m | [m[2mApprovalSelector[m[2m | [m[32mOPS_APPROVAL_DECISION allow tx=0xeb7b90cc80792852c3a7192c402f6c56336da73844de95c48d0c08f750893267 calls=1
[m[2m2026-09-14 22:52:35.864+0200[m[2m | [m[2mEthScheduler-BlockCreation-1-1[m[2m | [m[32mINFO [m[2m | [m[2mApprovalSelector[m[2m | [m[32mOPS_APPROVAL_TIMING {"tx":"0xeb7b90cc80792852c3a7192c402f6c56336da73844de95c48d0c08f750893267","mode":3,"calls":1,"gate_ns":46708}
[m[2m2026-09-14 22:52:35.864+0200[m[2m | [m[2mEthScheduler-BlockCreation-1-1[m[2m | [m[32mINFO [m[2m | [m[2mApprovalSelector[m[2m | [m[32mOPS_APPROVAL_DECISION allow tx=0x3ff1611ca233b98d62205f8ada768b1857d39425eb999697734d3a197e1d84f0 calls=1
[m[2m2026-09-14 22:52:35.864+0200[m[2m | [m[2mEthScheduler-BlockCreation-1-1[m[2m | [m[32mINFO [m[2m | [m[2mApprovalSelector[m[2m | [m[32mOPS_APPROVAL_TIMING {"tx":"0x3ff1611ca233b98d62205f8ada768b1857d39425eb999697734d3a197e1d84f0","mode":3,"calls":1,"gate_ns":36958}
[m[2m2026-09-14 22:52:35.864+0200[m[2m | [m[2mEthScheduler-BlockCreation-1-1[m[2m | [m[32mINFO [m[2m | [m[2mApprovalSelector[m[2m | [m[32mOPS_APPROVAL_DECISION allow tx=0x3471c4014779e3303c9daf339cf4e28670d8532ef782d9c4a53d6cc1258dbc3e calls=1
[m[2m2026-09-14 22:52:35.864+0200[m[2m | [m[2mEthScheduler-BlockCreation-1-1[m[2m | [m[32mINFO [m[2m | [m[2mApprovalSelector[m[2m | [m[32mOPS_APPROVAL_TIMING {"tx":"0x3471c4014779e3303c9daf339cf4e28670d8532ef782d9c4a53d6cc1258dbc3e","mode":3,"calls":1,"gate_ns":31375}
[m[2m2026-09-14 22:52:35.864+0200[m[2m | [m[2mEthScheduler-BlockCreation-1-1[m[2m | [m[32mINFO [m[2m | [m[2mApprovalSelector[m[2m | [m[32mOPS_APPROVAL_DECISION allow tx=0x3eda4051331dd5a07845929e21a83b468fab41794a9608f3fcaaffe5a58a4e70 calls=1
[m[2m2026-09-14 22:52:35.864+0200[m[2m | [m[2mEthScheduler-BlockCreation-1-1[m[2m | [m[32mINFO [m[2m | [m[2mApprovalSelector[m[2m | [m[32mOPS_APPROVAL_TIMING {"tx":"0x3eda4051331dd5a07845929e21a83b468fab41794a9608f3fcaaffe5a58a4e70","mode":3,"calls":1,"gate_ns":31499}
[m[2m2026-09-14 22:52:35.864+0200[m[2m | [m[2mEthScheduler-BlockCreation-1-1[m[2m | [m[32mINFO [m[2m | [m[2mApprovalSelector[m[2m | [m[32mOPS_APPROVAL_DECISION allow tx=0xe3a4886b4e2025190f147b726805571cd6a1ea2851c5b0e87d0831c146ab9222 calls=1
[m[2m2026-09-14 22:52:35.864+0200[m[2m | [m[2mEthScheduler-BlockCreation-1-1[m[2m | [m[32mINFO [m[2m | [m[2mApprovalSelector[m[2m | [m[32mOPS_APPROVAL_TIMING {"tx":"0xe3a4886b4e2025190f147b726805571cd6a1ea2851c5b0e87d0831c146ab9222","mode":3,"calls":1,"gate_ns":27917}
[m[2m2026-09-14 22:52:35.865+0200[m[2m | [m[2mEthScheduler-BlockCreation-1-1[m[2m | [m[32mINFO [m[2m | [m[2mApprovalSelector[m[2m | [m[32mOPS_APPROVAL_DECISION allow tx=0xd5fdfdddfc24701209b6293d02e5a293aea3d4a23a3a2cb9a3bd27b6f09bfe28 calls=1
[m[2m2026-09-14 22:52:35.865+0200[m[2m | [m[2mEthScheduler-BlockCreation-1-1[m[2m | [m[32mINFO [m[2m | [m[2mApprovalSelector[m[2m | [m[32mOPS_APPROVAL_TIMING {"tx":"0xd5fdfdddfc24701209b6293d02e5a293aea3d4a23a3a2cb9a3bd27b6f09bfe28","mode":3,"calls":1,"gate_ns":32750}
[m[2m2026-09-14 22:52:35.865+0200[m[2m | [m[2mEthScheduler-BlockCreation-1-1[m[2m | [m[32mINFO [m[2m | [m[2mApprovalSelector[m[2m | [m[32mOPS_APPROVAL_DECISION allow tx=0x09e0a41420b75b69db83b0eb34c386047a8337f6c608712318c9b2be78a9cf1c calls=1
[m[2m2026-09-14 22:52:35.865+0200[m[2m | [m[2mEthScheduler-BlockCreation-1-1[m[2m | [m[32mINFO [m[2m | [m[2mApprovalSelector[m[2m | [m[32mOPS_APPROVAL_TIMING {"tx":"0x09e0a41420b75b69db83b0eb34c386047a8337f6c608712318c9b2be78a9cf1c","mode":3,"calls":1,"gate_ns":28501}
[m[2m2026-09-14 22:52:35.865+0200[m[2m | [m[2mEthScheduler-BlockCreation-1-1[m[2m | [m[32mINFO [m[2m | [m[2mApprovalSelector[m[2m | [m[32mOPS_APPROVAL_DECISION allow tx=0x919ff5b73c5432d2fc578b00797a23536f2994240198d1e6017fe931378bdc3b calls=1
[m[2m2026-09-14 22:52:35.865+0200[m[2m | [m[2mEthScheduler-BlockCreation-1-1[m[2m | [m[32mINFO [m[2m | [m[2mApprovalSelector[m[2m | [m[32mOPS_APPROVAL_TIMING {"tx":"0x919ff5b73c5432d2fc578b00797a23536f2994240198d1e6017fe931378bdc3b","mode":3,"calls":1,"gate_ns":31875}
[m[2m2026-09-14 22:52:35.865+0200[m[2m | [m[2mEthScheduler-BlockCreation-1-1[m[2m | [m[32mINFO [m[2m | [m[2mApprovalSelector[m[2m | [m[32mOPS_APPROVAL_DECISION allow tx=0x38449c915ad6afd7b4147fc59864baf24e7b64855d639ea5ffe0efe967f5a964 calls=1
[m[2m2026-09-14 22:52:35.865+0200[m[2m | [m[2mEthScheduler-BlockCreation-1-1[m[2m | [m[32mINFO [m[2m | [m[2mApprovalSelector[m[2m | [m[32mOPS_APPROVAL_TIMING {"tx":"0x38449c915ad6afd7b4147fc59864baf24e7b64855d639ea5ffe0efe967f5a964","mode":3,"calls":1,"gate_ns":27333}
[m[2m2026-09-14 22:52:35.865+0200[m[2m | [m[2mEthScheduler-BlockCreation-1-1[m[2m | [m[32mINFO [m[2m | [m[2mApprovalSelector[m[2m | [m[32mOPS_APPROVAL_DECISION allow tx=0x0af76965beaf44892a9852c41f9303ea07320c1ca7e491afbacb90711106bdff calls=1
[m[2m2026-09-14 22:52:35.865+0200[m[2m | [m[2mEthScheduler-BlockCreation-1-1[m[2m | [m[32mINFO [m[2m | [m[2mApprovalSelector[m[2m | [m[32mOPS_APPROVAL_TIMING {"tx":"0x0af76965beaf44892a9852c41f9303ea07320c1ca7e491afbacb90711106bdff","mode":3,"calls":1,"gate_ns":29416}
[m[2m2026-09-14 22:52:35.865+0200[m[2m | [m[2mEthScheduler-BlockCreation-1-1[m[2m | [m[32mINFO [m[2m | [m[2mApprovalSelector[m[2m | [m[32mOPS_APPROVAL_DECISION allow tx=0x869e12a4be6413adee22caa883b19c32a60a3334525eb625db8f87abe547f521 calls=1
[m[2m2026-09-14 22:52:35.865+0200[m[2m | [m[2mEthScheduler-BlockCreation-1-1[m[2m | [m[32mINFO [m[2m | [m[2mApprovalSelector[m[2m | [m[32mOPS_APPROVAL_TIMING {"tx":"0x869e12a4be6413adee22caa883b19c32a60a3334525eb625db8f87abe547f521","mode":3,"calls":1,"gate_ns":26708}
[m[2m2026-09-14 22:52:35.865+0200[m[2m | [m[2mEthScheduler-BlockCreation-1-1[m[2m | [m[32mINFO [m[2m | [m[2mApprovalSelector[m[2m | [m[32mOPS_APPROVAL_DECISION allow tx=0xa1970ef77024728f989cee151a02d9bc29dff15ff76e35a6fbc4bb127c764004 calls=1
[m[2m2026-09-14 22:52:35.866+0200[m[2m | [m[2mEthScheduler-BlockCreation-1-1[m[2m | [m[32mINFO [m[2m | [m[2mApprovalSelector[m[2m | [m[32mOPS_APPROVAL_TIMING {"tx":"0xa1970ef77024728f989cee151a02d9bc29dff15ff76e35a6fbc4bb127c764004","mode":3,"calls":1,"gate_ns":29958}
[m[2m2026-09-14 22:52:35.866+0200[m[2m | [m[2mEthScheduler-BlockCreation-1-1[m[2m | [m[32mINFO [m[2m | [m[2mApprovalSelector[m[2m | [m[32mOPS_APPROVAL_DECISION allow tx=0xbc534c0206b8881dd5e3ef526ee6c6f7364c97a2dfded21ab654113213c6f4a8 calls=1
[m[2m2026-09-14 22:52:35.866+0200[m[2m | [m[2mEthScheduler-BlockCreation-1-1[m[2m | [m[32mINFO [m[2m | [m[2mApprovalSelector[m[2m | [m[32mOPS_APPROVAL_TIMING {"tx":"0xbc534c0206b8881dd5e3ef526ee6c6f7364c97a2dfded21ab654113213c6f4a8","mode":3,"calls":1,"gate_ns":28541}
[m[2m2026-09-14 22:52:35.866+0200[m[2m | [m[2mEthScheduler-BlockCreation-1-1[m[2m | [m[32mINFO [m[2m | [m[2mApprovalSelector[m[2m | [m[32mOPS_APPROVAL_DECISION allow tx=0x62a09f96375f6d795864e54f58b449a668161fb70bd71b0b7d0eedf9838b0ed8 calls=1
[m[2m2026-09-14 22:52:35.866+0200[m[2m | [m[2mEthScheduler-BlockCreation-1-1[m[2m | [m[32mINFO [m[2m | [m[2mApprovalSelector[m[2m | [m[32mOPS_APPROVAL_TIMING {"tx":"0x62a09f96375f6d795864e54f58b449a668161fb70bd71b0b7d0eedf9838b0ed8","mode":3,"calls":1,"gate_ns":25709}
[m[2m2026-09-14 22:52:35.866+0200[m[2m | [m[2mEthScheduler-BlockCreation-1-1[m[2m | [m[32mINFO [m[2m | [m[2mApprovalSelector[m[2m | [m[32mOPS_APPROVAL_DECISION allow tx=0x7bfde14102b7f053cc2ad4379f0f53a846e725830882f2b10816ae218c216ef1 calls=1
[m[2m2026-09-14 22:52:35.866+0200[m[2m | [m[2mEthScheduler-BlockCreation-1-1[m[2m | [m[32mINFO [m[2m | [m[2mApprovalSelector[m[2m | [m[32mOPS_APPROVAL_TIMING {"tx":"0x7bfde14102b7f053cc2ad4379f0f53a846e725830882f2b10816ae218c216ef1","mode":3,"calls":1,"gate_ns":29875}
[m[2m2026-09-14 22:52:35.866+0200[m[2m | [m[2mEthScheduler-BlockCreation-1-1[m[2m | [m[32mINFO [m[2m | [m[2mApprovalSelector[m[2m | [m[32mOPS_APPROVAL_DECISION allow tx=0x0f94eb19283836bd021fe8e0d4e419601fccbecec7d6e5ef1531c90b0f10459a calls=1
[m[2m2026-09-14 22:52:35.866+0200[m[2m | [m[2mEthScheduler-BlockCreation-1-1[m[2m | [m[32mINFO [m[2m | [m[2mApprovalSelector[m[2m | [m[32mOPS_APPROVAL_TIMING {"tx":"0x0f94eb19283836bd021fe8e0d4e419601fccbecec7d6e5ef1531c90b0f10459a","mode":3,"calls":1,"gate_ns":32583}
[m[2m2026-09-14 22:52:35.866+0200[m[2m | [m[2mEthScheduler-BlockCreation-1-1[m[2m | [m[32mINFO [m[2m | [m[2mApprovalSelector[m[2m | [m[32mOPS_APPROVAL_DECISION allow tx=0xafb2f7c84a6662de3fe6970d1a177b8dd680fb6496ca4dcede3398e9b56b5bd1 calls=1
[m[2m2026-09-14 22:52:35.866+0200[m[2m | [m[2mEthScheduler-BlockCreation-1-1[m[2m | [m[32mINFO [m[2m | [m[2mApprovalSelector[m[2m | [m[32mOPS_APPROVAL_TIMING {"tx":"0xafb2f7c84a6662de3fe6970d1a177b8dd680fb6496ca4dcede3398e9b56b5bd1","mode":3,"calls":1,"gate_ns":27208}
[m[2m2026-09-14 22:52:35.866+0200[m[2m | [m[2mEthScheduler-BlockCreation-1-1[m[2m | [m[32mINFO [m[2m | [m[2mApprovalSelector[m[2m | [m[32mOPS_APPROVAL_DECISION allow tx=0x1a544ae4a023b9991574ceaf6679f6f20e6e76497a401a8b91e4232912823f3d calls=1
[m[2m2026-09-14 22:52:35.866+0200[m[2m | [m[2mEthScheduler-BlockCreation-1-1[m[2m | [m[32mINFO [m[2m | [m[2mApprovalSelector[m[2m | [m[32mOPS_APPROVAL_TIMING {"tx":"0x1a544ae4a023b9991574ceaf6679f6f20e6e76497a401a8b91e4232912823f3d","mode":3,"calls":1,"gate_ns":30417}
[m[2m2026-09-14 22:52:35.866+0200[m[2m | [m[2mEthScheduler-BlockCreation-1-1[m[2m | [m[32mINFO [m[2m | [m[2mApprovalSelector[m[2m | [m[32mOPS_APPROVAL_DECISION allow tx=0x5c5d4a8704ef49336532eebdda626a4cfafc30fdedd1718751a7830ff418d7f8 calls=1
[m[2m2026-09-14 22:52:35.867+0200[m[2m | [m[2mEthScheduler-BlockCreation-1-1[m[2m | [m[32mINFO [m[2m | [m[2mApprovalSelector[m[2m | [m[32mOPS_APPROVAL_TIMING {"tx":"0x5c5d4a8704ef49336532eebdda626a4cfafc30fdedd1718751a7830ff418d7f8","mode":3,"calls":1,"gate_ns":71750}
[m[2m2026-09-14 22:52:35.867+0200[m[2m | [m[2mEthScheduler-BlockCreation-1-1[m[2m | [m[32mINFO [m[2m | [m[2mApprovalSelector[m[2m | [m[32mOPS_APPROVAL_DECISION allow tx=0xbe6883867b085b979ec98cd430f3319fd311ad98aa13a1716bd319318b66db00 calls=1
[m[2m2026-09-14 22:52:35.867+0200[m[2m | [m[2mEthScheduler-BlockCreation-1-1[m[2m | [m[32mINFO [m[2m | [m[2mApprovalSelector[m[2m | [m[32mOPS_APPROVAL_TIMING {"tx":"0xbe6883867b085b979ec98cd430f3319fd311ad98aa13a1716bd319318b66db00","mode":3,"calls":1,"gate_ns":45375}
[m[2m2026-09-14 22:52:35.867+0200[m[2m | [m[2mEthScheduler-BlockCreation-1-1[m[2m | [m[32mINFO [m[2m | [m[2mApprovalSelector[m[2m | [m[32mOPS_APPROVAL_DECISION allow tx=0x593cb412a137018a5da4c00310d9c748c44f84977070eee08622c8921c38d796 calls=1
[m[2m2026-09-14 22:52:35.867+0200[m[2m | [m[2mEthScheduler-BlockCreation-1-1[m[2m | [m[32mINFO [m[2m | [m[2mApprovalSelector[m[2m | [m[32mOPS_APPROVAL_TIMING {"tx":"0x593cb412a137018a5da4c00310d9c748c44f84977070eee08622c8921c38d796","mode":3,"calls":1,"gate_ns":57042}
[m[2m2026-09-14 22:52:35.868+0200[m[2m | [m[2mvert.x-worker-thread-8[m[2m | [m[32mINFO [m[2m | [m[2mEngineGetPayloadV2[m[2m | [m[32mProduced #1  (5dc0e.....223bb)|  128 tx | 0 ws | 3.408.192 (11,4%) gas in 1,015s | Timing(started at 2026-09-14T20:52:34.852732Z, duplicateWorldState=0ms, preTxsSelection=0ms, txsSelection=48ms, selectedTxsEvaluation=38ms, blockAssembled=5ms, awaitingRetrieval=961ms) | PayloadId 0x0094b6536c934601
[m[2m2026-09-14 22:52:35.899+0200[m[2m | [m[2mengine-ordered-execution-0[m[2m | [m[32mINFO [m[2m | [m[2mEngineNewPayloadV2[m[2m | [m[32mImported #1  (5dc0e.....223bb)|  128 tx|  0 ws| 875,00 mwei bfee|   3.408.192 ( 11,4%) gas used| 15,1ms exec| 225,95 Mgas/s|  0 peers
[m[2m2026-09-14 22:52:35.911+0200[m[2m | [m[2mengine-ordered-execution-0[m[2m | [m[32mINFO [m[2m | [m[2mEngineForkchoiceUpdatedV2[m[2m | [m[32mFCU(VALID) | head: 5dc0e.....223bb | safe: 5dc0e.....223bb | finalized: 5dc0e.....223bb
[m[2m2026-09-14 22:52:38.973+0200[m[2m | [m[2mengine-ordered-execution-0[m[2m | [m[32mINFO [m[2m | [m[2mMergeCoordinator[m[2m | [m[32mStart building proposals for block 2 identified by 0x0094b65df2c6a802
[m[2m2026-09-14 22:52:38.973+0200[m[2m | [m[2mengine-ordered-execution-0[m[2m | [m[32mINFO [m[2m | [m[2mEngineForkchoiceUpdatedV2[m[2m | [m[32mFCU(VALID) | head: 5dc0e.....223bb | safe: 5dc0e.....223bb | finalized: 5dc0e.....223bb
[m[2m2026-09-14 22:52:38.974+0200[m[2m | [m[2mEthScheduler-BlockCreation-1-2[m[2m | [m[32mINFO [m[2m | [m[2mApprovalSelector[m[2m | [m[32mOPS_APPROVAL_DECISION allow tx=0xc8689f42b2c20e96003f376b46bcd51d68b440b6ded9852fdce1b47effc1eb01 calls=1
[m[2m2026-09-14 22:52:38.974+0200[m[2m | [m[2mEthScheduler-BlockCreation-1-2[m[2m | [m[32mINFO [m[2m | [m[2mApprovalSelector[m[2m | [m[32mOPS_APPROVAL_TIMING {"tx":"0xc8689f42b2c20e96003f376b46bcd51d68b440b6ded9852fdce1b47effc1eb01","mode":3,"calls":1,"gate_ns":152959}
[m[2m2026-09-14 22:52:38.975+0200[m[2m | [m[2mEthScheduler-BlockCreation-1-2[m[2m | [m[32mINFO [m[2m | [m[2mApprovalSelector[m[2m | [m[32mOPS_APPROVAL_DECISION allow tx=0x68c24442c45013939ac2393f2e46b75cf1ae5ae7e8432334baf0e2cb446eebe9 calls=1
[m[2m2026-09-14 22:52:38.975+0200[m[2m | [m[2mEthScheduler-BlockCreation-1-2[m[2m | [m[32mINFO [m[2m | [m[2mApprovalSelector[m[2m | [m[32mOPS_APPROVAL_TIMING {"tx":"0x68c24442c45013939ac2393f2e46b75cf1ae5ae7e8432334baf0e2cb446eebe9","mode":3,"calls":1,"gate_ns":51833}
[m[2m2026-09-14 22:52:38.975+0200[m[2m | [m[2mEthScheduler-BlockCreation-1-2[m[2m | [m[32mINFO [m[2m | [m[2mApprovalSelector[m[2m | [m[32mOPS_APPROVAL_DECISION allow tx=0xc780803a220520db50393776c917510b23dc5af78d3b25096688edbf1df9c319 calls=1
[m[2m2026-09-14 22:52:38.975+0200[m[2m | [m[2mEthScheduler-BlockCreation-1-2[m[2m | [m[32mINFO [m[2m | [m[2mApprovalSelector[m[2m | [m[32mOPS_APPROVAL_TIMING {"tx":"0xc780803a220520db50393776c917510b23dc5af78d3b25096688edbf1df9c319","mode":3,"calls":1,"gate_ns":35709}
[m[2m2026-09-14 22:52:38.975+0200[m[2m | [m[2mEthScheduler-BlockCreation-1-2[m[2m | [m[32mINFO [m[2m | [m[2mApprovalSelector[m[2m | [m[32mOPS_APPROVAL_DECISION allow tx=0x64c5c6526486af0be31e4186aa49195399dbabde9249abd548232bc16624f66d calls=1
[m[2m2026-09-14 22:52:38.975+0200[m[2m | [m[2mEthScheduler-BlockCreation-1-2[m[2m | [m[32mINFO [m[2m | [m[2mApprovalSelector[m[2m | [m[32mOPS_APPROVAL_TIMING {"tx":"0x64c5c6526486af0be31e4186aa49195399dbabde9249abd548232bc16624f66d","mode":3,"calls":1,"gate_ns":28583}
[m[2m2026-09-14 22:52:38.975+0200[m[2m | [m[2mEthScheduler-BlockCreation-1-2[m[2m | [m[32mINFO [m[2m | [m[2mApprovalSelector[m[2m | [m[32mOPS_APPROVAL_DECISION allow tx=0x86bdb37e29e2be38122cf38af333088376b971de4c073c4ee12ad966b92b8169 calls=1
[m[2m2026-09-14 22:52:38.975+0200[m[2m | [m[2mEthScheduler-BlockCreation-1-2[m[2m | [m[32mINFO [m[2m | [m[2mApprovalSelector[m[2m | [m[32mOPS_APPROVAL_TIMING {"tx":"0x86bdb37e29e2be38122cf38af333088376b971de4c073c4ee12ad966b92b8169","mode":3,"calls":1,"gate_ns":30833}
[m[2m2026-09-14 22:52:38.975+0200[m[2m | [m[2mEthScheduler-BlockCreation-1-2[m[2m | [m[32mINFO [m[2m | [m[2mApprovalSelector[m[2m | [m[32mOPS_APPROVAL_DECISION allow tx=0xcd66d4906bcda530982641fc80841ae28a1821eaca38f8eafa5a5cbda7bc4b7b calls=1
[m[2m2026-09-14 22:52:38.975+0200[m[2m | [m[2mEthScheduler-BlockCreation-1-2[m[2m | [m[32mINFO [m[2m | [m[2mApprovalSelector[m[2m | [m[32mOPS_APPROVAL_TIMING {"tx":"0xcd66d4906bcda530982641fc80841ae28a1821eaca38f8eafa5a5cbda7bc4b7b","mode":3,"calls":1,"gate_ns":26499}
[m[2m2026-09-14 22:52:38.975+0200[m[2m | [m[2mEthScheduler-BlockCreation-1-2[m[2m | [m[32mINFO [m[2m | [m[2mApprovalSelector[m[2m | [m[32mOPS_APPROVAL_DECISION allow tx=0xd6bac170c82659fc8e793cda67d800ba7edb8dc38566ac2b4b93bf0aab857877 calls=1
[m[2m2026-09-14 22:52:38.975+0200[m[2m | [m[2mEthScheduler-BlockCreation-1-2[m[2m | [m[32mINFO [m[2m | [m[2mApprovalSelector[m[2m | [m[32mOPS_APPROVAL_TIMING {"tx":"0xd6bac170c82659fc8e793cda67d800ba7edb8dc38566ac2b4b93bf0aab857877","mode":3,"calls":1,"gate_ns":26749}
[m[2m2026-09-14 22:52:38.975+0200[m[2m | [m[2mEthScheduler-BlockCreation-1-2[m[2m | [m[32mINFO [m[2m | [m[2mApprovalSelector[m[2m | [m[32mOPS_APPROVAL_DECISION allow tx=0x56d20be533af6ecfc01eb39a5e7c271ea64a40cf9a756ef0ef44bb1521f2d1e1 calls=1
[m[2m2026-09-14 22:52:38.975+0200[m[2m | [m[2mEthScheduler-BlockCreation-1-2[m[2m | [m[32mINFO [m[2m | [m[2mApprovalSelector[m[2m | [m[32mOPS_APPROVAL_TIMING {"tx":"0x56d20be533af6ecfc01eb39a5e7c271ea64a40cf9a756ef0ef44bb1521f2d1e1","mode":3,"calls":1,"gate_ns":30125}
[m[2m2026-09-14 22:52:38.976+0200[m[2m | [m[2mEthScheduler-BlockCreation-1-2[m[2m | [m[32mINFO [m[2m | [m[2mApprovalSelector[m[2m | [m[32mOPS_APPROVAL_DECISION allow tx=0x24c6def755d99c15b87e95baa770740b67ebfc4206752187821e9f74e102240a calls=1
[m[2m2026-09-14 22:52:38.976+0200[m[2m | [m[2mEthScheduler-BlockCreation-1-2[m[2m | [m[32mINFO [m[2m | [m[2mApprovalSelector[m[2m | [m[32mOPS_APPROVAL_TIMING {"tx":"0x24c6def755d99c15b87e95baa770740b67ebfc4206752187821e9f74e102240a","mode":3,"calls":1,"gate_ns":28166}
[m[2m2026-09-14 22:52:38.976+0200[m[2m | [m[2mEthScheduler-BlockCreation-1-2[m[2m | [m[32mINFO [m[2m | [m[2mApprovalSelector[m[2m | [m[32mOPS_APPROVAL_DECISION allow tx=0x1ec6bfbc7c1e017249c9796c1849e5b44243d414f271bdded7ce14750319ab5a calls=1
[m[2m2026-09-14 22:52:38.976+0200[m[2m | [m[2mEthScheduler-BlockCreation-1-2[m[2m | [m[32mINFO [m[2m | [m[2mApprovalSelector[m[2m | [m[32mOPS_APPROVAL_TIMING {"tx":"0x1ec6bfbc7c1e017249c9796c1849e5b44243d414f271bdded7ce14750319ab5a","mode":3,"calls":1,"gate_ns":25209}
[m[2m2026-09-14 22:52:38.976+0200[m[2m | [m[2mEthScheduler-BlockCreation-1-2[m[2m | [m[32mINFO [m[2m | [m[2mApprovalSelector[m[2m | [m[32mOPS_APPROVAL_DECISION allow tx=0xf39557adfe5b24c38514c9b0d798be125f87eac439666d9e354693fb20c53d02 calls=1
[m[2m2026-09-14 22:52:38.976+0200[m[2m | [m[2mEthScheduler-BlockCreation-1-2[m[2m | [m[32mINFO [m[2m | [m[2mApprovalSelector[m[2m | [m[32mOPS_APPROVAL_TIMING {"tx":"0xf39557adfe5b24c38514c9b0d798be125f87eac439666d9e354693fb20c53d02","mode":3,"calls":1,"gate_ns":28707}
[m[2m2026-09-14 22:52:38.976+0200[m[2m | [m[2mEthScheduler-BlockCreation-1-2[m[2m | [m[32mINFO [m[2m | [m[2mApprovalSelector[m[2m | [m[32mOPS_APPROVAL_DECISION allow tx=0x195a4fa7f61e3bdac46a3d54a037c043dbb9e946a718010f0ab1f523c1712c99 calls=1
[m[2m2026-09-14 22:52:38.976+0200[m[2m | [m[2mEthScheduler-BlockCreation-1-2[m[2m | [m[32mINFO [m[2m | [m[2mApprovalSelector[m[2m | [m[32mOPS_APPROVAL_TIMING {"tx":"0x195a4fa7f61e3bdac46a3d54a037c043dbb9e946a718010f0ab1f523c1712c99","mode":3,"calls":1,"gate_ns":24875}
[m[2m2026-09-14 22:52:38.976+0200[m[2m | [m[2mEthScheduler-BlockCreation-1-2[m[2m | [m[32mINFO [m[2m | [m[2mApprovalSelector[m[2m | [m[32mOPS_APPROVAL_DECISION allow tx=0x04233d0ec9a9122a55ec9b6dddcbc527ee829fecc8408d15f579b9cfde28690f calls=1
[m[2m2026-09-14 22:52:38.976+0200[m[2m | [m[2mEthScheduler-BlockCreation-1-2[m[2m | [m[32mINFO [m[2m | [m[2mApprovalSelector[m[2m | [m[32mOPS_APPROVAL_TIMING {"tx":"0x04233d0ec9a9122a55ec9b6dddcbc527ee829fecc8408d15f579b9cfde28690f","mode":3,"calls":1,"gate_ns":27167}
[m[2m2026-09-14 22:52:38.976+0200[m[2m | [m[2mEthScheduler-BlockCreation-1-2[m[2m | [m[32mINFO [m[2m | [m[2mApprovalSelector[m[2m | [m[32mOPS_APPROVAL_DECISION allow tx=0xb663b41ff516084708e5c2d5f439423b9c06b0e0a2d772c81b698640e80fec76 calls=1
[m[2m2026-09-14 22:52:38.976+0200[m[2m | [m[2mEthScheduler-BlockCreation-1-2[m[2m | [m[32mINFO [m[2m | [m[2mApprovalSelector[m[2m | [m[32mOPS_APPROVAL_TIMING {"tx":"0xb663b41ff516084708e5c2d5f439423b9c06b0e0a2d772c81b698640e80fec76","mode":3,"calls":1,"gate_ns":24667}
[m[2m2026-09-14 22:52:38.976+0200[m[2m | [m[2mEthScheduler-BlockCreation-1-2[m[2m | [m[32mINFO [m[2m | [m[2mApprovalSelector[m[2m | [m[32mOPS_APPROVAL_DECISION allow tx=0x740b9735b876a8900af0dac43293350fb6fe9350da694a4994633e71c4b2f0e5 calls=1
[m[2m2026-09-14 22:52:38.976+0200[m[2m | [m[2mEthScheduler-BlockCreation-1-2[m[2m | [m[32mINFO [m[2m | [m[2mApprovalSelector[m[2m | [m[32mOPS_APPROVAL_TIMING {"tx":"0x740b9735b876a8900af0dac43293350fb6fe9350da694a4994633e71c4b2f0e5","mode":3,"calls":1,"gate_ns":26249}
[m[2m2026-09-14 22:52:38.976+0200[m[2m | [m[2mEthScheduler-BlockCreation-1-2[m[2m | [m[32mINFO [m[2m | [m[2mApprovalSelector[m[2m | [m[32mOPS_APPROVAL_DECISION allow tx=0x1647a5adbaf53f549e96f929c9880a94fe9676b0752a606e1054538dd277e36c calls=1
[m[2m2026-09-14 22:52:38.976+0200[m[2m | [m[2mEthScheduler-BlockCreation-1-2[m[2m | [m[32mINFO [m[2m | [m[2mApprovalSelector[m[2m | [m[32mOPS_APPROVAL_TIMING {"tx":"0x1647a5adbaf53f549e96f929c9880a94fe9676b0752a606e1054538dd277e36c","mode":3,"calls":1,"gate_ns":23751}
[m[2m2026-09-14 22:52:38.976+0200[m[2m | [m[2mEthScheduler-BlockCreation-1-2[m[2m | [m[32mINFO [m[2m | [m[2mApprovalSelector[m[2m | [m[32mOPS_APPROVAL_DECISION allow tx=0x3335546d9d3c22210806244dd998f808043b4a2ba3e0341a000a0a4465cd9558 calls=1
[m[2m2026-09-14 22:52:38.976+0200[m[2m | [m[2mEthScheduler-BlockCreation-1-2[m[2m | [m[32mINFO [m[2m | [m[2mApprovalSelector[m[2m | [m[32mOPS_APPROVAL_TIMING {"tx":"0x3335546d9d3c22210806244dd998f808043b4a2ba3e0341a000a0a4465cd9558","mode":3,"calls":1,"gate_ns":25875}
[m[2m2026-09-14 22:52:38.977+0200[m[2m | [m[2mEthScheduler-BlockCreation-1-2[m[2m | [m[32mINFO [m[2m | [m[2mApprovalSelector[m[2m | [m[32mOPS_APPROVAL_DECISION allow tx=0xd72671d5de6ce8d549161f5ed5e80df6e69402624a1b069f522d3eb2d8b161ef calls=1
[m[2m2026-09-14 22:52:38.977+0200[m[2m | [m[2mEthScheduler-BlockCreation-1-2[m[2m | [m[32mINFO [m[2m | [m[2mApprovalSelector[m[2m | [m[32mOPS_APPROVAL_TIMING {"tx":"0xd72671d5de6ce8d549161f5ed5e80df6e69402624a1b069f522d3eb2d8b161ef","mode":3,"calls":1,"gate_ns":26541}
[m[2m2026-09-14 22:52:38.977+0200[m[2m | [m[2mEthScheduler-BlockCreation-1-2[m[2m | [m[32mINFO [m[2m | [m[2mApprovalSelector[m[2m | [m[32mOPS_APPROVAL_DECISION allow tx=0x92e542240ca14c35fec521ebc08ae5fe5ade0108e3cdcff26e40811b3e6093cc calls=1
[m[2m2026-09-14 22:52:38.977+0200[m[2m | [m[2mEthScheduler-BlockCreation-1-2[m[2m | [m[32mINFO [m[2m | [m[2mApprovalSelector[m[2m | [m[32mOPS_APPROVAL_TIMING {"tx":"0x92e542240ca14c35fec521ebc08ae5fe5ade0108e3cdcff26e40811b3e6093cc","mode":3,"calls":1,"gate_ns":25624}
[m[2m2026-09-14 22:52:38.977+0200[m[2m | [m[2mEthScheduler-BlockCreation-1-2[m[2m | [m[32mINFO [m[2m | [m[2mApprovalSelector[m[2m | [m[32mOPS_APPROVAL_DECISION allow tx=0x5fc2ec20aa7930baf027e6a8ff1472d1d96ca3179f99a390c0abbb735c47dab4 calls=1
[m[2m2026-09-14 22:52:38.977+0200[m[2m | [m[2mEthScheduler-BlockCreation-1-2[m[2m | [m[32mINFO [m[2m | [m[2mApprovalSelector[m[2m | [m[32mOPS_APPROVAL_TIMING {"tx":"0x5fc2ec20aa7930baf027e6a8ff1472d1d96ca3179f99a390c0abbb735c47dab4","mode":3,"calls":1,"gate_ns":27666}
[m[2m2026-09-14 22:52:38.977+0200[m[2m | [m[2mEthScheduler-BlockCreation-1-2[m[2m | [m[32mINFO [m[2m | [m[2mApprovalSelector[m[2m | [m[32mOPS_APPROVAL_DECISION allow tx=0x06ffdd0a433ac399d79095bb521e68e30b9e7c8d6c127e9fcd85d6d8c669046c calls=1
[m[2m2026-09-14 22:52:38.977+0200[m[2m | [m[2mEthScheduler-BlockCreation-1-2[m[2m | [m[32mINFO [m[2m | [m[2mApprovalSelector[m[2m | [m[32mOPS_APPROVAL_TIMING {"tx":"0x06ffdd0a433ac399d79095bb521e68e30b9e7c8d6c127e9fcd85d6d8c669046c","mode":3,"calls":1,"gate_ns":28666}
[m[2m2026-09-14 22:52:38.977+0200[m[2m | [m[2mEthScheduler-BlockCreation-1-2[m[2m | [m[32mINFO [m[2m | [m[2mApprovalSelector[m[2m | [m[32mOPS_APPROVAL_DECISION allow tx=0x8150a95631f1cc976fa5dd7acc14c67c7a13095297d9e6ee64bb33e71a99aa10 calls=1
[m[2m2026-09-14 22:52:38.977+0200[m[2m | [m[2mEthScheduler-BlockCreation-1-2[m[2m | [m[32mINFO [m[2m | [m[2mApprovalSelector[m[2m | [m[32mOPS_APPROVAL_TIMING {"tx":"0x8150a95631f1cc976fa5dd7acc14c67c7a13095297d9e6ee64bb33e71a99aa10","mode":3,"calls":1,"gate_ns":35083}
[m[2m2026-09-14 22:52:38.977+0200[m[2m | [m[2mEthScheduler-BlockCreation-1-2[m[2m | [m[32mINFO [m[2m | [m[2mApprovalSelector[m[2m | [m[32mOPS_APPROVAL_DECISION allow tx=0xa3a5c22a8051e37ba286dabc10e3ca3385a9e1fcee96d34de56047ec179c3c9d calls=1
[m[2m2026-09-14 22:52:38.977+0200[m[2m | [m[2mEthScheduler-BlockCreation-1-2[m[2m | [m[32mINFO [m[2m | [m[2mApprovalSelector[m[2m | [m[32mOPS_APPROVAL_TIMING {"tx":"0xa3a5c22a8051e37ba286dabc10e3ca3385a9e1fcee96d34de56047ec179c3c9d","mode":3,"calls":1,"gate_ns":26083}
[m[2m2026-09-14 22:52:38.977+0200[m[2m | [m[2mEthScheduler-BlockCreation-1-2[m[2m | [m[32mINFO [m[2m | [m[2mApprovalSelector[m[2m | [m[32mOPS_APPROVAL_DECISION allow tx=0x8864b7fa933a1d7cab9ceb4e5e1c194cc3e178cef120308b12ff905e03dddbfb calls=1
[m[2m2026-09-14 22:52:38.977+0200[m[2m | [m[2mEthScheduler-BlockCreation-1-2[m[2m | [m[32mINFO [m[2m | [m[2mApprovalSelector[m[2m | [m[32mOPS_APPROVAL_TIMING {"tx":"0x8864b7fa933a1d7cab9ceb4e5e1c194cc3e178cef120308b12ff905e03dddbfb","mode":3,"calls":1,"gate_ns":24417}
[m[2m2026-09-14 22:52:38.977+0200[m[2m | [m[2mEthScheduler-BlockCreation-1-2[m[2m | [m[32mINFO [m[2m | [m[2mApprovalSelector[m[2m | [m[32mOPS_APPROVAL_DECISION allow tx=0x261d09f50a98a1bfcdc6fcb9b0de5b52a730b06d11d429dc41731c0d19f9d50b calls=1
[m[2m2026-09-14 22:52:38.977+0200[m[2m | [m[2mEthScheduler-BlockCreation-1-2[m[2m | [m[32mINFO [m[2m | [m[2mApprovalSelector[m[2m | [m[32mOPS_APPROVAL_TIMING {"tx":"0x261d09f50a98a1bfcdc6fcb9b0de5b52a730b06d11d429dc41731c0d19f9d50b","mode":3,"calls":1,"gate_ns":28166}
[m[2m2026-09-14 22:52:38.977+0200[m[2m | [m[2mEthScheduler-BlockCreation-1-2[m[2m | [m[32mINFO [m[2m | [m[2mApprovalSelector[m[2m | [m[32mOPS_APPROVAL_DECISION allow tx=0x3bef62ab543762ffbcf0204eb37d65f1b88e78c9c4f40927996843c6495bca01 calls=1
[m[2m2026-09-14 22:52:38.977+0200[m[2m | [m[2mEthScheduler-BlockCreation-1-2[m[2m | [m[32mINFO [m[2m | [m[2mApprovalSelector[m[2m | [m[32mOPS_APPROVAL_TIMING {"tx":"0x3bef62ab543762ffbcf0204eb37d65f1b88e78c9c4f40927996843c6495bca01","mode":3,"calls":1,"gate_ns":29084}
[m[2m2026-09-14 22:52:38.978+0200[m[2m | [m[2mEthScheduler-BlockCreation-1-2[m[2m | [m[32mINFO [m[2m | [m[2mApprovalSelector[m[2m | [m[32mOPS_APPROVAL_DECISION allow tx=0x42528a2a1eb1bfa08615a92e7de85e8a54b0cb5a40549fa765dfb979b06cc0d1 calls=1
[m[2m2026-09-14 22:52:38.978+0200[m[2m | [m[2mEthScheduler-BlockCreation-1-2[m[2m | [m[32mINFO [m[2m | [m[2mApprovalSelector[m[2m | [m[32mOPS_APPROVAL_TIMING {"tx":"0x42528a2a1eb1bfa08615a92e7de85e8a54b0cb5a40549fa765dfb979b06cc0d1","mode":3,"calls":1,"gate_ns":35041}
[m[2m2026-09-14 22:52:38.978+0200[m[2m | [m[2mEthScheduler-BlockCreation-1-2[m[2m | [m[32mINFO [m[2m | [m[2mApprovalSelector[m[2m | [m[32mOPS_APPROVAL_DECISION allow tx=0x08de6ef676feb0f38cc6cc6036041ecccd88bab6a9cd86c5c695ccbfba6aa8e1 calls=1
[m[2m2026-09-14 22:52:38.978+0200[m[2m | [m[2mEthScheduler-BlockCreation-1-2[m[2m | [m[32mINFO [m[2m | [m[2mApprovalSelector[m[2m | [m[32mOPS_APPROVAL_TIMING {"tx":"0x08de6ef676feb0f38cc6cc6036041ecccd88bab6a9cd86c5c695ccbfba6aa8e1","mode":3,"calls":1,"gate_ns":28667}
[m[2m2026-09-14 22:52:38.978+0200[m[2m | [m[2mEthScheduler-BlockCreation-1-2[m[2m | [m[32mINFO [m[2m | [m[2mApprovalSelector[m[2m | [m[32mOPS_APPROVAL_DECISION allow tx=0x47b61b3dccdd5af6b5efbdf0955de17b7dff6360992afd59900aadaffd9dcd65 calls=1
[m[2m2026-09-14 22:52:38.978+0200[m[2m | [m[2mEthScheduler-BlockCreation-1-2[m[2m | [m[32mINFO [m[2m | [m[2mApprovalSelector[m[2m | [m[32mOPS_APPROVAL_TIMING {"tx":"0x47b61b3dccdd5af6b5efbdf0955de17b7dff6360992afd59900aadaffd9dcd65","mode":3,"calls":1,"gate_ns":24458}
[m[2m2026-09-14 22:52:38.978+0200[m[2m | [m[2mEthScheduler-BlockCreation-1-2[m[2m | [m[32mINFO [m[2m | [m[2mApprovalSelector[m[2m | [m[32mOPS_APPROVAL_DECISION allow tx=0x1eed8903083acc7a3eeb8fe00b8477eabf00d2c4159605567bff1df41808abee calls=1
[m[2m2026-09-14 22:52:38.978+0200[m[2m | [m[2mEthScheduler-BlockCreation-1-2[m[2m | [m[32mINFO [m[2m | [m[2mApprovalSelector[m[2m | [m[32mOPS_APPROVAL_TIMING {"tx":"0x1eed8903083acc7a3eeb8fe00b8477eabf00d2c4159605567bff1df41808abee","mode":3,"calls":1,"gate_ns":22541}
[m[2m2026-09-14 22:52:38.978+0200[m[2m | [m[2mEthScheduler-BlockCreation-1-2[m[2m | [m[32mINFO [m[2m | [m[2mApprovalSelector[m[2m | [m[32mOPS_APPROVAL_DECISION allow tx=0x137a4fc81f93fbaed457e621fb6497f17742261982a567f5daa5bbde675c3371 calls=1
[m[2m2026-09-14 22:52:38.978+0200[m[2m | [m[2mEthScheduler-BlockCreation-1-2[m[2m | [m[32mINFO [m[2m | [m[2mApprovalSelector[m[2m | [m[32mOPS_APPROVAL_TIMING {"tx":"0x137a4fc81f93fbaed457e621fb6497f17742261982a567f5daa5bbde675c3371","mode":3,"calls":1,"gate_ns":25708}
[m[2m2026-09-14 22:52:38.978+0200[m[2m | [m[2mEthScheduler-BlockCreation-1-2[m[2m | [m[32mINFO [m[2m | [m[2mApprovalSelector[m[2m | [m[32mOPS_APPROVAL_DECISION allow tx=0xbea24ae739ff2808597c15024c3bb955e6a84446d8d626bb3be419aaf4c207fc calls=1
[m[2m2026-09-14 22:52:38.978+0200[m[2m | [m[2mEthScheduler-BlockCreation-1-2[m[2m | [m[32mINFO [m[2m | [m[2mApprovalSelector[m[2m | [m[32mOPS_APPROVAL_TIMING {"tx":"0xbea24ae739ff2808597c15024c3bb955e6a84446d8d626bb3be419aaf4c207fc","mode":3,"calls":1,"gate_ns":23292}
[m[2m2026-09-14 22:52:38.978+0200[m[2m | [m[2mEthScheduler-BlockCreation-1-2[m[2m | [m[32mINFO [m[2m | [m[2mApprovalSelector[m[2m | [m[32mOPS_APPROVAL_DECISION allow tx=0xe1b1a5c460301319d58b3f12dfeacad6b8ce4ae36cb618c9295249cf03ba5a39 calls=1
[m[2m2026-09-14 22:52:38.978+0200[m[2m | [m[2mEthScheduler-BlockCreation-1-2[m[2m | [m[32mINFO [m[2m | [m[2mApprovalSelector[m[2m | [m[32mOPS_APPROVAL_TIMING {"tx":"0xe1b1a5c460301319d58b3f12dfeacad6b8ce4ae36cb618c9295249cf03ba5a39","mode":3,"calls":1,"gate_ns":22208}
[m[2m2026-09-14 22:52:38.978+0200[m[2m | [m[2mEthScheduler-BlockCreation-1-2[m[2m | [m[32mINFO [m[2m | [m[2mApprovalSelector[m[2m | [m[32mOPS_APPROVAL_DECISION allow tx=0x61e762822437898f96025a1d932497c39e4a31df2ddf3fa1c5137d15cb1783cd calls=1
[m[2m2026-09-14 22:52:38.978+0200[m[2m | [m[2mEthScheduler-BlockCreation-1-2[m[2m | [m[32mINFO [m[2m | [m[2mApprovalSelector[m[2m | [m[32mOPS_APPROVAL_TIMING {"tx":"0x61e762822437898f96025a1d932497c39e4a31df2ddf3fa1c5137d15cb1783cd","mode":3,"calls":1,"gate_ns":26167}
[m[2m2026-09-14 22:52:38.978+0200[m[2m | [m[2mEthScheduler-BlockCreation-1-2[m[2m | [m[32mINFO [m[2m | [m[2mApprovalSelector[m[2m | [m[32mOPS_APPROVAL_DECISION allow tx=0xd3fe359c64047682098f6bfab3670547c088f73ee9556ee7a6eb27c1e5c5711e calls=1
[m[2m2026-09-14 22:52:38.978+0200[m[2m | [m[2mEthScheduler-BlockCreation-1-2[m[2m | [m[32mINFO [m[2m | [m[2mApprovalSelector[m[2m | [m[32mOPS_APPROVAL_TIMING {"tx":"0xd3fe359c64047682098f6bfab3670547c088f73ee9556ee7a6eb27c1e5c5711e","mode":3,"calls":1,"gate_ns":22958}
[m[2m2026-09-14 22:52:38.979+0200[m[2m | [m[2mEthScheduler-BlockCreation-1-2[m[2m | [m[32mINFO [m[2m | [m[2mApprovalSelector[m[2m | [m[32mOPS_APPROVAL_DECISION allow tx=0x97a4965554b1f4718f493f9500b6381235705260e497390a868cfe5601440df4 calls=1
[m[2m2026-09-14 22:52:38.979+0200[m[2m | [m[2mEthScheduler-BlockCreation-1-2[m[2m | [m[32mINFO [m[2m | [m[2mApprovalSelector[m[2m | [m[32mOPS_APPROVAL_TIMING {"tx":"0x97a4965554b1f4718f493f9500b6381235705260e497390a868cfe5601440df4","mode":3,"calls":1,"gate_ns":24250}
[m[2m2026-09-14 22:52:38.979+0200[m[2m | [m[2mEthScheduler-BlockCreation-1-2[m[2m | [m[32mINFO [m[2m | [m[2mApprovalSelector[m[2m | [m[32mOPS_APPROVAL_DECISION allow tx=0x9a3a471dc0d847fc3742c8d6037d751bb31f1c3e1cd26c5ab00a64bb80fa090b calls=1
[m[2m2026-09-14 22:52:38.979+0200[m[2m | [m[2mEthScheduler-BlockCreation-1-2[m[2m | [m[32mINFO [m[2m | [m[2mApprovalSelector[m[2m | [m[32mOPS_APPROVAL_TIMING {"tx":"0x9a3a471dc0d847fc3742c8d6037d751bb31f1c3e1cd26c5ab00a64bb80fa090b","mode":3,"calls":1,"gate_ns":22542}
[m[2m2026-09-14 22:52:38.979+0200[m[2m | [m[2mEthScheduler-BlockCreation-1-2[m[2m | [m[32mINFO [m[2m | [m[2mApprovalSelector[m[2m | [m[32mOPS_APPROVAL_DECISION allow tx=0xfdcd5ff3963672bb8a07ca144a8ce49684eae3360ae9b4749c0d1a4fd3a556c9 calls=1
[m[2m2026-09-14 22:52:38.979+0200[m[2m | [m[2mEthScheduler-BlockCreation-1-2[m[2m | [m[32mINFO [m[2m | [m[2mApprovalSelector[m[2m | [m[32mOPS_APPROVAL_TIMING {"tx":"0xfdcd5ff3963672bb8a07ca144a8ce49684eae3360ae9b4749c0d1a4fd3a556c9","mode":3,"calls":1,"gate_ns":32750}
[m[2m2026-09-14 22:52:38.979+0200[m[2m | [m[2mEthScheduler-BlockCreation-1-2[m[2m | [m[32mINFO [m[2m | [m[2mApprovalSelector[m[2m | [m[32mOPS_APPROVAL_DECISION allow tx=0x1ba8d51f59f283075affe95cdc48c8e090de4185e4db88cb94d6a0f0f74518b2 calls=1
[m[2m2026-09-14 22:52:38.979+0200[m[2m | [m[2mEthScheduler-BlockCreation-1-2[m[2m | [m[32mINFO [m[2m | [m[2mApprovalSelector[m[2m | [m[32mOPS_APPROVAL_TIMING {"tx":"0x1ba8d51f59f283075affe95cdc48c8e090de4185e4db88cb94d6a0f0f74518b2","mode":3,"calls":1,"gate_ns":35208}
[m[2m2026-09-14 22:52:38.979+0200[m[2m | [m[2mEthScheduler-BlockCreation-1-2[m[2m | [m[32mINFO [m[2m | [m[2mApprovalSelector[m[2m | [m[32mOPS_APPROVAL_DECISION allow tx=0xf5f18208b6e45a4da6d3ff63f55632830d1e2331aae9fc3a53bf4226bdc18330 calls=1
[m[2m2026-09-14 22:52:38.979+0200[m[2m | [m[2mEthScheduler-BlockCreation-1-2[m[2m | [m[32mINFO [m[2m | [m[2mApprovalSelector[m[2m | [m[32mOPS_APPROVAL_TIMING {"tx":"0xf5f18208b6e45a4da6d3ff63f55632830d1e2331aae9fc3a53bf4226bdc18330","mode":3,"calls":1,"gate_ns":24792}
[m[2m2026-09-14 22:52:38.979+0200[m[2m | [m[2mEthScheduler-BlockCreation-1-2[m[2m | [m[32mINFO [m[2m | [m[2mApprovalSelector[m[2m | [m[32mOPS_APPROVAL_DECISION allow tx=0x17a7b0508038d87c7006b48cebf5a6c6d5a73e77fb09ce0b3b0740fd84989b80 calls=1
[m[2m2026-09-14 22:52:38.979+0200[m[2m | [m[2mEthScheduler-BlockCreation-1-2[m[2m | [m[32mINFO [m[2m | [m[2mApprovalSelector[m[2m | [m[32mOPS_APPROVAL_TIMING {"tx":"0x17a7b0508038d87c7006b48cebf5a6c6d5a73e77fb09ce0b3b0740fd84989b80","mode":3,"calls":1,"gate_ns":26666}
[m[2m2026-09-14 22:52:38.979+0200[m[2m | [m[2mEthScheduler-BlockCreation-1-2[m[2m | [m[32mINFO [m[2m | [m[2mApprovalSelector[m[2m | [m[32mOPS_APPROVAL_DECISION allow tx=0xbe9a83e3a47bf3ee11abf6b9e65bbf95aeb226747833a07e2f28ff22df773b8e calls=1
[m[2m2026-09-14 22:52:38.979+0200[m[2m | [m[2mEthScheduler-BlockCreation-1-2[m[2m | [m[32mINFO [m[2m | [m[2mApprovalSelector[m[2m | [m[32mOPS_APPROVAL_TIMING {"tx":"0xbe9a83e3a47bf3ee11abf6b9e65bbf95aeb226747833a07e2f28ff22df773b8e","mode":3,"calls":1,"gate_ns":23499}
[m[2m2026-09-14 22:52:38.979+0200[m[2m | [m[2mEthScheduler-BlockCreation-1-2[m[2m | [m[32mINFO [m[2m | [m[2mApprovalSelector[m[2m | [m[32mOPS_APPROVAL_DECISION allow tx=0x1532efb2c81b2174fb8ca991d0edd12f151d1ed27178442bd6127f203b53d22c calls=1
[m[2m2026-09-14 22:52:38.979+0200[m[2m | [m[2mEthScheduler-BlockCreation-1-2[m[2m | [m[32mINFO [m[2m | [m[2mApprovalSelector[m[2m | [m[32mOPS_APPROVAL_TIMING {"tx":"0x1532efb2c81b2174fb8ca991d0edd12f151d1ed27178442bd6127f203b53d22c","mode":3,"calls":1,"gate_ns":59709}
[m[2m2026-09-14 22:52:38.980+0200[m[2m | [m[2mEthScheduler-BlockCreation-1-2[m[2m | [m[32mINFO [m[2m | [m[2mApprovalSelector[m[2m | [m[32mOPS_APPROVAL_DECISION allow tx=0xcc3b14a48644a770d5eaa35f5c46518f4800e4b3697cf4fac67adc6660d1788c calls=1
[m[2m2026-09-14 22:52:38.980+0200[m[2m | [m[2mEthScheduler-BlockCreation-1-2[m[2m | [m[32mINFO [m[2m | [m[2mApprovalSelector[m[2m | [m[32mOPS_APPROVAL_TIMING {"tx":"0xcc3b14a48644a770d5eaa35f5c46518f4800e4b3697cf4fac67adc6660d1788c","mode":3,"calls":1,"gate_ns":34584}
[m[2m2026-09-14 22:52:38.980+0200[m[2m | [m[2mEthScheduler-BlockCreation-1-2[m[2m | [m[32mINFO [m[2m | [m[2mApprovalSelector[m[2m | [m[32mOPS_APPROVAL_DECISION allow tx=0x0a27847b746da6de99e28c96e029c6cf671e74b81142a89e66b10fa2f1f95aeb calls=1
[m[2m2026-09-14 22:52:38.980+0200[m[2m | [m[2mEthScheduler-BlockCreation-1-2[m[2m | [m[32mINFO [m[2m | [m[2mApprovalSelector[m[2m | [m[32mOPS_APPROVAL_TIMING {"tx":"0x0a27847b746da6de99e28c96e029c6cf671e74b81142a89e66b10fa2f1f95aeb","mode":3,"calls":1,"gate_ns":26916}
[m[2m2026-09-14 22:52:38.980+0200[m[2m | [m[2mEthScheduler-BlockCreation-1-2[m[2m | [m[32mINFO [m[2m | [m[2mApprovalSelector[m[2m | [m[32mOPS_APPROVAL_DECISION allow tx=0x62306e1c386dc5e1faffe719e982b3dbf97c7c45acf4bcc676087e26156f0e09 calls=1
[m[2m2026-09-14 22:52:38.980+0200[m[2m | [m[2mEthScheduler-BlockCreation-1-2[m[2m | [m[32mINFO [m[2m | [m[2mApprovalSelector[m[2m | [m[32mOPS_APPROVAL_TIMING {"tx":"0x62306e1c386dc5e1faffe719e982b3dbf97c7c45acf4bcc676087e26156f0e09","mode":3,"calls":1,"gate_ns":30167}
[m[2m2026-09-14 22:52:38.980+0200[m[2m | [m[2mEthScheduler-BlockCreation-1-2[m[2m | [m[32mINFO [m[2m | [m[2mApprovalSelector[m[2m | [m[32mOPS_APPROVAL_DECISION allow tx=0xea633fb6e74a89a79503b469297d3c665fb2824606e6c408d4504759454ca130 calls=1
[m[2m2026-09-14 22:52:38.980+0200[m[2m | [m[2mEthScheduler-BlockCreation-1-2[m[2m | [m[32mINFO [m[2m | [m[2mApprovalSelector[m[2m | [m[32mOPS_APPROVAL_TIMING {"tx":"0xea633fb6e74a89a79503b469297d3c665fb2824606e6c408d4504759454ca130","mode":3,"calls":1,"gate_ns":26208}
[m[2m2026-09-14 22:52:38.980+0200[m[2m | [m[2mEthScheduler-BlockCreation-1-2[m[2m | [m[32mINFO [m[2m | [m[2mApprovalSelector[m[2m | [m[32mOPS_APPROVAL_DECISION allow tx=0xe54cc71bd4d9e964478ae041a28f150a47d6922de97ff48a04bf7cb2a917c1ec calls=1
[m[2m2026-09-14 22:52:38.980+0200[m[2m | [m[2mEthScheduler-BlockCreation-1-2[m[2m | [m[32mINFO [m[2m | [m[2mApprovalSelector[m[2m | [m[32mOPS_APPROVAL_TIMING {"tx":"0xe54cc71bd4d9e964478ae041a28f150a47d6922de97ff48a04bf7cb2a917c1ec","mode":3,"calls":1,"gate_ns":24251}
[m[2m2026-09-14 22:52:38.980+0200[m[2m | [m[2mEthScheduler-BlockCreation-1-2[m[2m | [m[32mINFO [m[2m | [m[2mApprovalSelector[m[2m | [m[32mOPS_APPROVAL_DECISION allow tx=0xf6b2c1638c24b4b3a4251379edafa1691677d2baaa9842bfa5aa6ec4e8b5755e calls=1
[m[2m2026-09-14 22:52:38.980+0200[m[2m | [m[2mEthScheduler-BlockCreation-1-2[m[2m | [m[32mINFO [m[2m | [m[2mApprovalSelector[m[2m | [m[32mOPS_APPROVAL_TIMING {"tx":"0xf6b2c1638c24b4b3a4251379edafa1691677d2baaa9842bfa5aa6ec4e8b5755e","mode":3,"calls":1,"gate_ns":27417}
[m[2m2026-09-14 22:52:38.980+0200[m[2m | [m[2mEthScheduler-BlockCreation-1-2[m[2m | [m[32mINFO [m[2m | [m[2mApprovalSelector[m[2m | [m[32mOPS_APPROVAL_DECISION allow tx=0x1ce16f6b321a9b19cc5ca7aaf03bf6259342d0b6e47095cbceb67bd3021a9f4c calls=1
[m[2m2026-09-14 22:52:38.980+0200[m[2m | [m[2mEthScheduler-BlockCreation-1-2[m[2m | [m[32mINFO [m[2m | [m[2mApprovalSelector[m[2m | [m[32mOPS_APPROVAL_TIMING {"tx":"0x1ce16f6b321a9b19cc5ca7aaf03bf6259342d0b6e47095cbceb67bd3021a9f4c","mode":3,"calls":1,"gate_ns":24416}
[m[2m2026-09-14 22:52:38.981+0200[m[2m | [m[2mEthScheduler-BlockCreation-1-2[m[2m | [m[32mINFO [m[2m | [m[2mApprovalSelector[m[2m | [m[32mOPS_APPROVAL_DECISION allow tx=0x0e3666856e1d2629b234eee81de9eb6d6f64b779b438ce047df2c717cd78fbdf calls=1
[m[2m2026-09-14 22:52:38.981+0200[m[2m | [m[2mEthScheduler-BlockCreation-1-2[m[2m | [m[32mINFO [m[2m | [m[2mApprovalSelector[m[2m | [m[32mOPS_APPROVAL_TIMING {"tx":"0x0e3666856e1d2629b234eee81de9eb6d6f64b779b438ce047df2c717cd78fbdf","mode":3,"calls":1,"gate_ns":30542}
[m[2m2026-09-14 22:52:38.981+0200[m[2m | [m[2mEthScheduler-BlockCreation-1-2[m[2m | [m[32mINFO [m[2m | [m[2mApprovalSelector[m[2m | [m[32mOPS_APPROVAL_DECISION allow tx=0x8e36658f7deebf0d8e4011a98475340dcb630d2796300342849a5406eeff972d calls=1
[m[2m2026-09-14 22:52:38.981+0200[m[2m | [m[2mEthScheduler-BlockCreation-1-2[m[2m | [m[32mINFO [m[2m | [m[2mApprovalSelector[m[2m | [m[32mOPS_APPROVAL_TIMING {"tx":"0x8e36658f7deebf0d8e4011a98475340dcb630d2796300342849a5406eeff972d","mode":3,"calls":1,"gate_ns":24750}
[m[2m2026-09-14 22:52:38.981+0200[m[2m | [m[2mEthScheduler-BlockCreation-1-2[m[2m | [m[32mINFO [m[2m | [m[2mApprovalSelector[m[2m | [m[32mOPS_APPROVAL_DECISION allow tx=0x824b821062c6755c21e6d82a98aba7ecaaeb6e2c48143d45c6e757685ff05914 calls=1
[m[2m2026-09-14 22:52:38.981+0200[m[2m | [m[2mEthScheduler-BlockCreation-1-2[m[2m | [m[32mINFO [m[2m | [m[2mApprovalSelector[m[2m | [m[32mOPS_APPROVAL_TIMING {"tx":"0x824b821062c6755c21e6d82a98aba7ecaaeb6e2c48143d45c6e757685ff05914","mode":3,"calls":1,"gate_ns":27416}
[m[2m2026-09-14 22:52:38.981+0200[m[2m | [m[2mEthScheduler-BlockCreation-1-2[m[2m | [m[32mINFO [m[2m | [m[2mApprovalSelector[m[2m | [m[32mOPS_APPROVAL_DECISION allow tx=0x96f4686c205ab0a8fe9f98ee5faf54274ba0c7f57cc78fc296cf92aceca1665c calls=1
[m[2m2026-09-14 22:52:38.981+0200[m[2m | [m[2mEthScheduler-BlockCreation-1-2[m[2m | [m[32mINFO [m[2m | [m[2mApprovalSelector[m[2m | [m[32mOPS_APPROVAL_TIMING {"tx":"0x96f4686c205ab0a8fe9f98ee5faf54274ba0c7f57cc78fc296cf92aceca1665c","mode":3,"calls":1,"gate_ns":23834}
[m[2m2026-09-14 22:52:38.981+0200[m[2m | [m[2mEthScheduler-BlockCreation-1-2[m[2m | [m[32mINFO [m[2m | [m[2mApprovalSelector[m[2m | [m[32mOPS_APPROVAL_DECISION allow tx=0xf86493b3ae2eac975c5526a8705372124abe487b42b23e4b425c94d23d0143d7 calls=1
[m[2m2026-09-14 22:52:38.981+0200[m[2m | [m[2mEthScheduler-BlockCreation-1-2[m[2m | [m[32mINFO [m[2m | [m[2mApprovalSelector[m[2m | [m[32mOPS_APPROVAL_TIMING {"tx":"0xf86493b3ae2eac975c5526a8705372124abe487b42b23e4b425c94d23d0143d7","mode":3,"calls":1,"gate_ns":25708}
[m[2m2026-09-14 22:52:38.981+0200[m[2m | [m[2mEthScheduler-BlockCreation-1-2[m[2m | [m[32mINFO [m[2m | [m[2mApprovalSelector[m[2m | [m[32mOPS_APPROVAL_DECISION allow tx=0x3af890136289ce4c6804b44559b25013cdddd0e3a304b4ec0b015ac938fb1c51 calls=1
[m[2m2026-09-14 22:52:38.981+0200[m[2m | [m[2mEthScheduler-BlockCreation-1-2[m[2m | [m[32mINFO [m[2m | [m[2mApprovalSelector[m[2m | [m[32mOPS_APPROVAL_TIMING {"tx":"0x3af890136289ce4c6804b44559b25013cdddd0e3a304b4ec0b015ac938fb1c51","mode":3,"calls":1,"gate_ns":23584}
[m[2m2026-09-14 22:52:38.981+0200[m[2m | [m[2mEthScheduler-BlockCreation-1-2[m[2m | [m[32mINFO [m[2m | [m[2mApprovalSelector[m[2m | [m[32mOPS_APPROVAL_DECISION allow tx=0x3262d8aebd15dd8f94502914561925cb94490bbbf79fab44e02d6c129548250f calls=1
[m[2m2026-09-14 22:52:38.981+0200[m[2m | [m[2mEthScheduler-BlockCreation-1-2[m[2m | [m[32mINFO [m[2m | [m[2mApprovalSelector[m[2m | [m[32mOPS_APPROVAL_TIMING {"tx":"0x3262d8aebd15dd8f94502914561925cb94490bbbf79fab44e02d6c129548250f","mode":3,"calls":1,"gate_ns":23250}
[m[2m2026-09-14 22:52:38.981+0200[m[2m | [m[2mEthScheduler-BlockCreation-1-2[m[2m | [m[32mINFO [m[2m | [m[2mApprovalSelector[m[2m | [m[32mOPS_APPROVAL_DECISION allow tx=0x1b67c708475a09294457d4939aa02781e19cda33a05cc0700c7887c107f221df calls=1
[m[2m2026-09-14 22:52:38.981+0200[m[2m | [m[2mEthScheduler-BlockCreation-1-2[m[2m | [m[32mINFO [m[2m | [m[2mApprovalSelector[m[2m | [m[32mOPS_APPROVAL_TIMING {"tx":"0x1b67c708475a09294457d4939aa02781e19cda33a05cc0700c7887c107f221df","mode":3,"calls":1,"gate_ns":33542}
[m[2m2026-09-14 22:52:38.981+0200[m[2m | [m[2mEthScheduler-BlockCreation-1-2[m[2m | [m[32mINFO [m[2m | [m[2mApprovalSelector[m[2m | [m[32mOPS_APPROVAL_DECISION allow tx=0xfe05ddb77605886e78dd5c9d6e681b9fb9ebc07108876c012df3e595d57b5ce2 calls=1
[m[2m2026-09-14 22:52:38.982+0200[m[2m | [m[2mEthScheduler-BlockCreation-1-2[m[2m | [m[32mINFO [m[2m | [m[2mApprovalSelector[m[2m | [m[32mOPS_APPROVAL_TIMING {"tx":"0xfe05ddb77605886e78dd5c9d6e681b9fb9ebc07108876c012df3e595d57b5ce2","mode":3,"calls":1,"gate_ns":24917}
[m[2m2026-09-14 22:52:38.982+0200[m[2m | [m[2mEthScheduler-BlockCreation-1-2[m[2m | [m[32mINFO [m[2m | [m[2mApprovalSelector[m[2m | [m[32mOPS_APPROVAL_DECISION allow tx=0x9cdb56e47cb9554f54ef76d7e6c4fad2c31d3f5917233a85d8ac8c998668d6b6 calls=1
[m[2m2026-09-14 22:52:38.982+0200[m[2m | [m[2mEthScheduler-BlockCreation-1-2[m[2m | [m[32mINFO [m[2m | [m[2mApprovalSelector[m[2m | [m[32mOPS_APPROVAL_TIMING {"tx":"0x9cdb56e47cb9554f54ef76d7e6c4fad2c31d3f5917233a85d8ac8c998668d6b6","mode":3,"calls":1,"gate_ns":26375}
[m[2m2026-09-14 22:52:38.982+0200[m[2m | [m[2mEthScheduler-BlockCreation-1-2[m[2m | [m[32mINFO [m[2m | [m[2mApprovalSelector[m[2m | [m[32mOPS_APPROVAL_DECISION allow tx=0xf6dda9e8e18f791699f3771e6194a440c3c6f22f39f5e28f805763f41c4dc48a calls=1
[m[2m2026-09-14 22:52:38.982+0200[m[2m | [m[2mEthScheduler-BlockCreation-1-2[m[2m | [m[32mINFO [m[2m | [m[2mApprovalSelector[m[2m | [m[32mOPS_APPROVAL_TIMING {"tx":"0xf6dda9e8e18f791699f3771e6194a440c3c6f22f39f5e28f805763f41c4dc48a","mode":3,"calls":1,"gate_ns":23375}
[m[2m2026-09-14 22:52:38.982+0200[m[2m | [m[2mEthScheduler-BlockCreation-1-2[m[2m | [m[32mINFO [m[2m | [m[2mApprovalSelector[m[2m | [m[32mOPS_APPROVAL_DECISION allow tx=0x46dff4e0675a64486bf2ca1e48002eebfd3ef212ead1a339558924d25e406841 calls=1
[m[2m2026-09-14 22:52:38.982+0200[m[2m | [m[2mEthScheduler-BlockCreation-1-2[m[2m | [m[32mINFO [m[2m | [m[2mApprovalSelector[m[2m | [m[32mOPS_APPROVAL_TIMING {"tx":"0x46dff4e0675a64486bf2ca1e48002eebfd3ef212ead1a339558924d25e406841","mode":3,"calls":1,"gate_ns":45000}
[m[2m2026-09-14 22:52:38.982+0200[m[2m | [m[2mEthScheduler-BlockCreation-1-2[m[2m | [m[32mINFO [m[2m | [m[2mApprovalSelector[m[2m | [m[32mOPS_APPROVAL_DECISION allow tx=0x0cf7d208c0cefabe30f206cc2f176e8468cdbff4376ca304943ea4981f67c265 calls=1
[m[2m2026-09-14 22:52:38.982+0200[m[2m | [m[2mEthScheduler-BlockCreation-1-2[m[2m | [m[32mINFO [m[2m | [m[2mApprovalSelector[m[2m | [m[32mOPS_APPROVAL_TIMING {"tx":"0x0cf7d208c0cefabe30f206cc2f176e8468cdbff4376ca304943ea4981f67c265","mode":3,"calls":1,"gate_ns":25124}
[m[2m2026-09-14 22:52:38.982+0200[m[2m | [m[2mEthScheduler-BlockCreation-1-2[m[2m | [m[32mINFO [m[2m | [m[2mApprovalSelector[m[2m | [m[32mOPS_APPROVAL_DECISION allow tx=0xb506cf0601e4db9b18394cda769b2e3c68eb400b0bf3a893f84e24a39b453744 calls=1
[m[2m2026-09-14 22:52:38.982+0200[m[2m | [m[2mEthScheduler-BlockCreation-1-2[m[2m | [m[32mINFO [m[2m | [m[2mApprovalSelector[m[2m | [m[32mOPS_APPROVAL_TIMING {"tx":"0xb506cf0601e4db9b18394cda769b2e3c68eb400b0bf3a893f84e24a39b453744","mode":3,"calls":1,"gate_ns":22416}
[m[2m2026-09-14 22:52:38.982+0200[m[2m | [m[2mEthScheduler-BlockCreation-1-2[m[2m | [m[32mINFO [m[2m | [m[2mApprovalSelector[m[2m | [m[32mOPS_APPROVAL_DECISION allow tx=0xc068685e438487d6c3c22c82c4a4af9ac1b8572893c2fd92cfd352a1c7bfc8b8 calls=1
[m[2m2026-09-14 22:52:38.982+0200[m[2m | [m[2mEthScheduler-BlockCreation-1-2[m[2m | [m[32mINFO [m[2m | [m[2mApprovalSelector[m[2m | [m[32mOPS_APPROVAL_TIMING {"tx":"0xc068685e438487d6c3c22c82c4a4af9ac1b8572893c2fd92cfd352a1c7bfc8b8","mode":3,"calls":1,"gate_ns":29208}
[m[2m2026-09-14 22:52:38.982+0200[m[2m | [m[2mEthScheduler-BlockCreation-1-2[m[2m | [m[32mINFO [m[2m | [m[2mApprovalSelector[m[2m | [m[32mOPS_APPROVAL_DECISION allow tx=0x725c634affc3d07a01387ca32a1bc2012f4a5e6d3fc5938ad8885a2c6d268ef4 calls=1
[m[2m2026-09-14 22:52:38.982+0200[m[2m | [m[2mEthScheduler-BlockCreation-1-2[m[2m | [m[32mINFO [m[2m | [m[2mApprovalSelector[m[2m | [m[32mOPS_APPROVAL_TIMING {"tx":"0x725c634affc3d07a01387ca32a1bc2012f4a5e6d3fc5938ad8885a2c6d268ef4","mode":3,"calls":1,"gate_ns":23708}
[m[2m2026-09-14 22:52:38.982+0200[m[2m | [m[2mEthScheduler-BlockCreation-1-2[m[2m | [m[32mINFO [m[2m | [m[2mApprovalSelector[m[2m | [m[32mOPS_APPROVAL_DECISION allow tx=0x5eadfc96b34927885f04332ba8ceafff50c152fc12560f839d6ad0236768ffff calls=1
[m[2m2026-09-14 22:52:38.982+0200[m[2m | [m[2mEthScheduler-BlockCreation-1-2[m[2m | [m[32mINFO [m[2m | [m[2mApprovalSelector[m[2m | [m[32mOPS_APPROVAL_TIMING {"tx":"0x5eadfc96b34927885f04332ba8ceafff50c152fc12560f839d6ad0236768ffff","mode":3,"calls":1,"gate_ns":25875}
[m[2m2026-09-14 22:52:38.983+0200[m[2m | [m[2mEthScheduler-BlockCreation-1-2[m[2m | [m[32mINFO [m[2m | [m[2mApprovalSelector[m[2m | [m[32mOPS_APPROVAL_DECISION allow tx=0x868da49b4a81fe0e713cdbfe6ad18e360a8d4eb85081250ca679edc5fb835eba calls=1
[m[2m2026-09-14 22:52:38.983+0200[m[2m | [m[2mEthScheduler-BlockCreation-1-2[m[2m | [m[32mINFO [m[2m | [m[2mApprovalSelector[m[2m | [m[32mOPS_APPROVAL_TIMING {"tx":"0x868da49b4a81fe0e713cdbfe6ad18e360a8d4eb85081250ca679edc5fb835eba","mode":3,"calls":1,"gate_ns":26292}
[m[2m2026-09-14 22:52:38.983+0200[m[2m | [m[2mEthScheduler-BlockCreation-1-2[m[2m | [m[32mINFO [m[2m | [m[2mApprovalSelector[m[2m | [m[32mOPS_APPROVAL_DECISION allow tx=0xdd6db082430fa0ef3c6d2f40fd5e604c9908480f902eb372db11d80da558b05d calls=1
[m[2m2026-09-14 22:52:38.983+0200[m[2m | [m[2mEthScheduler-BlockCreation-1-2[m[2m | [m[32mINFO [m[2m | [m[2mApprovalSelector[m[2m | [m[32mOPS_APPROVAL_TIMING {"tx":"0xdd6db082430fa0ef3c6d2f40fd5e604c9908480f902eb372db11d80da558b05d","mode":3,"calls":1,"gate_ns":28542}
[m[2m2026-09-14 22:52:38.983+0200[m[2m | [m[2mEthScheduler-BlockCreation-1-2[m[2m | [m[32mINFO [m[2m | [m[2mApprovalSelector[m[2m | [m[32mOPS_APPROVAL_DECISION allow tx=0x94e1748daa00c29a346a02d26ff31488dcc950ad4604416104b1418e849e7790 calls=1
[m[2m2026-09-14 22:52:38.983+0200[m[2m | [m[2mEthScheduler-BlockCreation-1-2[m[2m | [m[32mINFO [m[2m | [m[2mApprovalSelector[m[2m | [m[32mOPS_APPROVAL_TIMING {"tx":"0x94e1748daa00c29a346a02d26ff31488dcc950ad4604416104b1418e849e7790","mode":3,"calls":1,"gate_ns":30958}
[m[2m2026-09-14 22:52:38.983+0200[m[2m | [m[2mEthScheduler-BlockCreation-1-2[m[2m | [m[32mINFO [m[2m | [m[2mApprovalSelector[m[2m | [m[32mOPS_APPROVAL_DECISION allow tx=0x1095c2f4d6deec15fdb32fd4a02f1d9e62f73c48675217a6dba6ef5c1e0857e5 calls=1
[m[2m2026-09-14 22:52:38.983+0200[m[2m | [m[2mEthScheduler-BlockCreation-1-2[m[2m | [m[32mINFO [m[2m | [m[2mApprovalSelector[m[2m | [m[32mOPS_APPROVAL_TIMING {"tx":"0x1095c2f4d6deec15fdb32fd4a02f1d9e62f73c48675217a6dba6ef5c1e0857e5","mode":3,"calls":1,"gate_ns":25416}
[m[2m2026-09-14 22:52:38.983+0200[m[2m | [m[2mEthScheduler-BlockCreation-1-2[m[2m | [m[32mINFO [m[2m | [m[2mApprovalSelector[m[2m | [m[32mOPS_APPROVAL_DECISION allow tx=0xacd431992f3bd969fd68a20656bf4bb48d2d3730bb872474f9f1d9a6ae6aa4ae calls=1
[m[2m2026-09-14 22:52:38.983+0200[m[2m | [m[2mEthScheduler-BlockCreation-1-2[m[2m | [m[32mINFO [m[2m | [m[2mApprovalSelector[m[2m | [m[32mOPS_APPROVAL_TIMING {"tx":"0xacd431992f3bd969fd68a20656bf4bb48d2d3730bb872474f9f1d9a6ae6aa4ae","mode":3,"calls":1,"gate_ns":23624}
[m[2m2026-09-14 22:52:38.983+0200[m[2m | [m[2mEthScheduler-BlockCreation-1-2[m[2m | [m[32mINFO [m[2m | [m[2mApprovalSelector[m[2m | [m[32mOPS_APPROVAL_DECISION allow tx=0x559e991807644fb4f8ca60289476053032c945c2f9fe5ce76f4f9b464a2717ab calls=1
[m[2m2026-09-14 22:52:38.983+0200[m[2m | [m[2mEthScheduler-BlockCreation-1-2[m[2m | [m[32mINFO [m[2m | [m[2mApprovalSelector[m[2m | [m[32mOPS_APPROVAL_TIMING {"tx":"0x559e991807644fb4f8ca60289476053032c945c2f9fe5ce76f4f9b464a2717ab","mode":3,"calls":1,"gate_ns":22750}
[m[2m2026-09-14 22:52:38.983+0200[m[2m | [m[2mEthScheduler-BlockCreation-1-2[m[2m | [m[32mINFO [m[2m | [m[2mApprovalSelector[m[2m | [m[32mOPS_APPROVAL_DECISION allow tx=0x5dbd4046eb347b0e617a38e429f3ccae58d992d35b5c197d74ca1f06ef707010 calls=1
[m[2m2026-09-14 22:52:38.983+0200[m[2m | [m[2mEthScheduler-BlockCreation-1-2[m[2m | [m[32mINFO [m[2m | [m[2mApprovalSelector[m[2m | [m[32mOPS_APPROVAL_TIMING {"tx":"0x5dbd4046eb347b0e617a38e429f3ccae58d992d35b5c197d74ca1f06ef707010","mode":3,"calls":1,"gate_ns":34834}
[m[2m2026-09-14 22:52:38.983+0200[m[2m | [m[2mEthScheduler-BlockCreation-1-2[m[2m | [m[32mINFO [m[2m | [m[2mApprovalSelector[m[2m | [m[32mOPS_APPROVAL_DECISION allow tx=0x89d073998ab7bc047335c0ee9ba3e81634120696e231708c0ee9eb46d5568f6a calls=1
[m[2m2026-09-14 22:52:38.983+0200[m[2m | [m[2mEthScheduler-BlockCreation-1-2[m[2m | [m[32mINFO [m[2m | [m[2mApprovalSelector[m[2m | [m[32mOPS_APPROVAL_TIMING {"tx":"0x89d073998ab7bc047335c0ee9ba3e81634120696e231708c0ee9eb46d5568f6a","mode":3,"calls":1,"gate_ns":22833}
[m[2m2026-09-14 22:52:38.983+0200[m[2m | [m[2mEthScheduler-BlockCreation-1-2[m[2m | [m[32mINFO [m[2m | [m[2mApprovalSelector[m[2m | [m[32mOPS_APPROVAL_DECISION allow tx=0x31cf096787447d7209653d723fec90db78f13aa8e66ce5d2af832b46e565ff61 calls=1
[m[2m2026-09-14 22:52:38.983+0200[m[2m | [m[2mEthScheduler-BlockCreation-1-2[m[2m | [m[32mINFO [m[2m | [m[2mApprovalSelector[m[2m | [m[32mOPS_APPROVAL_TIMING {"tx":"0x31cf096787447d7209653d723fec90db78f13aa8e66ce5d2af832b46e565ff61","mode":3,"calls":1,"gate_ns":26792}
[m[2m2026-09-14 22:52:38.983+0200[m[2m | [m[2mEthScheduler-BlockCreation-1-2[m[2m | [m[32mINFO [m[2m | [m[2mApprovalSelector[m[2m | [m[32mOPS_APPROVAL_DECISION allow tx=0x810d61f6ccdf4b6dd7d9e3c5f53c2c3b784bd49beb2023e09cde0ba1399fd953 calls=1
[m[2m2026-09-14 22:52:38.984+0200[m[2m | [m[2mEthScheduler-BlockCreation-1-2[m[2m | [m[32mINFO [m[2m | [m[2mApprovalSelector[m[2m | [m[32mOPS_APPROVAL_TIMING {"tx":"0x810d61f6ccdf4b6dd7d9e3c5f53c2c3b784bd49beb2023e09cde0ba1399fd953","mode":3,"calls":1,"gate_ns":22583}
[m[2m2026-09-14 22:52:38.984+0200[m[2m | [m[2mEthScheduler-BlockCreation-1-2[m[2m | [m[32mINFO [m[2m | [m[2mApprovalSelector[m[2m | [m[32mOPS_APPROVAL_DECISION allow tx=0xbc066cf1404a9d5756e5a1c7a880b61aa4dacc11f59ebd8d00f2ac8d9413480e calls=1
[m[2m2026-09-14 22:52:38.984+0200[m[2m | [m[2mEthScheduler-BlockCreation-1-2[m[2m | [m[32mINFO [m[2m | [m[2mApprovalSelector[m[2m | [m[32mOPS_APPROVAL_TIMING {"tx":"0xbc066cf1404a9d5756e5a1c7a880b61aa4dacc11f59ebd8d00f2ac8d9413480e","mode":3,"calls":1,"gate_ns":23750}
[m[2m2026-09-14 22:52:38.984+0200[m[2m | [m[2mEthScheduler-BlockCreation-1-2[m[2m | [m[32mINFO [m[2m | [m[2mApprovalSelector[m[2m | [m[32mOPS_APPROVAL_DECISION allow tx=0xb5fe8987190200b9e168adaba787d0d0ae8cf81004493ef75ba934cb2db9135e calls=1
[m[2m2026-09-14 22:52:38.984+0200[m[2m | [m[2mEthScheduler-BlockCreation-1-2[m[2m | [m[32mINFO [m[2m | [m[2mApprovalSelector[m[2m | [m[32mOPS_APPROVAL_TIMING {"tx":"0xb5fe8987190200b9e168adaba787d0d0ae8cf81004493ef75ba934cb2db9135e","mode":3,"calls":1,"gate_ns":21833}
[m[2m2026-09-14 22:52:38.984+0200[m[2m | [m[2mEthScheduler-BlockCreation-1-2[m[2m | [m[32mINFO [m[2m | [m[2mApprovalSelector[m[2m | [m[32mOPS_APPROVAL_DECISION allow tx=0x50e85afd61d18ab7a8d01485869aac6876f4346576153049286347025523f17a calls=1
[m[2m2026-09-14 22:52:38.984+0200[m[2m | [m[2mEthScheduler-BlockCreation-1-2[m[2m | [m[32mINFO [m[2m | [m[2mApprovalSelector[m[2m | [m[32mOPS_APPROVAL_TIMING {"tx":"0x50e85afd61d18ab7a8d01485869aac6876f4346576153049286347025523f17a","mode":3,"calls":1,"gate_ns":27042}
[m[2m2026-09-14 22:52:38.984+0200[m[2m | [m[2mEthScheduler-BlockCreation-1-2[m[2m | [m[32mINFO [m[2m | [m[2mApprovalSelector[m[2m | [m[32mOPS_APPROVAL_DECISION allow tx=0x3349af5aff3ab43cfc2f7e9339bb4ecb1a699832257cfc80061cbc09eff6a50c calls=1
[m[2m2026-09-14 22:52:38.984+0200[m[2m | [m[2mEthScheduler-BlockCreation-1-2[m[2m | [m[32mINFO [m[2m | [m[2mApprovalSelector[m[2m | [m[32mOPS_APPROVAL_TIMING {"tx":"0x3349af5aff3ab43cfc2f7e9339bb4ecb1a699832257cfc80061cbc09eff6a50c","mode":3,"calls":1,"gate_ns":21917}
[m[2m2026-09-14 22:52:38.984+0200[m[2m | [m[2mEthScheduler-BlockCreation-1-2[m[2m | [m[32mINFO [m[2m | [m[2mApprovalSelector[m[2m | [m[32mOPS_APPROVAL_DECISION allow tx=0x26b8d99c65fb91f7d7921ae020dfb3771525757914ab3551950d803aaf3cf799 calls=1
[m[2m2026-09-14 22:52:38.984+0200[m[2m | [m[2mEthScheduler-BlockCreation-1-2[m[2m | [m[32mINFO [m[2m | [m[2mApprovalSelector[m[2m | [m[32mOPS_APPROVAL_TIMING {"tx":"0x26b8d99c65fb91f7d7921ae020dfb3771525757914ab3551950d803aaf3cf799","mode":3,"calls":1,"gate_ns":21375}
[m[2m2026-09-14 22:52:38.984+0200[m[2m | [m[2mEthScheduler-BlockCreation-1-2[m[2m | [m[32mINFO [m[2m | [m[2mApprovalSelector[m[2m | [m[32mOPS_APPROVAL_DECISION allow tx=0x7c7b4592952e5f2935d65e600a02b082f56637773608208a9bce565a8a3e3b0c calls=1
[m[2m2026-09-14 22:52:38.984+0200[m[2m | [m[2mEthScheduler-BlockCreation-1-2[m[2m | [m[32mINFO [m[2m | [m[2mApprovalSelector[m[2m | [m[32mOPS_APPROVAL_TIMING {"tx":"0x7c7b4592952e5f2935d65e600a02b082f56637773608208a9bce565a8a3e3b0c","mode":3,"calls":1,"gate_ns":24041}
[m[2m2026-09-14 22:52:38.984+0200[m[2m | [m[2mEthScheduler-BlockCreation-1-2[m[2m | [m[32mINFO [m[2m | [m[2mApprovalSelector[m[2m | [m[32mOPS_APPROVAL_DECISION allow tx=0x47cad0ee9deb0fa77a2d5005db8fd75f52708eab217907e9b805f49e3cead6de calls=1
[m[2m2026-09-14 22:52:38.984+0200[m[2m | [m[2mEthScheduler-BlockCreation-1-2[m[2m | [m[32mINFO [m[2m | [m[2mApprovalSelector[m[2m | [m[32mOPS_APPROVAL_TIMING {"tx":"0x47cad0ee9deb0fa77a2d5005db8fd75f52708eab217907e9b805f49e3cead6de","mode":3,"calls":1,"gate_ns":21251}
[m[2m2026-09-14 22:52:38.984+0200[m[2m | [m[2mEthScheduler-BlockCreation-1-2[m[2m | [m[32mINFO [m[2m | [m[2mApprovalSelector[m[2m | [m[32mOPS_APPROVAL_DECISION allow tx=0x1f9e87f7a4775064ec0690c268e912309ca0f2d19165b6cc6f7ff76803b5a4d1 calls=1
[m[2m2026-09-14 22:52:38.984+0200[m[2m | [m[2mEthScheduler-BlockCreation-1-2[m[2m | [m[32mINFO [m[2m | [m[2mApprovalSelector[m[2m | [m[32mOPS_APPROVAL_TIMING {"tx":"0x1f9e87f7a4775064ec0690c268e912309ca0f2d19165b6cc6f7ff76803b5a4d1","mode":3,"calls":1,"gate_ns":22084}
[m[2m2026-09-14 22:52:38.984+0200[m[2m | [m[2mEthScheduler-BlockCreation-1-2[m[2m | [m[32mINFO [m[2m | [m[2mApprovalSelector[m[2m | [m[32mOPS_APPROVAL_DECISION allow tx=0xcbbb97e2f55b98821bbe20920c6d7f90e5245881a10331553388901b2619f034 calls=1
[m[2m2026-09-14 22:52:38.984+0200[m[2m | [m[2mEthScheduler-BlockCreation-1-2[m[2m | [m[32mINFO [m[2m | [m[2mApprovalSelector[m[2m | [m[32mOPS_APPROVAL_TIMING {"tx":"0xcbbb97e2f55b98821bbe20920c6d7f90e5245881a10331553388901b2619f034","mode":3,"calls":1,"gate_ns":23334}
[m[2m2026-09-14 22:52:38.985+0200[m[2m | [m[2mEthScheduler-BlockCreation-1-2[m[2m | [m[32mINFO [m[2m | [m[2mApprovalSelector[m[2m | [m[32mOPS_APPROVAL_DECISION allow tx=0x2edc464fe997b3b026ab0beaa21f6e27562cb058a69fcd55b7f0e092722c1dc2 calls=1
[m[2m2026-09-14 22:52:38.985+0200[m[2m | [m[2mEthScheduler-BlockCreation-1-2[m[2m | [m[32mINFO [m[2m | [m[2mApprovalSelector[m[2m | [m[32mOPS_APPROVAL_TIMING {"tx":"0x2edc464fe997b3b026ab0beaa21f6e27562cb058a69fcd55b7f0e092722c1dc2","mode":3,"calls":1,"gate_ns":24334}
[m[2m2026-09-14 22:52:38.985+0200[m[2m | [m[2mEthScheduler-BlockCreation-1-2[m[2m | [m[32mINFO [m[2m | [m[2mApprovalSelector[m[2m | [m[32mOPS_APPROVAL_DECISION allow tx=0xf4f20c9e0287ec42595e80ca3f6881d524efae0cb8e5160ef0f316e7bebbabc7 calls=1
[m[2m2026-09-14 22:52:38.985+0200[m[2m | [m[2mEthScheduler-BlockCreation-1-2[m[2m | [m[32mINFO [m[2m | [m[2mApprovalSelector[m[2m | [m[32mOPS_APPROVAL_TIMING {"tx":"0xf4f20c9e0287ec42595e80ca3f6881d524efae0cb8e5160ef0f316e7bebbabc7","mode":3,"calls":1,"gate_ns":21709}
[m[2m2026-09-14 22:52:38.985+0200[m[2m | [m[2mEthScheduler-BlockCreation-1-2[m[2m | [m[32mINFO [m[2m | [m[2mApprovalSelector[m[2m | [m[32mOPS_APPROVAL_DECISION allow tx=0x0ff2ac4c534acb010a7bd94008ff1c864eedac46b1271a451a3a6e282d64e7c0 calls=1
[m[2m2026-09-14 22:52:38.985+0200[m[2m | [m[2mEthScheduler-BlockCreation-1-2[m[2m | [m[32mINFO [m[2m | [m[2mApprovalSelector[m[2m | [m[32mOPS_APPROVAL_TIMING {"tx":"0x0ff2ac4c534acb010a7bd94008ff1c864eedac46b1271a451a3a6e282d64e7c0","mode":3,"calls":1,"gate_ns":20667}
[m[2m2026-09-14 22:52:38.985+0200[m[2m | [m[2mEthScheduler-BlockCreation-1-2[m[2m | [m[32mINFO [m[2m | [m[2mApprovalSelector[m[2m | [m[32mOPS_APPROVAL_DECISION allow tx=0x8f1d26e7ffb60d3ef36e40668d3819a9ab2c3e78c014e4244f3aee9f9c53fcb9 calls=1
[m[2m2026-09-14 22:52:38.985+0200[m[2m | [m[2mEthScheduler-BlockCreation-1-2[m[2m | [m[32mINFO [m[2m | [m[2mApprovalSelector[m[2m | [m[32mOPS_APPROVAL_TIMING {"tx":"0x8f1d26e7ffb60d3ef36e40668d3819a9ab2c3e78c014e4244f3aee9f9c53fcb9","mode":3,"calls":1,"gate_ns":24875}
[m[2m2026-09-14 22:52:38.985+0200[m[2m | [m[2mEthScheduler-BlockCreation-1-2[m[2m | [m[32mINFO [m[2m | [m[2mApprovalSelector[m[2m | [m[32mOPS_APPROVAL_DECISION allow tx=0x48e3181c9abe34ee78d874121191d21a4061fa3c7e9aa52dd1665c7fc4a11362 calls=1
[m[2m2026-09-14 22:52:38.985+0200[m[2m | [m[2mEthScheduler-BlockCreation-1-2[m[2m | [m[32mINFO [m[2m | [m[2mApprovalSelector[m[2m | [m[32mOPS_APPROVAL_TIMING {"tx":"0x48e3181c9abe34ee78d874121191d21a4061fa3c7e9aa52dd1665c7fc4a11362","mode":3,"calls":1,"gate_ns":23541}
[m[2m2026-09-14 22:52:38.985+0200[m[2m | [m[2mEthScheduler-BlockCreation-1-2[m[2m | [m[32mINFO [m[2m | [m[2mApprovalSelector[m[2m | [m[32mOPS_APPROVAL_DECISION allow tx=0xe119de8d5bb8292f6a7236681059f01b43465dc1c73e1029109f5e07922f8d41 calls=1
[m[2m2026-09-14 22:52:38.985+0200[m[2m | [m[2mEthScheduler-BlockCreation-1-2[m[2m | [m[32mINFO [m[2m | [m[2mApprovalSelector[m[2m | [m[32mOPS_APPROVAL_TIMING {"tx":"0xe119de8d5bb8292f6a7236681059f01b43465dc1c73e1029109f5e07922f8d41","mode":3,"calls":1,"gate_ns":22583}
[m[2m2026-09-14 22:52:38.985+0200[m[2m | [m[2mEthScheduler-BlockCreation-1-2[m[2m | [m[32mINFO [m[2m | [m[2mApprovalSelector[m[2m | [m[32mOPS_APPROVAL_DECISION allow tx=0xb1b9cda2ded6473f9a5f89f045e8e1de8183a5d2f9269665820bae03dbdfcfc4 calls=1
[m[2m2026-09-14 22:52:38.985+0200[m[2m | [m[2mEthScheduler-BlockCreation-1-2[m[2m | [m[32mINFO [m[2m | [m[2mApprovalSelector[m[2m | [m[32mOPS_APPROVAL_TIMING {"tx":"0xb1b9cda2ded6473f9a5f89f045e8e1de8183a5d2f9269665820bae03dbdfcfc4","mode":3,"calls":1,"gate_ns":20416}
[m[2m2026-09-14 22:52:38.985+0200[m[2m | [m[2mEthScheduler-BlockCreation-1-2[m[2m | [m[32mINFO [m[2m | [m[2mApprovalSelector[m[2m | [m[32mOPS_APPROVAL_DECISION allow tx=0x8f34aefad0d21195919927b8acf6ddaa7c1a696e289e6691a111c908b5c000d2 calls=1
[m[2m2026-09-14 22:52:38.985+0200[m[2m | [m[2mEthScheduler-BlockCreation-1-2[m[2m | [m[32mINFO [m[2m | [m[2mApprovalSelector[m[2m | [m[32mOPS_APPROVAL_TIMING {"tx":"0x8f34aefad0d21195919927b8acf6ddaa7c1a696e289e6691a111c908b5c000d2","mode":3,"calls":1,"gate_ns":24666}
[m[2m2026-09-14 22:52:38.985+0200[m[2m | [m[2mEthScheduler-BlockCreation-1-2[m[2m | [m[32mINFO [m[2m | [m[2mApprovalSelector[m[2m | [m[32mOPS_APPROVAL_DECISION allow tx=0x54c305beb018d914911edb134a5b30b8feafc852dec3110538f812547c480ca5 calls=1
[m[2m2026-09-14 22:52:38.985+0200[m[2m | [m[2mEthScheduler-BlockCreation-1-2[m[2m | [m[32mINFO [m[2m | [m[2mApprovalSelector[m[2m | [m[32mOPS_APPROVAL_TIMING {"tx":"0x54c305beb018d914911edb134a5b30b8feafc852dec3110538f812547c480ca5","mode":3,"calls":1,"gate_ns":22500}
[m[2m2026-09-14 22:52:38.985+0200[m[2m | [m[2mEthScheduler-BlockCreation-1-2[m[2m | [m[32mINFO [m[2m | [m[2mApprovalSelector[m[2m | [m[32mOPS_APPROVAL_DECISION allow tx=0x644b6fdc7fc75bd4d3b38d2b7546ae6f30a0bce26ebcb8e50c92d0c12ac96ad8 calls=1
[m[2m2026-09-14 22:52:38.986+0200[m[2m | [m[2mEthScheduler-BlockCreation-1-2[m[2m | [m[32mINFO [m[2m | [m[2mApprovalSelector[m[2m | [m[32mOPS_APPROVAL_TIMING {"tx":"0x644b6fdc7fc75bd4d3b38d2b7546ae6f30a0bce26ebcb8e50c92d0c12ac96ad8","mode":3,"calls":1,"gate_ns":24249}
[m[2m2026-09-14 22:52:38.986+0200[m[2m | [m[2mEthScheduler-BlockCreation-1-2[m[2m | [m[32mINFO [m[2m | [m[2mApprovalSelector[m[2m | [m[32mOPS_APPROVAL_DECISION allow tx=0x2a141ab96e9d6f040bc25f7cb0a541e1f4a429e2021ebf5c4d721a44666f9cec calls=1
[m[2m2026-09-14 22:52:38.986+0200[m[2m | [m[2mEthScheduler-BlockCreation-1-2[m[2m | [m[32mINFO [m[2m | [m[2mApprovalSelector[m[2m | [m[32mOPS_APPROVAL_TIMING {"tx":"0x2a141ab96e9d6f040bc25f7cb0a541e1f4a429e2021ebf5c4d721a44666f9cec","mode":3,"calls":1,"gate_ns":20584}
[m[2m2026-09-14 22:52:38.986+0200[m[2m | [m[2mEthScheduler-BlockCreation-1-2[m[2m | [m[32mINFO [m[2m | [m[2mApprovalSelector[m[2m | [m[32mOPS_APPROVAL_DECISION allow tx=0x07c84e4da29aa2405be6b7c2109d7e5bdf5633846d81a8de721b5b531c3479ba calls=1
[m[2m2026-09-14 22:52:38.986+0200[m[2m | [m[2mEthScheduler-BlockCreation-1-2[m[2m | [m[32mINFO [m[2m | [m[2mApprovalSelector[m[2m | [m[32mOPS_APPROVAL_TIMING {"tx":"0x07c84e4da29aa2405be6b7c2109d7e5bdf5633846d81a8de721b5b531c3479ba","mode":3,"calls":1,"gate_ns":20042}
[m[2m2026-09-14 22:52:38.986+0200[m[2m | [m[2mEthScheduler-BlockCreation-1-2[m[2m | [m[32mINFO [m[2m | [m[2mApprovalSelector[m[2m | [m[32mOPS_APPROVAL_DECISION allow tx=0xf5471943c03efdcc0aea2e2d0cdfc74a6e41a147ca393351226182e37fefc403 calls=1
[m[2m2026-09-14 22:52:38.986+0200[m[2m | [m[2mEthScheduler-BlockCreation-1-2[m[2m | [m[32mINFO [m[2m | [m[2mApprovalSelector[m[2m | [m[32mOPS_APPROVAL_TIMING {"tx":"0xf5471943c03efdcc0aea2e2d0cdfc74a6e41a147ca393351226182e37fefc403","mode":3,"calls":1,"gate_ns":20500}
[m[2m2026-09-14 22:52:38.986+0200[m[2m | [m[2mEthScheduler-BlockCreation-1-2[m[2m | [m[32mINFO [m[2m | [m[2mApprovalSelector[m[2m | [m[32mOPS_APPROVAL_DECISION allow tx=0xacfb608c25ab1631da7259930303d7f9461a85cd99b6362b087debacd12599d7 calls=1
[m[2m2026-09-14 22:52:38.986+0200[m[2m | [m[2mEthScheduler-BlockCreation-1-2[m[2m | [m[32mINFO [m[2m | [m[2mApprovalSelector[m[2m | [m[32mOPS_APPROVAL_TIMING {"tx":"0xacfb608c25ab1631da7259930303d7f9461a85cd99b6362b087debacd12599d7","mode":3,"calls":1,"gate_ns":20417}
[m[2m2026-09-14 22:52:38.986+0200[m[2m | [m[2mEthScheduler-BlockCreation-1-2[m[2m | [m[32mINFO [m[2m | [m[2mApprovalSelector[m[2m | [m[32mOPS_APPROVAL_DECISION allow tx=0xd4c9ea06493388b2e2c1f9dcbc0ea80cce79ee47e06e25af5a0e1ba1a4fb5693 calls=1
[m[2m2026-09-14 22:52:38.986+0200[m[2m | [m[2mEthScheduler-BlockCreation-1-2[m[2m | [m[32mINFO [m[2m | [m[2mApprovalSelector[m[2m | [m[32mOPS_APPROVAL_TIMING {"tx":"0xd4c9ea06493388b2e2c1f9dcbc0ea80cce79ee47e06e25af5a0e1ba1a4fb5693","mode":3,"calls":1,"gate_ns":22958}
[m[2m2026-09-14 22:52:38.986+0200[m[2m | [m[2mEthScheduler-BlockCreation-1-2[m[2m | [m[32mINFO [m[2m | [m[2mApprovalSelector[m[2m | [m[32mOPS_APPROVAL_DECISION allow tx=0xf771364b8d03c74f0287cf8dea3db1c9d7e69cccbb389ba2256cfa0b5e0df88c calls=1
[m[2m2026-09-14 22:52:38.986+0200[m[2m | [m[2mEthScheduler-BlockCreation-1-2[m[2m | [m[32mINFO [m[2m | [m[2mApprovalSelector[m[2m | [m[32mOPS_APPROVAL_TIMING {"tx":"0xf771364b8d03c74f0287cf8dea3db1c9d7e69cccbb389ba2256cfa0b5e0df88c","mode":3,"calls":1,"gate_ns":114125}
[m[2m2026-09-14 22:52:38.986+0200[m[2m | [m[2mEthScheduler-BlockCreation-1-2[m[2m | [m[32mINFO [m[2m | [m[2mApprovalSelector[m[2m | [m[32mOPS_APPROVAL_DECISION allow tx=0x62d371232336d987a923eda5e16fa5c278cad26d02aced3265acc2585e9d334c calls=1
[m[2m2026-09-14 22:52:38.986+0200[m[2m | [m[2mEthScheduler-BlockCreation-1-2[m[2m | [m[32mINFO [m[2m | [m[2mApprovalSelector[m[2m | [m[32mOPS_APPROVAL_TIMING {"tx":"0x62d371232336d987a923eda5e16fa5c278cad26d02aced3265acc2585e9d334c","mode":3,"calls":1,"gate_ns":20958}
[m[2m2026-09-14 22:52:38.986+0200[m[2m | [m[2mEthScheduler-BlockCreation-1-2[m[2m | [m[32mINFO [m[2m | [m[2mApprovalSelector[m[2m | [m[32mOPS_APPROVAL_DECISION allow tx=0x48ec3ec1e30f40d053efa33f47dbd6584549144c5722be1fb1b7c9a7b48b2fda calls=1
[m[2m2026-09-14 22:52:38.986+0200[m[2m | [m[2mEthScheduler-BlockCreation-1-2[m[2m | [m[32mINFO [m[2m | [m[2mApprovalSelector[m[2m | [m[32mOPS_APPROVAL_TIMING {"tx":"0x48ec3ec1e30f40d053efa33f47dbd6584549144c5722be1fb1b7c9a7b48b2fda","mode":3,"calls":1,"gate_ns":21667}
[m[2m2026-09-14 22:52:38.986+0200[m[2m | [m[2mEthScheduler-BlockCreation-1-2[m[2m | [m[32mINFO [m[2m | [m[2mApprovalSelector[m[2m | [m[32mOPS_APPROVAL_DECISION allow tx=0xe7b0688cf23faf64bcfe8a765a4344cdc35b062f2ca98b16591b764936e109cf calls=1
[m[2m2026-09-14 22:52:38.986+0200[m[2m | [m[2mEthScheduler-BlockCreation-1-2[m[2m | [m[32mINFO [m[2m | [m[2mApprovalSelector[m[2m | [m[32mOPS_APPROVAL_TIMING {"tx":"0xe7b0688cf23faf64bcfe8a765a4344cdc35b062f2ca98b16591b764936e109cf","mode":3,"calls":1,"gate_ns":20250}
[m[2m2026-09-14 22:52:38.987+0200[m[2m | [m[2mEthScheduler-BlockCreation-1-2[m[2m | [m[32mINFO [m[2m | [m[2mApprovalSelector[m[2m | [m[32mOPS_APPROVAL_DECISION allow tx=0x80c72a86c50cac4a9173bb64c8139e5cfd8943f5f105dd23120d0584983ca161 calls=1
[m[2m2026-09-14 22:52:38.987+0200[m[2m | [m[2mEthScheduler-BlockCreation-1-2[m[2m | [m[32mINFO [m[2m | [m[2mApprovalSelector[m[2m | [m[32mOPS_APPROVAL_TIMING {"tx":"0x80c72a86c50cac4a9173bb64c8139e5cfd8943f5f105dd23120d0584983ca161","mode":3,"calls":1,"gate_ns":23917}
[m[2m2026-09-14 22:52:38.987+0200[m[2m | [m[2mEthScheduler-BlockCreation-1-2[m[2m | [m[32mINFO [m[2m | [m[2mApprovalSelector[m[2m | [m[32mOPS_APPROVAL_DECISION allow tx=0x7e1f9d5136ed52363d5165f735b0e89b11a1383e39e49d9a9f945520d9fc2039 calls=1
[m[2m2026-09-14 22:52:38.987+0200[m[2m | [m[2mEthScheduler-BlockCreation-1-2[m[2m | [m[32mINFO [m[2m | [m[2mApprovalSelector[m[2m | [m[32mOPS_APPROVAL_TIMING {"tx":"0x7e1f9d5136ed52363d5165f735b0e89b11a1383e39e49d9a9f945520d9fc2039","mode":3,"calls":1,"gate_ns":21918}
[m[2m2026-09-14 22:52:38.987+0200[m[2m | [m[2mEthScheduler-BlockCreation-1-2[m[2m | [m[32mINFO [m[2m | [m[2mApprovalSelector[m[2m | [m[32mOPS_APPROVAL_DECISION allow tx=0xfc1d75d88f461ff801835b58ef8c90fed5c84a3d09ee59e1f6fd7f718ddc2e7b calls=1
[m[2m2026-09-14 22:52:38.987+0200[m[2m | [m[2mEthScheduler-BlockCreation-1-2[m[2m | [m[32mINFO [m[2m | [m[2mApprovalSelector[m[2m | [m[32mOPS_APPROVAL_TIMING {"tx":"0xfc1d75d88f461ff801835b58ef8c90fed5c84a3d09ee59e1f6fd7f718ddc2e7b","mode":3,"calls":1,"gate_ns":21251}
[m[2m2026-09-14 22:52:38.987+0200[m[2m | [m[2mEthScheduler-BlockCreation-1-2[m[2m | [m[32mINFO [m[2m | [m[2mApprovalSelector[m[2m | [m[32mOPS_APPROVAL_DECISION allow tx=0xb96746f8711dbda855cd671b5b118549b4a124667c5b18832d5c8b0e5535f6ca calls=1
[m[2m2026-09-14 22:52:38.987+0200[m[2m | [m[2mEthScheduler-BlockCreation-1-2[m[2m | [m[32mINFO [m[2m | [m[2mApprovalSelector[m[2m | [m[32mOPS_APPROVAL_TIMING {"tx":"0xb96746f8711dbda855cd671b5b118549b4a124667c5b18832d5c8b0e5535f6ca","mode":3,"calls":1,"gate_ns":19750}
[m[2m2026-09-14 22:52:38.987+0200[m[2m | [m[2mEthScheduler-BlockCreation-1-2[m[2m | [m[32mINFO [m[2m | [m[2mApprovalSelector[m[2m | [m[32mOPS_APPROVAL_DECISION allow tx=0xb6ab84127775198c1f26468452b18b2deb531d19fe87b0a27d84d0fe8ae64240 calls=1
[m[2m2026-09-14 22:52:38.987+0200[m[2m | [m[2mEthScheduler-BlockCreation-1-2[m[2m | [m[32mINFO [m[2m | [m[2mApprovalSelector[m[2m | [m[32mOPS_APPROVAL_TIMING {"tx":"0xb6ab84127775198c1f26468452b18b2deb531d19fe87b0a27d84d0fe8ae64240","mode":3,"calls":1,"gate_ns":20916}
[m[2m2026-09-14 22:52:38.987+0200[m[2m | [m[2mEthScheduler-BlockCreation-1-2[m[2m | [m[32mINFO [m[2m | [m[2mApprovalSelector[m[2m | [m[32mOPS_APPROVAL_DECISION allow tx=0xaee2eadaac4268ebc325eae218ed3c22b42386bdc27f9b2ac86a2ffcff312b71 calls=1
[m[2m2026-09-14 22:52:38.987+0200[m[2m | [m[2mEthScheduler-BlockCreation-1-2[m[2m | [m[32mINFO [m[2m | [m[2mApprovalSelector[m[2m | [m[32mOPS_APPROVAL_TIMING {"tx":"0xaee2eadaac4268ebc325eae218ed3c22b42386bdc27f9b2ac86a2ffcff312b71","mode":3,"calls":1,"gate_ns":20084}
[m[2m2026-09-14 22:52:38.987+0200[m[2m | [m[2mEthScheduler-BlockCreation-1-2[m[2m | [m[32mINFO [m[2m | [m[2mApprovalSelector[m[2m | [m[32mOPS_APPROVAL_DECISION allow tx=0x5adf5932157b94988345fd63e41116d3559a464fd794123e2b2359bb8ac6ff5c calls=1
[m[2m2026-09-14 22:52:38.987+0200[m[2m | [m[2mEthScheduler-BlockCreation-1-2[m[2m | [m[32mINFO [m[2m | [m[2mApprovalSelector[m[2m | [m[32mOPS_APPROVAL_TIMING {"tx":"0x5adf5932157b94988345fd63e41116d3559a464fd794123e2b2359bb8ac6ff5c","mode":3,"calls":1,"gate_ns":20083}
[m[2m2026-09-14 22:52:38.987+0200[m[2m | [m[2mEthScheduler-BlockCreation-1-2[m[2m | [m[32mINFO [m[2m | [m[2mApprovalSelector[m[2m | [m[32mOPS_APPROVAL_DECISION allow tx=0xebeaf8ffcc076b79a148628613a1c1b9dc2efac062d0c48c31ff06d2e2a73424 calls=1
[m[2m2026-09-14 22:52:38.987+0200[m[2m | [m[2mEthScheduler-BlockCreation-1-2[m[2m | [m[32mINFO [m[2m | [m[2mApprovalSelector[m[2m | [m[32mOPS_APPROVAL_TIMING {"tx":"0xebeaf8ffcc076b79a148628613a1c1b9dc2efac062d0c48c31ff06d2e2a73424","mode":3,"calls":1,"gate_ns":21375}
[m[2m2026-09-14 22:52:38.987+0200[m[2m | [m[2mEthScheduler-BlockCreation-1-2[m[2m | [m[32mINFO [m[2m | [m[2mApprovalSelector[m[2m | [m[32mOPS_APPROVAL_DECISION allow tx=0xa60b379126a900b5ff25288310c5239e09aa71bb828d4b50c0b1e539f7c411de calls=1
[m[2m2026-09-14 22:52:38.987+0200[m[2m | [m[2mEthScheduler-BlockCreation-1-2[m[2m | [m[32mINFO [m[2m | [m[2mApprovalSelector[m[2m | [m[32mOPS_APPROVAL_TIMING {"tx":"0xa60b379126a900b5ff25288310c5239e09aa71bb828d4b50c0b1e539f7c411de","mode":3,"calls":1,"gate_ns":18751}
[m[2m2026-09-14 22:52:38.987+0200[m[2m | [m[2mEthScheduler-BlockCreation-1-2[m[2m | [m[32mINFO [m[2m | [m[2mApprovalSelector[m[2m | [m[32mOPS_APPROVAL_DECISION allow tx=0xaf85e53cc5706a5a2f1e724329ef3824fe1447a6e5cc4881b9cb438ffacbfa1a calls=1
[m[2m2026-09-14 22:52:38.987+0200[m[2m | [m[2mEthScheduler-BlockCreation-1-2[m[2m | [m[32mINFO [m[2m | [m[2mApprovalSelector[m[2m | [m[32mOPS_APPROVAL_TIMING {"tx":"0xaf85e53cc5706a5a2f1e724329ef3824fe1447a6e5cc4881b9cb438ffacbfa1a","mode":3,"calls":1,"gate_ns":21875}
[m[2m2026-09-14 22:52:38.988+0200[m[2m | [m[2mEthScheduler-BlockCreation-1-2[m[2m | [m[32mINFO [m[2m | [m[2mApprovalSelector[m[2m | [m[32mOPS_APPROVAL_DECISION allow tx=0x71055ba0a2bb2d3dcb94bbf3be6a306cb90b19d8542e749f18004f1fd91a0243 calls=1
[m[2m2026-09-14 22:52:38.988+0200[m[2m | [m[2mEthScheduler-BlockCreation-1-2[m[2m | [m[32mINFO [m[2m | [m[2mApprovalSelector[m[2m | [m[32mOPS_APPROVAL_TIMING {"tx":"0x71055ba0a2bb2d3dcb94bbf3be6a306cb90b19d8542e749f18004f1fd91a0243","mode":3,"calls":1,"gate_ns":22208}
[m[2m2026-09-14 22:52:38.988+0200[m[2m | [m[2mEthScheduler-BlockCreation-1-2[m[2m | [m[32mINFO [m[2m | [m[2mApprovalSelector[m[2m | [m[32mOPS_APPROVAL_DECISION allow tx=0xe9087d2d89e784694b6520c76b6c08909151a5875f199393039a854f5e858b0a calls=1
[m[2m2026-09-14 22:52:38.988+0200[m[2m | [m[2mEthScheduler-BlockCreation-1-2[m[2m | [m[32mINFO [m[2m | [m[2mApprovalSelector[m[2m | [m[32mOPS_APPROVAL_TIMING {"tx":"0xe9087d2d89e784694b6520c76b6c08909151a5875f199393039a854f5e858b0a","mode":3,"calls":1,"gate_ns":19916}
[m[2m2026-09-14 22:52:38.988+0200[m[2m | [m[2mEthScheduler-BlockCreation-1-2[m[2m | [m[32mINFO [m[2m | [m[2mApprovalSelector[m[2m | [m[32mOPS_APPROVAL_DECISION allow tx=0x6e3e3fdb1f8f0998d1a2181f823120e52dc06b49671831b63eaa881796e9a7df calls=1
[m[2m2026-09-14 22:52:38.988+0200[m[2m | [m[2mEthScheduler-BlockCreation-1-2[m[2m | [m[32mINFO [m[2m | [m[2mApprovalSelector[m[2m | [m[32mOPS_APPROVAL_TIMING {"tx":"0x6e3e3fdb1f8f0998d1a2181f823120e52dc06b49671831b63eaa881796e9a7df","mode":3,"calls":1,"gate_ns":20917}
[m[2m2026-09-14 22:52:38.988+0200[m[2m | [m[2mEthScheduler-BlockCreation-1-2[m[2m | [m[32mINFO [m[2m | [m[2mApprovalSelector[m[2m | [m[32mOPS_APPROVAL_DECISION allow tx=0x728f2cab42502133747575c773756a3667b07353d54106707ac631020f8217a1 calls=1
[m[2m2026-09-14 22:52:38.988+0200[m[2m | [m[2mEthScheduler-BlockCreation-1-2[m[2m | [m[32mINFO [m[2m | [m[2mApprovalSelector[m[2m | [m[32mOPS_APPROVAL_TIMING {"tx":"0x728f2cab42502133747575c773756a3667b07353d54106707ac631020f8217a1","mode":3,"calls":1,"gate_ns":21334}
[m[2m2026-09-14 22:52:38.988+0200[m[2m | [m[2mEthScheduler-BlockCreation-1-2[m[2m | [m[32mINFO [m[2m | [m[2mApprovalSelector[m[2m | [m[32mOPS_APPROVAL_DECISION allow tx=0x862bccff331ec320e4d24d92a931e2d63431e5c97f59269f7cd7f78bfe962078 calls=1
[m[2m2026-09-14 22:52:38.988+0200[m[2m | [m[2mEthScheduler-BlockCreation-1-2[m[2m | [m[32mINFO [m[2m | [m[2mApprovalSelector[m[2m | [m[32mOPS_APPROVAL_TIMING {"tx":"0x862bccff331ec320e4d24d92a931e2d63431e5c97f59269f7cd7f78bfe962078","mode":3,"calls":1,"gate_ns":20417}
[m[2m2026-09-14 22:52:38.988+0200[m[2m | [m[2mEthScheduler-BlockCreation-1-2[m[2m | [m[32mINFO [m[2m | [m[2mApprovalSelector[m[2m | [m[32mOPS_APPROVAL_DECISION allow tx=0x846847fd8dd4c8a1f905d4173e8bd9528c79b7b92080762b4e12e35ff8637d2d calls=1
[m[2m2026-09-14 22:52:38.988+0200[m[2m | [m[2mEthScheduler-BlockCreation-1-2[m[2m | [m[32mINFO [m[2m | [m[2mApprovalSelector[m[2m | [m[32mOPS_APPROVAL_TIMING {"tx":"0x846847fd8dd4c8a1f905d4173e8bd9528c79b7b92080762b4e12e35ff8637d2d","mode":3,"calls":1,"gate_ns":21708}
[m[2m2026-09-14 22:52:38.988+0200[m[2m | [m[2mEthScheduler-BlockCreation-1-2[m[2m | [m[32mINFO [m[2m | [m[2mApprovalSelector[m[2m | [m[32mOPS_APPROVAL_DECISION allow tx=0x75c0a3014350dd258d812b27534f5c45dfe60f6e40854febe8c4ace2dfb1a49c calls=1
[m[2m2026-09-14 22:52:38.988+0200[m[2m | [m[2mEthScheduler-BlockCreation-1-2[m[2m | [m[32mINFO [m[2m | [m[2mApprovalSelector[m[2m | [m[32mOPS_APPROVAL_TIMING {"tx":"0x75c0a3014350dd258d812b27534f5c45dfe60f6e40854febe8c4ace2dfb1a49c","mode":3,"calls":1,"gate_ns":20250}
[m[2m2026-09-14 22:52:38.988+0200[m[2m | [m[2mEthScheduler-BlockCreation-1-2[m[2m | [m[32mINFO [m[2m | [m[2mApprovalSelector[m[2m | [m[32mOPS_APPROVAL_DECISION allow tx=0x4d3f7177bf1aa69eb5144f3bc2c419fcb6033a47854574cc9a1eaa7c390acd4b calls=1
[m[2m2026-09-14 22:52:38.988+0200[m[2m | [m[2mEthScheduler-BlockCreation-1-2[m[2m | [m[32mINFO [m[2m | [m[2mApprovalSelector[m[2m | [m[32mOPS_APPROVAL_TIMING {"tx":"0x4d3f7177bf1aa69eb5144f3bc2c419fcb6033a47854574cc9a1eaa7c390acd4b","mode":3,"calls":1,"gate_ns":20250}
[m[2m2026-09-14 22:52:38.988+0200[m[2m | [m[2mEthScheduler-BlockCreation-1-2[m[2m | [m[32mINFO [m[2m | [m[2mApprovalSelector[m[2m | [m[32mOPS_APPROVAL_DECISION allow tx=0x18c89bdee96f1020f39c415cfcc22f725f7fa206994a1a899b16e0c6efbe6651 calls=1
[m[2m2026-09-14 22:52:38.988+0200[m[2m | [m[2mEthScheduler-BlockCreation-1-2[m[2m | [m[32mINFO [m[2m | [m[2mApprovalSelector[m[2m | [m[32mOPS_APPROVAL_TIMING {"tx":"0x18c89bdee96f1020f39c415cfcc22f725f7fa206994a1a899b16e0c6efbe6651","mode":3,"calls":1,"gate_ns":21541}
[m[2m2026-09-14 22:52:38.989+0200[m[2m | [m[2mEthScheduler-BlockCreation-1-2[m[2m | [m[32mINFO [m[2m | [m[2mApprovalSelector[m[2m | [m[32mOPS_APPROVAL_DECISION allow tx=0xdbd3d35f13a615196083bb12dcb4a913cd2759976b66c51ae6adc41a6c418256 calls=1
[m[2m2026-09-14 22:52:38.989+0200[m[2m | [m[2mEthScheduler-BlockCreation-1-2[m[2m | [m[32mINFO [m[2m | [m[2mApprovalSelector[m[2m | [m[32mOPS_APPROVAL_TIMING {"tx":"0xdbd3d35f13a615196083bb12dcb4a913cd2759976b66c51ae6adc41a6c418256","mode":3,"calls":1,"gate_ns":140334}
[m[2m2026-09-14 22:52:38.989+0200[m[2m | [m[2mEthScheduler-BlockCreation-1-2[m[2m | [m[32mINFO [m[2m | [m[2mApprovalSelector[m[2m | [m[32mOPS_APPROVAL_DECISION allow tx=0x35e13b8a1120338b42f07841993fba090c8957f3a3ab1b7dc4ff37274057d83f calls=1
[m[2m2026-09-14 22:52:38.989+0200[m[2m | [m[2mEthScheduler-BlockCreation-1-2[m[2m | [m[32mINFO [m[2m | [m[2mApprovalSelector[m[2m | [m[32mOPS_APPROVAL_TIMING {"tx":"0x35e13b8a1120338b42f07841993fba090c8957f3a3ab1b7dc4ff37274057d83f","mode":3,"calls":1,"gate_ns":75542}
[m[2m2026-09-14 22:52:38.989+0200[m[2m | [m[2mEthScheduler-BlockCreation-1-2[m[2m | [m[32mINFO [m[2m | [m[2mApprovalSelector[m[2m | [m[32mOPS_APPROVAL_DECISION allow tx=0xbd1236fddf0805eed46c16e2a86f7b738752a55264a0222a415678e8eed67f92 calls=1
[m[2m2026-09-14 22:52:38.989+0200[m[2m | [m[2mEthScheduler-BlockCreation-1-2[m[2m | [m[32mINFO [m[2m | [m[2mApprovalSelector[m[2m | [m[32mOPS_APPROVAL_TIMING {"tx":"0xbd1236fddf0805eed46c16e2a86f7b738752a55264a0222a415678e8eed67f92","mode":3,"calls":1,"gate_ns":31833}
[m[2m2026-09-14 22:52:38.989+0200[m[2m | [m[2mEthScheduler-BlockCreation-1-2[m[2m | [m[32mINFO [m[2m | [m[2mApprovalSelector[m[2m | [m[32mOPS_APPROVAL_DECISION allow tx=0x132f89f411ded6f28438d1dc3ad00cf77e12ddc83d006a7a125befaad4e52f6b calls=1
[m[2m2026-09-14 22:52:38.989+0200[m[2m | [m[2mEthScheduler-BlockCreation-1-2[m[2m | [m[32mINFO [m[2m | [m[2mApprovalSelector[m[2m | [m[32mOPS_APPROVAL_TIMING {"tx":"0x132f89f411ded6f28438d1dc3ad00cf77e12ddc83d006a7a125befaad4e52f6b","mode":3,"calls":1,"gate_ns":37375}
[m[2m2026-09-14 22:52:39.001+0200[m[2m | [m[2mEthScheduler-BlockCreation-0-2[m[2m | [m[32mINFO [m[2m | [m[2mPostMergeContext[m[2m | [m[32mNew proposal for payloadId 0x0094b65df2c6a802 block 2 (0xbc9904455dd83efc0efa8f74dca06820680a2ad1ff50575922afc988ca74da0b) gas used 3391104 transactions 128 reward 4,10 finney is better than the previous one by 4,10 finney
[m[2m2026-09-14 22:52:39.476+0200[m[2m | [m[2mEthScheduler-BlockCreation-1-2[m[2m | [m[32mINFO [m[2m | [m[2mApprovalSelector[m[2m | [m[32mOPS_APPROVAL_DECISION allow tx=0xc8689f42b2c20e96003f376b46bcd51d68b440b6ded9852fdce1b47effc1eb01 calls=1
[m[2m2026-09-14 22:52:39.476+0200[m[2m | [m[2mEthScheduler-BlockCreation-1-2[m[2m | [m[32mINFO [m[2m | [m[2mApprovalSelector[m[2m | [m[32mOPS_APPROVAL_TIMING {"tx":"0xc8689f42b2c20e96003f376b46bcd51d68b440b6ded9852fdce1b47effc1eb01","mode":3,"calls":1,"gate_ns":184750}
[m[2m2026-09-14 22:52:39.477+0200[m[2m | [m[2mEthScheduler-BlockCreation-1-2[m[2m | [m[32mINFO [m[2m | [m[2mApprovalSelector[m[2m | [m[32mOPS_APPROVAL_DECISION allow tx=0x68c24442c45013939ac2393f2e46b75cf1ae5ae7e8432334baf0e2cb446eebe9 calls=1
[m[2m2026-09-14 22:52:39.477+0200[m[2m | [m[2mEthScheduler-BlockCreation-1-2[m[2m | [m[32mINFO [m[2m | [m[2mApprovalSelector[m[2m | [m[32mOPS_APPROVAL_TIMING {"tx":"0x68c24442c45013939ac2393f2e46b75cf1ae5ae7e8432334baf0e2cb446eebe9","mode":3,"calls":1,"gate_ns":51125}
[m[2m2026-09-14 22:52:39.477+0200[m[2m | [m[2mEthScheduler-BlockCreation-1-2[m[2m | [m[32mINFO [m[2m | [m[2mApprovalSelector[m[2m | [m[32mOPS_APPROVAL_DECISION allow tx=0xc780803a220520db50393776c917510b23dc5af78d3b25096688edbf1df9c319 calls=1
[m[2m2026-09-14 22:52:39.477+0200[m[2m | [m[2mEthScheduler-BlockCreation-1-2[m[2m | [m[32mINFO [m[2m | [m[2mApprovalSelector[m[2m | [m[32mOPS_APPROVAL_TIMING {"tx":"0xc780803a220520db50393776c917510b23dc5af78d3b25096688edbf1df9c319","mode":3,"calls":1,"gate_ns":33334}
[m[2m2026-09-14 22:52:39.477+0200[m[2m | [m[2mEthScheduler-BlockCreation-1-2[m[2m | [m[32mINFO [m[2m | [m[2mApprovalSelector[m[2m | [m[32mOPS_APPROVAL_DECISION allow tx=0x64c5c6526486af0be31e4186aa49195399dbabde9249abd548232bc16624f66d calls=1
[m[2m2026-09-14 22:52:39.477+0200[m[2m | [m[2mEthScheduler-BlockCreation-1-2[m[2m | [m[32mINFO [m[2m | [m[2mApprovalSelector[m[2m | [m[32mOPS_APPROVAL_TIMING {"tx":"0x64c5c6526486af0be31e4186aa49195399dbabde9249abd548232bc16624f66d","mode":3,"calls":1,"gate_ns":25333}
[m[2m2026-09-14 22:52:39.477+0200[m[2m | [m[2mEthScheduler-BlockCreation-1-2[m[2m | [m[32mINFO [m[2m | [m[2mApprovalSelector[m[2m | [m[32mOPS_APPROVAL_DECISION allow tx=0x86bdb37e29e2be38122cf38af333088376b971de4c073c4ee12ad966b92b8169 calls=1
[m[2m2026-09-14 22:52:39.477+0200[m[2m | [m[2mEthScheduler-BlockCreation-1-2[m[2m | [m[32mINFO [m[2m | [m[2mApprovalSelector[m[2m | [m[32mOPS_APPROVAL_TIMING {"tx":"0x86bdb37e29e2be38122cf38af333088376b971de4c073c4ee12ad966b92b8169","mode":3,"calls":1,"gate_ns":24501}
[m[2m2026-09-14 22:52:39.477+0200[m[2m | [m[2mEthScheduler-BlockCreation-1-2[m[2m | [m[32mINFO [m[2m | [m[2mApprovalSelector[m[2m | [m[32mOPS_APPROVAL_DECISION allow tx=0xcd66d4906bcda530982641fc80841ae28a1821eaca38f8eafa5a5cbda7bc4b7b calls=1
[m[2m2026-09-14 22:52:39.477+0200[m[2m | [m[2mEthScheduler-BlockCreation-1-2[m[2m | [m[32mINFO [m[2m | [m[2mApprovalSelector[m[2m | [m[32mOPS_APPROVAL_TIMING {"tx":"0xcd66d4906bcda530982641fc80841ae28a1821eaca38f8eafa5a5cbda7bc4b7b","mode":3,"calls":1,"gate_ns":23000}
[m[2m2026-09-14 22:52:39.477+0200[m[2m | [m[2mEthScheduler-BlockCreation-1-2[m[2m | [m[32mINFO [m[2m | [m[2mApprovalSelector[m[2m | [m[32mOPS_APPROVAL_DECISION allow tx=0xd6bac170c82659fc8e793cda67d800ba7edb8dc38566ac2b4b93bf0aab857877 calls=1
[m[2m2026-09-14 22:52:39.477+0200[m[2m | [m[2mEthScheduler-BlockCreation-1-2[m[2m | [m[32mINFO [m[2m | [m[2mApprovalSelector[m[2m | [m[32mOPS_APPROVAL_TIMING {"tx":"0xd6bac170c82659fc8e793cda67d800ba7edb8dc38566ac2b4b93bf0aab857877","mode":3,"calls":1,"gate_ns":43958}
[m[2m2026-09-14 22:52:39.477+0200[m[2m | [m[2mEthScheduler-BlockCreation-1-2[m[2m | [m[32mINFO [m[2m | [m[2mApprovalSelector[m[2m | [m[32mOPS_APPROVAL_DECISION allow tx=0x56d20be533af6ecfc01eb39a5e7c271ea64a40cf9a756ef0ef44bb1521f2d1e1 calls=1
[m[2m2026-09-14 22:52:39.477+0200[m[2m | [m[2mEthScheduler-BlockCreation-1-2[m[2m | [m[32mINFO [m[2m | [m[2mApprovalSelector[m[2m | [m[32mOPS_APPROVAL_TIMING {"tx":"0x56d20be533af6ecfc01eb39a5e7c271ea64a40cf9a756ef0ef44bb1521f2d1e1","mode":3,"calls":1,"gate_ns":22125}
[m[2m2026-09-14 22:52:39.478+0200[m[2m | [m[2mEthScheduler-BlockCreation-1-2[m[2m | [m[32mINFO [m[2m | [m[2mApprovalSelector[m[2m | [m[32mOPS_APPROVAL_DECISION allow tx=0x24c6def755d99c15b87e95baa770740b67ebfc4206752187821e9f74e102240a calls=1
[m[2m2026-09-14 22:52:39.478+0200[m[2m | [m[2mEthScheduler-BlockCreation-1-2[m[2m | [m[32mINFO [m[2m | [m[2mApprovalSelector[m[2m | [m[32mOPS_APPROVAL_TIMING {"tx":"0x24c6def755d99c15b87e95baa770740b67ebfc4206752187821e9f74e102240a","mode":3,"calls":1,"gate_ns":29042}
[m[2m2026-09-14 22:52:39.478+0200[m[2m | [m[2mEthScheduler-BlockCreation-1-2[m[2m | [m[32mINFO [m[2m | [m[2mApprovalSelector[m[2m | [m[32mOPS_APPROVAL_DECISION allow tx=0x1ec6bfbc7c1e017249c9796c1849e5b44243d414f271bdded7ce14750319ab5a calls=1
[m[2m2026-09-14 22:52:39.478+0200[m[2m | [m[2mEthScheduler-BlockCreation-1-2[m[2m | [m[32mINFO [m[2m | [m[2mApprovalSelector[m[2m | [m[32mOPS_APPROVAL_TIMING {"tx":"0x1ec6bfbc7c1e017249c9796c1849e5b44243d414f271bdded7ce14750319ab5a","mode":3,"calls":1,"gate_ns":40292}
[m[2m2026-09-14 22:52:39.478+0200[m[2m | [m[2mEthScheduler-BlockCreation-1-2[m[2m | [m[32mINFO [m[2m | [m[2mApprovalSelector[m[2m | [m[32mOPS_APPROVAL_DECISION allow tx=0xf39557adfe5b24c38514c9b0d798be125f87eac439666d9e354693fb20c53d02 calls=1
[m[2m2026-09-14 22:52:39.478+0200[m[2m | [m[2mEthScheduler-BlockCreation-1-2[m[2m | [m[32mINFO [m[2m | [m[2mApprovalSelector[m[2m | [m[32mOPS_APPROVAL_TIMING {"tx":"0xf39557adfe5b24c38514c9b0d798be125f87eac439666d9e354693fb20c53d02","mode":3,"calls":1,"gate_ns":152667}
[m[2m2026-09-14 22:52:39.478+0200[m[2m | [m[2mEthScheduler-BlockCreation-1-2[m[2m | [m[32mINFO [m[2m | [m[2mApprovalSelector[m[2m | [m[32mOPS_APPROVAL_DECISION allow tx=0x195a4fa7f61e3bdac46a3d54a037c043dbb9e946a718010f0ab1f523c1712c99 calls=1
[m[2m2026-09-14 22:52:39.478+0200[m[2m | [m[2mEthScheduler-BlockCreation-1-2[m[2m | [m[32mINFO [m[2m | [m[2mApprovalSelector[m[2m | [m[32mOPS_APPROVAL_TIMING {"tx":"0x195a4fa7f61e3bdac46a3d54a037c043dbb9e946a718010f0ab1f523c1712c99","mode":3,"calls":1,"gate_ns":32833}
[m[2m2026-09-14 22:52:39.478+0200[m[2m | [m[2mEthScheduler-BlockCreation-1-2[m[2m | [m[32mINFO [m[2m | [m[2mApprovalSelector[m[2m | [m[32mOPS_APPROVAL_DECISION allow tx=0x04233d0ec9a9122a55ec9b6dddcbc527ee829fecc8408d15f579b9cfde28690f calls=1
[m[2m2026-09-14 22:52:39.478+0200[m[2m | [m[2mEthScheduler-BlockCreation-1-2[m[2m | [m[32mINFO [m[2m | [m[2mApprovalSelector[m[2m | [m[32mOPS_APPROVAL_TIMING {"tx":"0x04233d0ec9a9122a55ec9b6dddcbc527ee829fecc8408d15f579b9cfde28690f","mode":3,"calls":1,"gate_ns":24208}
[m[2m2026-09-14 22:52:39.478+0200[m[2m | [m[2mEthScheduler-BlockCreation-1-2[m[2m | [m[32mINFO [m[2m | [m[2mApprovalSelector[m[2m | [m[32mOPS_APPROVAL_DECISION allow tx=0xb663b41ff516084708e5c2d5f439423b9c06b0e0a2d772c81b698640e80fec76 calls=1
[m[2m2026-09-14 22:52:39.479+0200[m[2m | [m[2mEthScheduler-BlockCreation-1-2[m[2m | [m[32mINFO [m[2m | [m[2mApprovalSelector[m[2m | [m[32mOPS_APPROVAL_TIMING {"tx":"0xb663b41ff516084708e5c2d5f439423b9c06b0e0a2d772c81b698640e80fec76","mode":3,"calls":1,"gate_ns":469583}
[m[2m2026-09-14 22:52:39.479+0200[m[2m | [m[2mEthScheduler-BlockCreation-1-2[m[2m | [m[32mINFO [m[2m | [m[2mApprovalSelector[m[2m | [m[32mOPS_APPROVAL_DECISION allow tx=0x740b9735b876a8900af0dac43293350fb6fe9350da694a4994633e71c4b2f0e5 calls=1
[m[2m2026-09-14 22:52:39.479+0200[m[2m | [m[2mEthScheduler-BlockCreation-1-2[m[2m | [m[32mINFO [m[2m | [m[2mApprovalSelector[m[2m | [m[32mOPS_APPROVAL_TIMING {"tx":"0x740b9735b876a8900af0dac43293350fb6fe9350da694a4994633e71c4b2f0e5","mode":3,"calls":1,"gate_ns":100083}
[m[2m2026-09-14 22:52:39.479+0200[m[2m | [m[2mEthScheduler-BlockCreation-1-2[m[2m | [m[32mINFO [m[2m | [m[2mApprovalSelector[m[2m | [m[32mOPS_APPROVAL_DECISION allow tx=0x1647a5adbaf53f549e96f929c9880a94fe9676b0752a606e1054538dd277e36c calls=1
[m[2m2026-09-14 22:52:39.479+0200[m[2m | [m[2mEthScheduler-BlockCreation-1-2[m[2m | [m[32mINFO [m[2m | [m[2mApprovalSelector[m[2m | [m[32mOPS_APPROVAL_TIMING {"tx":"0x1647a5adbaf53f549e96f929c9880a94fe9676b0752a606e1054538dd277e36c","mode":3,"calls":1,"gate_ns":33417}
[m[2m2026-09-14 22:52:39.480+0200[m[2m | [m[2mEthScheduler-BlockCreation-1-2[m[2m | [m[32mINFO [m[2m | [m[2mApprovalSelector[m[2m | [m[32mOPS_APPROVAL_DECISION allow tx=0x3335546d9d3c22210806244dd998f808043b4a2ba3e0341a000a0a4465cd9558 calls=1
[m[2m2026-09-14 22:52:39.480+0200[m[2m | [m[2mEthScheduler-BlockCreation-1-2[m[2m | [m[32mINFO [m[2m | [m[2mApprovalSelector[m[2m | [m[32mOPS_APPROVAL_TIMING {"tx":"0x3335546d9d3c22210806244dd998f808043b4a2ba3e0341a000a0a4465cd9558","mode":3,"calls":1,"gate_ns":23375}
[m[2m2026-09-14 22:52:39.480+0200[m[2m | [m[2mEthScheduler-BlockCreation-1-2[m[2m | [m[32mINFO [m[2m | [m[2mApprovalSelector[m[2m | [m[32mOPS_APPROVAL_DECISION allow tx=0xd72671d5de6ce8d549161f5ed5e80df6e69402624a1b069f522d3eb2d8b161ef calls=1
[m[2m2026-09-14 22:52:39.480+0200[m[2m | [m[2mEthScheduler-BlockCreation-1-2[m[2m | [m[32mINFO [m[2m | [m[2mApprovalSelector[m[2m | [m[32mOPS_APPROVAL_TIMING {"tx":"0xd72671d5de6ce8d549161f5ed5e80df6e69402624a1b069f522d3eb2d8b161ef","mode":3,"calls":1,"gate_ns":21416}
[m[2m2026-09-14 22:52:39.480+0200[m[2m | [m[2mEthScheduler-BlockCreation-1-2[m[2m | [m[32mINFO [m[2m | [m[2mApprovalSelector[m[2m | [m[32mOPS_APPROVAL_DECISION allow tx=0x92e542240ca14c35fec521ebc08ae5fe5ade0108e3cdcff26e40811b3e6093cc calls=1
[m[2m2026-09-14 22:52:39.480+0200[m[2m | [m[2mEthScheduler-BlockCreation-1-2[m[2m | [m[32mINFO [m[2m | [m[2mApprovalSelector[m[2m | [m[32mOPS_APPROVAL_TIMING {"tx":"0x92e542240ca14c35fec521ebc08ae5fe5ade0108e3cdcff26e40811b3e6093cc","mode":3,"calls":1,"gate_ns":23166}
[m[2m2026-09-14 22:52:39.480+0200[m[2m | [m[2mEthScheduler-BlockCreation-1-2[m[2m | [m[32mINFO [m[2m | [m[2mApprovalSelector[m[2m | [m[32mOPS_APPROVAL_DECISION allow tx=0x5fc2ec20aa7930baf027e6a8ff1472d1d96ca3179f99a390c0abbb735c47dab4 calls=1
[m[2m2026-09-14 22:52:39.480+0200[m[2m | [m[2mEthScheduler-BlockCreation-1-2[m[2m | [m[32mINFO [m[2m | [m[2mApprovalSelector[m[2m | [m[32mOPS_APPROVAL_TIMING {"tx":"0x5fc2ec20aa7930baf027e6a8ff1472d1d96ca3179f99a390c0abbb735c47dab4","mode":3,"calls":1,"gate_ns":20375}
[m[2m2026-09-14 22:52:39.480+0200[m[2m | [m[2mEthScheduler-BlockCreation-1-2[m[2m | [m[32mINFO [m[2m | [m[2mApprovalSelector[m[2m | [m[32mOPS_APPROVAL_DECISION allow tx=0x06ffdd0a433ac399d79095bb521e68e30b9e7c8d6c127e9fcd85d6d8c669046c calls=1
[m[2m2026-09-14 22:52:39.480+0200[m[2m | [m[2mEthScheduler-BlockCreation-1-2[m[2m | [m[32mINFO [m[2m | [m[2mApprovalSelector[m[2m | [m[32mOPS_APPROVAL_TIMING {"tx":"0x06ffdd0a433ac399d79095bb521e68e30b9e7c8d6c127e9fcd85d6d8c669046c","mode":3,"calls":1,"gate_ns":25792}
[m[2m2026-09-14 22:52:39.480+0200[m[2m | [m[2mEthScheduler-BlockCreation-1-2[m[2m | [m[32mINFO [m[2m | [m[2mApprovalSelector[m[2m | [m[32mOPS_APPROVAL_DECISION allow tx=0x8150a95631f1cc976fa5dd7acc14c67c7a13095297d9e6ee64bb33e71a99aa10 calls=1
[m[2m2026-09-14 22:52:39.480+0200[m[2m | [m[2mEthScheduler-BlockCreation-1-2[m[2m | [m[32mINFO [m[2m | [m[2mApprovalSelector[m[2m | [m[32mOPS_APPROVAL_TIMING {"tx":"0x8150a95631f1cc976fa5dd7acc14c67c7a13095297d9e6ee64bb33e71a99aa10","mode":3,"calls":1,"gate_ns":49333}
[m[2m2026-09-14 22:52:39.481+0200[m[2m | [m[2mEthScheduler-BlockCreation-1-2[m[2m | [m[32mINFO [m[2m | [m[2mApprovalSelector[m[2m | [m[32mOPS_APPROVAL_DECISION allow tx=0xa3a5c22a8051e37ba286dabc10e3ca3385a9e1fcee96d34de56047ec179c3c9d calls=1
[m[2m2026-09-14 22:52:39.481+0200[m[2m | [m[2mEthScheduler-BlockCreation-1-2[m[2m | [m[32mINFO [m[2m | [m[2mApprovalSelector[m[2m | [m[32mOPS_APPROVAL_TIMING {"tx":"0xa3a5c22a8051e37ba286dabc10e3ca3385a9e1fcee96d34de56047ec179c3c9d","mode":3,"calls":1,"gate_ns":29083}
[m[2m2026-09-14 22:52:39.481+0200[m[2m | [m[2mEthScheduler-BlockCreation-1-2[m[2m | [m[32mINFO [m[2m | [m[2mApprovalSelector[m[2m | [m[32mOPS_APPROVAL_DECISION allow tx=0x8864b7fa933a1d7cab9ceb4e5e1c194cc3e178cef120308b12ff905e03dddbfb calls=1
[m[2m2026-09-14 22:52:39.481+0200[m[2m | [m[2mEthScheduler-BlockCreation-1-2[m[2m | [m[32mINFO [m[2m | [m[2mApprovalSelector[m[2m | [m[32mOPS_APPROVAL_TIMING {"tx":"0x8864b7fa933a1d7cab9ceb4e5e1c194cc3e178cef120308b12ff905e03dddbfb","mode":3,"calls":1,"gate_ns":23209}
[m[2m2026-09-14 22:52:39.481+0200[m[2m | [m[2mEthScheduler-BlockCreation-1-2[m[2m | [m[32mINFO [m[2m | [m[2mApprovalSelector[m[2m | [m[32mOPS_APPROVAL_DECISION allow tx=0x261d09f50a98a1bfcdc6fcb9b0de5b52a730b06d11d429dc41731c0d19f9d50b calls=1
[m[2m2026-09-14 22:52:39.481+0200[m[2m | [m[2mEthScheduler-BlockCreation-1-2[m[2m | [m[32mINFO [m[2m | [m[2mApprovalSelector[m[2m | [m[32mOPS_APPROVAL_TIMING {"tx":"0x261d09f50a98a1bfcdc6fcb9b0de5b52a730b06d11d429dc41731c0d19f9d50b","mode":3,"calls":1,"gate_ns":21833}
[m[2m2026-09-14 22:52:39.481+0200[m[2m | [m[2mEthScheduler-BlockCreation-1-2[m[2m | [m[32mINFO [m[2m | [m[2mApprovalSelector[m[2m | [m[32mOPS_APPROVAL_DECISION allow tx=0x3bef62ab543762ffbcf0204eb37d65f1b88e78c9c4f40927996843c6495bca01 calls=1
[m[2m2026-09-14 22:52:39.481+0200[m[2m | [m[2mEthScheduler-BlockCreation-1-2[m[2m | [m[32mINFO [m[2m | [m[2mApprovalSelector[m[2m | [m[32mOPS_APPROVAL_TIMING {"tx":"0x3bef62ab543762ffbcf0204eb37d65f1b88e78c9c4f40927996843c6495bca01","mode":3,"calls":1,"gate_ns":238000}
[m[2m2026-09-14 22:52:39.481+0200[m[2m | [m[2mEthScheduler-BlockCreation-1-2[m[2m | [m[32mINFO [m[2m | [m[2mApprovalSelector[m[2m | [m[32mOPS_APPROVAL_DECISION allow tx=0x42528a2a1eb1bfa08615a92e7de85e8a54b0cb5a40549fa765dfb979b06cc0d1 calls=1
[m[2m2026-09-14 22:52:39.481+0200[m[2m | [m[2mEthScheduler-BlockCreation-1-2[m[2m | [m[32mINFO [m[2m | [m[2mApprovalSelector[m[2m | [m[32mOPS_APPROVAL_TIMING {"tx":"0x42528a2a1eb1bfa08615a92e7de85e8a54b0cb5a40549fa765dfb979b06cc0d1","mode":3,"calls":1,"gate_ns":21875}
[m[2m2026-09-14 22:52:39.481+0200[m[2m | [m[2mEthScheduler-BlockCreation-1-2[m[2m | [m[32mINFO [m[2m | [m[2mApprovalSelector[m[2m | [m[32mOPS_APPROVAL_DECISION allow tx=0x08de6ef676feb0f38cc6cc6036041ecccd88bab6a9cd86c5c695ccbfba6aa8e1 calls=1
[m[2m2026-09-14 22:52:39.481+0200[m[2m | [m[2mEthScheduler-BlockCreation-1-2[m[2m | [m[32mINFO [m[2m | [m[2mApprovalSelector[m[2m | [m[32mOPS_APPROVAL_TIMING {"tx":"0x08de6ef676feb0f38cc6cc6036041ecccd88bab6a9cd86c5c695ccbfba6aa8e1","mode":3,"calls":1,"gate_ns":18666}
[m[2m2026-09-14 22:52:39.481+0200[m[2m | [m[2mEthScheduler-BlockCreation-1-2[m[2m | [m[32mINFO [m[2m | [m[2mApprovalSelector[m[2m | [m[32mOPS_APPROVAL_DECISION allow tx=0x47b61b3dccdd5af6b5efbdf0955de17b7dff6360992afd59900aadaffd9dcd65 calls=1
[m[2m2026-09-14 22:52:39.482+0200[m[2m | [m[2mEthScheduler-BlockCreation-1-2[m[2m | [m[32mINFO [m[2m | [m[2mApprovalSelector[m[2m | [m[32mOPS_APPROVAL_TIMING {"tx":"0x47b61b3dccdd5af6b5efbdf0955de17b7dff6360992afd59900aadaffd9dcd65","mode":3,"calls":1,"gate_ns":60208}
[m[2m2026-09-14 22:52:39.482+0200[m[2m | [m[2mEthScheduler-BlockCreation-1-2[m[2m | [m[32mINFO [m[2m | [m[2mApprovalSelector[m[2m | [m[32mOPS_APPROVAL_DECISION allow tx=0x1eed8903083acc7a3eeb8fe00b8477eabf00d2c4159605567bff1df41808abee calls=1
[m[2m2026-09-14 22:52:39.482+0200[m[2m | [m[2mEthScheduler-BlockCreation-1-2[m[2m | [m[32mINFO [m[2m | [m[2mApprovalSelector[m[2m | [m[32mOPS_APPROVAL_TIMING {"tx":"0x1eed8903083acc7a3eeb8fe00b8477eabf00d2c4159605567bff1df41808abee","mode":3,"calls":1,"gate_ns":30041}
[m[2m2026-09-14 22:52:39.482+0200[m[2m | [m[2mEthScheduler-BlockCreation-1-2[m[2m | [m[32mINFO [m[2m | [m[2mApprovalSelector[m[2m | [m[32mOPS_APPROVAL_DECISION allow tx=0x137a4fc81f93fbaed457e621fb6497f17742261982a567f5daa5bbde675c3371 calls=1
[m[2m2026-09-14 22:52:39.482+0200[m[2m | [m[2mEthScheduler-BlockCreation-1-2[m[2m | [m[32mINFO [m[2m | [m[2mApprovalSelector[m[2m | [m[32mOPS_APPROVAL_TIMING {"tx":"0x137a4fc81f93fbaed457e621fb6497f17742261982a567f5daa5bbde675c3371","mode":3,"calls":1,"gate_ns":21250}
[m[2m2026-09-14 22:52:39.482+0200[m[2m | [m[2mEthScheduler-BlockCreation-1-2[m[2m | [m[32mINFO [m[2m | [m[2mApprovalSelector[m[2m | [m[32mOPS_APPROVAL_DECISION allow tx=0xbea24ae739ff2808597c15024c3bb955e6a84446d8d626bb3be419aaf4c207fc calls=1
[m[2m2026-09-14 22:52:39.482+0200[m[2m | [m[2mEthScheduler-BlockCreation-1-2[m[2m | [m[32mINFO [m[2m | [m[2mApprovalSelector[m[2m | [m[32mOPS_APPROVAL_TIMING {"tx":"0xbea24ae739ff2808597c15024c3bb955e6a84446d8d626bb3be419aaf4c207fc","mode":3,"calls":1,"gate_ns":19666}
[m[2m2026-09-14 22:52:39.482+0200[m[2m | [m[2mEthScheduler-BlockCreation-1-2[m[2m | [m[32mINFO [m[2m | [m[2mApprovalSelector[m[2m | [m[32mOPS_APPROVAL_DECISION allow tx=0xe1b1a5c460301319d58b3f12dfeacad6b8ce4ae36cb618c9295249cf03ba5a39 calls=1
[m[2m2026-09-14 22:52:39.482+0200[m[2m | [m[2mEthScheduler-BlockCreation-1-2[m[2m | [m[32mINFO [m[2m | [m[2mApprovalSelector[m[2m | [m[32mOPS_APPROVAL_TIMING {"tx":"0xe1b1a5c460301319d58b3f12dfeacad6b8ce4ae36cb618c9295249cf03ba5a39","mode":3,"calls":1,"gate_ns":17166}
[m[2m2026-09-14 22:52:39.482+0200[m[2m | [m[2mEthScheduler-BlockCreation-1-2[m[2m | [m[32mINFO [m[2m | [m[2mApprovalSelector[m[2m | [m[32mOPS_APPROVAL_DECISION allow tx=0x61e762822437898f96025a1d932497c39e4a31df2ddf3fa1c5137d15cb1783cd calls=1
[m[2m2026-09-14 22:52:39.482+0200[m[2m | [m[2mEthScheduler-BlockCreation-1-2[m[2m | [m[32mINFO [m[2m | [m[2mApprovalSelector[m[2m | [m[32mOPS_APPROVAL_TIMING {"tx":"0x61e762822437898f96025a1d932497c39e4a31df2ddf3fa1c5137d15cb1783cd","mode":3,"calls":1,"gate_ns":19000}
[m[2m2026-09-14 22:52:39.482+0200[m[2m | [m[2mEthScheduler-BlockCreation-1-2[m[2m | [m[32mINFO [m[2m | [m[2mApprovalSelector[m[2m | [m[32mOPS_APPROVAL_DECISION allow tx=0xd3fe359c64047682098f6bfab3670547c088f73ee9556ee7a6eb27c1e5c5711e calls=1
[m[2m2026-09-14 22:52:39.482+0200[m[2m | [m[2mEthScheduler-BlockCreation-1-2[m[2m | [m[32mINFO [m[2m | [m[2mApprovalSelector[m[2m | [m[32mOPS_APPROVAL_TIMING {"tx":"0xd3fe359c64047682098f6bfab3670547c088f73ee9556ee7a6eb27c1e5c5711e","mode":3,"calls":1,"gate_ns":20292}
[m[2m2026-09-14 22:52:39.482+0200[m[2m | [m[2mEthScheduler-BlockCreation-1-2[m[2m | [m[32mINFO [m[2m | [m[2mApprovalSelector[m[2m | [m[32mOPS_APPROVAL_DECISION allow tx=0x97a4965554b1f4718f493f9500b6381235705260e497390a868cfe5601440df4 calls=1
[m[2m2026-09-14 22:52:39.482+0200[m[2m | [m[2mEthScheduler-BlockCreation-1-2[m[2m | [m[32mINFO [m[2m | [m[2mApprovalSelector[m[2m | [m[32mOPS_APPROVAL_TIMING {"tx":"0x97a4965554b1f4718f493f9500b6381235705260e497390a868cfe5601440df4","mode":3,"calls":1,"gate_ns":23875}
[m[2m2026-09-14 22:52:39.482+0200[m[2m | [m[2mEthScheduler-BlockCreation-1-2[m[2m | [m[32mINFO [m[2m | [m[2mApprovalSelector[m[2m | [m[32mOPS_APPROVAL_DECISION allow tx=0x9a3a471dc0d847fc3742c8d6037d751bb31f1c3e1cd26c5ab00a64bb80fa090b calls=1
[m[2m2026-09-14 22:52:39.482+0200[m[2m | [m[2mEthScheduler-BlockCreation-1-2[m[2m | [m[32mINFO [m[2m | [m[2mApprovalSelector[m[2m | [m[32mOPS_APPROVAL_TIMING {"tx":"0x9a3a471dc0d847fc3742c8d6037d751bb31f1c3e1cd26c5ab00a64bb80fa090b","mode":3,"calls":1,"gate_ns":20500}
[m[2m2026-09-14 22:52:39.483+0200[m[2m | [m[2mEthScheduler-BlockCreation-1-2[m[2m | [m[32mINFO [m[2m | [m[2mApprovalSelector[m[2m | [m[32mOPS_APPROVAL_DECISION allow tx=0xfdcd5ff3963672bb8a07ca144a8ce49684eae3360ae9b4749c0d1a4fd3a556c9 calls=1
[m[2m2026-09-14 22:52:39.483+0200[m[2m | [m[2mEthScheduler-BlockCreation-1-2[m[2m | [m[32mINFO [m[2m | [m[2mApprovalSelector[m[2m | [m[32mOPS_APPROVAL_TIMING {"tx":"0xfdcd5ff3963672bb8a07ca144a8ce49684eae3360ae9b4749c0d1a4fd3a556c9","mode":3,"calls":1,"gate_ns":22458}
[m[2m2026-09-14 22:52:39.483+0200[m[2m | [m[2mEthScheduler-BlockCreation-1-2[m[2m | [m[32mINFO [m[2m | [m[2mApprovalSelector[m[2m | [m[32mOPS_APPROVAL_DECISION allow tx=0x1ba8d51f59f283075affe95cdc48c8e090de4185e4db88cb94d6a0f0f74518b2 calls=1
[m[2m2026-09-14 22:52:39.483+0200[m[2m | [m[2mEthScheduler-BlockCreation-1-2[m[2m | [m[32mINFO [m[2m | [m[2mApprovalSelector[m[2m | [m[32mOPS_APPROVAL_TIMING {"tx":"0x1ba8d51f59f283075affe95cdc48c8e090de4185e4db88cb94d6a0f0f74518b2","mode":3,"calls":1,"gate_ns":19750}
[m[2m2026-09-14 22:52:39.483+0200[m[2m | [m[2mEthScheduler-BlockCreation-1-2[m[2m | [m[32mINFO [m[2m | [m[2mApprovalSelector[m[2m | [m[32mOPS_APPROVAL_DECISION allow tx=0xf5f18208b6e45a4da6d3ff63f55632830d1e2331aae9fc3a53bf4226bdc18330 calls=1
[m[2m2026-09-14 22:52:39.483+0200[m[2m | [m[2mEthScheduler-BlockCreation-1-2[m[2m | [m[32mINFO [m[2m | [m[2mApprovalSelector[m[2m | [m[32mOPS_APPROVAL_TIMING {"tx":"0xf5f18208b6e45a4da6d3ff63f55632830d1e2331aae9fc3a53bf4226bdc18330","mode":3,"calls":1,"gate_ns":21624}
[m[2m2026-09-14 22:52:39.483+0200[m[2m | [m[2mEthScheduler-BlockCreation-1-2[m[2m | [m[32mINFO [m[2m | [m[2mApprovalSelector[m[2m | [m[32mOPS_APPROVAL_DECISION allow tx=0x17a7b0508038d87c7006b48cebf5a6c6d5a73e77fb09ce0b3b0740fd84989b80 calls=1
[m[2m2026-09-14 22:52:39.483+0200[m[2m | [m[2mEthScheduler-BlockCreation-1-2[m[2m | [m[32mINFO [m[2m | [m[2mApprovalSelector[m[2m | [m[32mOPS_APPROVAL_TIMING {"tx":"0x17a7b0508038d87c7006b48cebf5a6c6d5a73e77fb09ce0b3b0740fd84989b80","mode":3,"calls":1,"gate_ns":224292}
[m[2m2026-09-14 22:52:39.483+0200[m[2m | [m[2mEthScheduler-BlockCreation-1-2[m[2m | [m[32mINFO [m[2m | [m[2mApprovalSelector[m[2m | [m[32mOPS_APPROVAL_DECISION allow tx=0xbe9a83e3a47bf3ee11abf6b9e65bbf95aeb226747833a07e2f28ff22df773b8e calls=1
[m[2m2026-09-14 22:52:39.483+0200[m[2m | [m[2mEthScheduler-BlockCreation-1-2[m[2m | [m[32mINFO [m[2m | [m[2mApprovalSelector[m[2m | [m[32mOPS_APPROVAL_TIMING {"tx":"0xbe9a83e3a47bf3ee11abf6b9e65bbf95aeb226747833a07e2f28ff22df773b8e","mode":3,"calls":1,"gate_ns":47916}
[m[2m2026-09-14 22:52:39.484+0200[m[2m | [m[2mEthScheduler-BlockCreation-1-2[m[2m | [m[32mINFO [m[2m | [m[2mApprovalSelector[m[2m | [m[32mOPS_APPROVAL_DECISION allow tx=0x1532efb2c81b2174fb8ca991d0edd12f151d1ed27178442bd6127f203b53d22c calls=1
[m[2m2026-09-14 22:52:39.484+0200[m[2m | [m[2mEthScheduler-BlockCreation-1-2[m[2m | [m[32mINFO [m[2m | [m[2mApprovalSelector[m[2m | [m[32mOPS_APPROVAL_TIMING {"tx":"0x1532efb2c81b2174fb8ca991d0edd12f151d1ed27178442bd6127f203b53d22c","mode":3,"calls":1,"gate_ns":259042}
[m[2m2026-09-14 22:52:39.484+0200[m[2m | [m[2mEthScheduler-BlockCreation-1-2[m[2m | [m[32mINFO [m[2m | [m[2mApprovalSelector[m[2m | [m[32mOPS_APPROVAL_DECISION allow tx=0xcc3b14a48644a770d5eaa35f5c46518f4800e4b3697cf4fac67adc6660d1788c calls=1
[m[2m2026-09-14 22:52:39.484+0200[m[2m | [m[2mEthScheduler-BlockCreation-1-2[m[2m | [m[32mINFO [m[2m | [m[2mApprovalSelector[m[2m | [m[32mOPS_APPROVAL_TIMING {"tx":"0xcc3b14a48644a770d5eaa35f5c46518f4800e4b3697cf4fac67adc6660d1788c","mode":3,"calls":1,"gate_ns":32709}
[m[2m2026-09-14 22:52:39.484+0200[m[2m | [m[2mEthScheduler-BlockCreation-1-2[m[2m | [m[32mINFO [m[2m | [m[2mApprovalSelector[m[2m | [m[32mOPS_APPROVAL_DECISION allow tx=0x0a27847b746da6de99e28c96e029c6cf671e74b81142a89e66b10fa2f1f95aeb calls=1
[m[2m2026-09-14 22:52:39.484+0200[m[2m | [m[2mEthScheduler-BlockCreation-1-2[m[2m | [m[32mINFO [m[2m | [m[2mApprovalSelector[m[2m | [m[32mOPS_APPROVAL_TIMING {"tx":"0x0a27847b746da6de99e28c96e029c6cf671e74b81142a89e66b10fa2f1f95aeb","mode":3,"calls":1,"gate_ns":26500}
[m[2m2026-09-14 22:52:39.484+0200[m[2m | [m[2mEthScheduler-BlockCreation-1-2[m[2m | [m[32mINFO [m[2m | [m[2mApprovalSelector[m[2m | [m[32mOPS_APPROVAL_DECISION allow tx=0x62306e1c386dc5e1faffe719e982b3dbf97c7c45acf4bcc676087e26156f0e09 calls=1
[m[2m2026-09-14 22:52:39.484+0200[m[2m | [m[2mEthScheduler-BlockCreation-1-2[m[2m | [m[32mINFO [m[2m | [m[2mApprovalSelector[m[2m | [m[32mOPS_APPROVAL_TIMING {"tx":"0x62306e1c386dc5e1faffe719e982b3dbf97c7c45acf4bcc676087e26156f0e09","mode":3,"calls":1,"gate_ns":20958}
[m[2m2026-09-14 22:52:39.484+0200[m[2m | [m[2mEthScheduler-BlockCreation-1-2[m[2m | [m[32mINFO [m[2m | [m[2mApprovalSelector[m[2m | [m[32mOPS_APPROVAL_DECISION allow tx=0xea633fb6e74a89a79503b469297d3c665fb2824606e6c408d4504759454ca130 calls=1
[m[2m2026-09-14 22:52:39.484+0200[m[2m | [m[2mEthScheduler-BlockCreation-1-2[m[2m | [m[32mINFO [m[2m | [m[2mApprovalSelector[m[2m | [m[32mOPS_APPROVAL_TIMING {"tx":"0xea633fb6e74a89a79503b469297d3c665fb2824606e6c408d4504759454ca130","mode":3,"calls":1,"gate_ns":21958}
[m[2m2026-09-14 22:52:39.484+0200[m[2m | [m[2mEthScheduler-BlockCreation-1-2[m[2m | [m[32mINFO [m[2m | [m[2mApprovalSelector[m[2m | [m[32mOPS_APPROVAL_DECISION allow tx=0xe54cc71bd4d9e964478ae041a28f150a47d6922de97ff48a04bf7cb2a917c1ec calls=1
[m[2m2026-09-14 22:52:39.484+0200[m[2m | [m[2mEthScheduler-BlockCreation-1-2[m[2m | [m[32mINFO [m[2m | [m[2mApprovalSelector[m[2m | [m[32mOPS_APPROVAL_TIMING {"tx":"0xe54cc71bd4d9e964478ae041a28f150a47d6922de97ff48a04bf7cb2a917c1ec","mode":3,"calls":1,"gate_ns":21750}
[m[2m2026-09-14 22:52:39.485+0200[m[2m | [m[2mEthScheduler-BlockCreation-1-2[m[2m | [m[32mINFO [m[2m | [m[2mApprovalSelector[m[2m | [m[32mOPS_APPROVAL_DECISION allow tx=0xf6b2c1638c24b4b3a4251379edafa1691677d2baaa9842bfa5aa6ec4e8b5755e calls=1
[m[2m2026-09-14 22:52:39.485+0200[m[2m | [m[2mEthScheduler-BlockCreation-1-2[m[2m | [m[32mINFO [m[2m | [m[2mApprovalSelector[m[2m | [m[32mOPS_APPROVAL_TIMING {"tx":"0xf6b2c1638c24b4b3a4251379edafa1691677d2baaa9842bfa5aa6ec4e8b5755e","mode":3,"calls":1,"gate_ns":23375}
[m[2m2026-09-14 22:52:39.485+0200[m[2m | [m[2mEthScheduler-BlockCreation-1-2[m[2m | [m[32mINFO [m[2m | [m[2mApprovalSelector[m[2m | [m[32mOPS_APPROVAL_DECISION allow tx=0x1ce16f6b321a9b19cc5ca7aaf03bf6259342d0b6e47095cbceb67bd3021a9f4c calls=1
[m[2m2026-09-14 22:52:39.485+0200[m[2m | [m[2mEthScheduler-BlockCreation-1-2[m[2m | [m[32mINFO [m[2m | [m[2mApprovalSelector[m[2m | [m[32mOPS_APPROVAL_TIMING {"tx":"0x1ce16f6b321a9b19cc5ca7aaf03bf6259342d0b6e47095cbceb67bd3021a9f4c","mode":3,"calls":1,"gate_ns":24333}
[m[2m2026-09-14 22:52:39.485+0200[m[2m | [m[2mEthScheduler-BlockCreation-1-2[m[2m | [m[32mINFO [m[2m | [m[2mApprovalSelector[m[2m | [m[32mOPS_APPROVAL_DECISION allow tx=0x0e3666856e1d2629b234eee81de9eb6d6f64b779b438ce047df2c717cd78fbdf calls=1
[m[2m2026-09-14 22:52:39.485+0200[m[2m | [m[2mEthScheduler-BlockCreation-1-2[m[2m | [m[32mINFO [m[2m | [m[2mApprovalSelector[m[2m | [m[32mOPS_APPROVAL_TIMING {"tx":"0x0e3666856e1d2629b234eee81de9eb6d6f64b779b438ce047df2c717cd78fbdf","mode":3,"calls":1,"gate_ns":23875}
[m[2m2026-09-14 22:52:39.485+0200[m[2m | [m[2mEthScheduler-BlockCreation-1-2[m[2m | [m[32mINFO [m[2m | [m[2mApprovalSelector[m[2m | [m[32mOPS_APPROVAL_DECISION allow tx=0x8e36658f7deebf0d8e4011a98475340dcb630d2796300342849a5406eeff972d calls=1
[m[2m2026-09-14 22:52:39.485+0200[m[2m | [m[2mEthScheduler-BlockCreation-1-2[m[2m | [m[32mINFO [m[2m | [m[2mApprovalSelector[m[2m | [m[32mOPS_APPROVAL_TIMING {"tx":"0x8e36658f7deebf0d8e4011a98475340dcb630d2796300342849a5406eeff972d","mode":3,"calls":1,"gate_ns":20042}
[m[2m2026-09-14 22:52:39.485+0200[m[2m | [m[2mEthScheduler-BlockCreation-1-2[m[2m | [m[32mINFO [m[2m | [m[2mApprovalSelector[m[2m | [m[32mOPS_APPROVAL_DECISION allow tx=0x824b821062c6755c21e6d82a98aba7ecaaeb6e2c48143d45c6e757685ff05914 calls=1
[m[2m2026-09-14 22:52:39.485+0200[m[2m | [m[2mEthScheduler-BlockCreation-1-2[m[2m | [m[32mINFO [m[2m | [m[2mApprovalSelector[m[2m | [m[32mOPS_APPROVAL_TIMING {"tx":"0x824b821062c6755c21e6d82a98aba7ecaaeb6e2c48143d45c6e757685ff05914","mode":3,"calls":1,"gate_ns":34167}
[m[2m2026-09-14 22:52:39.485+0200[m[2m | [m[2mEthScheduler-BlockCreation-1-2[m[2m | [m[32mINFO [m[2m | [m[2mApprovalSelector[m[2m | [m[32mOPS_APPROVAL_DECISION allow tx=0x96f4686c205ab0a8fe9f98ee5faf54274ba0c7f57cc78fc296cf92aceca1665c calls=1
[m[2m2026-09-14 22:52:39.485+0200[m[2m | [m[2mEthScheduler-BlockCreation-1-2[m[2m | [m[32mINFO [m[2m | [m[2mApprovalSelector[m[2m | [m[32mOPS_APPROVAL_TIMING {"tx":"0x96f4686c205ab0a8fe9f98ee5faf54274ba0c7f57cc78fc296cf92aceca1665c","mode":3,"calls":1,"gate_ns":41875}
[m[2m2026-09-14 22:52:39.486+0200[m[2m | [m[2mEthScheduler-BlockCreation-1-2[m[2m | [m[32mINFO [m[2m | [m[2mApprovalSelector[m[2m | [m[32mOPS_APPROVAL_DECISION allow tx=0xf86493b3ae2eac975c5526a8705372124abe487b42b23e4b425c94d23d0143d7 calls=1
[m[2m2026-09-14 22:52:39.486+0200[m[2m | [m[2mEthScheduler-BlockCreation-1-2[m[2m | [m[32mINFO [m[2m | [m[2mApprovalSelector[m[2m | [m[32mOPS_APPROVAL_TIMING {"tx":"0xf86493b3ae2eac975c5526a8705372124abe487b42b23e4b425c94d23d0143d7","mode":3,"calls":1,"gate_ns":28750}
[m[2m2026-09-14 22:52:39.486+0200[m[2m | [m[2mEthScheduler-BlockCreation-1-2[m[2m | [m[32mINFO [m[2m | [m[2mApprovalSelector[m[2m | [m[32mOPS_APPROVAL_DECISION allow tx=0x3af890136289ce4c6804b44559b25013cdddd0e3a304b4ec0b015ac938fb1c51 calls=1
[m[2m2026-09-14 22:52:39.486+0200[m[2m | [m[2mEthScheduler-BlockCreation-1-2[m[2m | [m[32mINFO [m[2m | [m[2mApprovalSelector[m[2m | [m[32mOPS_APPROVAL_TIMING {"tx":"0x3af890136289ce4c6804b44559b25013cdddd0e3a304b4ec0b015ac938fb1c51","mode":3,"calls":1,"gate_ns":117624}
[m[2m2026-09-14 22:52:39.486+0200[m[2m | [m[2mEthScheduler-BlockCreation-1-2[m[2m | [m[32mINFO [m[2m | [m[2mApprovalSelector[m[2m | [m[32mOPS_APPROVAL_DECISION allow tx=0x3262d8aebd15dd8f94502914561925cb94490bbbf79fab44e02d6c129548250f calls=1
[m[2m2026-09-14 22:52:39.486+0200[m[2m | [m[2mEthScheduler-BlockCreation-1-2[m[2m | [m[32mINFO [m[2m | [m[2mApprovalSelector[m[2m | [m[32mOPS_APPROVAL_TIMING {"tx":"0x3262d8aebd15dd8f94502914561925cb94490bbbf79fab44e02d6c129548250f","mode":3,"calls":1,"gate_ns":20667}
[m[2m2026-09-14 22:52:39.486+0200[m[2m | [m[2mEthScheduler-BlockCreation-1-2[m[2m | [m[32mINFO [m[2m | [m[2mApprovalSelector[m[2m | [m[32mOPS_APPROVAL_DECISION allow tx=0x1b67c708475a09294457d4939aa02781e19cda33a05cc0700c7887c107f221df calls=1
[m[2m2026-09-14 22:52:39.486+0200[m[2m | [m[2mEthScheduler-BlockCreation-1-2[m[2m | [m[32mINFO [m[2m | [m[2mApprovalSelector[m[2m | [m[32mOPS_APPROVAL_TIMING {"tx":"0x1b67c708475a09294457d4939aa02781e19cda33a05cc0700c7887c107f221df","mode":3,"calls":1,"gate_ns":18750}
[m[2m2026-09-14 22:52:39.486+0200[m[2m | [m[2mEthScheduler-BlockCreation-1-2[m[2m | [m[32mINFO [m[2m | [m[2mApprovalSelector[m[2m | [m[32mOPS_APPROVAL_DECISION allow tx=0xfe05ddb77605886e78dd5c9d6e681b9fb9ebc07108876c012df3e595d57b5ce2 calls=1
[m[2m2026-09-14 22:52:39.486+0200[m[2m | [m[2mEthScheduler-BlockCreation-1-2[m[2m | [m[32mINFO [m[2m | [m[2mApprovalSelector[m[2m | [m[32mOPS_APPROVAL_TIMING {"tx":"0xfe05ddb77605886e78dd5c9d6e681b9fb9ebc07108876c012df3e595d57b5ce2","mode":3,"calls":1,"gate_ns":19667}
[m[2m2026-09-14 22:52:39.486+0200[m[2m | [m[2mEthScheduler-BlockCreation-1-2[m[2m | [m[32mINFO [m[2m | [m[2mApprovalSelector[m[2m | [m[32mOPS_APPROVAL_DECISION allow tx=0x9cdb56e47cb9554f54ef76d7e6c4fad2c31d3f5917233a85d8ac8c998668d6b6 calls=1
[m[2m2026-09-14 22:52:39.486+0200[m[2m | [m[2mEthScheduler-BlockCreation-1-2[m[2m | [m[32mINFO [m[2m | [m[2mApprovalSelector[m[2m | [m[32mOPS_APPROVAL_TIMING {"tx":"0x9cdb56e47cb9554f54ef76d7e6c4fad2c31d3f5917233a85d8ac8c998668d6b6","mode":3,"calls":1,"gate_ns":17625}
[m[2m2026-09-14 22:52:39.486+0200[m[2m | [m[2mEthScheduler-BlockCreation-1-2[m[2m | [m[32mINFO [m[2m | [m[2mApprovalSelector[m[2m | [m[32mOPS_APPROVAL_DECISION allow tx=0xf6dda9e8e18f791699f3771e6194a440c3c6f22f39f5e28f805763f41c4dc48a calls=1
[m[2m2026-09-14 22:52:39.486+0200[m[2m | [m[2mEthScheduler-BlockCreation-1-2[m[2m | [m[32mINFO [m[2m | [m[2mApprovalSelector[m[2m | [m[32mOPS_APPROVAL_TIMING {"tx":"0xf6dda9e8e18f791699f3771e6194a440c3c6f22f39f5e28f805763f41c4dc48a","mode":3,"calls":1,"gate_ns":18500}
[m[2m2026-09-14 22:52:39.487+0200[m[2m | [m[2mEthScheduler-BlockCreation-1-2[m[2m | [m[32mINFO [m[2m | [m[2mApprovalSelector[m[2m | [m[32mOPS_APPROVAL_DECISION allow tx=0x46dff4e0675a64486bf2ca1e48002eebfd3ef212ead1a339558924d25e406841 calls=1
[m[2m2026-09-14 22:52:39.487+0200[m[2m | [m[2mEthScheduler-BlockCreation-1-2[m[2m | [m[32mINFO [m[2m | [m[2mApprovalSelector[m[2m | [m[32mOPS_APPROVAL_TIMING {"tx":"0x46dff4e0675a64486bf2ca1e48002eebfd3ef212ead1a339558924d25e406841","mode":3,"calls":1,"gate_ns":31125}
[m[2m2026-09-14 22:52:39.487+0200[m[2m | [m[2mEthScheduler-BlockCreation-1-2[m[2m | [m[32mINFO [m[2m | [m[2mApprovalSelector[m[2m | [m[32mOPS_APPROVAL_DECISION allow tx=0x0cf7d208c0cefabe30f206cc2f176e8468cdbff4376ca304943ea4981f67c265 calls=1
[m[2m2026-09-14 22:52:39.487+0200[m[2m | [m[2mEthScheduler-BlockCreation-1-2[m[2m | [m[32mINFO [m[2m | [m[2mApprovalSelector[m[2m | [m[32mOPS_APPROVAL_TIMING {"tx":"0x0cf7d208c0cefabe30f206cc2f176e8468cdbff4376ca304943ea4981f67c265","mode":3,"calls":1,"gate_ns":22292}
[m[2m2026-09-14 22:52:39.487+0200[m[2m | [m[2mEthScheduler-BlockCreation-1-2[m[2m | [m[32mINFO [m[2m | [m[2mApprovalSelector[m[2m | [m[32mOPS_APPROVAL_DECISION allow tx=0xb506cf0601e4db9b18394cda769b2e3c68eb400b0bf3a893f84e24a39b453744 calls=1
[m[2m2026-09-14 22:52:39.487+0200[m[2m | [m[2mEthScheduler-BlockCreation-1-2[m[2m | [m[32mINFO [m[2m | [m[2mApprovalSelector[m[2m | [m[32mOPS_APPROVAL_TIMING {"tx":"0xb506cf0601e4db9b18394cda769b2e3c68eb400b0bf3a893f84e24a39b453744","mode":3,"calls":1,"gate_ns":22541}
[m[2m2026-09-14 22:52:39.487+0200[m[2m | [m[2mEthScheduler-BlockCreation-1-2[m[2m | [m[32mINFO [m[2m | [m[2mApprovalSelector[m[2m | [m[32mOPS_APPROVAL_DECISION allow tx=0xc068685e438487d6c3c22c82c4a4af9ac1b8572893c2fd92cfd352a1c7bfc8b8 calls=1
[m[2m2026-09-14 22:52:39.487+0200[m[2m | [m[2mEthScheduler-BlockCreation-1-2[m[2m | [m[32mINFO [m[2m | [m[2mApprovalSelector[m[2m | [m[32mOPS_APPROVAL_TIMING {"tx":"0xc068685e438487d6c3c22c82c4a4af9ac1b8572893c2fd92cfd352a1c7bfc8b8","mode":3,"calls":1,"gate_ns":193833}
[m[2m2026-09-14 22:52:39.487+0200[m[2m | [m[2mEthScheduler-BlockCreation-1-2[m[2m | [m[32mINFO [m[2m | [m[2mApprovalSelector[m[2m | [m[32mOPS_APPROVAL_DECISION allow tx=0x725c634affc3d07a01387ca32a1bc2012f4a5e6d3fc5938ad8885a2c6d268ef4 calls=1
[m[2m2026-09-14 22:52:39.487+0200[m[2m | [m[2mEthScheduler-BlockCreation-1-2[m[2m | [m[32mINFO [m[2m | [m[2mApprovalSelector[m[2m | [m[32mOPS_APPROVAL_TIMING {"tx":"0x725c634affc3d07a01387ca32a1bc2012f4a5e6d3fc5938ad8885a2c6d268ef4","mode":3,"calls":1,"gate_ns":55083}
[m[2m2026-09-14 22:52:39.487+0200[m[2m | [m[2mEthScheduler-BlockCreation-1-2[m[2m | [m[32mINFO [m[2m | [m[2mApprovalSelector[m[2m | [m[32mOPS_APPROVAL_DECISION allow tx=0x5eadfc96b34927885f04332ba8ceafff50c152fc12560f839d6ad0236768ffff calls=1
[m[2m2026-09-14 22:52:39.487+0200[m[2m | [m[2mEthScheduler-BlockCreation-1-2[m[2m | [m[32mINFO [m[2m | [m[2mApprovalSelector[m[2m | [m[32mOPS_APPROVAL_TIMING {"tx":"0x5eadfc96b34927885f04332ba8ceafff50c152fc12560f839d6ad0236768ffff","mode":3,"calls":1,"gate_ns":29833}
[m[2m2026-09-14 22:52:39.487+0200[m[2m | [m[2mEthScheduler-BlockCreation-1-2[m[2m | [m[32mINFO [m[2m | [m[2mApprovalSelector[m[2m | [m[32mOPS_APPROVAL_DECISION allow tx=0x868da49b4a81fe0e713cdbfe6ad18e360a8d4eb85081250ca679edc5fb835eba calls=1
[m[2m2026-09-14 22:52:39.488+0200[m[2m | [m[2mEthScheduler-BlockCreation-1-2[m[2m | [m[32mINFO [m[2m | [m[2mApprovalSelector[m[2m | [m[32mOPS_APPROVAL_TIMING {"tx":"0x868da49b4a81fe0e713cdbfe6ad18e360a8d4eb85081250ca679edc5fb835eba","mode":3,"calls":1,"gate_ns":25458}
[m[2m2026-09-14 22:52:39.488+0200[m[2m | [m[2mEthScheduler-BlockCreation-1-2[m[2m | [m[32mINFO [m[2m | [m[2mApprovalSelector[m[2m | [m[32mOPS_APPROVAL_DECISION allow tx=0xdd6db082430fa0ef3c6d2f40fd5e604c9908480f902eb372db11d80da558b05d calls=1
[m[2m2026-09-14 22:52:39.488+0200[m[2m | [m[2mEthScheduler-BlockCreation-1-2[m[2m | [m[32mINFO [m[2m | [m[2mApprovalSelector[m[2m | [m[32mOPS_APPROVAL_TIMING {"tx":"0xdd6db082430fa0ef3c6d2f40fd5e604c9908480f902eb372db11d80da558b05d","mode":3,"calls":1,"gate_ns":108374}
[m[2m2026-09-14 22:52:39.488+0200[m[2m | [m[2mEthScheduler-BlockCreation-1-2[m[2m | [m[32mINFO [m[2m | [m[2mApprovalSelector[m[2m | [m[32mOPS_APPROVAL_DECISION allow tx=0x94e1748daa00c29a346a02d26ff31488dcc950ad4604416104b1418e849e7790 calls=1
[m[2m2026-09-14 22:52:39.488+0200[m[2m | [m[2mEthScheduler-BlockCreation-1-2[m[2m | [m[32mINFO [m[2m | [m[2mApprovalSelector[m[2m | [m[32mOPS_APPROVAL_TIMING {"tx":"0x94e1748daa00c29a346a02d26ff31488dcc950ad4604416104b1418e849e7790","mode":3,"calls":1,"gate_ns":57042}
[m[2m2026-09-14 22:52:39.488+0200[m[2m | [m[2mEthScheduler-BlockCreation-1-2[m[2m | [m[32mINFO [m[2m | [m[2mApprovalSelector[m[2m | [m[32mOPS_APPROVAL_DECISION allow tx=0x1095c2f4d6deec15fdb32fd4a02f1d9e62f73c48675217a6dba6ef5c1e0857e5 calls=1
[m[2m2026-09-14 22:52:39.488+0200[m[2m | [m[2mEthScheduler-BlockCreation-1-2[m[2m | [m[32mINFO [m[2m | [m[2mApprovalSelector[m[2m | [m[32mOPS_APPROVAL_TIMING {"tx":"0x1095c2f4d6deec15fdb32fd4a02f1d9e62f73c48675217a6dba6ef5c1e0857e5","mode":3,"calls":1,"gate_ns":23625}
[m[2m2026-09-14 22:52:39.488+0200[m[2m | [m[2mEthScheduler-BlockCreation-1-2[m[2m | [m[32mINFO [m[2m | [m[2mApprovalSelector[m[2m | [m[32mOPS_APPROVAL_DECISION allow tx=0xacd431992f3bd969fd68a20656bf4bb48d2d3730bb872474f9f1d9a6ae6aa4ae calls=1
[m[2m2026-09-14 22:52:39.488+0200[m[2m | [m[2mEthScheduler-BlockCreation-1-2[m[2m | [m[32mINFO [m[2m | [m[2mApprovalSelector[m[2m | [m[32mOPS_APPROVAL_TIMING {"tx":"0xacd431992f3bd969fd68a20656bf4bb48d2d3730bb872474f9f1d9a6ae6aa4ae","mode":3,"calls":1,"gate_ns":24084}
[m[2m2026-09-14 22:52:39.488+0200[m[2m | [m[2mEthScheduler-BlockCreation-1-2[m[2m | [m[32mINFO [m[2m | [m[2mApprovalSelector[m[2m | [m[32mOPS_APPROVAL_DECISION allow tx=0x559e991807644fb4f8ca60289476053032c945c2f9fe5ce76f4f9b464a2717ab calls=1
[m[2m2026-09-14 22:52:39.488+0200[m[2m | [m[2mEthScheduler-BlockCreation-1-2[m[2m | [m[32mINFO [m[2m | [m[2mApprovalSelector[m[2m | [m[32mOPS_APPROVAL_TIMING {"tx":"0x559e991807644fb4f8ca60289476053032c945c2f9fe5ce76f4f9b464a2717ab","mode":3,"calls":1,"gate_ns":17291}
[m[2m2026-09-14 22:52:39.488+0200[m[2m | [m[2mEthScheduler-BlockCreation-1-2[m[2m | [m[32mINFO [m[2m | [m[2mApprovalSelector[m[2m | [m[32mOPS_APPROVAL_DECISION allow tx=0x5dbd4046eb347b0e617a38e429f3ccae58d992d35b5c197d74ca1f06ef707010 calls=1
[m[2m2026-09-14 22:52:39.488+0200[m[2m | [m[2mEthScheduler-BlockCreation-1-2[m[2m | [m[32mINFO [m[2m | [m[2mApprovalSelector[m[2m | [m[32mOPS_APPROVAL_TIMING {"tx":"0x5dbd4046eb347b0e617a38e429f3ccae58d992d35b5c197d74ca1f06ef707010","mode":3,"calls":1,"gate_ns":23416}
[m[2m2026-09-14 22:52:39.488+0200[m[2m | [m[2mEthScheduler-BlockCreation-1-2[m[2m | [m[32mINFO [m[2m | [m[2mApprovalSelector[m[2m | [m[32mOPS_APPROVAL_DECISION allow tx=0x89d073998ab7bc047335c0ee9ba3e81634120696e231708c0ee9eb46d5568f6a calls=1
[m[2m2026-09-14 22:52:39.488+0200[m[2m | [m[2mEthScheduler-BlockCreation-1-2[m[2m | [m[32mINFO [m[2m | [m[2mApprovalSelector[m[2m | [m[32mOPS_APPROVAL_TIMING {"tx":"0x89d073998ab7bc047335c0ee9ba3e81634120696e231708c0ee9eb46d5568f6a","mode":3,"calls":1,"gate_ns":30083}
[m[2m2026-09-14 22:52:39.488+0200[m[2m | [m[2mEthScheduler-BlockCreation-1-2[m[2m | [m[32mINFO [m[2m | [m[2mApprovalSelector[m[2m | [m[32mOPS_APPROVAL_DECISION allow tx=0x31cf096787447d7209653d723fec90db78f13aa8e66ce5d2af832b46e565ff61 calls=1
[m[2m2026-09-14 22:52:39.489+0200[m[2m | [m[2mEthScheduler-BlockCreation-1-2[m[2m | [m[32mINFO [m[2m | [m[2mApprovalSelector[m[2m | [m[32mOPS_APPROVAL_TIMING {"tx":"0x31cf096787447d7209653d723fec90db78f13aa8e66ce5d2af832b46e565ff61","mode":3,"calls":1,"gate_ns":17208}
[m[2m2026-09-14 22:52:39.489+0200[m[2m | [m[2mEthScheduler-BlockCreation-1-2[m[2m | [m[32mINFO [m[2m | [m[2mApprovalSelector[m[2m | [m[32mOPS_APPROVAL_DECISION allow tx=0x810d61f6ccdf4b6dd7d9e3c5f53c2c3b784bd49beb2023e09cde0ba1399fd953 calls=1
[m[2m2026-09-14 22:52:39.489+0200[m[2m | [m[2mEthScheduler-BlockCreation-1-2[m[2m | [m[32mINFO [m[2m | [m[2mApprovalSelector[m[2m | [m[32mOPS_APPROVAL_TIMING {"tx":"0x810d61f6ccdf4b6dd7d9e3c5f53c2c3b784bd49beb2023e09cde0ba1399fd953","mode":3,"calls":1,"gate_ns":20542}
[m[2m2026-09-14 22:52:39.489+0200[m[2m | [m[2mEthScheduler-BlockCreation-1-2[m[2m | [m[32mINFO [m[2m | [m[2mApprovalSelector[m[2m | [m[32mOPS_APPROVAL_DECISION allow tx=0xbc066cf1404a9d5756e5a1c7a880b61aa4dacc11f59ebd8d00f2ac8d9413480e calls=1
[m[2m2026-09-14 22:52:39.489+0200[m[2m | [m[2mEthScheduler-BlockCreation-1-2[m[2m | [m[32mINFO [m[2m | [m[2mApprovalSelector[m[2m | [m[32mOPS_APPROVAL_TIMING {"tx":"0xbc066cf1404a9d5756e5a1c7a880b61aa4dacc11f59ebd8d00f2ac8d9413480e","mode":3,"calls":1,"gate_ns":34625}
[m[2m2026-09-14 22:52:39.489+0200[m[2m | [m[2mEthScheduler-BlockCreation-1-2[m[2m | [m[32mINFO [m[2m | [m[2mApprovalSelector[m[2m | [m[32mOPS_APPROVAL_DECISION allow tx=0xb5fe8987190200b9e168adaba787d0d0ae8cf81004493ef75ba934cb2db9135e calls=1
[m[2m2026-09-14 22:52:39.489+0200[m[2m | [m[2mEthScheduler-BlockCreation-1-2[m[2m | [m[32mINFO [m[2m | [m[2mApprovalSelector[m[2m | [m[32mOPS_APPROVAL_TIMING {"tx":"0xb5fe8987190200b9e168adaba787d0d0ae8cf81004493ef75ba934cb2db9135e","mode":3,"calls":1,"gate_ns":19958}
[m[2m2026-09-14 22:52:39.489+0200[m[2m | [m[2mEthScheduler-BlockCreation-1-2[m[2m | [m[32mINFO [m[2m | [m[2mApprovalSelector[m[2m | [m[32mOPS_APPROVAL_DECISION allow tx=0x50e85afd61d18ab7a8d01485869aac6876f4346576153049286347025523f17a calls=1
[m[2m2026-09-14 22:52:39.489+0200[m[2m | [m[2mEthScheduler-BlockCreation-1-2[m[2m | [m[32mINFO [m[2m | [m[2mApprovalSelector[m[2m | [m[32mOPS_APPROVAL_TIMING {"tx":"0x50e85afd61d18ab7a8d01485869aac6876f4346576153049286347025523f17a","mode":3,"calls":1,"gate_ns":17541}
[m[2m2026-09-14 22:52:39.489+0200[m[2m | [m[2mEthScheduler-BlockCreation-1-2[m[2m | [m[32mINFO [m[2m | [m[2mApprovalSelector[m[2m | [m[32mOPS_APPROVAL_DECISION allow tx=0x3349af5aff3ab43cfc2f7e9339bb4ecb1a699832257cfc80061cbc09eff6a50c calls=1
[m[2m2026-09-14 22:52:39.489+0200[m[2m | [m[2mEthScheduler-BlockCreation-1-2[m[2m | [m[32mINFO [m[2m | [m[2mApprovalSelector[m[2m | [m[32mOPS_APPROVAL_TIMING {"tx":"0x3349af5aff3ab43cfc2f7e9339bb4ecb1a699832257cfc80061cbc09eff6a50c","mode":3,"calls":1,"gate_ns":145499}
[m[2m2026-09-14 22:52:39.489+0200[m[2m | [m[2mEthScheduler-BlockCreation-1-2[m[2m | [m[32mINFO [m[2m | [m[2mApprovalSelector[m[2m | [m[32mOPS_APPROVAL_DECISION allow tx=0x26b8d99c65fb91f7d7921ae020dfb3771525757914ab3551950d803aaf3cf799 calls=1
[m[2m2026-09-14 22:52:39.489+0200[m[2m | [m[2mEthScheduler-BlockCreation-1-2[m[2m | [m[32mINFO [m[2m | [m[2mApprovalSelector[m[2m | [m[32mOPS_APPROVAL_TIMING {"tx":"0x26b8d99c65fb91f7d7921ae020dfb3771525757914ab3551950d803aaf3cf799","mode":3,"calls":1,"gate_ns":24541}
[m[2m2026-09-14 22:52:39.489+0200[m[2m | [m[2mEthScheduler-BlockCreation-1-2[m[2m | [m[32mINFO [m[2m | [m[2mApprovalSelector[m[2m | [m[32mOPS_APPROVAL_DECISION allow tx=0x7c7b4592952e5f2935d65e600a02b082f56637773608208a9bce565a8a3e3b0c calls=1
[m[2m2026-09-14 22:52:39.489+0200[m[2m | [m[2mEthScheduler-BlockCreation-1-2[m[2m | [m[32mINFO [m[2m | [m[2mApprovalSelector[m[2m | [m[32mOPS_APPROVAL_TIMING {"tx":"0x7c7b4592952e5f2935d65e600a02b082f56637773608208a9bce565a8a3e3b0c","mode":3,"calls":1,"gate_ns":56584}
[m[2m2026-09-14 22:52:39.490+0200[m[2m | [m[2mEthScheduler-BlockCreation-1-2[m[2m | [m[32mINFO [m[2m | [m[2mApprovalSelector[m[2m | [m[32mOPS_APPROVAL_DECISION allow tx=0x47cad0ee9deb0fa77a2d5005db8fd75f52708eab217907e9b805f49e3cead6de calls=1
[m[2m2026-09-14 22:52:39.490+0200[m[2m | [m[2mEthScheduler-BlockCreation-1-2[m[2m | [m[32mINFO [m[2m | [m[2mApprovalSelector[m[2m | [m[32mOPS_APPROVAL_TIMING {"tx":"0x47cad0ee9deb0fa77a2d5005db8fd75f52708eab217907e9b805f49e3cead6de","mode":3,"calls":1,"gate_ns":308749}
[m[2m2026-09-14 22:52:39.490+0200[m[2m | [m[2mEthScheduler-BlockCreation-1-2[m[2m | [m[32mINFO [m[2m | [m[2mApprovalSelector[m[2m | [m[32mOPS_APPROVAL_DECISION allow tx=0x1f9e87f7a4775064ec0690c268e912309ca0f2d19165b6cc6f7ff76803b5a4d1 calls=1
[m[2m2026-09-14 22:52:39.490+0200[m[2m | [m[2mEthScheduler-BlockCreation-1-2[m[2m | [m[32mINFO [m[2m | [m[2mApprovalSelector[m[2m | [m[32mOPS_APPROVAL_TIMING {"tx":"0x1f9e87f7a4775064ec0690c268e912309ca0f2d19165b6cc6f7ff76803b5a4d1","mode":3,"calls":1,"gate_ns":17584}
[m[2m2026-09-14 22:52:39.490+0200[m[2m | [m[2mEthScheduler-BlockCreation-1-2[m[2m | [m[32mINFO [m[2m | [m[2mApprovalSelector[m[2m | [m[32mOPS_APPROVAL_DECISION allow tx=0xcbbb97e2f55b98821bbe20920c6d7f90e5245881a10331553388901b2619f034 calls=1
[m[2m2026-09-14 22:52:39.490+0200[m[2m | [m[2mEthScheduler-BlockCreation-1-2[m[2m | [m[32mINFO [m[2m | [m[2mApprovalSelector[m[2m | [m[32mOPS_APPROVAL_TIMING {"tx":"0xcbbb97e2f55b98821bbe20920c6d7f90e5245881a10331553388901b2619f034","mode":3,"calls":1,"gate_ns":17125}
[m[2m2026-09-14 22:52:39.490+0200[m[2m | [m[2mEthScheduler-BlockCreation-1-2[m[2m | [m[32mINFO [m[2m | [m[2mApprovalSelector[m[2m | [m[32mOPS_APPROVAL_DECISION allow tx=0x2edc464fe997b3b026ab0beaa21f6e27562cb058a69fcd55b7f0e092722c1dc2 calls=1
[m[2m2026-09-14 22:52:39.490+0200[m[2m | [m[2mEthScheduler-BlockCreation-1-2[m[2m | [m[32mINFO [m[2m | [m[2mApprovalSelector[m[2m | [m[32mOPS_APPROVAL_TIMING {"tx":"0x2edc464fe997b3b026ab0beaa21f6e27562cb058a69fcd55b7f0e092722c1dc2","mode":3,"calls":1,"gate_ns":16917}
[m[2m2026-09-14 22:52:39.490+0200[m[2m | [m[2mEthScheduler-BlockCreation-1-2[m[2m | [m[32mINFO [m[2m | [m[2mApprovalSelector[m[2m | [m[32mOPS_APPROVAL_DECISION allow tx=0xf4f20c9e0287ec42595e80ca3f6881d524efae0cb8e5160ef0f316e7bebbabc7 calls=1
[m[2m2026-09-14 22:52:39.490+0200[m[2m | [m[2mEthScheduler-BlockCreation-1-2[m[2m | [m[32mINFO [m[2m | [m[2mApprovalSelector[m[2m | [m[32mOPS_APPROVAL_TIMING {"tx":"0xf4f20c9e0287ec42595e80ca3f6881d524efae0cb8e5160ef0f316e7bebbabc7","mode":3,"calls":1,"gate_ns":23874}
[m[2m2026-09-14 22:52:39.490+0200[m[2m | [m[2mEthScheduler-BlockCreation-1-2[m[2m | [m[32mINFO [m[2m | [m[2mApprovalSelector[m[2m | [m[32mOPS_APPROVAL_DECISION allow tx=0x0ff2ac4c534acb010a7bd94008ff1c864eedac46b1271a451a3a6e282d64e7c0 calls=1
[m[2m2026-09-14 22:52:39.490+0200[m[2m | [m[2mEthScheduler-BlockCreation-1-2[m[2m | [m[32mINFO [m[2m | [m[2mApprovalSelector[m[2m | [m[32mOPS_APPROVAL_TIMING {"tx":"0x0ff2ac4c534acb010a7bd94008ff1c864eedac46b1271a451a3a6e282d64e7c0","mode":3,"calls":1,"gate_ns":15417}
[m[2m2026-09-14 22:52:39.491+0200[m[2m | [m[2mEthScheduler-BlockCreation-1-2[m[2m | [m[32mINFO [m[2m | [m[2mApprovalSelector[m[2m | [m[32mOPS_APPROVAL_DECISION allow tx=0x8f1d26e7ffb60d3ef36e40668d3819a9ab2c3e78c014e4244f3aee9f9c53fcb9 calls=1
[m[2m2026-09-14 22:52:39.491+0200[m[2m | [m[2mEthScheduler-BlockCreation-1-2[m[2m | [m[32mINFO [m[2m | [m[2mApprovalSelector[m[2m | [m[32mOPS_APPROVAL_TIMING {"tx":"0x8f1d26e7ffb60d3ef36e40668d3819a9ab2c3e78c014e4244f3aee9f9c53fcb9","mode":3,"calls":1,"gate_ns":18208}
[m[2m2026-09-14 22:52:39.491+0200[m[2m | [m[2mEthScheduler-BlockCreation-1-2[m[2m | [m[32mINFO [m[2m | [m[2mApprovalSelector[m[2m | [m[32mOPS_APPROVAL_DECISION allow tx=0x48e3181c9abe34ee78d874121191d21a4061fa3c7e9aa52dd1665c7fc4a11362 calls=1
[m[2m2026-09-14 22:52:39.491+0200[m[2m | [m[2mEthScheduler-BlockCreation-1-2[m[2m | [m[32mINFO [m[2m | [m[2mApprovalSelector[m[2m | [m[32mOPS_APPROVAL_TIMING {"tx":"0x48e3181c9abe34ee78d874121191d21a4061fa3c7e9aa52dd1665c7fc4a11362","mode":3,"calls":1,"gate_ns":19417}
[m[2m2026-09-14 22:52:39.491+0200[m[2m | [m[2mEthScheduler-BlockCreation-1-2[m[2m | [m[32mINFO [m[2m | [m[2mApprovalSelector[m[2m | [m[32mOPS_APPROVAL_DECISION allow tx=0xe119de8d5bb8292f6a7236681059f01b43465dc1c73e1029109f5e07922f8d41 calls=1
[m[2m2026-09-14 22:52:39.491+0200[m[2m | [m[2mEthScheduler-BlockCreation-1-2[m[2m | [m[32mINFO [m[2m | [m[2mApprovalSelector[m[2m | [m[32mOPS_APPROVAL_TIMING {"tx":"0xe119de8d5bb8292f6a7236681059f01b43465dc1c73e1029109f5e07922f8d41","mode":3,"calls":1,"gate_ns":16375}
[m[2m2026-09-14 22:52:39.491+0200[m[2m | [m[2mEthScheduler-BlockCreation-1-2[m[2m | [m[32mINFO [m[2m | [m[2mApprovalSelector[m[2m | [m[32mOPS_APPROVAL_DECISION allow tx=0xb1b9cda2ded6473f9a5f89f045e8e1de8183a5d2f9269665820bae03dbdfcfc4 calls=1
[m[2m2026-09-14 22:52:39.491+0200[m[2m | [m[2mEthScheduler-BlockCreation-1-2[m[2m | [m[32mINFO [m[2m | [m[2mApprovalSelector[m[2m | [m[32mOPS_APPROVAL_TIMING {"tx":"0xb1b9cda2ded6473f9a5f89f045e8e1de8183a5d2f9269665820bae03dbdfcfc4","mode":3,"calls":1,"gate_ns":15667}
[m[2m2026-09-14 22:52:39.491+0200[m[2m | [m[2mEthScheduler-BlockCreation-1-2[m[2m | [m[32mINFO [m[2m | [m[2mApprovalSelector[m[2m | [m[32mOPS_APPROVAL_DECISION allow tx=0x8f34aefad0d21195919927b8acf6ddaa7c1a696e289e6691a111c908b5c000d2 calls=1
[m[2m2026-09-14 22:52:39.491+0200[m[2m | [m[2mEthScheduler-BlockCreation-1-2[m[2m | [m[32mINFO [m[2m | [m[2mApprovalSelector[m[2m | [m[32mOPS_APPROVAL_TIMING {"tx":"0x8f34aefad0d21195919927b8acf6ddaa7c1a696e289e6691a111c908b5c000d2","mode":3,"calls":1,"gate_ns":43500}
[m[2m2026-09-14 22:52:39.491+0200[m[2m | [m[2mEthScheduler-BlockCreation-1-2[m[2m | [m[32mINFO [m[2m | [m[2mApprovalSelector[m[2m | [m[32mOPS_APPROVAL_DECISION allow tx=0x54c305beb018d914911edb134a5b30b8feafc852dec3110538f812547c480ca5 calls=1
[m[2m2026-09-14 22:52:39.491+0200[m[2m | [m[2mEthScheduler-BlockCreation-1-2[m[2m | [m[32mINFO [m[2m | [m[2mApprovalSelector[m[2m | [m[32mOPS_APPROVAL_TIMING {"tx":"0x54c305beb018d914911edb134a5b30b8feafc852dec3110538f812547c480ca5","mode":3,"calls":1,"gate_ns":23583}
[m[2m2026-09-14 22:52:39.491+0200[m[2m | [m[2mEthScheduler-BlockCreation-1-2[m[2m | [m[32mINFO [m[2m | [m[2mApprovalSelector[m[2m | [m[32mOPS_APPROVAL_DECISION allow tx=0x644b6fdc7fc75bd4d3b38d2b7546ae6f30a0bce26ebcb8e50c92d0c12ac96ad8 calls=1
[m[2m2026-09-14 22:52:39.491+0200[m[2m | [m[2mEthScheduler-BlockCreation-1-2[m[2m | [m[32mINFO [m[2m | [m[2mApprovalSelector[m[2m | [m[32mOPS_APPROVAL_TIMING {"tx":"0x644b6fdc7fc75bd4d3b38d2b7546ae6f30a0bce26ebcb8e50c92d0c12ac96ad8","mode":3,"calls":1,"gate_ns":21625}
[m[2m2026-09-14 22:52:39.491+0200[m[2m | [m[2mEthScheduler-BlockCreation-1-2[m[2m | [m[32mINFO [m[2m | [m[2mApprovalSelector[m[2m | [m[32mOPS_APPROVAL_DECISION allow tx=0x2a141ab96e9d6f040bc25f7cb0a541e1f4a429e2021ebf5c4d721a44666f9cec calls=1
[m[2m2026-09-14 22:52:39.492+0200[m[2m | [m[2mEthScheduler-BlockCreation-1-2[m[2m | [m[32mINFO [m[2m | [m[2mApprovalSelector[m[2m | [m[32mOPS_APPROVAL_TIMING {"tx":"0x2a141ab96e9d6f040bc25f7cb0a541e1f4a429e2021ebf5c4d721a44666f9cec","mode":3,"calls":1,"gate_ns":150542}
[m[2m2026-09-14 22:52:39.492+0200[m[2m | [m[2mEthScheduler-BlockCreation-1-2[m[2m | [m[32mINFO [m[2m | [m[2mApprovalSelector[m[2m | [m[32mOPS_APPROVAL_DECISION allow tx=0x07c84e4da29aa2405be6b7c2109d7e5bdf5633846d81a8de721b5b531c3479ba calls=1
[m[2m2026-09-14 22:52:39.492+0200[m[2m | [m[2mEthScheduler-BlockCreation-1-2[m[2m | [m[32mINFO [m[2m | [m[2mApprovalSelector[m[2m | [m[32mOPS_APPROVAL_TIMING {"tx":"0x07c84e4da29aa2405be6b7c2109d7e5bdf5633846d81a8de721b5b531c3479ba","mode":3,"calls":1,"gate_ns":23250}
[m[2m2026-09-14 22:52:39.492+0200[m[2m | [m[2mEthScheduler-BlockCreation-1-2[m[2m | [m[32mINFO [m[2m | [m[2mApprovalSelector[m[2m | [m[32mOPS_APPROVAL_DECISION allow tx=0xf5471943c03efdcc0aea2e2d0cdfc74a6e41a147ca393351226182e37fefc403 calls=1
[m[2m2026-09-14 22:52:39.492+0200[m[2m | [m[2mEthScheduler-BlockCreation-1-2[m[2m | [m[32mINFO [m[2m | [m[2mApprovalSelector[m[2m | [m[32mOPS_APPROVAL_TIMING {"tx":"0xf5471943c03efdcc0aea2e2d0cdfc74a6e41a147ca393351226182e37fefc403","mode":3,"calls":1,"gate_ns":19793}
[m[2m2026-09-14 22:52:39.492+0200[m[2m | [m[2mEthScheduler-BlockCreation-1-2[m[2m | [m[32mINFO [m[2m | [m[2mApprovalSelector[m[2m | [m[32mOPS_APPROVAL_DECISION allow tx=0xacfb608c25ab1631da7259930303d7f9461a85cd99b6362b087debacd12599d7 calls=1
[m[2m2026-09-14 22:52:39.492+0200[m[2m | [m[2mEthScheduler-BlockCreation-1-2[m[2m | [m[32mINFO [m[2m | [m[2mApprovalSelector[m[2m | [m[32mOPS_APPROVAL_TIMING {"tx":"0xacfb608c25ab1631da7259930303d7f9461a85cd99b6362b087debacd12599d7","mode":3,"calls":1,"gate_ns":39249}
[m[2m2026-09-14 22:52:39.492+0200[m[2m | [m[2mEthScheduler-BlockCreation-1-2[m[2m | [m[32mINFO [m[2m | [m[2mApprovalSelector[m[2m | [m[32mOPS_APPROVAL_DECISION allow tx=0xd4c9ea06493388b2e2c1f9dcbc0ea80cce79ee47e06e25af5a0e1ba1a4fb5693 calls=1
[m[2m2026-09-14 22:52:39.492+0200[m[2m | [m[2mEthScheduler-BlockCreation-1-2[m[2m | [m[32mINFO [m[2m | [m[2mApprovalSelector[m[2m | [m[32mOPS_APPROVAL_TIMING {"tx":"0xd4c9ea06493388b2e2c1f9dcbc0ea80cce79ee47e06e25af5a0e1ba1a4fb5693","mode":3,"calls":1,"gate_ns":24458}
[m[2m2026-09-14 22:52:39.492+0200[m[2m | [m[2mEthScheduler-BlockCreation-1-2[m[2m | [m[32mINFO [m[2m | [m[2mApprovalSelector[m[2m | [m[32mOPS_APPROVAL_DECISION allow tx=0xf771364b8d03c74f0287cf8dea3db1c9d7e69cccbb389ba2256cfa0b5e0df88c calls=1
[m[2m2026-09-14 22:52:39.492+0200[m[2m | [m[2mEthScheduler-BlockCreation-1-2[m[2m | [m[32mINFO [m[2m | [m[2mApprovalSelector[m[2m | [m[32mOPS_APPROVAL_TIMING {"tx":"0xf771364b8d03c74f0287cf8dea3db1c9d7e69cccbb389ba2256cfa0b5e0df88c","mode":3,"calls":1,"gate_ns":211625}
[m[2m2026-09-14 22:52:39.493+0200[m[2m | [m[2mEthScheduler-BlockCreation-1-2[m[2m | [m[32mINFO [m[2m | [m[2mApprovalSelector[m[2m | [m[32mOPS_APPROVAL_DECISION allow tx=0x62d371232336d987a923eda5e16fa5c278cad26d02aced3265acc2585e9d334c calls=1
[m[2m2026-09-14 22:52:39.493+0200[m[2m | [m[2mEthScheduler-BlockCreation-1-2[m[2m | [m[32mINFO [m[2m | [m[2mApprovalSelector[m[2m | [m[32mOPS_APPROVAL_TIMING {"tx":"0x62d371232336d987a923eda5e16fa5c278cad26d02aced3265acc2585e9d334c","mode":3,"calls":1,"gate_ns":33417}
[m[2m2026-09-14 22:52:39.493+0200[m[2m | [m[2mEthScheduler-BlockCreation-1-2[m[2m | [m[32mINFO [m[2m | [m[2mApprovalSelector[m[2m | [m[32mOPS_APPROVAL_DECISION allow tx=0x48ec3ec1e30f40d053efa33f47dbd6584549144c5722be1fb1b7c9a7b48b2fda calls=1
[m[2m2026-09-14 22:52:39.493+0200[m[2m | [m[2mEthScheduler-BlockCreation-1-2[m[2m | [m[32mINFO [m[2m | [m[2mApprovalSelector[m[2m | [m[32mOPS_APPROVAL_TIMING {"tx":"0x48ec3ec1e30f40d053efa33f47dbd6584549144c5722be1fb1b7c9a7b48b2fda","mode":3,"calls":1,"gate_ns":18291}
[m[2m2026-09-14 22:52:39.493+0200[m[2m | [m[2mEthScheduler-BlockCreation-1-2[m[2m | [m[32mINFO [m[2m | [m[2mApprovalSelector[m[2m | [m[32mOPS_APPROVAL_DECISION allow tx=0xe7b0688cf23faf64bcfe8a765a4344cdc35b062f2ca98b16591b764936e109cf calls=1
[m[2m2026-09-14 22:52:39.493+0200[m[2m | [m[2mEthScheduler-BlockCreation-1-2[m[2m | [m[32mINFO [m[2m | [m[2mApprovalSelector[m[2m | [m[32mOPS_APPROVAL_TIMING {"tx":"0xe7b0688cf23faf64bcfe8a765a4344cdc35b062f2ca98b16591b764936e109cf","mode":3,"calls":1,"gate_ns":17959}
[m[2m2026-09-14 22:52:39.493+0200[m[2m | [m[2mEthScheduler-BlockCreation-1-2[m[2m | [m[32mINFO [m[2m | [m[2mApprovalSelector[m[2m | [m[32mOPS_APPROVAL_DECISION allow tx=0x80c72a86c50cac4a9173bb64c8139e5cfd8943f5f105dd23120d0584983ca161 calls=1
[m[2m2026-09-14 22:52:39.493+0200[m[2m | [m[2mEthScheduler-BlockCreation-1-2[m[2m | [m[32mINFO [m[2m | [m[2mApprovalSelector[m[2m | [m[32mOPS_APPROVAL_TIMING {"tx":"0x80c72a86c50cac4a9173bb64c8139e5cfd8943f5f105dd23120d0584983ca161","mode":3,"calls":1,"gate_ns":16167}
[m[2m2026-09-14 22:52:39.493+0200[m[2m | [m[2mEthScheduler-BlockCreation-1-2[m[2m | [m[32mINFO [m[2m | [m[2mApprovalSelector[m[2m | [m[32mOPS_APPROVAL_DECISION allow tx=0x7e1f9d5136ed52363d5165f735b0e89b11a1383e39e49d9a9f945520d9fc2039 calls=1
[m[2m2026-09-14 22:52:39.493+0200[m[2m | [m[2mEthScheduler-BlockCreation-1-2[m[2m | [m[32mINFO [m[2m | [m[2mApprovalSelector[m[2m | [m[32mOPS_APPROVAL_TIMING {"tx":"0x7e1f9d5136ed52363d5165f735b0e89b11a1383e39e49d9a9f945520d9fc2039","mode":3,"calls":1,"gate_ns":15125}
[m[2m2026-09-14 22:52:39.493+0200[m[2m | [m[2mEthScheduler-BlockCreation-1-2[m[2m | [m[32mINFO [m[2m | [m[2mApprovalSelector[m[2m | [m[32mOPS_APPROVAL_DECISION allow tx=0xfc1d75d88f461ff801835b58ef8c90fed5c84a3d09ee59e1f6fd7f718ddc2e7b calls=1
[m[2m2026-09-14 22:52:39.493+0200[m[2m | [m[2mEthScheduler-BlockCreation-1-2[m[2m | [m[32mINFO [m[2m | [m[2mApprovalSelector[m[2m | [m[32mOPS_APPROVAL_TIMING {"tx":"0xfc1d75d88f461ff801835b58ef8c90fed5c84a3d09ee59e1f6fd7f718ddc2e7b","mode":3,"calls":1,"gate_ns":15292}
[m[2m2026-09-14 22:52:39.493+0200[m[2m | [m[2mEthScheduler-BlockCreation-1-2[m[2m | [m[32mINFO [m[2m | [m[2mApprovalSelector[m[2m | [m[32mOPS_APPROVAL_DECISION allow tx=0xb96746f8711dbda855cd671b5b118549b4a124667c5b18832d5c8b0e5535f6ca calls=1
[m[2m2026-09-14 22:52:39.493+0200[m[2m | [m[2mEthScheduler-BlockCreation-1-2[m[2m | [m[32mINFO [m[2m | [m[2mApprovalSelector[m[2m | [m[32mOPS_APPROVAL_TIMING {"tx":"0xb96746f8711dbda855cd671b5b118549b4a124667c5b18832d5c8b0e5535f6ca","mode":3,"calls":1,"gate_ns":15249}
[m[2m2026-09-14 22:52:39.493+0200[m[2m | [m[2mEthScheduler-BlockCreation-1-2[m[2m | [m[32mINFO [m[2m | [m[2mApprovalSelector[m[2m | [m[32mOPS_APPROVAL_DECISION allow tx=0xb6ab84127775198c1f26468452b18b2deb531d19fe87b0a27d84d0fe8ae64240 calls=1
[m[2m2026-09-14 22:52:39.493+0200[m[2m | [m[2mEthScheduler-BlockCreation-1-2[m[2m | [m[32mINFO [m[2m | [m[2mApprovalSelector[m[2m | [m[32mOPS_APPROVAL_TIMING {"tx":"0xb6ab84127775198c1f26468452b18b2deb531d19fe87b0a27d84d0fe8ae64240","mode":3,"calls":1,"gate_ns":18417}
[m[2m2026-09-14 22:52:39.493+0200[m[2m | [m[2mEthScheduler-BlockCreation-1-2[m[2m | [m[32mINFO [m[2m | [m[2mApprovalSelector[m[2m | [m[32mOPS_APPROVAL_DECISION allow tx=0xaee2eadaac4268ebc325eae218ed3c22b42386bdc27f9b2ac86a2ffcff312b71 calls=1
[m[2m2026-09-14 22:52:39.493+0200[m[2m | [m[2mEthScheduler-BlockCreation-1-2[m[2m | [m[32mINFO [m[2m | [m[2mApprovalSelector[m[2m | [m[32mOPS_APPROVAL_TIMING {"tx":"0xaee2eadaac4268ebc325eae218ed3c22b42386bdc27f9b2ac86a2ffcff312b71","mode":3,"calls":1,"gate_ns":17416}
[m[2m2026-09-14 22:52:39.493+0200[m[2m | [m[2mEthScheduler-BlockCreation-1-2[m[2m | [m[32mINFO [m[2m | [m[2mApprovalSelector[m[2m | [m[32mOPS_APPROVAL_DECISION allow tx=0x5adf5932157b94988345fd63e41116d3559a464fd794123e2b2359bb8ac6ff5c calls=1
[m[2m2026-09-14 22:52:39.493+0200[m[2m | [m[2mEthScheduler-BlockCreation-1-2[m[2m | [m[32mINFO [m[2m | [m[2mApprovalSelector[m[2m | [m[32mOPS_APPROVAL_TIMING {"tx":"0x5adf5932157b94988345fd63e41116d3559a464fd794123e2b2359bb8ac6ff5c","mode":3,"calls":1,"gate_ns":14999}
[m[2m2026-09-14 22:52:39.493+0200[m[2m | [m[2mEthScheduler-BlockCreation-1-2[m[2m | [m[32mINFO [m[2m | [m[2mApprovalSelector[m[2m | [m[32mOPS_APPROVAL_DECISION allow tx=0xebeaf8ffcc076b79a148628613a1c1b9dc2efac062d0c48c31ff06d2e2a73424 calls=1
[m[2m2026-09-14 22:52:39.493+0200[m[2m | [m[2mEthScheduler-BlockCreation-1-2[m[2m | [m[32mINFO [m[2m | [m[2mApprovalSelector[m[2m | [m[32mOPS_APPROVAL_TIMING {"tx":"0xebeaf8ffcc076b79a148628613a1c1b9dc2efac062d0c48c31ff06d2e2a73424","mode":3,"calls":1,"gate_ns":15542}
[m[2m2026-09-14 22:52:39.494+0200[m[2m | [m[2mEthScheduler-BlockCreation-1-2[m[2m | [m[32mINFO [m[2m | [m[2mApprovalSelector[m[2m | [m[32mOPS_APPROVAL_DECISION allow tx=0xa60b379126a900b5ff25288310c5239e09aa71bb828d4b50c0b1e539f7c411de calls=1
[m[2m2026-09-14 22:52:39.494+0200[m[2m | [m[2mEthScheduler-BlockCreation-1-2[m[2m | [m[32mINFO [m[2m | [m[2mApprovalSelector[m[2m | [m[32mOPS_APPROVAL_TIMING {"tx":"0xa60b379126a900b5ff25288310c5239e09aa71bb828d4b50c0b1e539f7c411de","mode":3,"calls":1,"gate_ns":17499}
[m[2m2026-09-14 22:52:39.494+0200[m[2m | [m[2mEthScheduler-BlockCreation-1-2[m[2m | [m[32mINFO [m[2m | [m[2mApprovalSelector[m[2m | [m[32mOPS_APPROVAL_DECISION allow tx=0xaf85e53cc5706a5a2f1e724329ef3824fe1447a6e5cc4881b9cb438ffacbfa1a calls=1
[m[2m2026-09-14 22:52:39.494+0200[m[2m | [m[2mEthScheduler-BlockCreation-1-2[m[2m | [m[32mINFO [m[2m | [m[2mApprovalSelector[m[2m | [m[32mOPS_APPROVAL_TIMING {"tx":"0xaf85e53cc5706a5a2f1e724329ef3824fe1447a6e5cc4881b9cb438ffacbfa1a","mode":3,"calls":1,"gate_ns":26833}
[m[2m2026-09-14 22:52:39.494+0200[m[2m | [m[2mEthScheduler-BlockCreation-1-2[m[2m | [m[32mINFO [m[2m | [m[2mApprovalSelector[m[2m | [m[32mOPS_APPROVAL_DECISION allow tx=0x71055ba0a2bb2d3dcb94bbf3be6a306cb90b19d8542e749f18004f1fd91a0243 calls=1
[m[2m2026-09-14 22:52:39.494+0200[m[2m | [m[2mEthScheduler-BlockCreation-1-2[m[2m | [m[32mINFO [m[2m | [m[2mApprovalSelector[m[2m | [m[32mOPS_APPROVAL_TIMING {"tx":"0x71055ba0a2bb2d3dcb94bbf3be6a306cb90b19d8542e749f18004f1fd91a0243","mode":3,"calls":1,"gate_ns":18749}
[m[2m2026-09-14 22:52:39.494+0200[m[2m | [m[2mEthScheduler-BlockCreation-1-2[m[2m | [m[32mINFO [m[2m | [m[2mApprovalSelector[m[2m | [m[32mOPS_APPROVAL_DECISION allow tx=0xe9087d2d89e784694b6520c76b6c08909151a5875f199393039a854f5e858b0a calls=1
[m[2m2026-09-14 22:52:39.494+0200[m[2m | [m[2mEthScheduler-BlockCreation-1-2[m[2m | [m[32mINFO [m[2m | [m[2mApprovalSelector[m[2m | [m[32mOPS_APPROVAL_TIMING {"tx":"0xe9087d2d89e784694b6520c76b6c08909151a5875f199393039a854f5e858b0a","mode":3,"calls":1,"gate_ns":18792}
[m[2m2026-09-14 22:52:39.494+0200[m[2m | [m[2mEthScheduler-BlockCreation-1-2[m[2m | [m[32mINFO [m[2m | [m[2mApprovalSelector[m[2m | [m[32mOPS_APPROVAL_DECISION allow tx=0x6e3e3fdb1f8f0998d1a2181f823120e52dc06b49671831b63eaa881796e9a7df calls=1
[m[2m2026-09-14 22:52:39.494+0200[m[2m | [m[2mEthScheduler-BlockCreation-1-2[m[2m | [m[32mINFO [m[2m | [m[2mApprovalSelector[m[2m | [m[32mOPS_APPROVAL_TIMING {"tx":"0x6e3e3fdb1f8f0998d1a2181f823120e52dc06b49671831b63eaa881796e9a7df","mode":3,"calls":1,"gate_ns":18500}
[m[2m2026-09-14 22:52:39.494+0200[m[2m | [m[2mEthScheduler-BlockCreation-1-2[m[2m | [m[32mINFO [m[2m | [m[2mApprovalSelector[m[2m | [m[32mOPS_APPROVAL_DECISION allow tx=0x728f2cab42502133747575c773756a3667b07353d54106707ac631020f8217a1 calls=1
[m[2m2026-09-14 22:52:39.494+0200[m[2m | [m[2mEthScheduler-BlockCreation-1-2[m[2m | [m[32mINFO [m[2m | [m[2mApprovalSelector[m[2m | [m[32mOPS_APPROVAL_TIMING {"tx":"0x728f2cab42502133747575c773756a3667b07353d54106707ac631020f8217a1","mode":3,"calls":1,"gate_ns":18417}
[m[2m2026-09-14 22:52:39.494+0200[m[2m | [m[2mEthScheduler-BlockCreation-1-2[m[2m | [m[32mINFO [m[2m | [m[2mApprovalSelector[m[2m | [m[32mOPS_APPROVAL_DECISION allow tx=0x862bccff331ec320e4d24d92a931e2d63431e5c97f59269f7cd7f78bfe962078 calls=1
[m[2m2026-09-14 22:52:39.494+0200[m[2m | [m[2mEthScheduler-BlockCreation-1-2[m[2m | [m[32mINFO [m[2m | [m[2mApprovalSelector[m[2m | [m[32mOPS_APPROVAL_TIMING {"tx":"0x862bccff331ec320e4d24d92a931e2d63431e5c97f59269f7cd7f78bfe962078","mode":3,"calls":1,"gate_ns":139083}
[m[2m2026-09-14 22:52:39.494+0200[m[2m | [m[2mEthScheduler-BlockCreation-1-2[m[2m | [m[32mINFO [m[2m | [m[2mApprovalSelector[m[2m | [m[32mOPS_APPROVAL_DECISION allow tx=0x846847fd8dd4c8a1f905d4173e8bd9528c79b7b92080762b4e12e35ff8637d2d calls=1
[m[2m2026-09-14 22:52:39.494+0200[m[2m | [m[2mEthScheduler-BlockCreation-1-2[m[2m | [m[32mINFO [m[2m | [m[2mApprovalSelector[m[2m | [m[32mOPS_APPROVAL_TIMING {"tx":"0x846847fd8dd4c8a1f905d4173e8bd9528c79b7b92080762b4e12e35ff8637d2d","mode":3,"calls":1,"gate_ns":27834}
[m[2m2026-09-14 22:52:39.495+0200[m[2m | [m[2mEthScheduler-BlockCreation-1-2[m[2m | [m[32mINFO [m[2m | [m[2mApprovalSelector[m[2m | [m[32mOPS_APPROVAL_DECISION allow tx=0x75c0a3014350dd258d812b27534f5c45dfe60f6e40854febe8c4ace2dfb1a49c calls=1
[m[2m2026-09-14 22:52:39.495+0200[m[2m | [m[2mEthScheduler-BlockCreation-1-2[m[2m | [m[32mINFO [m[2m | [m[2mApprovalSelector[m[2m | [m[32mOPS_APPROVAL_TIMING {"tx":"0x75c0a3014350dd258d812b27534f5c45dfe60f6e40854febe8c4ace2dfb1a49c","mode":3,"calls":1,"gate_ns":22417}
[m[2m2026-09-14 22:52:39.495+0200[m[2m | [m[2mEthScheduler-BlockCreation-1-2[m[2m | [m[32mINFO [m[2m | [m[2mApprovalSelector[m[2m | [m[32mOPS_APPROVAL_DECISION allow tx=0x4d3f7177bf1aa69eb5144f3bc2c419fcb6033a47854574cc9a1eaa7c390acd4b calls=1
[m[2m2026-09-14 22:52:39.495+0200[m[2m | [m[2mEthScheduler-BlockCreation-1-2[m[2m | [m[32mINFO [m[2m | [m[2mApprovalSelector[m[2m | [m[32mOPS_APPROVAL_TIMING {"tx":"0x4d3f7177bf1aa69eb5144f3bc2c419fcb6033a47854574cc9a1eaa7c390acd4b","mode":3,"calls":1,"gate_ns":22958}
[m[2m2026-09-14 22:52:39.495+0200[m[2m | [m[2mEthScheduler-BlockCreation-1-2[m[2m | [m[32mINFO [m[2m | [m[2mApprovalSelector[m[2m | [m[32mOPS_APPROVAL_DECISION allow tx=0x18c89bdee96f1020f39c415cfcc22f725f7fa206994a1a899b16e0c6efbe6651 calls=1
[m[2m2026-09-14 22:52:39.495+0200[m[2m | [m[2mEthScheduler-BlockCreation-1-2[m[2m | [m[32mINFO [m[2m | [m[2mApprovalSelector[m[2m | [m[32mOPS_APPROVAL_TIMING {"tx":"0x18c89bdee96f1020f39c415cfcc22f725f7fa206994a1a899b16e0c6efbe6651","mode":3,"calls":1,"gate_ns":17167}
[m[2m2026-09-14 22:52:39.495+0200[m[2m | [m[2mEthScheduler-BlockCreation-1-2[m[2m | [m[32mINFO [m[2m | [m[2mApprovalSelector[m[2m | [m[32mOPS_APPROVAL_DECISION allow tx=0xdbd3d35f13a615196083bb12dcb4a913cd2759976b66c51ae6adc41a6c418256 calls=1
[m[2m2026-09-14 22:52:39.495+0200[m[2m | [m[2mEthScheduler-BlockCreation-1-2[m[2m | [m[32mINFO [m[2m | [m[2mApprovalSelector[m[2m | [m[32mOPS_APPROVAL_TIMING {"tx":"0xdbd3d35f13a615196083bb12dcb4a913cd2759976b66c51ae6adc41a6c418256","mode":3,"calls":1,"gate_ns":133875}
[m[2m2026-09-14 22:52:39.495+0200[m[2m | [m[2mEthScheduler-BlockCreation-1-2[m[2m | [m[32mINFO [m[2m | [m[2mApprovalSelector[m[2m | [m[32mOPS_APPROVAL_DECISION allow tx=0x35e13b8a1120338b42f07841993fba090c8957f3a3ab1b7dc4ff37274057d83f calls=1
[m[2m2026-09-14 22:52:39.495+0200[m[2m | [m[2mEthScheduler-BlockCreation-1-2[m[2m | [m[32mINFO [m[2m | [m[2mApprovalSelector[m[2m | [m[32mOPS_APPROVAL_TIMING {"tx":"0x35e13b8a1120338b42f07841993fba090c8957f3a3ab1b7dc4ff37274057d83f","mode":3,"calls":1,"gate_ns":17459}
[m[2m2026-09-14 22:52:39.495+0200[m[2m | [m[2mEthScheduler-BlockCreation-1-2[m[2m | [m[32mINFO [m[2m | [m[2mApprovalSelector[m[2m | [m[32mOPS_APPROVAL_DECISION allow tx=0xbd1236fddf0805eed46c16e2a86f7b738752a55264a0222a415678e8eed67f92 calls=1
[m[2m2026-09-14 22:52:39.495+0200[m[2m | [m[2mEthScheduler-BlockCreation-1-2[m[2m | [m[32mINFO [m[2m | [m[2mApprovalSelector[m[2m | [m[32mOPS_APPROVAL_TIMING {"tx":"0xbd1236fddf0805eed46c16e2a86f7b738752a55264a0222a415678e8eed67f92","mode":3,"calls":1,"gate_ns":49584}
[m[2m2026-09-14 22:52:39.495+0200[m[2m | [m[2mEthScheduler-BlockCreation-1-2[m[2m | [m[32mINFO [m[2m | [m[2mApprovalSelector[m[2m | [m[32mOPS_APPROVAL_DECISION allow tx=0x132f89f411ded6f28438d1dc3ad00cf77e12ddc83d006a7a125befaad4e52f6b calls=1
[m[2m2026-09-14 22:52:39.495+0200[m[2m | [m[2mEthScheduler-BlockCreation-1-2[m[2m | [m[32mINFO [m[2m | [m[2mApprovalSelector[m[2m | [m[32mOPS_APPROVAL_TIMING {"tx":"0x132f89f411ded6f28438d1dc3ad00cf77e12ddc83d006a7a125befaad4e52f6b","mode":3,"calls":1,"gate_ns":17584}
[m[2m2026-09-14 22:52:39.981+0200[m[2m | [m[2mEthScheduler-BlockCreation-1-2[m[2m | [m[32mINFO [m[2m | [m[2mApprovalSelector[m[2m | [m[32mOPS_APPROVAL_DECISION allow tx=0xc8689f42b2c20e96003f376b46bcd51d68b440b6ded9852fdce1b47effc1eb01 calls=1
[m[2m2026-09-14 22:52:39.981+0200[m[2m | [m[2mEthScheduler-BlockCreation-1-2[m[2m | [m[32mINFO [m[2m | [m[2mApprovalSelector[m[2m | [m[32mOPS_APPROVAL_TIMING {"tx":"0xc8689f42b2c20e96003f376b46bcd51d68b440b6ded9852fdce1b47effc1eb01","mode":3,"calls":1,"gate_ns":157999}
[m[2m2026-09-14 22:52:39.982+0200[m[2m | [m[2mEthScheduler-BlockCreation-1-2[m[2m | [m[32mINFO [m[2m | [m[2mApprovalSelector[m[2m | [m[32mOPS_APPROVAL_DECISION allow tx=0x68c24442c45013939ac2393f2e46b75cf1ae5ae7e8432334baf0e2cb446eebe9 calls=1
[m[2m2026-09-14 22:52:39.982+0200[m[2m | [m[2mEthScheduler-BlockCreation-1-2[m[2m | [m[32mINFO [m[2m | [m[2mApprovalSelector[m[2m | [m[32mOPS_APPROVAL_TIMING {"tx":"0x68c24442c45013939ac2393f2e46b75cf1ae5ae7e8432334baf0e2cb446eebe9","mode":3,"calls":1,"gate_ns":63167}
[m[2m2026-09-14 22:52:39.982+0200[m[2m | [m[2mEthScheduler-BlockCreation-1-2[m[2m | [m[32mINFO [m[2m | [m[2mApprovalSelector[m[2m | [m[32mOPS_APPROVAL_DECISION allow tx=0xc780803a220520db50393776c917510b23dc5af78d3b25096688edbf1df9c319 calls=1
[m[2m2026-09-14 22:52:39.982+0200[m[2m | [m[2mEthScheduler-BlockCreation-1-2[m[2m | [m[32mINFO [m[2m | [m[2mApprovalSelector[m[2m | [m[32mOPS_APPROVAL_TIMING {"tx":"0xc780803a220520db50393776c917510b23dc5af78d3b25096688edbf1df9c319","mode":3,"calls":1,"gate_ns":31042}
[m[2m2026-09-14 22:52:39.982+0200[m[2m | [m[2mEthScheduler-BlockCreation-1-2[m[2m | [m[32mINFO [m[2m | [m[2mApprovalSelector[m[2m | [m[32mOPS_APPROVAL_DECISION allow tx=0x64c5c6526486af0be31e4186aa49195399dbabde9249abd548232bc16624f66d calls=1
[m[2m2026-09-14 22:52:39.982+0200[m[2m | [m[2mEthScheduler-BlockCreation-1-2[m[2m | [m[32mINFO [m[2m | [m[2mApprovalSelector[m[2m | [m[32mOPS_APPROVAL_TIMING {"tx":"0x64c5c6526486af0be31e4186aa49195399dbabde9249abd548232bc16624f66d","mode":3,"calls":1,"gate_ns":19917}
[m[2m2026-09-14 22:52:39.982+0200[m[2m | [m[2mEthScheduler-BlockCreation-1-2[m[2m | [m[32mINFO [m[2m | [m[2mApprovalSelector[m[2m | [m[32mOPS_APPROVAL_DECISION allow tx=0x86bdb37e29e2be38122cf38af333088376b971de4c073c4ee12ad966b92b8169 calls=1
[m[2m2026-09-14 22:52:39.982+0200[m[2m | [m[2mEthScheduler-BlockCreation-1-2[m[2m | [m[32mINFO [m[2m | [m[2mApprovalSelector[m[2m | [m[32mOPS_APPROVAL_TIMING {"tx":"0x86bdb37e29e2be38122cf38af333088376b971de4c073c4ee12ad966b92b8169","mode":3,"calls":1,"gate_ns":17167}
[m[2m2026-09-14 22:52:39.982+0200[m[2m | [m[2mEthScheduler-BlockCreation-1-2[m[2m | [m[32mINFO [m[2m | [m[2mApprovalSelector[m[2m | [m[32mOPS_APPROVAL_DECISION allow tx=0xcd66d4906bcda530982641fc80841ae28a1821eaca38f8eafa5a5cbda7bc4b7b calls=1
[m[2m2026-09-14 22:52:39.982+0200[m[2m | [m[2mEthScheduler-BlockCreation-1-2[m[2m | [m[32mINFO [m[2m | [m[2mApprovalSelector[m[2m | [m[32mOPS_APPROVAL_TIMING {"tx":"0xcd66d4906bcda530982641fc80841ae28a1821eaca38f8eafa5a5cbda7bc4b7b","mode":3,"calls":1,"gate_ns":16167}
[m[2m2026-09-14 22:52:39.982+0200[m[2m | [m[2mEthScheduler-BlockCreation-1-2[m[2m | [m[32mINFO [m[2m | [m[2mApprovalSelector[m[2m | [m[32mOPS_APPROVAL_DECISION allow tx=0xd6bac170c82659fc8e793cda67d800ba7edb8dc38566ac2b4b93bf0aab857877 calls=1
[m[2m2026-09-14 22:52:39.982+0200[m[2m | [m[2mEthScheduler-BlockCreation-1-2[m[2m | [m[32mINFO [m[2m | [m[2mApprovalSelector[m[2m | [m[32mOPS_APPROVAL_TIMING {"tx":"0xd6bac170c82659fc8e793cda67d800ba7edb8dc38566ac2b4b93bf0aab857877","mode":3,"calls":1,"gate_ns":15625}
[m[2m2026-09-14 22:52:39.982+0200[m[2m | [m[2mEthScheduler-BlockCreation-1-2[m[2m | [m[32mINFO [m[2m | [m[2mApprovalSelector[m[2m | [m[32mOPS_APPROVAL_DECISION allow tx=0x56d20be533af6ecfc01eb39a5e7c271ea64a40cf9a756ef0ef44bb1521f2d1e1 calls=1
[m[2m2026-09-14 22:52:39.982+0200[m[2m | [m[2mEthScheduler-BlockCreation-1-2[m[2m | [m[32mINFO [m[2m | [m[2mApprovalSelector[m[2m | [m[32mOPS_APPROVAL_TIMING {"tx":"0x56d20be533af6ecfc01eb39a5e7c271ea64a40cf9a756ef0ef44bb1521f2d1e1","mode":3,"calls":1,"gate_ns":18583}
[m[2m2026-09-14 22:52:39.982+0200[m[2m | [m[2mEthScheduler-BlockCreation-1-2[m[2m | [m[32mINFO [m[2m | [m[2mApprovalSelector[m[2m | [m[32mOPS_APPROVAL_DECISION allow tx=0x24c6def755d99c15b87e95baa770740b67ebfc4206752187821e9f74e102240a calls=1
[m[2m2026-09-14 22:52:39.982+0200[m[2m | [m[2mEthScheduler-BlockCreation-1-2[m[2m | [m[32mINFO [m[2m | [m[2mApprovalSelector[m[2m | [m[32mOPS_APPROVAL_TIMING {"tx":"0x24c6def755d99c15b87e95baa770740b67ebfc4206752187821e9f74e102240a","mode":3,"calls":1,"gate_ns":15166}
[m[2m2026-09-14 22:52:39.982+0200[m[2m | [m[2mEthScheduler-BlockCreation-1-2[m[2m | [m[32mINFO [m[2m | [m[2mApprovalSelector[m[2m | [m[32mOPS_APPROVAL_DECISION allow tx=0x1ec6bfbc7c1e017249c9796c1849e5b44243d414f271bdded7ce14750319ab5a calls=1
[m[2m2026-09-14 22:52:39.982+0200[m[2m | [m[2mEthScheduler-BlockCreation-1-2[m[2m | [m[32mINFO [m[2m | [m[2mApprovalSelector[m[2m | [m[32mOPS_APPROVAL_TIMING {"tx":"0x1ec6bfbc7c1e017249c9796c1849e5b44243d414f271bdded7ce14750319ab5a","mode":3,"calls":1,"gate_ns":16542}
[m[2m2026-09-14 22:52:39.983+0200[m[2m | [m[2mEthScheduler-BlockCreation-1-2[m[2m | [m[32mINFO [m[2m | [m[2mApprovalSelector[m[2m | [m[32mOPS_APPROVAL_DECISION allow tx=0xf39557adfe5b24c38514c9b0d798be125f87eac439666d9e354693fb20c53d02 calls=1
[m[2m2026-09-14 22:52:39.983+0200[m[2m | [m[2mEthScheduler-BlockCreation-1-2[m[2m | [m[32mINFO [m[2m | [m[2mApprovalSelector[m[2m | [m[32mOPS_APPROVAL_TIMING {"tx":"0xf39557adfe5b24c38514c9b0d798be125f87eac439666d9e354693fb20c53d02","mode":3,"calls":1,"gate_ns":19333}
[m[2m2026-09-14 22:52:39.983+0200[m[2m | [m[2mEthScheduler-BlockCreation-1-2[m[2m | [m[32mINFO [m[2m | [m[2mApprovalSelector[m[2m | [m[32mOPS_APPROVAL_DECISION allow tx=0x195a4fa7f61e3bdac46a3d54a037c043dbb9e946a718010f0ab1f523c1712c99 calls=1
[m[2m2026-09-14 22:52:39.983+0200[m[2m | [m[2mEthScheduler-BlockCreation-1-2[m[2m | [m[32mINFO [m[2m | [m[2mApprovalSelector[m[2m | [m[32mOPS_APPROVAL_TIMING {"tx":"0x195a4fa7f61e3bdac46a3d54a037c043dbb9e946a718010f0ab1f523c1712c99","mode":3,"calls":1,"gate_ns":18416}
[m[2m2026-09-14 22:52:39.983+0200[m[2m | [m[2mEthScheduler-BlockCreation-1-2[m[2m | [m[32mINFO [m[2m | [m[2mApprovalSelector[m[2m | [m[32mOPS_APPROVAL_DECISION allow tx=0x04233d0ec9a9122a55ec9b6dddcbc527ee829fecc8408d15f579b9cfde28690f calls=1
[m[2m2026-09-14 22:52:39.983+0200[m[2m | [m[2mEthScheduler-BlockCreation-1-2[m[2m | [m[32mINFO [m[2m | [m[2mApprovalSelector[m[2m | [m[32mOPS_APPROVAL_TIMING {"tx":"0x04233d0ec9a9122a55ec9b6dddcbc527ee829fecc8408d15f579b9cfde28690f","mode":3,"calls":1,"gate_ns":14751}
[m[2m2026-09-14 22:52:39.983+0200[m[2m | [m[2mEthScheduler-BlockCreation-1-2[m[2m | [m[32mINFO [m[2m | [m[2mApprovalSelector[m[2m | [m[32mOPS_APPROVAL_DECISION allow tx=0xb663b41ff516084708e5c2d5f439423b9c06b0e0a2d772c81b698640e80fec76 calls=1
[m[2m2026-09-14 22:52:39.983+0200[m[2m | [m[2mEthScheduler-BlockCreation-1-2[m[2m | [m[32mINFO [m[2m | [m[2mApprovalSelector[m[2m | [m[32mOPS_APPROVAL_TIMING {"tx":"0xb663b41ff516084708e5c2d5f439423b9c06b0e0a2d772c81b698640e80fec76","mode":3,"calls":1,"gate_ns":14916}
[m[2m2026-09-14 22:52:39.983+0200[m[2m | [m[2mEthScheduler-BlockCreation-1-2[m[2m | [m[32mINFO [m[2m | [m[2mApprovalSelector[m[2m | [m[32mOPS_APPROVAL_DECISION allow tx=0x740b9735b876a8900af0dac43293350fb6fe9350da694a4994633e71c4b2f0e5 calls=1
[m[2m2026-09-14 22:52:39.983+0200[m[2m | [m[2mEthScheduler-BlockCreation-1-2[m[2m | [m[32mINFO [m[2m | [m[2mApprovalSelector[m[2m | [m[32mOPS_APPROVAL_TIMING {"tx":"0x740b9735b876a8900af0dac43293350fb6fe9350da694a4994633e71c4b2f0e5","mode":3,"calls":1,"gate_ns":14750}
[m[2m2026-09-14 22:52:39.983+0200[m[2m | [m[2mEthScheduler-BlockCreation-1-2[m[2m | [m[32mINFO [m[2m | [m[2mApprovalSelector[m[2m | [m[32mOPS_APPROVAL_DECISION allow tx=0x1647a5adbaf53f549e96f929c9880a94fe9676b0752a606e1054538dd277e36c calls=1
[m[2m2026-09-14 22:52:39.983+0200[m[2m | [m[2mEthScheduler-BlockCreation-1-2[m[2m | [m[32mINFO [m[2m | [m[2mApprovalSelector[m[2m | [m[32mOPS_APPROVAL_TIMING {"tx":"0x1647a5adbaf53f549e96f929c9880a94fe9676b0752a606e1054538dd277e36c","mode":3,"calls":1,"gate_ns":15125}
[m[2m2026-09-14 22:52:39.983+0200[m[2m | [m[2mEthScheduler-BlockCreation-1-2[m[2m | [m[32mINFO [m[2m | [m[2mApprovalSelector[m[2m | [m[32mOPS_APPROVAL_DECISION allow tx=0x3335546d9d3c22210806244dd998f808043b4a2ba3e0341a000a0a4465cd9558 calls=1
[m[2m2026-09-14 22:52:39.983+0200[m[2m | [m[2mEthScheduler-BlockCreation-1-2[m[2m | [m[32mINFO [m[2m | [m[2mApprovalSelector[m[2m | [m[32mOPS_APPROVAL_TIMING {"tx":"0x3335546d9d3c22210806244dd998f808043b4a2ba3e0341a000a0a4465cd9558","mode":3,"calls":1,"gate_ns":93834}
[m[2m2026-09-14 22:52:39.983+0200[m[2m | [m[2mEthScheduler-BlockCreation-1-2[m[2m | [m[32mINFO [m[2m | [m[2mApprovalSelector[m[2m | [m[32mOPS_APPROVAL_DECISION allow tx=0xd72671d5de6ce8d549161f5ed5e80df6e69402624a1b069f522d3eb2d8b161ef calls=1
[m[2m2026-09-14 22:52:39.983+0200[m[2m | [m[2mEthScheduler-BlockCreation-1-2[m[2m | [m[32mINFO [m[2m | [m[2mApprovalSelector[m[2m | [m[32mOPS_APPROVAL_TIMING {"tx":"0xd72671d5de6ce8d549161f5ed5e80df6e69402624a1b069f522d3eb2d8b161ef","mode":3,"calls":1,"gate_ns":23041}
[m[2m2026-09-14 22:52:39.983+0200[m[2m | [m[2mEthScheduler-BlockCreation-1-2[m[2m | [m[32mINFO [m[2m | [m[2mApprovalSelector[m[2m | [m[32mOPS_APPROVAL_DECISION allow tx=0x92e542240ca14c35fec521ebc08ae5fe5ade0108e3cdcff26e40811b3e6093cc calls=1
[m[2m2026-09-14 22:52:39.983+0200[m[2m | [m[2mEthScheduler-BlockCreation-1-2[m[2m | [m[32mINFO [m[2m | [m[2mApprovalSelector[m[2m | [m[32mOPS_APPROVAL_TIMING {"tx":"0x92e542240ca14c35fec521ebc08ae5fe5ade0108e3cdcff26e40811b3e6093cc","mode":3,"calls":1,"gate_ns":17375}
[m[2m2026-09-14 22:52:39.984+0200[m[2m | [m[2mEthScheduler-BlockCreation-1-2[m[2m | [m[32mINFO [m[2m | [m[2mApprovalSelector[m[2m | [m[32mOPS_APPROVAL_DECISION allow tx=0x5fc2ec20aa7930baf027e6a8ff1472d1d96ca3179f99a390c0abbb735c47dab4 calls=1
[m[2m2026-09-14 22:52:39.984+0200[m[2m | [m[2mEthScheduler-BlockCreation-1-2[m[2m | [m[32mINFO [m[2m | [m[2mApprovalSelector[m[2m | [m[32mOPS_APPROVAL_TIMING {"tx":"0x5fc2ec20aa7930baf027e6a8ff1472d1d96ca3179f99a390c0abbb735c47dab4","mode":3,"calls":1,"gate_ns":29875}
[m[2m2026-09-14 22:52:39.984+0200[m[2m | [m[2mEthScheduler-BlockCreation-1-2[m[2m | [m[32mINFO [m[2m | [m[2mApprovalSelector[m[2m | [m[32mOPS_APPROVAL_DECISION allow tx=0x06ffdd0a433ac399d79095bb521e68e30b9e7c8d6c127e9fcd85d6d8c669046c calls=1
[m[2m2026-09-14 22:52:39.984+0200[m[2m | [m[2mEthScheduler-BlockCreation-1-2[m[2m | [m[32mINFO [m[2m | [m[2mApprovalSelector[m[2m | [m[32mOPS_APPROVAL_TIMING {"tx":"0x06ffdd0a433ac399d79095bb521e68e30b9e7c8d6c127e9fcd85d6d8c669046c","mode":3,"calls":1,"gate_ns":15042}
[m[2m2026-09-14 22:52:39.984+0200[m[2m | [m[2mEthScheduler-BlockCreation-1-2[m[2m | [m[32mINFO [m[2m | [m[2mApprovalSelector[m[2m | [m[32mOPS_APPROVAL_DECISION allow tx=0x8150a95631f1cc976fa5dd7acc14c67c7a13095297d9e6ee64bb33e71a99aa10 calls=1
[m[2m2026-09-14 22:52:39.984+0200[m[2m | [m[2mEthScheduler-BlockCreation-1-2[m[2m | [m[32mINFO [m[2m | [m[2mApprovalSelector[m[2m | [m[32mOPS_APPROVAL_TIMING {"tx":"0x8150a95631f1cc976fa5dd7acc14c67c7a13095297d9e6ee64bb33e71a99aa10","mode":3,"calls":1,"gate_ns":14583}
[m[2m2026-09-14 22:52:39.984+0200[m[2m | [m[2mEthScheduler-BlockCreation-1-2[m[2m | [m[32mINFO [m[2m | [m[2mApprovalSelector[m[2m | [m[32mOPS_APPROVAL_DECISION allow tx=0xa3a5c22a8051e37ba286dabc10e3ca3385a9e1fcee96d34de56047ec179c3c9d calls=1
[m[2m2026-09-14 22:52:39.984+0200[m[2m | [m[2mEthScheduler-BlockCreation-1-2[m[2m | [m[32mINFO [m[2m | [m[2mApprovalSelector[m[2m | [m[32mOPS_APPROVAL_TIMING {"tx":"0xa3a5c22a8051e37ba286dabc10e3ca3385a9e1fcee96d34de56047ec179c3c9d","mode":3,"calls":1,"gate_ns":15041}
[m[2m2026-09-14 22:52:39.984+0200[m[2m | [m[2mEthScheduler-BlockCreation-1-2[m[2m | [m[32mINFO [m[2m | [m[2mApprovalSelector[m[2m | [m[32mOPS_APPROVAL_DECISION allow tx=0x8864b7fa933a1d7cab9ceb4e5e1c194cc3e178cef120308b12ff905e03dddbfb calls=1
[m[2m2026-09-14 22:52:39.984+0200[m[2m | [m[2mEthScheduler-BlockCreation-1-2[m[2m | [m[32mINFO [m[2m | [m[2mApprovalSelector[m[2m | [m[32mOPS_APPROVAL_TIMING {"tx":"0x8864b7fa933a1d7cab9ceb4e5e1c194cc3e178cef120308b12ff905e03dddbfb","mode":3,"calls":1,"gate_ns":14209}
[m[2m2026-09-14 22:52:39.984+0200[m[2m | [m[2mEthScheduler-BlockCreation-1-2[m[2m | [m[32mINFO [m[2m | [m[2mApprovalSelector[m[2m | [m[32mOPS_APPROVAL_DECISION allow tx=0x261d09f50a98a1bfcdc6fcb9b0de5b52a730b06d11d429dc41731c0d19f9d50b calls=1
[m[2m2026-09-14 22:52:39.984+0200[m[2m | [m[2mEthScheduler-BlockCreation-1-2[m[2m | [m[32mINFO [m[2m | [m[2mApprovalSelector[m[2m | [m[32mOPS_APPROVAL_TIMING {"tx":"0x261d09f50a98a1bfcdc6fcb9b0de5b52a730b06d11d429dc41731c0d19f9d50b","mode":3,"calls":1,"gate_ns":13917}
[m[2m2026-09-14 22:52:39.984+0200[m[2m | [m[2mEthScheduler-BlockCreation-1-2[m[2m | [m[32mINFO [m[2m | [m[2mApprovalSelector[m[2m | [m[32mOPS_APPROVAL_DECISION allow tx=0x3bef62ab543762ffbcf0204eb37d65f1b88e78c9c4f40927996843c6495bca01 calls=1
[m[2m2026-09-14 22:52:39.984+0200[m[2m | [m[2mEthScheduler-BlockCreation-1-2[m[2m | [m[32mINFO [m[2m | [m[2mApprovalSelector[m[2m | [m[32mOPS_APPROVAL_TIMING {"tx":"0x3bef62ab543762ffbcf0204eb37d65f1b88e78c9c4f40927996843c6495bca01","mode":3,"calls":1,"gate_ns":14167}
[m[2m2026-09-14 22:52:39.984+0200[m[2m | [m[2mEthScheduler-BlockCreation-1-2[m[2m | [m[32mINFO [m[2m | [m[2mApprovalSelector[m[2m | [m[32mOPS_APPROVAL_DECISION allow tx=0x42528a2a1eb1bfa08615a92e7de85e8a54b0cb5a40549fa765dfb979b06cc0d1 calls=1
[m[2m2026-09-14 22:52:39.984+0200[m[2m | [m[2mEthScheduler-BlockCreation-1-2[m[2m | [m[32mINFO [m[2m | [m[2mApprovalSelector[m[2m | [m[32mOPS_APPROVAL_TIMING {"tx":"0x42528a2a1eb1bfa08615a92e7de85e8a54b0cb5a40549fa765dfb979b06cc0d1","mode":3,"calls":1,"gate_ns":13416}
[m[2m2026-09-14 22:52:39.984+0200[m[2m | [m[2mEthScheduler-BlockCreation-1-2[m[2m | [m[32mINFO [m[2m | [m[2mApprovalSelector[m[2m | [m[32mOPS_APPROVAL_DECISION allow tx=0x08de6ef676feb0f38cc6cc6036041ecccd88bab6a9cd86c5c695ccbfba6aa8e1 calls=1
[m[2m2026-09-14 22:52:39.984+0200[m[2m | [m[2mEthScheduler-BlockCreation-1-2[m[2m | [m[32mINFO [m[2m | [m[2mApprovalSelector[m[2m | [m[32mOPS_APPROVAL_TIMING {"tx":"0x08de6ef676feb0f38cc6cc6036041ecccd88bab6a9cd86c5c695ccbfba6aa8e1","mode":3,"calls":1,"gate_ns":13376}
[m[2m2026-09-14 22:52:39.984+0200[m[2m | [m[2mEthScheduler-BlockCreation-1-2[m[2m | [m[32mINFO [m[2m | [m[2mApprovalSelector[m[2m | [m[32mOPS_APPROVAL_DECISION allow tx=0x47b61b3dccdd5af6b5efbdf0955de17b7dff6360992afd59900aadaffd9dcd65 calls=1
[m[2m2026-09-14 22:52:39.984+0200[m[2m | [m[2mEthScheduler-BlockCreation-1-2[m[2m | [m[32mINFO [m[2m | [m[2mApprovalSelector[m[2m | [m[32mOPS_APPROVAL_TIMING {"tx":"0x47b61b3dccdd5af6b5efbdf0955de17b7dff6360992afd59900aadaffd9dcd65","mode":3,"calls":1,"gate_ns":13167}
[m[2m2026-09-14 22:52:39.984+0200[m[2m | [m[2mEthScheduler-BlockCreation-1-2[m[2m | [m[32mINFO [m[2m | [m[2mApprovalSelector[m[2m | [m[32mOPS_APPROVAL_DECISION allow tx=0x1eed8903083acc7a3eeb8fe00b8477eabf00d2c4159605567bff1df41808abee calls=1
[m[2m2026-09-14 22:52:39.984+0200[m[2m | [m[2mEthScheduler-BlockCreation-1-2[m[2m | [m[32mINFO [m[2m | [m[2mApprovalSelector[m[2m | [m[32mOPS_APPROVAL_TIMING {"tx":"0x1eed8903083acc7a3eeb8fe00b8477eabf00d2c4159605567bff1df41808abee","mode":3,"calls":1,"gate_ns":13418}
[m[2m2026-09-14 22:52:39.984+0200[m[2m | [m[2mEthScheduler-BlockCreation-1-2[m[2m | [m[32mINFO [m[2m | [m[2mApprovalSelector[m[2m | [m[32mOPS_APPROVAL_DECISION allow tx=0x137a4fc81f93fbaed457e621fb6497f17742261982a567f5daa5bbde675c3371 calls=1
[m[2m2026-09-14 22:52:39.984+0200[m[2m | [m[2mEthScheduler-BlockCreation-1-2[m[2m | [m[32mINFO [m[2m | [m[2mApprovalSelector[m[2m | [m[32mOPS_APPROVAL_TIMING {"tx":"0x137a4fc81f93fbaed457e621fb6497f17742261982a567f5daa5bbde675c3371","mode":3,"calls":1,"gate_ns":13083}
[m[2m2026-09-14 22:52:39.984+0200[m[2m | [m[2mEthScheduler-BlockCreation-1-2[m[2m | [m[32mINFO [m[2m | [m[2mApprovalSelector[m[2m | [m[32mOPS_APPROVAL_DECISION allow tx=0xbea24ae739ff2808597c15024c3bb955e6a84446d8d626bb3be419aaf4c207fc calls=1
[m[2m2026-09-14 22:52:39.984+0200[m[2m | [m[2mEthScheduler-BlockCreation-1-2[m[2m | [m[32mINFO [m[2m | [m[2mApprovalSelector[m[2m | [m[32mOPS_APPROVAL_TIMING {"tx":"0xbea24ae739ff2808597c15024c3bb955e6a84446d8d626bb3be419aaf4c207fc","mode":3,"calls":1,"gate_ns":14125}
[m[2m2026-09-14 22:52:39.984+0200[m[2m | [m[2mEthScheduler-BlockCreation-1-2[m[2m | [m[32mINFO [m[2m | [m[2mApprovalSelector[m[2m | [m[32mOPS_APPROVAL_DECISION allow tx=0xe1b1a5c460301319d58b3f12dfeacad6b8ce4ae36cb618c9295249cf03ba5a39 calls=1
[m[2m2026-09-14 22:52:39.984+0200[m[2m | [m[2mEthScheduler-BlockCreation-1-2[m[2m | [m[32mINFO [m[2m | [m[2mApprovalSelector[m[2m | [m[32mOPS_APPROVAL_TIMING {"tx":"0xe1b1a5c460301319d58b3f12dfeacad6b8ce4ae36cb618c9295249cf03ba5a39","mode":3,"calls":1,"gate_ns":13625}
[m[2m2026-09-14 22:52:39.984+0200[m[2m | [m[2mEthScheduler-BlockCreation-1-2[m[2m | [m[32mINFO [m[2m | [m[2mApprovalSelector[m[2m | [m[32mOPS_APPROVAL_DECISION allow tx=0x61e762822437898f96025a1d932497c39e4a31df2ddf3fa1c5137d15cb1783cd calls=1
[m[2m2026-09-14 22:52:39.984+0200[m[2m | [m[2mEthScheduler-BlockCreation-1-2[m[2m | [m[32mINFO [m[2m | [m[2mApprovalSelector[m[2m | [m[32mOPS_APPROVAL_TIMING {"tx":"0x61e762822437898f96025a1d932497c39e4a31df2ddf3fa1c5137d15cb1783cd","mode":3,"calls":1,"gate_ns":14584}
[m[2m2026-09-14 22:52:39.985+0200[m[2m | [m[2mEthScheduler-BlockCreation-1-2[m[2m | [m[32mINFO [m[2m | [m[2mApprovalSelector[m[2m | [m[32mOPS_APPROVAL_DECISION allow tx=0xd3fe359c64047682098f6bfab3670547c088f73ee9556ee7a6eb27c1e5c5711e calls=1
[m[2m2026-09-14 22:52:39.985+0200[m[2m | [m[2mEthScheduler-BlockCreation-1-2[m[2m | [m[32mINFO [m[2m | [m[2mApprovalSelector[m[2m | [m[32mOPS_APPROVAL_TIMING {"tx":"0xd3fe359c64047682098f6bfab3670547c088f73ee9556ee7a6eb27c1e5c5711e","mode":3,"calls":1,"gate_ns":15249}
[m[2m2026-09-14 22:52:39.985+0200[m[2m | [m[2mEthScheduler-BlockCreation-1-2[m[2m | [m[32mINFO [m[2m | [m[2mApprovalSelector[m[2m | [m[32mOPS_APPROVAL_DECISION allow tx=0x97a4965554b1f4718f493f9500b6381235705260e497390a868cfe5601440df4 calls=1
[m[2m2026-09-14 22:52:39.985+0200[m[2m | [m[2mEthScheduler-BlockCreation-1-2[m[2m | [m[32mINFO [m[2m | [m[2mApprovalSelector[m[2m | [m[32mOPS_APPROVAL_TIMING {"tx":"0x97a4965554b1f4718f493f9500b6381235705260e497390a868cfe5601440df4","mode":3,"calls":1,"gate_ns":13792}
[m[2m2026-09-14 22:52:39.985+0200[m[2m | [m[2mEthScheduler-BlockCreation-1-2[m[2m | [m[32mINFO [m[2m | [m[2mApprovalSelector[m[2m | [m[32mOPS_APPROVAL_DECISION allow tx=0x9a3a471dc0d847fc3742c8d6037d751bb31f1c3e1cd26c5ab00a64bb80fa090b calls=1
[m[2m2026-09-14 22:52:39.985+0200[m[2m | [m[2mEthScheduler-BlockCreation-1-2[m[2m | [m[32mINFO [m[2m | [m[2mApprovalSelector[m[2m | [m[32mOPS_APPROVAL_TIMING {"tx":"0x9a3a471dc0d847fc3742c8d6037d751bb31f1c3e1cd26c5ab00a64bb80fa090b","mode":3,"calls":1,"gate_ns":13583}
[m[2m2026-09-14 22:52:39.985+0200[m[2m | [m[2mEthScheduler-BlockCreation-1-2[m[2m | [m[32mINFO [m[2m | [m[2mApprovalSelector[m[2m | [m[32mOPS_APPROVAL_DECISION allow tx=0xfdcd5ff3963672bb8a07ca144a8ce49684eae3360ae9b4749c0d1a4fd3a556c9 calls=1
[m[2m2026-09-14 22:52:39.985+0200[m[2m | [m[2mEthScheduler-BlockCreation-1-2[m[2m | [m[32mINFO [m[2m | [m[2mApprovalSelector[m[2m | [m[32mOPS_APPROVAL_TIMING {"tx":"0xfdcd5ff3963672bb8a07ca144a8ce49684eae3360ae9b4749c0d1a4fd3a556c9","mode":3,"calls":1,"gate_ns":13125}
[m[2m2026-09-14 22:52:39.985+0200[m[2m | [m[2mEthScheduler-BlockCreation-1-2[m[2m | [m[32mINFO [m[2m | [m[2mApprovalSelector[m[2m | [m[32mOPS_APPROVAL_DECISION allow tx=0x1ba8d51f59f283075affe95cdc48c8e090de4185e4db88cb94d6a0f0f74518b2 calls=1
[m[2m2026-09-14 22:52:39.985+0200[m[2m | [m[2mEthScheduler-BlockCreation-1-2[m[2m | [m[32mINFO [m[2m | [m[2mApprovalSelector[m[2m | [m[32mOPS_APPROVAL_TIMING {"tx":"0x1ba8d51f59f283075affe95cdc48c8e090de4185e4db88cb94d6a0f0f74518b2","mode":3,"calls":1,"gate_ns":13292}
[m[2m2026-09-14 22:52:39.985+0200[m[2m | [m[2mEthScheduler-BlockCreation-1-2[m[2m | [m[32mINFO [m[2m | [m[2mApprovalSelector[m[2m | [m[32mOPS_APPROVAL_DECISION allow tx=0xf5f18208b6e45a4da6d3ff63f55632830d1e2331aae9fc3a53bf4226bdc18330 calls=1
[m[2m2026-09-14 22:52:39.985+0200[m[2m | [m[2mEthScheduler-BlockCreation-1-2[m[2m | [m[32mINFO [m[2m | [m[2mApprovalSelector[m[2m | [m[32mOPS_APPROVAL_TIMING {"tx":"0xf5f18208b6e45a4da6d3ff63f55632830d1e2331aae9fc3a53bf4226bdc18330","mode":3,"calls":1,"gate_ns":13208}
[m[2m2026-09-14 22:52:39.985+0200[m[2m | [m[2mEthScheduler-BlockCreation-1-2[m[2m | [m[32mINFO [m[2m | [m[2mApprovalSelector[m[2m | [m[32mOPS_APPROVAL_DECISION allow tx=0x17a7b0508038d87c7006b48cebf5a6c6d5a73e77fb09ce0b3b0740fd84989b80 calls=1
[m[2m2026-09-14 22:52:39.985+0200[m[2m | [m[2mEthScheduler-BlockCreation-1-2[m[2m | [m[32mINFO [m[2m | [m[2mApprovalSelector[m[2m | [m[32mOPS_APPROVAL_TIMING {"tx":"0x17a7b0508038d87c7006b48cebf5a6c6d5a73e77fb09ce0b3b0740fd84989b80","mode":3,"calls":1,"gate_ns":13332}
[m[2m2026-09-14 22:52:39.985+0200[m[2m | [m[2mEthScheduler-BlockCreation-1-2[m[2m | [m[32mINFO [m[2m | [m[2mApprovalSelector[m[2m | [m[32mOPS_APPROVAL_DECISION allow tx=0xbe9a83e3a47bf3ee11abf6b9e65bbf95aeb226747833a07e2f28ff22df773b8e calls=1
[m[2m2026-09-14 22:52:39.985+0200[m[2m | [m[2mEthScheduler-BlockCreation-1-2[m[2m | [m[32mINFO [m[2m | [m[2mApprovalSelector[m[2m | [m[32mOPS_APPROVAL_TIMING {"tx":"0xbe9a83e3a47bf3ee11abf6b9e65bbf95aeb226747833a07e2f28ff22df773b8e","mode":3,"calls":1,"gate_ns":13125}
[m[2m2026-09-14 22:52:39.985+0200[m[2m | [m[2mEthScheduler-BlockCreation-1-2[m[2m | [m[32mINFO [m[2m | [m[2mApprovalSelector[m[2m | [m[32mOPS_APPROVAL_DECISION allow tx=0x1532efb2c81b2174fb8ca991d0edd12f151d1ed27178442bd6127f203b53d22c calls=1
[m[2m2026-09-14 22:52:39.985+0200[m[2m | [m[2mEthScheduler-BlockCreation-1-2[m[2m | [m[32mINFO [m[2m | [m[2mApprovalSelector[m[2m | [m[32mOPS_APPROVAL_TIMING {"tx":"0x1532efb2c81b2174fb8ca991d0edd12f151d1ed27178442bd6127f203b53d22c","mode":3,"calls":1,"gate_ns":13125}
[m[2m2026-09-14 22:52:39.985+0200[m[2m | [m[2mEthScheduler-BlockCreation-1-2[m[2m | [m[32mINFO [m[2m | [m[2mApprovalSelector[m[2m | [m[32mOPS_APPROVAL_DECISION allow tx=0xcc3b14a48644a770d5eaa35f5c46518f4800e4b3697cf4fac67adc6660d1788c calls=1
[m[2m2026-09-14 22:52:39.985+0200[m[2m | [m[2mEthScheduler-BlockCreation-1-2[m[2m | [m[32mINFO [m[2m | [m[2mApprovalSelector[m[2m | [m[32mOPS_APPROVAL_TIMING {"tx":"0xcc3b14a48644a770d5eaa35f5c46518f4800e4b3697cf4fac67adc6660d1788c","mode":3,"calls":1,"gate_ns":26833}
[m[2m2026-09-14 22:52:39.985+0200[m[2m | [m[2mEthScheduler-BlockCreation-1-2[m[2m | [m[32mINFO [m[2m | [m[2mApprovalSelector[m[2m | [m[32mOPS_APPROVAL_DECISION allow tx=0x0a27847b746da6de99e28c96e029c6cf671e74b81142a89e66b10fa2f1f95aeb calls=1
[m[2m2026-09-14 22:52:39.985+0200[m[2m | [m[2mEthScheduler-BlockCreation-1-2[m[2m | [m[32mINFO [m[2m | [m[2mApprovalSelector[m[2m | [m[32mOPS_APPROVAL_TIMING {"tx":"0x0a27847b746da6de99e28c96e029c6cf671e74b81142a89e66b10fa2f1f95aeb","mode":3,"calls":1,"gate_ns":13500}
[m[2m2026-09-14 22:52:39.985+0200[m[2m | [m[2mEthScheduler-BlockCreation-1-2[m[2m | [m[32mINFO [m[2m | [m[2mApprovalSelector[m[2m | [m[32mOPS_APPROVAL_DECISION allow tx=0x62306e1c386dc5e1faffe719e982b3dbf97c7c45acf4bcc676087e26156f0e09 calls=1
[m[2m2026-09-14 22:52:39.985+0200[m[2m | [m[2mEthScheduler-BlockCreation-1-2[m[2m | [m[32mINFO [m[2m | [m[2mApprovalSelector[m[2m | [m[32mOPS_APPROVAL_TIMING {"tx":"0x62306e1c386dc5e1faffe719e982b3dbf97c7c45acf4bcc676087e26156f0e09","mode":3,"calls":1,"gate_ns":13376}
[m[2m2026-09-14 22:52:39.985+0200[m[2m | [m[2mEthScheduler-BlockCreation-1-2[m[2m | [m[32mINFO [m[2m | [m[2mApprovalSelector[m[2m | [m[32mOPS_APPROVAL_DECISION allow tx=0xea633fb6e74a89a79503b469297d3c665fb2824606e6c408d4504759454ca130 calls=1
[m[2m2026-09-14 22:52:39.985+0200[m[2m | [m[2mEthScheduler-BlockCreation-1-2[m[2m | [m[32mINFO [m[2m | [m[2mApprovalSelector[m[2m | [m[32mOPS_APPROVAL_TIMING {"tx":"0xea633fb6e74a89a79503b469297d3c665fb2824606e6c408d4504759454ca130","mode":3,"calls":1,"gate_ns":13791}
[m[2m2026-09-14 22:52:39.985+0200[m[2m | [m[2mEthScheduler-BlockCreation-1-2[m[2m | [m[32mINFO [m[2m | [m[2mApprovalSelector[m[2m | [m[32mOPS_APPROVAL_DECISION allow tx=0xe54cc71bd4d9e964478ae041a28f150a47d6922de97ff48a04bf7cb2a917c1ec calls=1
[m[2m2026-09-14 22:52:39.985+0200[m[2m | [m[2mEthScheduler-BlockCreation-1-2[m[2m | [m[32mINFO [m[2m | [m[2mApprovalSelector[m[2m | [m[32mOPS_APPROVAL_TIMING {"tx":"0xe54cc71bd4d9e964478ae041a28f150a47d6922de97ff48a04bf7cb2a917c1ec","mode":3,"calls":1,"gate_ns":14375}
[m[2m2026-09-14 22:52:39.985+0200[m[2m | [m[2mEthScheduler-BlockCreation-1-2[m[2m | [m[32mINFO [m[2m | [m[2mApprovalSelector[m[2m | [m[32mOPS_APPROVAL_DECISION allow tx=0xf6b2c1638c24b4b3a4251379edafa1691677d2baaa9842bfa5aa6ec4e8b5755e calls=1
[m[2m2026-09-14 22:52:39.985+0200[m[2m | [m[2mEthScheduler-BlockCreation-1-2[m[2m | [m[32mINFO [m[2m | [m[2mApprovalSelector[m[2m | [m[32mOPS_APPROVAL_TIMING {"tx":"0xf6b2c1638c24b4b3a4251379edafa1691677d2baaa9842bfa5aa6ec4e8b5755e","mode":3,"calls":1,"gate_ns":13916}
[m[2m2026-09-14 22:52:39.986+0200[m[2m | [m[2mEthScheduler-BlockCreation-1-2[m[2m | [m[32mINFO [m[2m | [m[2mApprovalSelector[m[2m | [m[32mOPS_APPROVAL_DECISION allow tx=0x1ce16f6b321a9b19cc5ca7aaf03bf6259342d0b6e47095cbceb67bd3021a9f4c calls=1
[m[2m2026-09-14 22:52:39.986+0200[m[2m | [m[2mEthScheduler-BlockCreation-1-2[m[2m | [m[32mINFO [m[2m | [m[2mApprovalSelector[m[2m | [m[32mOPS_APPROVAL_TIMING {"tx":"0x1ce16f6b321a9b19cc5ca7aaf03bf6259342d0b6e47095cbceb67bd3021a9f4c","mode":3,"calls":1,"gate_ns":16167}
[m[2m2026-09-14 22:52:39.986+0200[m[2m | [m[2mEthScheduler-BlockCreation-1-2[m[2m | [m[32mINFO [m[2m | [m[2mApprovalSelector[m[2m | [m[32mOPS_APPROVAL_DECISION allow tx=0x0e3666856e1d2629b234eee81de9eb6d6f64b779b438ce047df2c717cd78fbdf calls=1
[m[2m2026-09-14 22:52:39.986+0200[m[2m | [m[2mEthScheduler-BlockCreation-1-2[m[2m | [m[32mINFO [m[2m | [m[2mApprovalSelector[m[2m | [m[32mOPS_APPROVAL_TIMING {"tx":"0x0e3666856e1d2629b234eee81de9eb6d6f64b779b438ce047df2c717cd78fbdf","mode":3,"calls":1,"gate_ns":13834}
[m[2m2026-09-14 22:52:39.986+0200[m[2m | [m[2mEthScheduler-BlockCreation-1-2[m[2m | [m[32mINFO [m[2m | [m[2mApprovalSelector[m[2m | [m[32mOPS_APPROVAL_DECISION allow tx=0x8e36658f7deebf0d8e4011a98475340dcb630d2796300342849a5406eeff972d calls=1
[m[2m2026-09-14 22:52:39.986+0200[m[2m | [m[2mEthScheduler-BlockCreation-1-2[m[2m | [m[32mINFO [m[2m | [m[2mApprovalSelector[m[2m | [m[32mOPS_APPROVAL_TIMING {"tx":"0x8e36658f7deebf0d8e4011a98475340dcb630d2796300342849a5406eeff972d","mode":3,"calls":1,"gate_ns":13834}
[m[2m2026-09-14 22:52:39.986+0200[m[2m | [m[2mEthScheduler-BlockCreation-1-2[m[2m | [m[32mINFO [m[2m | [m[2mApprovalSelector[m[2m | [m[32mOPS_APPROVAL_DECISION allow tx=0x824b821062c6755c21e6d82a98aba7ecaaeb6e2c48143d45c6e757685ff05914 calls=1
[m[2m2026-09-14 22:52:39.986+0200[m[2m | [m[2mEthScheduler-BlockCreation-1-2[m[2m | [m[32mINFO [m[2m | [m[2mApprovalSelector[m[2m | [m[32mOPS_APPROVAL_TIMING {"tx":"0x824b821062c6755c21e6d82a98aba7ecaaeb6e2c48143d45c6e757685ff05914","mode":3,"calls":1,"gate_ns":13666}
[m[2m2026-09-14 22:52:39.986+0200[m[2m | [m[2mEthScheduler-BlockCreation-1-2[m[2m | [m[32mINFO [m[2m | [m[2mApprovalSelector[m[2m | [m[32mOPS_APPROVAL_DECISION allow tx=0x96f4686c205ab0a8fe9f98ee5faf54274ba0c7f57cc78fc296cf92aceca1665c calls=1
[m[2m2026-09-14 22:52:39.986+0200[m[2m | [m[2mEthScheduler-BlockCreation-1-2[m[2m | [m[32mINFO [m[2m | [m[2mApprovalSelector[m[2m | [m[32mOPS_APPROVAL_TIMING {"tx":"0x96f4686c205ab0a8fe9f98ee5faf54274ba0c7f57cc78fc296cf92aceca1665c","mode":3,"calls":1,"gate_ns":16041}
[m[2m2026-09-14 22:52:39.986+0200[m[2m | [m[2mEthScheduler-BlockCreation-1-2[m[2m | [m[32mINFO [m[2m | [m[2mApprovalSelector[m[2m | [m[32mOPS_APPROVAL_DECISION allow tx=0xf86493b3ae2eac975c5526a8705372124abe487b42b23e4b425c94d23d0143d7 calls=1
[m[2m2026-09-14 22:52:39.986+0200[m[2m | [m[2mEthScheduler-BlockCreation-1-2[m[2m | [m[32mINFO [m[2m | [m[2mApprovalSelector[m[2m | [m[32mOPS_APPROVAL_TIMING {"tx":"0xf86493b3ae2eac975c5526a8705372124abe487b42b23e4b425c94d23d0143d7","mode":3,"calls":1,"gate_ns":14375}
[m[2m2026-09-14 22:52:39.986+0200[m[2m | [m[2mEthScheduler-BlockCreation-1-2[m[2m | [m[32mINFO [m[2m | [m[2mApprovalSelector[m[2m | [m[32mOPS_APPROVAL_DECISION allow tx=0x3af890136289ce4c6804b44559b25013cdddd0e3a304b4ec0b015ac938fb1c51 calls=1
[m[2m2026-09-14 22:52:39.986+0200[m[2m | [m[2mEthScheduler-BlockCreation-1-2[m[2m | [m[32mINFO [m[2m | [m[2mApprovalSelector[m[2m | [m[32mOPS_APPROVAL_TIMING {"tx":"0x3af890136289ce4c6804b44559b25013cdddd0e3a304b4ec0b015ac938fb1c51","mode":3,"calls":1,"gate_ns":14000}
[m[2m2026-09-14 22:52:39.986+0200[m[2m | [m[2mEthScheduler-BlockCreation-1-2[m[2m | [m[32mINFO [m[2m | [m[2mApprovalSelector[m[2m | [m[32mOPS_APPROVAL_DECISION allow tx=0x3262d8aebd15dd8f94502914561925cb94490bbbf79fab44e02d6c129548250f calls=1
[m[2m2026-09-14 22:52:39.986+0200[m[2m | [m[2mEthScheduler-BlockCreation-1-2[m[2m | [m[32mINFO [m[2m | [m[2mApprovalSelector[m[2m | [m[32mOPS_APPROVAL_TIMING {"tx":"0x3262d8aebd15dd8f94502914561925cb94490bbbf79fab44e02d6c129548250f","mode":3,"calls":1,"gate_ns":18958}
[m[2m2026-09-14 22:52:39.986+0200[m[2m | [m[2mEthScheduler-BlockCreation-1-2[m[2m | [m[32mINFO [m[2m | [m[2mApprovalSelector[m[2m | [m[32mOPS_APPROVAL_DECISION allow tx=0x1b67c708475a09294457d4939aa02781e19cda33a05cc0700c7887c107f221df calls=1
[m[2m2026-09-14 22:52:39.986+0200[m[2m | [m[2mEthScheduler-BlockCreation-1-2[m[2m | [m[32mINFO [m[2m | [m[2mApprovalSelector[m[2m | [m[32mOPS_APPROVAL_TIMING {"tx":"0x1b67c708475a09294457d4939aa02781e19cda33a05cc0700c7887c107f221df","mode":3,"calls":1,"gate_ns":17416}
[m[2m2026-09-14 22:52:39.986+0200[m[2m | [m[2mEthScheduler-BlockCreation-1-2[m[2m | [m[32mINFO [m[2m | [m[2mApprovalSelector[m[2m | [m[32mOPS_APPROVAL_DECISION allow tx=0xfe05ddb77605886e78dd5c9d6e681b9fb9ebc07108876c012df3e595d57b5ce2 calls=1
[m[2m2026-09-14 22:52:39.986+0200[m[2m | [m[2mEthScheduler-BlockCreation-1-2[m[2m | [m[32mINFO [m[2m | [m[2mApprovalSelector[m[2m | [m[32mOPS_APPROVAL_TIMING {"tx":"0xfe05ddb77605886e78dd5c9d6e681b9fb9ebc07108876c012df3e595d57b5ce2","mode":3,"calls":1,"gate_ns":22375}
[m[2m2026-09-14 22:52:39.986+0200[m[2m | [m[2mEthScheduler-BlockCreation-1-2[m[2m | [m[32mINFO [m[2m | [m[2mApprovalSelector[m[2m | [m[32mOPS_APPROVAL_DECISION allow tx=0x9cdb56e47cb9554f54ef76d7e6c4fad2c31d3f5917233a85d8ac8c998668d6b6 calls=1
[m[2m2026-09-14 22:52:39.986+0200[m[2m | [m[2mEthScheduler-BlockCreation-1-2[m[2m | [m[32mINFO [m[2m | [m[2mApprovalSelector[m[2m | [m[32mOPS_APPROVAL_TIMING {"tx":"0x9cdb56e47cb9554f54ef76d7e6c4fad2c31d3f5917233a85d8ac8c998668d6b6","mode":3,"calls":1,"gate_ns":20458}
[m[2m2026-09-14 22:52:39.986+0200[m[2m | [m[2mEthScheduler-BlockCreation-1-2[m[2m | [m[32mINFO [m[2m | [m[2mApprovalSelector[m[2m | [m[32mOPS_APPROVAL_DECISION allow tx=0xf6dda9e8e18f791699f3771e6194a440c3c6f22f39f5e28f805763f41c4dc48a calls=1
[m[2m2026-09-14 22:52:39.986+0200[m[2m | [m[2mEthScheduler-BlockCreation-1-2[m[2m | [m[32mINFO [m[2m | [m[2mApprovalSelector[m[2m | [m[32mOPS_APPROVAL_TIMING {"tx":"0xf6dda9e8e18f791699f3771e6194a440c3c6f22f39f5e28f805763f41c4dc48a","mode":3,"calls":1,"gate_ns":17667}
[m[2m2026-09-14 22:52:39.986+0200[m[2m | [m[2mEthScheduler-BlockCreation-1-2[m[2m | [m[32mINFO [m[2m | [m[2mApprovalSelector[m[2m | [m[32mOPS_APPROVAL_DECISION allow tx=0x46dff4e0675a64486bf2ca1e48002eebfd3ef212ead1a339558924d25e406841 calls=1
[m[2m2026-09-14 22:52:39.986+0200[m[2m | [m[2mEthScheduler-BlockCreation-1-2[m[2m | [m[32mINFO [m[2m | [m[2mApprovalSelector[m[2m | [m[32mOPS_APPROVAL_TIMING {"tx":"0x46dff4e0675a64486bf2ca1e48002eebfd3ef212ead1a339558924d25e406841","mode":3,"calls":1,"gate_ns":14667}
[m[2m2026-09-14 22:52:39.987+0200[m[2m | [m[2mEthScheduler-BlockCreation-1-2[m[2m | [m[32mINFO [m[2m | [m[2mApprovalSelector[m[2m | [m[32mOPS_APPROVAL_DECISION allow tx=0x0cf7d208c0cefabe30f206cc2f176e8468cdbff4376ca304943ea4981f67c265 calls=1
[m[2m2026-09-14 22:52:39.987+0200[m[2m | [m[2mEthScheduler-BlockCreation-1-2[m[2m | [m[32mINFO [m[2m | [m[2mApprovalSelector[m[2m | [m[32mOPS_APPROVAL_TIMING {"tx":"0x0cf7d208c0cefabe30f206cc2f176e8468cdbff4376ca304943ea4981f67c265","mode":3,"calls":1,"gate_ns":15500}
[m[2m2026-09-14 22:52:39.987+0200[m[2m | [m[2mEthScheduler-BlockCreation-1-2[m[2m | [m[32mINFO [m[2m | [m[2mApprovalSelector[m[2m | [m[32mOPS_APPROVAL_DECISION allow tx=0xb506cf0601e4db9b18394cda769b2e3c68eb400b0bf3a893f84e24a39b453744 calls=1
[m[2m2026-09-14 22:52:39.987+0200[m[2m | [m[2mEthScheduler-BlockCreation-1-2[m[2m | [m[32mINFO [m[2m | [m[2mApprovalSelector[m[2m | [m[32mOPS_APPROVAL_TIMING {"tx":"0xb506cf0601e4db9b18394cda769b2e3c68eb400b0bf3a893f84e24a39b453744","mode":3,"calls":1,"gate_ns":15624}
[m[2m2026-09-14 22:52:39.987+0200[m[2m | [m[2mEthScheduler-BlockCreation-1-2[m[2m | [m[32mINFO [m[2m | [m[2mApprovalSelector[m[2m | [m[32mOPS_APPROVAL_DECISION allow tx=0xc068685e438487d6c3c22c82c4a4af9ac1b8572893c2fd92cfd352a1c7bfc8b8 calls=1
[m[2m2026-09-14 22:52:39.987+0200[m[2m | [m[2mEthScheduler-BlockCreation-1-2[m[2m | [m[32mINFO [m[2m | [m[2mApprovalSelector[m[2m | [m[32mOPS_APPROVAL_TIMING {"tx":"0xc068685e438487d6c3c22c82c4a4af9ac1b8572893c2fd92cfd352a1c7bfc8b8","mode":3,"calls":1,"gate_ns":15375}
[m[2m2026-09-14 22:52:39.987+0200[m[2m | [m[2mEthScheduler-BlockCreation-1-2[m[2m | [m[32mINFO [m[2m | [m[2mApprovalSelector[m[2m | [m[32mOPS_APPROVAL_DECISION allow tx=0x725c634affc3d07a01387ca32a1bc2012f4a5e6d3fc5938ad8885a2c6d268ef4 calls=1
[m[2m2026-09-14 22:52:39.987+0200[m[2m | [m[2mEthScheduler-BlockCreation-1-2[m[2m | [m[32mINFO [m[2m | [m[2mApprovalSelector[m[2m | [m[32mOPS_APPROVAL_TIMING {"tx":"0x725c634affc3d07a01387ca32a1bc2012f4a5e6d3fc5938ad8885a2c6d268ef4","mode":3,"calls":1,"gate_ns":13583}
[m[2m2026-09-14 22:52:39.987+0200[m[2m | [m[2mEthScheduler-BlockCreation-1-2[m[2m | [m[32mINFO [m[2m | [m[2mApprovalSelector[m[2m | [m[32mOPS_APPROVAL_DECISION allow tx=0x5eadfc96b34927885f04332ba8ceafff50c152fc12560f839d6ad0236768ffff calls=1
[m[2m2026-09-14 22:52:39.987+0200[m[2m | [m[2mEthScheduler-BlockCreation-1-2[m[2m | [m[32mINFO [m[2m | [m[2mApprovalSelector[m[2m | [m[32mOPS_APPROVAL_TIMING {"tx":"0x5eadfc96b34927885f04332ba8ceafff50c152fc12560f839d6ad0236768ffff","mode":3,"calls":1,"gate_ns":14125}
[m[2m2026-09-14 22:52:39.987+0200[m[2m | [m[2mEthScheduler-BlockCreation-1-2[m[2m | [m[32mINFO [m[2m | [m[2mApprovalSelector[m[2m | [m[32mOPS_APPROVAL_DECISION allow tx=0x868da49b4a81fe0e713cdbfe6ad18e360a8d4eb85081250ca679edc5fb835eba calls=1
[m[2m2026-09-14 22:52:39.987+0200[m[2m | [m[2mEthScheduler-BlockCreation-1-2[m[2m | [m[32mINFO [m[2m | [m[2mApprovalSelector[m[2m | [m[32mOPS_APPROVAL_TIMING {"tx":"0x868da49b4a81fe0e713cdbfe6ad18e360a8d4eb85081250ca679edc5fb835eba","mode":3,"calls":1,"gate_ns":14959}
[m[2m2026-09-14 22:52:39.987+0200[m[2m | [m[2mEthScheduler-BlockCreation-1-2[m[2m | [m[32mINFO [m[2m | [m[2mApprovalSelector[m[2m | [m[32mOPS_APPROVAL_DECISION allow tx=0xdd6db082430fa0ef3c6d2f40fd5e604c9908480f902eb372db11d80da558b05d calls=1
[m[2m2026-09-14 22:52:39.987+0200[m[2m | [m[2mEthScheduler-BlockCreation-1-2[m[2m | [m[32mINFO [m[2m | [m[2mApprovalSelector[m[2m | [m[32mOPS_APPROVAL_TIMING {"tx":"0xdd6db082430fa0ef3c6d2f40fd5e604c9908480f902eb372db11d80da558b05d","mode":3,"calls":1,"gate_ns":14542}
[m[2m2026-09-14 22:52:39.987+0200[m[2m | [m[2mEthScheduler-BlockCreation-1-2[m[2m | [m[32mINFO [m[2m | [m[2mApprovalSelector[m[2m | [m[32mOPS_APPROVAL_DECISION allow tx=0x94e1748daa00c29a346a02d26ff31488dcc950ad4604416104b1418e849e7790 calls=1
[m[2m2026-09-14 22:52:39.987+0200[m[2m | [m[2mEthScheduler-BlockCreation-1-2[m[2m | [m[32mINFO [m[2m | [m[2mApprovalSelector[m[2m | [m[32mOPS_APPROVAL_TIMING {"tx":"0x94e1748daa00c29a346a02d26ff31488dcc950ad4604416104b1418e849e7790","mode":3,"calls":1,"gate_ns":15125}
[m[2m2026-09-14 22:52:39.987+0200[m[2m | [m[2mEthScheduler-BlockCreation-1-2[m[2m | [m[32mINFO [m[2m | [m[2mApprovalSelector[m[2m | [m[32mOPS_APPROVAL_DECISION allow tx=0x1095c2f4d6deec15fdb32fd4a02f1d9e62f73c48675217a6dba6ef5c1e0857e5 calls=1
[m[2m2026-09-14 22:52:39.987+0200[m[2m | [m[2mEthScheduler-BlockCreation-1-2[m[2m | [m[32mINFO [m[2m | [m[2mApprovalSelector[m[2m | [m[32mOPS_APPROVAL_TIMING {"tx":"0x1095c2f4d6deec15fdb32fd4a02f1d9e62f73c48675217a6dba6ef5c1e0857e5","mode":3,"calls":1,"gate_ns":14667}
[m[2m2026-09-14 22:52:39.987+0200[m[2m | [m[2mEthScheduler-BlockCreation-1-2[m[2m | [m[32mINFO [m[2m | [m[2mApprovalSelector[m[2m | [m[32mOPS_APPROVAL_DECISION allow tx=0xacd431992f3bd969fd68a20656bf4bb48d2d3730bb872474f9f1d9a6ae6aa4ae calls=1
[m[2m2026-09-14 22:52:39.987+0200[m[2m | [m[2mEthScheduler-BlockCreation-1-2[m[2m | [m[32mINFO [m[2m | [m[2mApprovalSelector[m[2m | [m[32mOPS_APPROVAL_TIMING {"tx":"0xacd431992f3bd969fd68a20656bf4bb48d2d3730bb872474f9f1d9a6ae6aa4ae","mode":3,"calls":1,"gate_ns":14708}
[m[2m2026-09-14 22:52:39.987+0200[m[2m | [m[2mEthScheduler-BlockCreation-1-2[m[2m | [m[32mINFO [m[2m | [m[2mApprovalSelector[m[2m | [m[32mOPS_APPROVAL_DECISION allow tx=0x559e991807644fb4f8ca60289476053032c945c2f9fe5ce76f4f9b464a2717ab calls=1
[m[2m2026-09-14 22:52:39.987+0200[m[2m | [m[2mEthScheduler-BlockCreation-1-2[m[2m | [m[32mINFO [m[2m | [m[2mApprovalSelector[m[2m | [m[32mOPS_APPROVAL_TIMING {"tx":"0x559e991807644fb4f8ca60289476053032c945c2f9fe5ce76f4f9b464a2717ab","mode":3,"calls":1,"gate_ns":14542}
[m[2m2026-09-14 22:52:39.987+0200[m[2m | [m[2mEthScheduler-BlockCreation-1-2[m[2m | [m[32mINFO [m[2m | [m[2mApprovalSelector[m[2m | [m[32mOPS_APPROVAL_DECISION allow tx=0x5dbd4046eb347b0e617a38e429f3ccae58d992d35b5c197d74ca1f06ef707010 calls=1
[m[2m2026-09-14 22:52:39.987+0200[m[2m | [m[2mEthScheduler-BlockCreation-1-2[m[2m | [m[32mINFO [m[2m | [m[2mApprovalSelector[m[2m | [m[32mOPS_APPROVAL_TIMING {"tx":"0x5dbd4046eb347b0e617a38e429f3ccae58d992d35b5c197d74ca1f06ef707010","mode":3,"calls":1,"gate_ns":36167}
[m[2m2026-09-14 22:52:39.987+0200[m[2m | [m[2mEthScheduler-BlockCreation-1-2[m[2m | [m[32mINFO [m[2m | [m[2mApprovalSelector[m[2m | [m[32mOPS_APPROVAL_DECISION allow tx=0x89d073998ab7bc047335c0ee9ba3e81634120696e231708c0ee9eb46d5568f6a calls=1
[m[2m2026-09-14 22:52:39.987+0200[m[2m | [m[2mEthScheduler-BlockCreation-1-2[m[2m | [m[32mINFO [m[2m | [m[2mApprovalSelector[m[2m | [m[32mOPS_APPROVAL_TIMING {"tx":"0x89d073998ab7bc047335c0ee9ba3e81634120696e231708c0ee9eb46d5568f6a","mode":3,"calls":1,"gate_ns":23167}
[m[2m2026-09-14 22:52:39.988+0200[m[2m | [m[2mEthScheduler-BlockCreation-1-2[m[2m | [m[32mINFO [m[2m | [m[2mApprovalSelector[m[2m | [m[32mOPS_APPROVAL_DECISION allow tx=0x31cf096787447d7209653d723fec90db78f13aa8e66ce5d2af832b46e565ff61 calls=1
[m[2m2026-09-14 22:52:39.988+0200[m[2m | [m[2mEthScheduler-BlockCreation-1-2[m[2m | [m[32mINFO [m[2m | [m[2mApprovalSelector[m[2m | [m[32mOPS_APPROVAL_TIMING {"tx":"0x31cf096787447d7209653d723fec90db78f13aa8e66ce5d2af832b46e565ff61","mode":3,"calls":1,"gate_ns":20166}
[m[2m2026-09-14 22:52:39.988+0200[m[2m | [m[2mEthScheduler-BlockCreation-1-2[m[2m | [m[32mINFO [m[2m | [m[2mApprovalSelector[m[2m | [m[32mOPS_APPROVAL_DECISION allow tx=0x810d61f6ccdf4b6dd7d9e3c5f53c2c3b784bd49beb2023e09cde0ba1399fd953 calls=1
[m[2m2026-09-14 22:52:39.988+0200[m[2m | [m[2mEthScheduler-BlockCreation-1-2[m[2m | [m[32mINFO [m[2m | [m[2mApprovalSelector[m[2m | [m[32mOPS_APPROVAL_TIMING {"tx":"0x810d61f6ccdf4b6dd7d9e3c5f53c2c3b784bd49beb2023e09cde0ba1399fd953","mode":3,"calls":1,"gate_ns":14833}
[m[2m2026-09-14 22:52:39.988+0200[m[2m | [m[2mEthScheduler-BlockCreation-1-2[m[2m | [m[32mINFO [m[2m | [m[2mApprovalSelector[m[2m | [m[32mOPS_APPROVAL_DECISION allow tx=0xbc066cf1404a9d5756e5a1c7a880b61aa4dacc11f59ebd8d00f2ac8d9413480e calls=1
[m[2m2026-09-14 22:52:39.988+0200[m[2m | [m[2mEthScheduler-BlockCreation-1-2[m[2m | [m[32mINFO [m[2m | [m[2mApprovalSelector[m[2m | [m[32mOPS_APPROVAL_TIMING {"tx":"0xbc066cf1404a9d5756e5a1c7a880b61aa4dacc11f59ebd8d00f2ac8d9413480e","mode":3,"calls":1,"gate_ns":14917}
[m[2m2026-09-14 22:52:39.988+0200[m[2m | [m[2mEthScheduler-BlockCreation-1-2[m[2m | [m[32mINFO [m[2m | [m[2mApprovalSelector[m[2m | [m[32mOPS_APPROVAL_DECISION allow tx=0xb5fe8987190200b9e168adaba787d0d0ae8cf81004493ef75ba934cb2db9135e calls=1
[m[2m2026-09-14 22:52:39.988+0200[m[2m | [m[2mEthScheduler-BlockCreation-1-2[m[2m | [m[32mINFO [m[2m | [m[2mApprovalSelector[m[2m | [m[32mOPS_APPROVAL_TIMING {"tx":"0xb5fe8987190200b9e168adaba787d0d0ae8cf81004493ef75ba934cb2db9135e","mode":3,"calls":1,"gate_ns":14625}
[m[2m2026-09-14 22:52:39.988+0200[m[2m | [m[2mEthScheduler-BlockCreation-1-2[m[2m | [m[32mINFO [m[2m | [m[2mApprovalSelector[m[2m | [m[32mOPS_APPROVAL_DECISION allow tx=0x50e85afd61d18ab7a8d01485869aac6876f4346576153049286347025523f17a calls=1
[m[2m2026-09-14 22:52:39.988+0200[m[2m | [m[2mEthScheduler-BlockCreation-1-2[m[2m | [m[32mINFO [m[2m | [m[2mApprovalSelector[m[2m | [m[32mOPS_APPROVAL_TIMING {"tx":"0x50e85afd61d18ab7a8d01485869aac6876f4346576153049286347025523f17a","mode":3,"calls":1,"gate_ns":16291}
[m[2m2026-09-14 22:52:39.988+0200[m[2m | [m[2mEthScheduler-BlockCreation-1-2[m[2m | [m[32mINFO [m[2m | [m[2mApprovalSelector[m[2m | [m[32mOPS_APPROVAL_DECISION allow tx=0x3349af5aff3ab43cfc2f7e9339bb4ecb1a699832257cfc80061cbc09eff6a50c calls=1
[m[2m2026-09-14 22:52:39.988+0200[m[2m | [m[2mEthScheduler-BlockCreation-1-2[m[2m | [m[32mINFO [m[2m | [m[2mApprovalSelector[m[2m | [m[32mOPS_APPROVAL_TIMING {"tx":"0x3349af5aff3ab43cfc2f7e9339bb4ecb1a699832257cfc80061cbc09eff6a50c","mode":3,"calls":1,"gate_ns":15292}
[m[2m2026-09-14 22:52:39.988+0200[m[2m | [m[2mEthScheduler-BlockCreation-1-2[m[2m | [m[32mINFO [m[2m | [m[2mApprovalSelector[m[2m | [m[32mOPS_APPROVAL_DECISION allow tx=0x26b8d99c65fb91f7d7921ae020dfb3771525757914ab3551950d803aaf3cf799 calls=1
[m[2m2026-09-14 22:52:39.988+0200[m[2m | [m[2mEthScheduler-BlockCreation-1-2[m[2m | [m[32mINFO [m[2m | [m[2mApprovalSelector[m[2m | [m[32mOPS_APPROVAL_TIMING {"tx":"0x26b8d99c65fb91f7d7921ae020dfb3771525757914ab3551950d803aaf3cf799","mode":3,"calls":1,"gate_ns":15167}
[m[2m2026-09-14 22:52:39.988+0200[m[2m | [m[2mEthScheduler-BlockCreation-1-2[m[2m | [m[32mINFO [m[2m | [m[2mApprovalSelector[m[2m | [m[32mOPS_APPROVAL_DECISION allow tx=0x7c7b4592952e5f2935d65e600a02b082f56637773608208a9bce565a8a3e3b0c calls=1
[m[2m2026-09-14 22:52:39.988+0200[m[2m | [m[2mEthScheduler-BlockCreation-1-2[m[2m | [m[32mINFO [m[2m | [m[2mApprovalSelector[m[2m | [m[32mOPS_APPROVAL_TIMING {"tx":"0x7c7b4592952e5f2935d65e600a02b082f56637773608208a9bce565a8a3e3b0c","mode":3,"calls":1,"gate_ns":15708}
[m[2m2026-09-14 22:52:39.988+0200[m[2m | [m[2mEthScheduler-BlockCreation-1-2[m[2m | [m[32mINFO [m[2m | [m[2mApprovalSelector[m[2m | [m[32mOPS_APPROVAL_DECISION allow tx=0x47cad0ee9deb0fa77a2d5005db8fd75f52708eab217907e9b805f49e3cead6de calls=1
[m[2m2026-09-14 22:52:39.988+0200[m[2m | [m[2mEthScheduler-BlockCreation-1-2[m[2m | [m[32mINFO [m[2m | [m[2mApprovalSelector[m[2m | [m[32mOPS_APPROVAL_TIMING {"tx":"0x47cad0ee9deb0fa77a2d5005db8fd75f52708eab217907e9b805f49e3cead6de","mode":3,"calls":1,"gate_ns":57792}
[m[2m2026-09-14 22:52:39.988+0200[m[2m | [m[2mEthScheduler-BlockCreation-1-2[m[2m | [m[32mINFO [m[2m | [m[2mApprovalSelector[m[2m | [m[32mOPS_APPROVAL_DECISION allow tx=0x1f9e87f7a4775064ec0690c268e912309ca0f2d19165b6cc6f7ff76803b5a4d1 calls=1
[m[2m2026-09-14 22:52:39.988+0200[m[2m | [m[2mEthScheduler-BlockCreation-1-2[m[2m | [m[32mINFO [m[2m | [m[2mApprovalSelector[m[2m | [m[32mOPS_APPROVAL_TIMING {"tx":"0x1f9e87f7a4775064ec0690c268e912309ca0f2d19165b6cc6f7ff76803b5a4d1","mode":3,"calls":1,"gate_ns":28500}
[m[2m2026-09-14 22:52:39.988+0200[m[2m | [m[2mEthScheduler-BlockCreation-1-2[m[2m | [m[32mINFO [m[2m | [m[2mApprovalSelector[m[2m | [m[32mOPS_APPROVAL_DECISION allow tx=0xcbbb97e2f55b98821bbe20920c6d7f90e5245881a10331553388901b2619f034 calls=1
[m[2m2026-09-14 22:52:39.989+0200[m[2m | [m[2mEthScheduler-BlockCreation-1-2[m[2m | [m[32mINFO [m[2m | [m[2mApprovalSelector[m[2m | [m[32mOPS_APPROVAL_TIMING {"tx":"0xcbbb97e2f55b98821bbe20920c6d7f90e5245881a10331553388901b2619f034","mode":3,"calls":1,"gate_ns":18834}
[m[2m2026-09-14 22:52:39.989+0200[m[2m | [m[2mEthScheduler-BlockCreation-1-2[m[2m | [m[32mINFO [m[2m | [m[2mApprovalSelector[m[2m | [m[32mOPS_APPROVAL_DECISION allow tx=0x2edc464fe997b3b026ab0beaa21f6e27562cb058a69fcd55b7f0e092722c1dc2 calls=1
[m[2m2026-09-14 22:52:39.989+0200[m[2m | [m[2mEthScheduler-BlockCreation-1-2[m[2m | [m[32mINFO [m[2m | [m[2mApprovalSelector[m[2m | [m[32mOPS_APPROVAL_TIMING {"tx":"0x2edc464fe997b3b026ab0beaa21f6e27562cb058a69fcd55b7f0e092722c1dc2","mode":3,"calls":1,"gate_ns":17541}
[m[2m2026-09-14 22:52:39.989+0200[m[2m | [m[2mEthScheduler-BlockCreation-1-2[m[2m | [m[32mINFO [m[2m | [m[2mApprovalSelector[m[2m | [m[32mOPS_APPROVAL_DECISION allow tx=0xf4f20c9e0287ec42595e80ca3f6881d524efae0cb8e5160ef0f316e7bebbabc7 calls=1
[m[2m2026-09-14 22:52:39.989+0200[m[2m | [m[2mEthScheduler-BlockCreation-1-2[m[2m | [m[32mINFO [m[2m | [m[2mApprovalSelector[m[2m | [m[32mOPS_APPROVAL_TIMING {"tx":"0xf4f20c9e0287ec42595e80ca3f6881d524efae0cb8e5160ef0f316e7bebbabc7","mode":3,"calls":1,"gate_ns":15083}
[m[2m2026-09-14 22:52:39.989+0200[m[2m | [m[2mEthScheduler-BlockCreation-1-2[m[2m | [m[32mINFO [m[2m | [m[2mApprovalSelector[m[2m | [m[32mOPS_APPROVAL_DECISION allow tx=0x0ff2ac4c534acb010a7bd94008ff1c864eedac46b1271a451a3a6e282d64e7c0 calls=1
[m[2m2026-09-14 22:52:39.989+0200[m[2m | [m[2mEthScheduler-BlockCreation-1-2[m[2m | [m[32mINFO [m[2m | [m[2mApprovalSelector[m[2m | [m[32mOPS_APPROVAL_TIMING {"tx":"0x0ff2ac4c534acb010a7bd94008ff1c864eedac46b1271a451a3a6e282d64e7c0","mode":3,"calls":1,"gate_ns":15876}
[m[2m2026-09-14 22:52:39.989+0200[m[2m | [m[2mEthScheduler-BlockCreation-1-2[m[2m | [m[32mINFO [m[2m | [m[2mApprovalSelector[m[2m | [m[32mOPS_APPROVAL_DECISION allow tx=0x8f1d26e7ffb60d3ef36e40668d3819a9ab2c3e78c014e4244f3aee9f9c53fcb9 calls=1
[m[2m2026-09-14 22:52:39.989+0200[m[2m | [m[2mEthScheduler-BlockCreation-1-2[m[2m | [m[32mINFO [m[2m | [m[2mApprovalSelector[m[2m | [m[32mOPS_APPROVAL_TIMING {"tx":"0x8f1d26e7ffb60d3ef36e40668d3819a9ab2c3e78c014e4244f3aee9f9c53fcb9","mode":3,"calls":1,"gate_ns":15834}
[m[2m2026-09-14 22:52:39.989+0200[m[2m | [m[2mEthScheduler-BlockCreation-1-2[m[2m | [m[32mINFO [m[2m | [m[2mApprovalSelector[m[2m | [m[32mOPS_APPROVAL_DECISION allow tx=0x48e3181c9abe34ee78d874121191d21a4061fa3c7e9aa52dd1665c7fc4a11362 calls=1
[m[2m2026-09-14 22:52:39.989+0200[m[2m | [m[2mEthScheduler-BlockCreation-1-2[m[2m | [m[32mINFO [m[2m | [m[2mApprovalSelector[m[2m | [m[32mOPS_APPROVAL_TIMING {"tx":"0x48e3181c9abe34ee78d874121191d21a4061fa3c7e9aa52dd1665c7fc4a11362","mode":3,"calls":1,"gate_ns":14750}
[m[2m2026-09-14 22:52:39.989+0200[m[2m | [m[2mEthScheduler-BlockCreation-1-2[m[2m | [m[32mINFO [m[2m | [m[2mApprovalSelector[m[2m | [m[32mOPS_APPROVAL_DECISION allow tx=0xe119de8d5bb8292f6a7236681059f01b43465dc1c73e1029109f5e07922f8d41 calls=1
[m[2m2026-09-14 22:52:39.989+0200[m[2m | [m[2mEthScheduler-BlockCreation-1-2[m[2m | [m[32mINFO [m[2m | [m[2mApprovalSelector[m[2m | [m[32mOPS_APPROVAL_TIMING {"tx":"0xe119de8d5bb8292f6a7236681059f01b43465dc1c73e1029109f5e07922f8d41","mode":3,"calls":1,"gate_ns":15375}
[m[2m2026-09-14 22:52:39.989+0200[m[2m | [m[2mEthScheduler-BlockCreation-1-2[m[2m | [m[32mINFO [m[2m | [m[2mApprovalSelector[m[2m | [m[32mOPS_APPROVAL_DECISION allow tx=0xb1b9cda2ded6473f9a5f89f045e8e1de8183a5d2f9269665820bae03dbdfcfc4 calls=1
[m[2m2026-09-14 22:52:39.989+0200[m[2m | [m[2mEthScheduler-BlockCreation-1-2[m[2m | [m[32mINFO [m[2m | [m[2mApprovalSelector[m[2m | [m[32mOPS_APPROVAL_TIMING {"tx":"0xb1b9cda2ded6473f9a5f89f045e8e1de8183a5d2f9269665820bae03dbdfcfc4","mode":3,"calls":1,"gate_ns":15000}
[m[2m2026-09-14 22:52:39.989+0200[m[2m | [m[2mEthScheduler-BlockCreation-1-2[m[2m | [m[32mINFO [m[2m | [m[2mApprovalSelector[m[2m | [m[32mOPS_APPROVAL_DECISION allow tx=0x8f34aefad0d21195919927b8acf6ddaa7c1a696e289e6691a111c908b5c000d2 calls=1
[m[2m2026-09-14 22:52:39.989+0200[m[2m | [m[2mEthScheduler-BlockCreation-1-2[m[2m | [m[32mINFO [m[2m | [m[2mApprovalSelector[m[2m | [m[32mOPS_APPROVAL_TIMING {"tx":"0x8f34aefad0d21195919927b8acf6ddaa7c1a696e289e6691a111c908b5c000d2","mode":3,"calls":1,"gate_ns":14459}
[m[2m2026-09-14 22:52:39.989+0200[m[2m | [m[2mEthScheduler-BlockCreation-1-2[m[2m | [m[32mINFO [m[2m | [m[2mApprovalSelector[m[2m | [m[32mOPS_APPROVAL_DECISION allow tx=0x54c305beb018d914911edb134a5b30b8feafc852dec3110538f812547c480ca5 calls=1
[m[2m2026-09-14 22:52:39.989+0200[m[2m | [m[2mEthScheduler-BlockCreation-1-2[m[2m | [m[32mINFO [m[2m | [m[2mApprovalSelector[m[2m | [m[32mOPS_APPROVAL_TIMING {"tx":"0x54c305beb018d914911edb134a5b30b8feafc852dec3110538f812547c480ca5","mode":3,"calls":1,"gate_ns":14250}
[m[2m2026-09-14 22:52:39.989+0200[m[2m | [m[2mEthScheduler-BlockCreation-1-2[m[2m | [m[32mINFO [m[2m | [m[2mApprovalSelector[m[2m | [m[32mOPS_APPROVAL_DECISION allow tx=0x644b6fdc7fc75bd4d3b38d2b7546ae6f30a0bce26ebcb8e50c92d0c12ac96ad8 calls=1
[m[2m2026-09-14 22:52:39.989+0200[m[2m | [m[2mEthScheduler-BlockCreation-1-2[m[2m | [m[32mINFO [m[2m | [m[2mApprovalSelector[m[2m | [m[32mOPS_APPROVAL_TIMING {"tx":"0x644b6fdc7fc75bd4d3b38d2b7546ae6f30a0bce26ebcb8e50c92d0c12ac96ad8","mode":3,"calls":1,"gate_ns":15168}
[m[2m2026-09-14 22:52:39.989+0200[m[2m | [m[2mEthScheduler-BlockCreation-1-2[m[2m | [m[32mINFO [m[2m | [m[2mApprovalSelector[m[2m | [m[32mOPS_APPROVAL_DECISION allow tx=0x2a141ab96e9d6f040bc25f7cb0a541e1f4a429e2021ebf5c4d721a44666f9cec calls=1
[m[2m2026-09-14 22:52:39.989+0200[m[2m | [m[2mEthScheduler-BlockCreation-1-2[m[2m | [m[32mINFO [m[2m | [m[2mApprovalSelector[m[2m | [m[32mOPS_APPROVAL_TIMING {"tx":"0x2a141ab96e9d6f040bc25f7cb0a541e1f4a429e2021ebf5c4d721a44666f9cec","mode":3,"calls":1,"gate_ns":18875}
[m[2m2026-09-14 22:52:39.990+0200[m[2m | [m[2mEthScheduler-BlockCreation-1-2[m[2m | [m[32mINFO [m[2m | [m[2mApprovalSelector[m[2m | [m[32mOPS_APPROVAL_DECISION allow tx=0x07c84e4da29aa2405be6b7c2109d7e5bdf5633846d81a8de721b5b531c3479ba calls=1
[m[2m2026-09-14 22:52:39.990+0200[m[2m | [m[2mEthScheduler-BlockCreation-1-2[m[2m | [m[32mINFO [m[2m | [m[2mApprovalSelector[m[2m | [m[32mOPS_APPROVAL_TIMING {"tx":"0x07c84e4da29aa2405be6b7c2109d7e5bdf5633846d81a8de721b5b531c3479ba","mode":3,"calls":1,"gate_ns":17584}
[m[2m2026-09-14 22:52:39.990+0200[m[2m | [m[2mEthScheduler-BlockCreation-1-2[m[2m | [m[32mINFO [m[2m | [m[2mApprovalSelector[m[2m | [m[32mOPS_APPROVAL_DECISION allow tx=0xf5471943c03efdcc0aea2e2d0cdfc74a6e41a147ca393351226182e37fefc403 calls=1
[m[2m2026-09-14 22:52:39.990+0200[m[2m | [m[2mEthScheduler-BlockCreation-1-2[m[2m | [m[32mINFO [m[2m | [m[2mApprovalSelector[m[2m | [m[32mOPS_APPROVAL_TIMING {"tx":"0xf5471943c03efdcc0aea2e2d0cdfc74a6e41a147ca393351226182e37fefc403","mode":3,"calls":1,"gate_ns":15417}
[m[2m2026-09-14 22:52:39.990+0200[m[2m | [m[2mEthScheduler-BlockCreation-1-2[m[2m | [m[32mINFO [m[2m | [m[2mApprovalSelector[m[2m | [m[32mOPS_APPROVAL_DECISION allow tx=0xacfb608c25ab1631da7259930303d7f9461a85cd99b6362b087debacd12599d7 calls=1
[m[2m2026-09-14 22:52:39.990+0200[m[2m | [m[2mEthScheduler-BlockCreation-1-2[m[2m | [m[32mINFO [m[2m | [m[2mApprovalSelector[m[2m | [m[32mOPS_APPROVAL_TIMING {"tx":"0xacfb608c25ab1631da7259930303d7f9461a85cd99b6362b087debacd12599d7","mode":3,"calls":1,"gate_ns":15417}
[m[2m2026-09-14 22:52:39.990+0200[m[2m | [m[2mEthScheduler-BlockCreation-1-2[m[2m | [m[32mINFO [m[2m | [m[2mApprovalSelector[m[2m | [m[32mOPS_APPROVAL_DECISION allow tx=0xd4c9ea06493388b2e2c1f9dcbc0ea80cce79ee47e06e25af5a0e1ba1a4fb5693 calls=1
[m[2m2026-09-14 22:52:39.990+0200[m[2m | [m[2mEthScheduler-BlockCreation-1-2[m[2m | [m[32mINFO [m[2m | [m[2mApprovalSelector[m[2m | [m[32mOPS_APPROVAL_TIMING {"tx":"0xd4c9ea06493388b2e2c1f9dcbc0ea80cce79ee47e06e25af5a0e1ba1a4fb5693","mode":3,"calls":1,"gate_ns":16542}
[m[2m2026-09-14 22:52:39.990+0200[m[2m | [m[2mEthScheduler-BlockCreation-1-2[m[2m | [m[32mINFO [m[2m | [m[2mApprovalSelector[m[2m | [m[32mOPS_APPROVAL_DECISION allow tx=0xf771364b8d03c74f0287cf8dea3db1c9d7e69cccbb389ba2256cfa0b5e0df88c calls=1
[m[2m2026-09-14 22:52:39.990+0200[m[2m | [m[2mEthScheduler-BlockCreation-1-2[m[2m | [m[32mINFO [m[2m | [m[2mApprovalSelector[m[2m | [m[32mOPS_APPROVAL_TIMING {"tx":"0xf771364b8d03c74f0287cf8dea3db1c9d7e69cccbb389ba2256cfa0b5e0df88c","mode":3,"calls":1,"gate_ns":15501}
[m[2m2026-09-14 22:52:39.990+0200[m[2m | [m[2mEthScheduler-BlockCreation-1-2[m[2m | [m[32mINFO [m[2m | [m[2mApprovalSelector[m[2m | [m[32mOPS_APPROVAL_DECISION allow tx=0x62d371232336d987a923eda5e16fa5c278cad26d02aced3265acc2585e9d334c calls=1
[m[2m2026-09-14 22:52:39.990+0200[m[2m | [m[2mEthScheduler-BlockCreation-1-2[m[2m | [m[32mINFO [m[2m | [m[2mApprovalSelector[m[2m | [m[32mOPS_APPROVAL_TIMING {"tx":"0x62d371232336d987a923eda5e16fa5c278cad26d02aced3265acc2585e9d334c","mode":3,"calls":1,"gate_ns":16874}
[m[2m2026-09-14 22:52:39.990+0200[m[2m | [m[2mEthScheduler-BlockCreation-1-2[m[2m | [m[32mINFO [m[2m | [m[2mApprovalSelector[m[2m | [m[32mOPS_APPROVAL_DECISION allow tx=0x48ec3ec1e30f40d053efa33f47dbd6584549144c5722be1fb1b7c9a7b48b2fda calls=1
[m[2m2026-09-14 22:52:39.990+0200[m[2m | [m[2mEthScheduler-BlockCreation-1-2[m[2m | [m[32mINFO [m[2m | [m[2mApprovalSelector[m[2m | [m[32mOPS_APPROVAL_TIMING {"tx":"0x48ec3ec1e30f40d053efa33f47dbd6584549144c5722be1fb1b7c9a7b48b2fda","mode":3,"calls":1,"gate_ns":16209}
[m[2m2026-09-14 22:52:39.990+0200[m[2m | [m[2mEthScheduler-BlockCreation-1-2[m[2m | [m[32mINFO [m[2m | [m[2mApprovalSelector[m[2m | [m[32mOPS_APPROVAL_DECISION allow tx=0xe7b0688cf23faf64bcfe8a765a4344cdc35b062f2ca98b16591b764936e109cf calls=1
[m[2m2026-09-14 22:52:39.990+0200[m[2m | [m[2mEthScheduler-BlockCreation-1-2[m[2m | [m[32mINFO [m[2m | [m[2mApprovalSelector[m[2m | [m[32mOPS_APPROVAL_TIMING {"tx":"0xe7b0688cf23faf64bcfe8a765a4344cdc35b062f2ca98b16591b764936e109cf","mode":3,"calls":1,"gate_ns":15625}
[m[2m2026-09-14 22:52:39.990+0200[m[2m | [m[2mEthScheduler-BlockCreation-1-2[m[2m | [m[32mINFO [m[2m | [m[2mApprovalSelector[m[2m | [m[32mOPS_APPROVAL_DECISION allow tx=0x80c72a86c50cac4a9173bb64c8139e5cfd8943f5f105dd23120d0584983ca161 calls=1
[m[2m2026-09-14 22:52:39.990+0200[m[2m | [m[2mEthScheduler-BlockCreation-1-2[m[2m | [m[32mINFO [m[2m | [m[2mApprovalSelector[m[2m | [m[32mOPS_APPROVAL_TIMING {"tx":"0x80c72a86c50cac4a9173bb64c8139e5cfd8943f5f105dd23120d0584983ca161","mode":3,"calls":1,"gate_ns":14292}
[m[2m2026-09-14 22:52:39.990+0200[m[2m | [m[2mEthScheduler-BlockCreation-1-2[m[2m | [m[32mINFO [m[2m | [m[2mApprovalSelector[m[2m | [m[32mOPS_APPROVAL_DECISION allow tx=0x7e1f9d5136ed52363d5165f735b0e89b11a1383e39e49d9a9f945520d9fc2039 calls=1
[m[2m2026-09-14 22:52:39.990+0200[m[2m | [m[2mEthScheduler-BlockCreation-1-2[m[2m | [m[32mINFO [m[2m | [m[2mApprovalSelector[m[2m | [m[32mOPS_APPROVAL_TIMING {"tx":"0x7e1f9d5136ed52363d5165f735b0e89b11a1383e39e49d9a9f945520d9fc2039","mode":3,"calls":1,"gate_ns":15416}
[m[2m2026-09-14 22:52:39.990+0200[m[2m | [m[2mEthScheduler-BlockCreation-1-2[m[2m | [m[32mINFO [m[2m | [m[2mApprovalSelector[m[2m | [m[32mOPS_APPROVAL_DECISION allow tx=0xfc1d75d88f461ff801835b58ef8c90fed5c84a3d09ee59e1f6fd7f718ddc2e7b calls=1
[m[2m2026-09-14 22:52:39.990+0200[m[2m | [m[2mEthScheduler-BlockCreation-1-2[m[2m | [m[32mINFO [m[2m | [m[2mApprovalSelector[m[2m | [m[32mOPS_APPROVAL_TIMING {"tx":"0xfc1d75d88f461ff801835b58ef8c90fed5c84a3d09ee59e1f6fd7f718ddc2e7b","mode":3,"calls":1,"gate_ns":22166}
[m[2m2026-09-14 22:52:39.990+0200[m[2m | [m[2mEthScheduler-BlockCreation-1-2[m[2m | [m[32mINFO [m[2m | [m[2mApprovalSelector[m[2m | [m[32mOPS_APPROVAL_DECISION allow tx=0xb96746f8711dbda855cd671b5b118549b4a124667c5b18832d5c8b0e5535f6ca calls=1
[m[2m2026-09-14 22:52:39.990+0200[m[2m | [m[2mEthScheduler-BlockCreation-1-2[m[2m | [m[32mINFO [m[2m | [m[2mApprovalSelector[m[2m | [m[32mOPS_APPROVAL_TIMING {"tx":"0xb96746f8711dbda855cd671b5b118549b4a124667c5b18832d5c8b0e5535f6ca","mode":3,"calls":1,"gate_ns":15208}
[m[2m2026-09-14 22:52:39.990+0200[m[2m | [m[2mEthScheduler-BlockCreation-1-2[m[2m | [m[32mINFO [m[2m | [m[2mApprovalSelector[m[2m | [m[32mOPS_APPROVAL_DECISION allow tx=0xb6ab84127775198c1f26468452b18b2deb531d19fe87b0a27d84d0fe8ae64240 calls=1
[m[2m2026-09-14 22:52:39.990+0200[m[2m | [m[2mEthScheduler-BlockCreation-1-2[m[2m | [m[32mINFO [m[2m | [m[2mApprovalSelector[m[2m | [m[32mOPS_APPROVAL_TIMING {"tx":"0xb6ab84127775198c1f26468452b18b2deb531d19fe87b0a27d84d0fe8ae64240","mode":3,"calls":1,"gate_ns":21793}
[m[2m2026-09-14 22:52:39.991+0200[m[2m | [m[2mEthScheduler-BlockCreation-1-2[m[2m | [m[32mINFO [m[2m | [m[2mApprovalSelector[m[2m | [m[32mOPS_APPROVAL_DECISION allow tx=0xaee2eadaac4268ebc325eae218ed3c22b42386bdc27f9b2ac86a2ffcff312b71 calls=1
[m[2m2026-09-14 22:52:39.991+0200[m[2m | [m[2mEthScheduler-BlockCreation-1-2[m[2m | [m[32mINFO [m[2m | [m[2mApprovalSelector[m[2m | [m[32mOPS_APPROVAL_TIMING {"tx":"0xaee2eadaac4268ebc325eae218ed3c22b42386bdc27f9b2ac86a2ffcff312b71","mode":3,"calls":1,"gate_ns":17958}
[m[2m2026-09-14 22:52:39.991+0200[m[2m | [m[2mEthScheduler-BlockCreation-1-2[m[2m | [m[32mINFO [m[2m | [m[2mApprovalSelector[m[2m | [m[32mOPS_APPROVAL_DECISION allow tx=0x5adf5932157b94988345fd63e41116d3559a464fd794123e2b2359bb8ac6ff5c calls=1
[m[2m2026-09-14 22:52:39.991+0200[m[2m | [m[2mEthScheduler-BlockCreation-1-2[m[2m | [m[32mINFO [m[2m | [m[2mApprovalSelector[m[2m | [m[32mOPS_APPROVAL_TIMING {"tx":"0x5adf5932157b94988345fd63e41116d3559a464fd794123e2b2359bb8ac6ff5c","mode":3,"calls":1,"gate_ns":16167}
[m[2m2026-09-14 22:52:39.991+0200[m[2m | [m[2mEthScheduler-BlockCreation-1-2[m[2m | [m[32mINFO [m[2m | [m[2mApprovalSelector[m[2m | [m[32mOPS_APPROVAL_DECISION allow tx=0xebeaf8ffcc076b79a148628613a1c1b9dc2efac062d0c48c31ff06d2e2a73424 calls=1
[m[2m2026-09-14 22:52:39.991+0200[m[2m | [m[2mEthScheduler-BlockCreation-1-2[m[2m | [m[32mINFO [m[2m | [m[2mApprovalSelector[m[2m | [m[32mOPS_APPROVAL_TIMING {"tx":"0xebeaf8ffcc076b79a148628613a1c1b9dc2efac062d0c48c31ff06d2e2a73424","mode":3,"calls":1,"gate_ns":16000}
[m[2m2026-09-14 22:52:39.991+0200[m[2m | [m[2mvert.x-worker-thread-4[m[2m | [m[32mINFO [m[2m | [m[2mEngineGetPayloadV2[m[2m | [m[32mProduced #2  (bc990.....4da0b)|  128 tx | 0 ws | 3.391.104 (11,3%) gas in 1,017s | Timing(started at 2026-09-14T20:52:38.973956Z, duplicateWorldState=0ms, preTxsSelection=0ms, txsSelection=15ms, selectedTxsEvaluation=13ms, blockAssembled=1ms, awaitingRetrieval=999ms) | PayloadId 0x0094b65df2c6a802
[m[2m2026-09-14 22:52:40.003+0200[m[2m | [m[2mengine-ordered-execution-0[m[2m | [m[32mINFO [m[2m | [m[2mEngineNewPayloadV2[m[2m | [m[32mImported #2  (bc990.....4da0b)|  128 tx|  0 ws| 790,48 mwei bfee|   3.391.104 ( 11,3%) gas used| 7,1ms exec| 474,77 Mgas/s|  0 peers
[m[2m2026-09-14 22:52:40.008+0200[m[2m | [m[2mengine-ordered-execution-0[m[2m | [m[32mINFO [m[2m | [m[2mEngineForkchoiceUpdatedV2[m[2m | [m[32mFCU(VALID) | head: bc990.....4da0b | safe: bc990.....4da0b | finalized: bc990.....4da0b
[m[2m2026-09-14 22:52:42.916+0200[m[2m | [m[2mengine-ordered-execution-0[m[2m | [m[32mINFO [m[2m | [m[2mMergeCoordinator[m[2m | [m[32mStart building proposals for block 3 identified by 0x0094b61d4b914803
[m[2m2026-09-14 22:52:42.916+0200[m[2m | [m[2mengine-ordered-execution-0[m[2m | [m[32mINFO [m[2m | [m[2mEngineForkchoiceUpdatedV2[m[2m | [m[32mFCU(VALID) | head: bc990.....4da0b | safe: bc990.....4da0b | finalized: bc990.....4da0b
[m[2m2026-09-14 22:52:42.917+0200[m[2m | [m[2mEthScheduler-BlockCreation-1-3[m[2m | [m[32mINFO [m[2m | [m[2mApprovalSelector[m[2m | [m[32mOPS_APPROVAL_DECISION allow tx=0xd3feaaf3963226e677fdd469911ea7b90767976ea5fcae8a6a6f12c6dd08ecae calls=1
[m[2m2026-09-14 22:52:42.917+0200[m[2m | [m[2mEthScheduler-BlockCreation-1-3[m[2m | [m[32mINFO [m[2m | [m[2mApprovalSelector[m[2m | [m[32mOPS_APPROVAL_TIMING {"tx":"0xd3feaaf3963226e677fdd469911ea7b90767976ea5fcae8a6a6f12c6dd08ecae","mode":3,"calls":1,"gate_ns":72625}
[m[2m2026-09-14 22:52:42.917+0200[m[2m | [m[2mEthScheduler-BlockCreation-1-3[m[2m | [m[32mINFO [m[2m | [m[2mApprovalSelector[m[2m | [m[32mOPS_APPROVAL_DECISION allow tx=0x02b75895d27f6fdc25a343b40bd61040a0624150341d380015f64dad02888287 calls=1
[m[2m2026-09-14 22:52:42.917+0200[m[2m | [m[2mEthScheduler-BlockCreation-1-3[m[2m | [m[32mINFO [m[2m | [m[2mApprovalSelector[m[2m | [m[32mOPS_APPROVAL_TIMING {"tx":"0x02b75895d27f6fdc25a343b40bd61040a0624150341d380015f64dad02888287","mode":3,"calls":1,"gate_ns":31708}
[m[2m2026-09-14 22:52:42.917+0200[m[2m | [m[2mEthScheduler-BlockCreation-1-3[m[2m | [m[32mINFO [m[2m | [m[2mApprovalSelector[m[2m | [m[32mOPS_APPROVAL_DECISION allow tx=0x7b0fc6ae32a44b1632f88c5f54f4f60a3ec22da942382532ba504c4571c72f6a calls=1
[m[2m2026-09-14 22:52:42.917+0200[m[2m | [m[2mEthScheduler-BlockCreation-1-3[m[2m | [m[32mINFO [m[2m | [m[2mApprovalSelector[m[2m | [m[32mOPS_APPROVAL_TIMING {"tx":"0x7b0fc6ae32a44b1632f88c5f54f4f60a3ec22da942382532ba504c4571c72f6a","mode":3,"calls":1,"gate_ns":20125}
[m[2m2026-09-14 22:52:42.917+0200[m[2m | [m[2mEthScheduler-BlockCreation-1-3[m[2m | [m[32mINFO [m[2m | [m[2mApprovalSelector[m[2m | [m[32mOPS_APPROVAL_DECISION allow tx=0xea31ad3f15d93de781f71b013eeeec1e03f5de77fa3daec5640aa27ad43cd400 calls=1
[m[2m2026-09-14 22:52:42.917+0200[m[2m | [m[2mEthScheduler-BlockCreation-1-3[m[2m | [m[32mINFO [m[2m | [m[2mApprovalSelector[m[2m | [m[32mOPS_APPROVAL_TIMING {"tx":"0xea31ad3f15d93de781f71b013eeeec1e03f5de77fa3daec5640aa27ad43cd400","mode":3,"calls":1,"gate_ns":16792}
[m[2m2026-09-14 22:52:42.917+0200[m[2m | [m[2mEthScheduler-BlockCreation-1-3[m[2m | [m[32mINFO [m[2m | [m[2mApprovalSelector[m[2m | [m[32mOPS_APPROVAL_DECISION allow tx=0x5fce379d1d881884a79ba97e4ac71c93540646c484a19593ac5b68b986c92380 calls=1
[m[2m2026-09-14 22:52:42.917+0200[m[2m | [m[2mEthScheduler-BlockCreation-1-3[m[2m | [m[32mINFO [m[2m | [m[2mApprovalSelector[m[2m | [m[32mOPS_APPROVAL_TIMING {"tx":"0x5fce379d1d881884a79ba97e4ac71c93540646c484a19593ac5b68b986c92380","mode":3,"calls":1,"gate_ns":15999}
[m[2m2026-09-14 22:52:42.917+0200[m[2m | [m[2mEthScheduler-BlockCreation-1-3[m[2m | [m[32mINFO [m[2m | [m[2mApprovalSelector[m[2m | [m[32mOPS_APPROVAL_DECISION allow tx=0x680a7ff34902b6c126b2afd3844de39fb2d01b0ab31bde5f8c307561c9d0e946 calls=1
[m[2m2026-09-14 22:52:42.917+0200[m[2m | [m[2mEthScheduler-BlockCreation-1-3[m[2m | [m[32mINFO [m[2m | [m[2mApprovalSelector[m[2m | [m[32mOPS_APPROVAL_TIMING {"tx":"0x680a7ff34902b6c126b2afd3844de39fb2d01b0ab31bde5f8c307561c9d0e946","mode":3,"calls":1,"gate_ns":15416}
[m[2m2026-09-14 22:52:42.917+0200[m[2m | [m[2mEthScheduler-BlockCreation-1-3[m[2m | [m[32mINFO [m[2m | [m[2mApprovalSelector[m[2m | [m[32mOPS_APPROVAL_DECISION allow tx=0xa5e85fd4ce293afa83d1de2a36593142bfa33d331d636dabda8a7f980adeed2d calls=1
[m[2m2026-09-14 22:52:42.917+0200[m[2m | [m[2mEthScheduler-BlockCreation-1-3[m[2m | [m[32mINFO [m[2m | [m[2mApprovalSelector[m[2m | [m[32mOPS_APPROVAL_TIMING {"tx":"0xa5e85fd4ce293afa83d1de2a36593142bfa33d331d636dabda8a7f980adeed2d","mode":3,"calls":1,"gate_ns":15583}
[m[2m2026-09-14 22:52:42.917+0200[m[2m | [m[2mEthScheduler-BlockCreation-1-3[m[2m | [m[32mINFO [m[2m | [m[2mApprovalSelector[m[2m | [m[32mOPS_APPROVAL_DECISION allow tx=0xba8e94eb484c4db95061f8912fed0808100a83f6bb31248482acdbef5f37bb01 calls=1
[m[2m2026-09-14 22:52:42.917+0200[m[2m | [m[2mEthScheduler-BlockCreation-1-3[m[2m | [m[32mINFO [m[2m | [m[2mApprovalSelector[m[2m | [m[32mOPS_APPROVAL_TIMING {"tx":"0xba8e94eb484c4db95061f8912fed0808100a83f6bb31248482acdbef5f37bb01","mode":3,"calls":1,"gate_ns":14208}
[m[2m2026-09-14 22:52:42.917+0200[m[2m | [m[2mEthScheduler-BlockCreation-1-3[m[2m | [m[32mINFO [m[2m | [m[2mApprovalSelector[m[2m | [m[32mOPS_APPROVAL_DECISION allow tx=0x996b77f9301c514b6e59361ff0ab9a0faa4188f17642871169a51d311726b59e calls=1
[m[2m2026-09-14 22:52:42.917+0200[m[2m | [m[2mEthScheduler-BlockCreation-1-3[m[2m | [m[32mINFO [m[2m | [m[2mApprovalSelector[m[2m | [m[32mOPS_APPROVAL_TIMING {"tx":"0x996b77f9301c514b6e59361ff0ab9a0faa4188f17642871169a51d311726b59e","mode":3,"calls":1,"gate_ns":14750}
[m[2m2026-09-14 22:52:42.917+0200[m[2m | [m[2mEthScheduler-BlockCreation-1-3[m[2m | [m[32mINFO [m[2m | [m[2mApprovalSelector[m[2m | [m[32mOPS_APPROVAL_DECISION allow tx=0x62621c55c44f7ff3ce24efad6f0f230e1fe372a21193db00bc99b4280f58f12a calls=1
[m[2m2026-09-14 22:52:42.917+0200[m[2m | [m[2mEthScheduler-BlockCreation-1-3[m[2m | [m[32mINFO [m[2m | [m[2mApprovalSelector[m[2m | [m[32mOPS_APPROVAL_TIMING {"tx":"0x62621c55c44f7ff3ce24efad6f0f230e1fe372a21193db00bc99b4280f58f12a","mode":3,"calls":1,"gate_ns":17417}
[m[2m2026-09-14 22:52:42.917+0200[m[2m | [m[2mEthScheduler-BlockCreation-1-3[m[2m | [m[32mINFO [m[2m | [m[2mApprovalSelector[m[2m | [m[32mOPS_APPROVAL_DECISION allow tx=0x5db28d99447056c7f941fba8e0716c2c615ce3dd2696f90d6133107b18759d4b calls=1
[m[2m2026-09-14 22:52:42.917+0200[m[2m | [m[2mEthScheduler-BlockCreation-1-3[m[2m | [m[32mINFO [m[2m | [m[2mApprovalSelector[m[2m | [m[32mOPS_APPROVAL_TIMING {"tx":"0x5db28d99447056c7f941fba8e0716c2c615ce3dd2696f90d6133107b18759d4b","mode":3,"calls":1,"gate_ns":14624}
[m[2m2026-09-14 22:52:42.917+0200[m[2m | [m[2mEthScheduler-BlockCreation-1-3[m[2m | [m[32mINFO [m[2m | [m[2mApprovalSelector[m[2m | [m[32mOPS_APPROVAL_DECISION allow tx=0x6b6c399c29af5fd16a1f0a7ebebbbb5a8f99d6713b8a18c65a4958bab7e92762 calls=1
[m[2m2026-09-14 22:52:42.918+0200[m[2m | [m[2mEthScheduler-BlockCreation-1-3[m[2m | [m[32mINFO [m[2m | [m[2mApprovalSelector[m[2m | [m[32mOPS_APPROVAL_TIMING {"tx":"0x6b6c399c29af5fd16a1f0a7ebebbbb5a8f99d6713b8a18c65a4958bab7e92762","mode":3,"calls":1,"gate_ns":15041}
[m[2m2026-09-14 22:52:42.918+0200[m[2m | [m[2mEthScheduler-BlockCreation-1-3[m[2m | [m[32mINFO [m[2m | [m[2mApprovalSelector[m[2m | [m[32mOPS_APPROVAL_DECISION allow tx=0x3671366739c46f40bbf0bea1739c296ccda5673fb2daddd121cdd8f0a97d253a calls=1
[m[2m2026-09-14 22:52:42.918+0200[m[2m | [m[2mEthScheduler-BlockCreation-1-3[m[2m | [m[32mINFO [m[2m | [m[2mApprovalSelector[m[2m | [m[32mOPS_APPROVAL_TIMING {"tx":"0x3671366739c46f40bbf0bea1739c296ccda5673fb2daddd121cdd8f0a97d253a","mode":3,"calls":1,"gate_ns":15250}
[m[2m2026-09-14 22:52:42.918+0200[m[2m | [m[2mEthScheduler-BlockCreation-1-3[m[2m | [m[32mINFO [m[2m | [m[2mApprovalSelector[m[2m | [m[32mOPS_APPROVAL_DECISION allow tx=0xeacdf75e02a712714bacd350395d59b1bba808b31e3682999ee3b2c5be568e8b calls=1
[m[2m2026-09-14 22:52:42.918+0200[m[2m | [m[2mEthScheduler-BlockCreation-1-3[m[2m | [m[32mINFO [m[2m | [m[2mApprovalSelector[m[2m | [m[32mOPS_APPROVAL_TIMING {"tx":"0xeacdf75e02a712714bacd350395d59b1bba808b31e3682999ee3b2c5be568e8b","mode":3,"calls":1,"gate_ns":38833}
[m[2m2026-09-14 22:52:42.918+0200[m[2m | [m[2mEthScheduler-BlockCreation-1-3[m[2m | [m[32mINFO [m[2m | [m[2mApprovalSelector[m[2m | [m[32mOPS_APPROVAL_DECISION allow tx=0x3c1a0f4e93c22345d3ba43d83fd94ba6427c000dc1de83a1f01fd37d7f51bbe8 calls=1
[m[2m2026-09-14 22:52:42.918+0200[m[2m | [m[2mEthScheduler-BlockCreation-1-3[m[2m | [m[32mINFO [m[2m | [m[2mApprovalSelector[m[2m | [m[32mOPS_APPROVAL_TIMING {"tx":"0x3c1a0f4e93c22345d3ba43d83fd94ba6427c000dc1de83a1f01fd37d7f51bbe8","mode":3,"calls":1,"gate_ns":25209}
[m[2m2026-09-14 22:52:42.918+0200[m[2m | [m[2mEthScheduler-BlockCreation-1-3[m[2m | [m[32mINFO [m[2m | [m[2mApprovalSelector[m[2m | [m[32mOPS_APPROVAL_DECISION allow tx=0x027bf69ad769eb2b4ae75e40da76756009cad5f1821f7f2ef15ad1a04fea7880 calls=1
[m[2m2026-09-14 22:52:42.918+0200[m[2m | [m[2mEthScheduler-BlockCreation-1-3[m[2m | [m[32mINFO [m[2m | [m[2mApprovalSelector[m[2m | [m[32mOPS_APPROVAL_TIMING {"tx":"0x027bf69ad769eb2b4ae75e40da76756009cad5f1821f7f2ef15ad1a04fea7880","mode":3,"calls":1,"gate_ns":18626}
[m[2m2026-09-14 22:52:42.918+0200[m[2m | [m[2mEthScheduler-BlockCreation-1-3[m[2m | [m[32mINFO [m[2m | [m[2mApprovalSelector[m[2m | [m[32mOPS_APPROVAL_DECISION allow tx=0x0f4b145b7c5ee26374bb9017946e6134b07b793709328ea42871022fc8003b03 calls=1
[m[2m2026-09-14 22:52:42.918+0200[m[2m | [m[2mEthScheduler-BlockCreation-1-3[m[2m | [m[32mINFO [m[2m | [m[2mApprovalSelector[m[2m | [m[32mOPS_APPROVAL_TIMING {"tx":"0x0f4b145b7c5ee26374bb9017946e6134b07b793709328ea42871022fc8003b03","mode":3,"calls":1,"gate_ns":16834}
[m[2m2026-09-14 22:52:42.918+0200[m[2m | [m[2mEthScheduler-BlockCreation-1-3[m[2m | [m[32mINFO [m[2m | [m[2mApprovalSelector[m[2m | [m[32mOPS_APPROVAL_DECISION allow tx=0xdf016d8275b85fd6e3b5df943b2b294d82ed7cfdf289d8a8c80065d0f35b68b3 calls=1
[m[2m2026-09-14 22:52:42.918+0200[m[2m | [m[2mEthScheduler-BlockCreation-1-3[m[2m | [m[32mINFO [m[2m | [m[2mApprovalSelector[m[2m | [m[32mOPS_APPROVAL_TIMING {"tx":"0xdf016d8275b85fd6e3b5df943b2b294d82ed7cfdf289d8a8c80065d0f35b68b3","mode":3,"calls":1,"gate_ns":46791}
[m[2m2026-09-14 22:52:42.918+0200[m[2m | [m[2mEthScheduler-BlockCreation-1-3[m[2m | [m[32mINFO [m[2m | [m[2mApprovalSelector[m[2m | [m[32mOPS_APPROVAL_DECISION allow tx=0xf1d8f27ac3941a9a47e04b5e0d57a56a66dee0efc3303a71acfaa935dad90fca calls=1
[m[2m2026-09-14 22:52:42.918+0200[m[2m | [m[2mEthScheduler-BlockCreation-1-3[m[2m | [m[32mINFO [m[2m | [m[2mApprovalSelector[m[2m | [m[32mOPS_APPROVAL_TIMING {"tx":"0xf1d8f27ac3941a9a47e04b5e0d57a56a66dee0efc3303a71acfaa935dad90fca","mode":3,"calls":1,"gate_ns":24374}
[m[2m2026-09-14 22:52:42.918+0200[m[2m | [m[2mEthScheduler-BlockCreation-1-3[m[2m | [m[32mINFO [m[2m | [m[2mApprovalSelector[m[2m | [m[32mOPS_APPROVAL_DECISION allow tx=0xff03c6071c4daed4a333dc224ba494a305700d0865e4e84fa0b9ee8f4dd00472 calls=1
[m[2m2026-09-14 22:52:42.918+0200[m[2m | [m[2mEthScheduler-BlockCreation-1-3[m[2m | [m[32mINFO [m[2m | [m[2mApprovalSelector[m[2m | [m[32mOPS_APPROVAL_TIMING {"tx":"0xff03c6071c4daed4a333dc224ba494a305700d0865e4e84fa0b9ee8f4dd00472","mode":3,"calls":1,"gate_ns":20000}
[m[2m2026-09-14 22:52:42.918+0200[m[2m | [m[2mEthScheduler-BlockCreation-1-3[m[2m | [m[32mINFO [m[2m | [m[2mApprovalSelector[m[2m | [m[32mOPS_APPROVAL_DECISION allow tx=0x8c60932ae2a1cf06e8573881a613c38e9b39a466f3189aca9d3854fd9a01b9a5 calls=1
[m[2m2026-09-14 22:52:42.918+0200[m[2m | [m[2mEthScheduler-BlockCreation-1-3[m[2m | [m[32mINFO [m[2m | [m[2mApprovalSelector[m[2m | [m[32mOPS_APPROVAL_TIMING {"tx":"0x8c60932ae2a1cf06e8573881a613c38e9b39a466f3189aca9d3854fd9a01b9a5","mode":3,"calls":1,"gate_ns":16041}
[m[2m2026-09-14 22:52:42.918+0200[m[2m | [m[2mEthScheduler-BlockCreation-1-3[m[2m | [m[32mINFO [m[2m | [m[2mApprovalSelector[m[2m | [m[32mOPS_APPROVAL_DECISION allow tx=0x478c144bc640e5cdd786e038e78dce042cf62412a827444b82b1cb028cfac77e calls=1
[m[2m2026-09-14 22:52:42.918+0200[m[2m | [m[2mEthScheduler-BlockCreation-1-3[m[2m | [m[32mINFO [m[2m | [m[2mApprovalSelector[m[2m | [m[32mOPS_APPROVAL_TIMING {"tx":"0x478c144bc640e5cdd786e038e78dce042cf62412a827444b82b1cb028cfac77e","mode":3,"calls":1,"gate_ns":15084}
[m[2m2026-09-14 22:52:42.918+0200[m[2m | [m[2mEthScheduler-BlockCreation-1-3[m[2m | [m[32mINFO [m[2m | [m[2mApprovalSelector[m[2m | [m[32mOPS_APPROVAL_DECISION allow tx=0xfad4490691f18d1ef24f516006770adfb1789c35931a304fd64ffeef1cec16a4 calls=1
[m[2m2026-09-14 22:52:42.919+0200[m[2m | [m[2mEthScheduler-BlockCreation-1-3[m[2m | [m[32mINFO [m[2m | [m[2mApprovalSelector[m[2m | [m[32mOPS_APPROVAL_TIMING {"tx":"0xfad4490691f18d1ef24f516006770adfb1789c35931a304fd64ffeef1cec16a4","mode":3,"calls":1,"gate_ns":15500}
[m[2m2026-09-14 22:52:42.919+0200[m[2m | [m[2mEthScheduler-BlockCreation-1-3[m[2m | [m[32mINFO [m[2m | [m[2mApprovalSelector[m[2m | [m[32mOPS_APPROVAL_DECISION allow tx=0xd2bb89206a1715977ea9f2ab9f823e3beecbdbb928ccde2744ba9bb084a9bea8 calls=1
[m[2m2026-09-14 22:52:42.919+0200[m[2m | [m[2mEthScheduler-BlockCreation-1-3[m[2m | [m[32mINFO [m[2m | [m[2mApprovalSelector[m[2m | [m[32mOPS_APPROVAL_TIMING {"tx":"0xd2bb89206a1715977ea9f2ab9f823e3beecbdbb928ccde2744ba9bb084a9bea8","mode":3,"calls":1,"gate_ns":29709}
[m[2m2026-09-14 22:52:42.919+0200[m[2m | [m[2mEthScheduler-BlockCreation-1-3[m[2m | [m[32mINFO [m[2m | [m[2mApprovalSelector[m[2m | [m[32mOPS_APPROVAL_DECISION allow tx=0x68c7b340ba0284b13afe59e1cf770a95ec02ef7563292917ee9388e223345fff calls=1
[m[2m2026-09-14 22:52:42.919+0200[m[2m | [m[2mEthScheduler-BlockCreation-1-3[m[2m | [m[32mINFO [m[2m | [m[2mApprovalSelector[m[2m | [m[32mOPS_APPROVAL_TIMING {"tx":"0x68c7b340ba0284b13afe59e1cf770a95ec02ef7563292917ee9388e223345fff","mode":3,"calls":1,"gate_ns":14083}
[m[2m2026-09-14 22:52:42.919+0200[m[2m | [m[2mEthScheduler-BlockCreation-1-3[m[2m | [m[32mINFO [m[2m | [m[2mApprovalSelector[m[2m | [m[32mOPS_APPROVAL_DECISION allow tx=0xb3b00d6ff774b047141c2ed8562f49b87983eea3781c5753f5971282628ff194 calls=1
[m[2m2026-09-14 22:52:42.919+0200[m[2m | [m[2mEthScheduler-BlockCreation-1-3[m[2m | [m[32mINFO [m[2m | [m[2mApprovalSelector[m[2m | [m[32mOPS_APPROVAL_TIMING {"tx":"0xb3b00d6ff774b047141c2ed8562f49b87983eea3781c5753f5971282628ff194","mode":3,"calls":1,"gate_ns":13874}
[m[2m2026-09-14 22:52:42.919+0200[m[2m | [m[2mEthScheduler-BlockCreation-1-3[m[2m | [m[32mINFO [m[2m | [m[2mApprovalSelector[m[2m | [m[32mOPS_APPROVAL_DECISION allow tx=0xb4a3509414eef4018c3e2554137855fc461f63627f9ea0b5cae66c9919336e3c calls=1
[m[2m2026-09-14 22:52:42.919+0200[m[2m | [m[2mEthScheduler-BlockCreation-1-3[m[2m | [m[32mINFO [m[2m | [m[2mApprovalSelector[m[2m | [m[32mOPS_APPROVAL_TIMING {"tx":"0xb4a3509414eef4018c3e2554137855fc461f63627f9ea0b5cae66c9919336e3c","mode":3,"calls":1,"gate_ns":13833}
[m[2m2026-09-14 22:52:42.919+0200[m[2m | [m[2mEthScheduler-BlockCreation-1-3[m[2m | [m[32mINFO [m[2m | [m[2mApprovalSelector[m[2m | [m[32mOPS_APPROVAL_DECISION allow tx=0xf16acda47c9ecf944a06066dda85b2b7cda0488e3744eb45db35ba690de19a6d calls=1
[m[2m2026-09-14 22:52:42.919+0200[m[2m | [m[2mEthScheduler-BlockCreation-1-3[m[2m | [m[32mINFO [m[2m | [m[2mApprovalSelector[m[2m | [m[32mOPS_APPROVAL_TIMING {"tx":"0xf16acda47c9ecf944a06066dda85b2b7cda0488e3744eb45db35ba690de19a6d","mode":3,"calls":1,"gate_ns":14375}
[m[2m2026-09-14 22:52:42.919+0200[m[2m | [m[2mEthScheduler-BlockCreation-1-3[m[2m | [m[32mINFO [m[2m | [m[2mApprovalSelector[m[2m | [m[32mOPS_APPROVAL_DECISION allow tx=0x98c218a0e23dad843b62900ca1d087d0ace2b6b246d7c15230d28126291b5b25 calls=1
[m[2m2026-09-14 22:52:42.919+0200[m[2m | [m[2mEthScheduler-BlockCreation-1-3[m[2m | [m[32mINFO [m[2m | [m[2mApprovalSelector[m[2m | [m[32mOPS_APPROVAL_TIMING {"tx":"0x98c218a0e23dad843b62900ca1d087d0ace2b6b246d7c15230d28126291b5b25","mode":3,"calls":1,"gate_ns":13499}
[m[2m2026-09-14 22:52:42.919+0200[m[2m | [m[2mEthScheduler-BlockCreation-1-3[m[2m | [m[32mINFO [m[2m | [m[2mApprovalSelector[m[2m | [m[32mOPS_APPROVAL_DECISION allow tx=0x30780b45547b8b81fe235b706aaf1dc3ca593b7b436a0df812e19eb1f936e09d calls=1
[m[2m2026-09-14 22:52:42.919+0200[m[2m | [m[2mEthScheduler-BlockCreation-1-3[m[2m | [m[32mINFO [m[2m | [m[2mApprovalSelector[m[2m | [m[32mOPS_APPROVAL_TIMING {"tx":"0x30780b45547b8b81fe235b706aaf1dc3ca593b7b436a0df812e19eb1f936e09d","mode":3,"calls":1,"gate_ns":13707}
[m[2m2026-09-14 22:52:42.919+0200[m[2m | [m[2mEthScheduler-BlockCreation-1-3[m[2m | [m[32mINFO [m[2m | [m[2mApprovalSelector[m[2m | [m[32mOPS_APPROVAL_DECISION allow tx=0x2fa5978b7603103a3c2a44e743e457236d1f023804765d8bc8e97ae5fce43653 calls=1
[m[2m2026-09-14 22:52:42.919+0200[m[2m | [m[2mEthScheduler-BlockCreation-1-3[m[2m | [m[32mINFO [m[2m | [m[2mApprovalSelector[m[2m | [m[32mOPS_APPROVAL_TIMING {"tx":"0x2fa5978b7603103a3c2a44e743e457236d1f023804765d8bc8e97ae5fce43653","mode":3,"calls":1,"gate_ns":13333}
[m[2m2026-09-14 22:52:42.919+0200[m[2m | [m[2mEthScheduler-BlockCreation-1-3[m[2m | [m[32mINFO [m[2m | [m[2mApprovalSelector[m[2m | [m[32mOPS_APPROVAL_DECISION allow tx=0x94ee5f5d12428e5e988fa63bf472c1a83b2e4c382fcb9cb7ae9f3ae5b4b04d20 calls=1
[m[2m2026-09-14 22:52:42.919+0200[m[2m | [m[2mEthScheduler-BlockCreation-1-3[m[2m | [m[32mINFO [m[2m | [m[2mApprovalSelector[m[2m | [m[32mOPS_APPROVAL_TIMING {"tx":"0x94ee5f5d12428e5e988fa63bf472c1a83b2e4c382fcb9cb7ae9f3ae5b4b04d20","mode":3,"calls":1,"gate_ns":13667}
[m[2m2026-09-14 22:52:42.919+0200[m[2m | [m[2mEthScheduler-BlockCreation-1-3[m[2m | [m[32mINFO [m[2m | [m[2mApprovalSelector[m[2m | [m[32mOPS_APPROVAL_DECISION allow tx=0x3008c7b9d0e93574bae1ccd63f7420ce040a4a715ddcb181a0a3ede149e08a4e calls=1
[m[2m2026-09-14 22:52:42.919+0200[m[2m | [m[2mEthScheduler-BlockCreation-1-3[m[2m | [m[32mINFO [m[2m | [m[2mApprovalSelector[m[2m | [m[32mOPS_APPROVAL_TIMING {"tx":"0x3008c7b9d0e93574bae1ccd63f7420ce040a4a715ddcb181a0a3ede149e08a4e","mode":3,"calls":1,"gate_ns":13875}
[m[2m2026-09-14 22:52:42.919+0200[m[2m | [m[2mEthScheduler-BlockCreation-1-3[m[2m | [m[32mINFO [m[2m | [m[2mApprovalSelector[m[2m | [m[32mOPS_APPROVAL_DECISION allow tx=0xa369c72206a9383133e5bb990abdfd0f1bb0e31c3514e6a697296a8481e99445 calls=1
[m[2m2026-09-14 22:52:42.919+0200[m[2m | [m[2mEthScheduler-BlockCreation-1-3[m[2m | [m[32mINFO [m[2m | [m[2mApprovalSelector[m[2m | [m[32mOPS_APPROVAL_TIMING {"tx":"0xa369c72206a9383133e5bb990abdfd0f1bb0e31c3514e6a697296a8481e99445","mode":3,"calls":1,"gate_ns":14334}
[m[2m2026-09-14 22:52:42.919+0200[m[2m | [m[2mEthScheduler-BlockCreation-1-3[m[2m | [m[32mINFO [m[2m | [m[2mApprovalSelector[m[2m | [m[32mOPS_APPROVAL_DECISION allow tx=0x737af4e3b4c24ad69ceb708626962781be992acf459e232c223e1fbf9ff45990 calls=1
[m[2m2026-09-14 22:52:42.919+0200[m[2m | [m[2mEthScheduler-BlockCreation-1-3[m[2m | [m[32mINFO [m[2m | [m[2mApprovalSelector[m[2m | [m[32mOPS_APPROVAL_TIMING {"tx":"0x737af4e3b4c24ad69ceb708626962781be992acf459e232c223e1fbf9ff45990","mode":3,"calls":1,"gate_ns":14416}
[m[2m2026-09-14 22:52:42.919+0200[m[2m | [m[2mEthScheduler-BlockCreation-1-3[m[2m | [m[32mINFO [m[2m | [m[2mApprovalSelector[m[2m | [m[32mOPS_APPROVAL_DECISION allow tx=0x6a18220e3ddebe701533828a2be2d0060c8aba1cf1e2deeb8ce87d0d06071bdd calls=1
[m[2m2026-09-14 22:52:42.919+0200[m[2m | [m[2mEthScheduler-BlockCreation-1-3[m[2m | [m[32mINFO [m[2m | [m[2mApprovalSelector[m[2m | [m[32mOPS_APPROVAL_TIMING {"tx":"0x6a18220e3ddebe701533828a2be2d0060c8aba1cf1e2deeb8ce87d0d06071bdd","mode":3,"calls":1,"gate_ns":13834}
[m[2m2026-09-14 22:52:42.919+0200[m[2m | [m[2mEthScheduler-BlockCreation-1-3[m[2m | [m[32mINFO [m[2m | [m[2mApprovalSelector[m[2m | [m[32mOPS_APPROVAL_DECISION allow tx=0x841ee0bc00d7bd2eefcf4b398df896fdb5f4c9052fe6e7141a446af4376b3f01 calls=1
[m[2m2026-09-14 22:52:42.919+0200[m[2m | [m[2mEthScheduler-BlockCreation-1-3[m[2m | [m[32mINFO [m[2m | [m[2mApprovalSelector[m[2m | [m[32mOPS_APPROVAL_TIMING {"tx":"0x841ee0bc00d7bd2eefcf4b398df896fdb5f4c9052fe6e7141a446af4376b3f01","mode":3,"calls":1,"gate_ns":14625}
[m[2m2026-09-14 22:52:42.919+0200[m[2m | [m[2mEthScheduler-BlockCreation-1-3[m[2m | [m[32mINFO [m[2m | [m[2mApprovalSelector[m[2m | [m[32mOPS_APPROVAL_DECISION allow tx=0xfaf11fdac70cadd5d7114f022e2f243f7e6d43a5fb46b5519a5937833a79cd83 calls=1
[m[2m2026-09-14 22:52:42.919+0200[m[2m | [m[2mEthScheduler-BlockCreation-1-3[m[2m | [m[32mINFO [m[2m | [m[2mApprovalSelector[m[2m | [m[32mOPS_APPROVAL_TIMING {"tx":"0xfaf11fdac70cadd5d7114f022e2f243f7e6d43a5fb46b5519a5937833a79cd83","mode":3,"calls":1,"gate_ns":13500}
[m[2m2026-09-14 22:52:42.920+0200[m[2m | [m[2mEthScheduler-BlockCreation-1-3[m[2m | [m[32mINFO [m[2m | [m[2mApprovalSelector[m[2m | [m[32mOPS_APPROVAL_DECISION allow tx=0x58949e9072a35a6ad967583f219293575784c3958a27ddb52c34b5291f2c57e9 calls=1
[m[2m2026-09-14 22:52:42.920+0200[m[2m | [m[2mEthScheduler-BlockCreation-1-3[m[2m | [m[32mINFO [m[2m | [m[2mApprovalSelector[m[2m | [m[32mOPS_APPROVAL_TIMING {"tx":"0x58949e9072a35a6ad967583f219293575784c3958a27ddb52c34b5291f2c57e9","mode":3,"calls":1,"gate_ns":15709}
[m[2m2026-09-14 22:52:42.920+0200[m[2m | [m[2mEthScheduler-BlockCreation-1-3[m[2m | [m[32mINFO [m[2m | [m[2mApprovalSelector[m[2m | [m[32mOPS_APPROVAL_DECISION allow tx=0xbb5d466639242842167bf9fbffbcbc1933830065920099cd66248d805001855e calls=1
[m[2m2026-09-14 22:52:42.920+0200[m[2m | [m[2mEthScheduler-BlockCreation-1-3[m[2m | [m[32mINFO [m[2m | [m[2mApprovalSelector[m[2m | [m[32mOPS_APPROVAL_TIMING {"tx":"0xbb5d466639242842167bf9fbffbcbc1933830065920099cd66248d805001855e","mode":3,"calls":1,"gate_ns":13959}
[m[2m2026-09-14 22:52:42.920+0200[m[2m | [m[2mEthScheduler-BlockCreation-1-3[m[2m | [m[32mINFO [m[2m | [m[2mApprovalSelector[m[2m | [m[32mOPS_APPROVAL_DECISION allow tx=0xe2e3df0f97871dc7bd1e54f93de66acc352616e748ea152c0f56a4a5e1f487a3 calls=1
[m[2m2026-09-14 22:52:42.920+0200[m[2m | [m[2mEthScheduler-BlockCreation-1-3[m[2m | [m[32mINFO [m[2m | [m[2mApprovalSelector[m[2m | [m[32mOPS_APPROVAL_TIMING {"tx":"0xe2e3df0f97871dc7bd1e54f93de66acc352616e748ea152c0f56a4a5e1f487a3","mode":3,"calls":1,"gate_ns":14459}
[m[2m2026-09-14 22:52:42.920+0200[m[2m | [m[2mEthScheduler-BlockCreation-1-3[m[2m | [m[32mINFO [m[2m | [m[2mApprovalSelector[m[2m | [m[32mOPS_APPROVAL_DECISION allow tx=0x8c9dcaeb13fdcb8d9cf3dcb2a9557c6ad110398541401f5765d6c9d42a9b34e1 calls=1
[m[2m2026-09-14 22:52:42.920+0200[m[2m | [m[2mEthScheduler-BlockCreation-1-3[m[2m | [m[32mINFO [m[2m | [m[2mApprovalSelector[m[2m | [m[32mOPS_APPROVAL_TIMING {"tx":"0x8c9dcaeb13fdcb8d9cf3dcb2a9557c6ad110398541401f5765d6c9d42a9b34e1","mode":3,"calls":1,"gate_ns":21999}
[m[2m2026-09-14 22:52:42.920+0200[m[2m | [m[2mEthScheduler-BlockCreation-1-3[m[2m | [m[32mINFO [m[2m | [m[2mApprovalSelector[m[2m | [m[32mOPS_APPROVAL_DECISION allow tx=0xebfde3406ea90f1caecb166344edaacdc288e265cf2f62b6c2a530a9e4c15b7b calls=1
[m[2m2026-09-14 22:52:42.920+0200[m[2m | [m[2mEthScheduler-BlockCreation-1-3[m[2m | [m[32mINFO [m[2m | [m[2mApprovalSelector[m[2m | [m[32mOPS_APPROVAL_TIMING {"tx":"0xebfde3406ea90f1caecb166344edaacdc288e265cf2f62b6c2a530a9e4c15b7b","mode":3,"calls":1,"gate_ns":15750}
[m[2m2026-09-14 22:52:42.920+0200[m[2m | [m[2mEthScheduler-BlockCreation-1-3[m[2m | [m[32mINFO [m[2m | [m[2mApprovalSelector[m[2m | [m[32mOPS_APPROVAL_DECISION allow tx=0x82a73e08a3efc0455249fcb42aa990163d9577827a5e1e22de744afd1a26e936 calls=1
[m[2m2026-09-14 22:52:42.920+0200[m[2m | [m[2mEthScheduler-BlockCreation-1-3[m[2m | [m[32mINFO [m[2m | [m[2mApprovalSelector[m[2m | [m[32mOPS_APPROVAL_TIMING {"tx":"0x82a73e08a3efc0455249fcb42aa990163d9577827a5e1e22de744afd1a26e936","mode":3,"calls":1,"gate_ns":13833}
[m[2m2026-09-14 22:52:42.920+0200[m[2m | [m[2mEthScheduler-BlockCreation-1-3[m[2m | [m[32mINFO [m[2m | [m[2mApprovalSelector[m[2m | [m[32mOPS_APPROVAL_DECISION allow tx=0x574b6ad510a58e03431a3210fc1e98ab9c6cdb186b7e5dcef420459805231017 calls=1
[m[2m2026-09-14 22:52:42.920+0200[m[2m | [m[2mEthScheduler-BlockCreation-1-3[m[2m | [m[32mINFO [m[2m | [m[2mApprovalSelector[m[2m | [m[32mOPS_APPROVAL_TIMING {"tx":"0x574b6ad510a58e03431a3210fc1e98ab9c6cdb186b7e5dcef420459805231017","mode":3,"calls":1,"gate_ns":13833}
[m[2m2026-09-14 22:52:42.920+0200[m[2m | [m[2mEthScheduler-BlockCreation-1-3[m[2m | [m[32mINFO [m[2m | [m[2mApprovalSelector[m[2m | [m[32mOPS_APPROVAL_DECISION allow tx=0x3e27dd61fa4d4a989c823bf7b80ba6ec34edc36db76df7c24d498d0c42f21bb1 calls=1
[m[2m2026-09-14 22:52:42.920+0200[m[2m | [m[2mEthScheduler-BlockCreation-1-3[m[2m | [m[32mINFO [m[2m | [m[2mApprovalSelector[m[2m | [m[32mOPS_APPROVAL_TIMING {"tx":"0x3e27dd61fa4d4a989c823bf7b80ba6ec34edc36db76df7c24d498d0c42f21bb1","mode":3,"calls":1,"gate_ns":13666}
[m[2m2026-09-14 22:52:42.920+0200[m[2m | [m[2mEthScheduler-BlockCreation-1-3[m[2m | [m[32mINFO [m[2m | [m[2mApprovalSelector[m[2m | [m[32mOPS_APPROVAL_DECISION allow tx=0xaf7bfb9477e418818c20fbe06af49ba640da575254a8d1e0723bc57a06a9f94e calls=1
[m[2m2026-09-14 22:52:42.920+0200[m[2m | [m[2mEthScheduler-BlockCreation-1-3[m[2m | [m[32mINFO [m[2m | [m[2mApprovalSelector[m[2m | [m[32mOPS_APPROVAL_TIMING {"tx":"0xaf7bfb9477e418818c20fbe06af49ba640da575254a8d1e0723bc57a06a9f94e","mode":3,"calls":1,"gate_ns":13459}
[m[2m2026-09-14 22:52:42.920+0200[m[2m | [m[2mEthScheduler-BlockCreation-1-3[m[2m | [m[32mINFO [m[2m | [m[2mApprovalSelector[m[2m | [m[32mOPS_APPROVAL_DECISION allow tx=0xe1bd90570bd88a8e6b8ffffd731febddf39977d9a915610317253fa19f67aa64 calls=1
[m[2m2026-09-14 22:52:42.920+0200[m[2m | [m[2mEthScheduler-BlockCreation-1-3[m[2m | [m[32mINFO [m[2m | [m[2mApprovalSelector[m[2m | [m[32mOPS_APPROVAL_TIMING {"tx":"0xe1bd90570bd88a8e6b8ffffd731febddf39977d9a915610317253fa19f67aa64","mode":3,"calls":1,"gate_ns":13209}
[m[2m2026-09-14 22:52:42.920+0200[m[2m | [m[2mEthScheduler-BlockCreation-1-3[m[2m | [m[32mINFO [m[2m | [m[2mApprovalSelector[m[2m | [m[32mOPS_APPROVAL_DECISION allow tx=0xb36e268d90a547769662895dea7dab276d8e7f4e1d503194670cf094e7674107 calls=1
[m[2m2026-09-14 22:52:42.920+0200[m[2m | [m[2mEthScheduler-BlockCreation-1-3[m[2m | [m[32mINFO [m[2m | [m[2mApprovalSelector[m[2m | [m[32mOPS_APPROVAL_TIMING {"tx":"0xb36e268d90a547769662895dea7dab276d8e7f4e1d503194670cf094e7674107","mode":3,"calls":1,"gate_ns":13750}
[m[2m2026-09-14 22:52:42.920+0200[m[2m | [m[2mEthScheduler-BlockCreation-1-3[m[2m | [m[32mINFO [m[2m | [m[2mApprovalSelector[m[2m | [m[32mOPS_APPROVAL_DECISION allow tx=0x3f20e15b6f08c2f2e458ae0d9eddbf48c6e1b65e095610e3a19cbc6b6f6bc850 calls=1
[m[2m2026-09-14 22:52:42.920+0200[m[2m | [m[2mEthScheduler-BlockCreation-1-3[m[2m | [m[32mINFO [m[2m | [m[2mApprovalSelector[m[2m | [m[32mOPS_APPROVAL_TIMING {"tx":"0x3f20e15b6f08c2f2e458ae0d9eddbf48c6e1b65e095610e3a19cbc6b6f6bc850","mode":3,"calls":1,"gate_ns":14208}
[m[2m2026-09-14 22:52:42.920+0200[m[2m | [m[2mEthScheduler-BlockCreation-1-3[m[2m | [m[32mINFO [m[2m | [m[2mApprovalSelector[m[2m | [m[32mOPS_APPROVAL_DECISION allow tx=0x43eaa46058c03bd67d16d0ec0582b0ef996caf8821faeaad6725bb59efe46ccf calls=1
[m[2m2026-09-14 22:52:42.920+0200[m[2m | [m[2mEthScheduler-BlockCreation-1-3[m[2m | [m[32mINFO [m[2m | [m[2mApprovalSelector[m[2m | [m[32mOPS_APPROVAL_TIMING {"tx":"0x43eaa46058c03bd67d16d0ec0582b0ef996caf8821faeaad6725bb59efe46ccf","mode":3,"calls":1,"gate_ns":14083}
[m[2m2026-09-14 22:52:42.920+0200[m[2m | [m[2mEthScheduler-BlockCreation-1-3[m[2m | [m[32mINFO [m[2m | [m[2mApprovalSelector[m[2m | [m[32mOPS_APPROVAL_DECISION allow tx=0x1a078cd9019c6c9b0d3d3d3b504113fca91a23d6e517f3610aa50cb95d1d25c2 calls=1
[m[2m2026-09-14 22:52:42.920+0200[m[2m | [m[2mEthScheduler-BlockCreation-1-3[m[2m | [m[32mINFO [m[2m | [m[2mApprovalSelector[m[2m | [m[32mOPS_APPROVAL_TIMING {"tx":"0x1a078cd9019c6c9b0d3d3d3b504113fca91a23d6e517f3610aa50cb95d1d25c2","mode":3,"calls":1,"gate_ns":14000}
[m[2m2026-09-14 22:52:42.920+0200[m[2m | [m[2mEthScheduler-BlockCreation-1-3[m[2m | [m[32mINFO [m[2m | [m[2mApprovalSelector[m[2m | [m[32mOPS_APPROVAL_DECISION allow tx=0xc73836b08ab941b395d3e658d6e92fced1203f81f123768883e397f5ad12bd5b calls=1
[m[2m2026-09-14 22:52:42.920+0200[m[2m | [m[2mEthScheduler-BlockCreation-1-3[m[2m | [m[32mINFO [m[2m | [m[2mApprovalSelector[m[2m | [m[32mOPS_APPROVAL_TIMING {"tx":"0xc73836b08ab941b395d3e658d6e92fced1203f81f123768883e397f5ad12bd5b","mode":3,"calls":1,"gate_ns":13917}
[m[2m2026-09-14 22:52:42.920+0200[m[2m | [m[2mEthScheduler-BlockCreation-1-3[m[2m | [m[32mINFO [m[2m | [m[2mApprovalSelector[m[2m | [m[32mOPS_APPROVAL_DECISION allow tx=0x710eb9985da5305c2d9750cb37654f9a0a6819b949dff5e62f23b31d5ec60439 calls=1
[m[2m2026-09-14 22:52:42.921+0200[m[2m | [m[2mEthScheduler-BlockCreation-1-3[m[2m | [m[32mINFO [m[2m | [m[2mApprovalSelector[m[2m | [m[32mOPS_APPROVAL_TIMING {"tx":"0x710eb9985da5305c2d9750cb37654f9a0a6819b949dff5e62f23b31d5ec60439","mode":3,"calls":1,"gate_ns":13500}
[m[2m2026-09-14 22:52:42.921+0200[m[2m | [m[2mEthScheduler-BlockCreation-1-3[m[2m | [m[32mINFO [m[2m | [m[2mApprovalSelector[m[2m | [m[32mOPS_APPROVAL_DECISION allow tx=0x6545b9528007dd0aa4702239771b41bf36014570ce566aa394c9ae1c9673d95c calls=1
[m[2m2026-09-14 22:52:42.921+0200[m[2m | [m[2mEthScheduler-BlockCreation-1-3[m[2m | [m[32mINFO [m[2m | [m[2mApprovalSelector[m[2m | [m[32mOPS_APPROVAL_TIMING {"tx":"0x6545b9528007dd0aa4702239771b41bf36014570ce566aa394c9ae1c9673d95c","mode":3,"calls":1,"gate_ns":13624}
[m[2m2026-09-14 22:52:42.921+0200[m[2m | [m[2mEthScheduler-BlockCreation-1-3[m[2m | [m[32mINFO [m[2m | [m[2mApprovalSelector[m[2m | [m[32mOPS_APPROVAL_DECISION allow tx=0x460b33dc599e73d82fa348cfdd52633a92810aea679435e196cee6bc3e60e800 calls=1
[m[2m2026-09-14 22:52:42.921+0200[m[2m | [m[2mEthScheduler-BlockCreation-1-3[m[2m | [m[32mINFO [m[2m | [m[2mApprovalSelector[m[2m | [m[32mOPS_APPROVAL_TIMING {"tx":"0x460b33dc599e73d82fa348cfdd52633a92810aea679435e196cee6bc3e60e800","mode":3,"calls":1,"gate_ns":13667}
[m[2m2026-09-14 22:52:42.921+0200[m[2m | [m[2mEthScheduler-BlockCreation-1-3[m[2m | [m[32mINFO [m[2m | [m[2mApprovalSelector[m[2m | [m[32mOPS_APPROVAL_DECISION allow tx=0xf65ff51b34508db10c447b2f7b7af14543ef00d195c3a257680f3625723b8bf8 calls=1
[m[2m2026-09-14 22:52:42.921+0200[m[2m | [m[2mEthScheduler-BlockCreation-1-3[m[2m | [m[32mINFO [m[2m | [m[2mApprovalSelector[m[2m | [m[32mOPS_APPROVAL_TIMING {"tx":"0xf65ff51b34508db10c447b2f7b7af14543ef00d195c3a257680f3625723b8bf8","mode":3,"calls":1,"gate_ns":13709}
[m[2m2026-09-14 22:52:42.921+0200[m[2m | [m[2mEthScheduler-BlockCreation-1-3[m[2m | [m[32mINFO [m[2m | [m[2mApprovalSelector[m[2m | [m[32mOPS_APPROVAL_DECISION allow tx=0xbd9136da33cc38184dc5f90b0f26bae760b09e60baf863e43c8bd8f720d5938c calls=1
[m[2m2026-09-14 22:52:42.921+0200[m[2m | [m[2mEthScheduler-BlockCreation-1-3[m[2m | [m[32mINFO [m[2m | [m[2mApprovalSelector[m[2m | [m[32mOPS_APPROVAL_TIMING {"tx":"0xbd9136da33cc38184dc5f90b0f26bae760b09e60baf863e43c8bd8f720d5938c","mode":3,"calls":1,"gate_ns":13208}
[m[2m2026-09-14 22:52:42.921+0200[m[2m | [m[2mEthScheduler-BlockCreation-1-3[m[2m | [m[32mINFO [m[2m | [m[2mApprovalSelector[m[2m | [m[32mOPS_APPROVAL_DECISION allow tx=0x2f8e5c775aebcb5372c191151f1ae110461550035858cd0254aa51c54336447d calls=1
[m[2m2026-09-14 22:52:42.921+0200[m[2m | [m[2mEthScheduler-BlockCreation-1-3[m[2m | [m[32mINFO [m[2m | [m[2mApprovalSelector[m[2m | [m[32mOPS_APPROVAL_TIMING {"tx":"0x2f8e5c775aebcb5372c191151f1ae110461550035858cd0254aa51c54336447d","mode":3,"calls":1,"gate_ns":13791}
[m[2m2026-09-14 22:52:42.921+0200[m[2m | [m[2mEthScheduler-BlockCreation-1-3[m[2m | [m[32mINFO [m[2m | [m[2mApprovalSelector[m[2m | [m[32mOPS_APPROVAL_DECISION allow tx=0x000ab8572c2253150258758f183995ea25628d1bf2bd902bafdccf8073e9d9d0 calls=1
[m[2m2026-09-14 22:52:42.921+0200[m[2m | [m[2mEthScheduler-BlockCreation-1-3[m[2m | [m[32mINFO [m[2m | [m[2mApprovalSelector[m[2m | [m[32mOPS_APPROVAL_TIMING {"tx":"0x000ab8572c2253150258758f183995ea25628d1bf2bd902bafdccf8073e9d9d0","mode":3,"calls":1,"gate_ns":13750}
[m[2m2026-09-14 22:52:42.921+0200[m[2m | [m[2mEthScheduler-BlockCreation-1-3[m[2m | [m[32mINFO [m[2m | [m[2mApprovalSelector[m[2m | [m[32mOPS_APPROVAL_DECISION allow tx=0x58f1c5c04816027b533eadd62c36dd3ce7ac99da52718a34a382b8114904602c calls=1
[m[2m2026-09-14 22:52:42.921+0200[m[2m | [m[2mEthScheduler-BlockCreation-1-3[m[2m | [m[32mINFO [m[2m | [m[2mApprovalSelector[m[2m | [m[32mOPS_APPROVAL_TIMING {"tx":"0x58f1c5c04816027b533eadd62c36dd3ce7ac99da52718a34a382b8114904602c","mode":3,"calls":1,"gate_ns":13499}
[m[2m2026-09-14 22:52:42.921+0200[m[2m | [m[2mEthScheduler-BlockCreation-1-3[m[2m | [m[32mINFO [m[2m | [m[2mApprovalSelector[m[2m | [m[32mOPS_APPROVAL_DECISION allow tx=0x2b8fe4e798d9127cd4b9bf89e14da24c19cd59280392247cc088ee8e4de42ac8 calls=1
[m[2m2026-09-14 22:52:42.921+0200[m[2m | [m[2mEthScheduler-BlockCreation-1-3[m[2m | [m[32mINFO [m[2m | [m[2mApprovalSelector[m[2m | [m[32mOPS_APPROVAL_TIMING {"tx":"0x2b8fe4e798d9127cd4b9bf89e14da24c19cd59280392247cc088ee8e4de42ac8","mode":3,"calls":1,"gate_ns":14001}
[m[2m2026-09-14 22:52:42.921+0200[m[2m | [m[2mEthScheduler-BlockCreation-1-3[m[2m | [m[32mINFO [m[2m | [m[2mApprovalSelector[m[2m | [m[32mOPS_APPROVAL_DECISION allow tx=0xf7420458cbe73ab487de5ef2d1290c55bda9edfc7fd0a39b85249ea7e5d0b15b calls=1
[m[2m2026-09-14 22:52:42.921+0200[m[2m | [m[2mEthScheduler-BlockCreation-1-3[m[2m | [m[32mINFO [m[2m | [m[2mApprovalSelector[m[2m | [m[32mOPS_APPROVAL_TIMING {"tx":"0xf7420458cbe73ab487de5ef2d1290c55bda9edfc7fd0a39b85249ea7e5d0b15b","mode":3,"calls":1,"gate_ns":14167}
[m[2m2026-09-14 22:52:42.921+0200[m[2m | [m[2mEthScheduler-BlockCreation-1-3[m[2m | [m[32mINFO [m[2m | [m[2mApprovalSelector[m[2m | [m[32mOPS_APPROVAL_DECISION allow tx=0x84b050fc33bc47137cf05294dd9d6e5be802f4ddaf9e43f6a74adf7f8b4d3a7c calls=1
[m[2m2026-09-14 22:52:42.921+0200[m[2m | [m[2mEthScheduler-BlockCreation-1-3[m[2m | [m[32mINFO [m[2m | [m[2mApprovalSelector[m[2m | [m[32mOPS_APPROVAL_TIMING {"tx":"0x84b050fc33bc47137cf05294dd9d6e5be802f4ddaf9e43f6a74adf7f8b4d3a7c","mode":3,"calls":1,"gate_ns":13500}
[m[2m2026-09-14 22:52:42.921+0200[m[2m | [m[2mEthScheduler-BlockCreation-1-3[m[2m | [m[32mINFO [m[2m | [m[2mApprovalSelector[m[2m | [m[32mOPS_APPROVAL_DECISION allow tx=0xaa0be45536a83e511662df5b977814a268cb013c61529e83650ee99d5f4aa97b calls=1
[m[2m2026-09-14 22:52:42.921+0200[m[2m | [m[2mEthScheduler-BlockCreation-1-3[m[2m | [m[32mINFO [m[2m | [m[2mApprovalSelector[m[2m | [m[32mOPS_APPROVAL_TIMING {"tx":"0xaa0be45536a83e511662df5b977814a268cb013c61529e83650ee99d5f4aa97b","mode":3,"calls":1,"gate_ns":13334}
[m[2m2026-09-14 22:52:42.921+0200[m[2m | [m[2mEthScheduler-BlockCreation-1-3[m[2m | [m[32mINFO [m[2m | [m[2mApprovalSelector[m[2m | [m[32mOPS_APPROVAL_DECISION allow tx=0x0ea530af06e9a6077cf528d5c9445e47b67b7dba67e4d8f27022cac9544feba4 calls=1
[m[2m2026-09-14 22:52:42.921+0200[m[2m | [m[2mEthScheduler-BlockCreation-1-3[m[2m | [m[32mINFO [m[2m | [m[2mApprovalSelector[m[2m | [m[32mOPS_APPROVAL_TIMING {"tx":"0x0ea530af06e9a6077cf528d5c9445e47b67b7dba67e4d8f27022cac9544feba4","mode":3,"calls":1,"gate_ns":13959}
[m[2m2026-09-14 22:52:42.921+0200[m[2m | [m[2mEthScheduler-BlockCreation-1-3[m[2m | [m[32mINFO [m[2m | [m[2mApprovalSelector[m[2m | [m[32mOPS_APPROVAL_DECISION allow tx=0x94aac00887c20a282414263c80e66d1b8047bb61266e5226d8acf1cbb5499db8 calls=1
[m[2m2026-09-14 22:52:42.921+0200[m[2m | [m[2mEthScheduler-BlockCreation-1-3[m[2m | [m[32mINFO [m[2m | [m[2mApprovalSelector[m[2m | [m[32mOPS_APPROVAL_TIMING {"tx":"0x94aac00887c20a282414263c80e66d1b8047bb61266e5226d8acf1cbb5499db8","mode":3,"calls":1,"gate_ns":17417}
[m[2m2026-09-14 22:52:42.921+0200[m[2m | [m[2mEthScheduler-BlockCreation-1-3[m[2m | [m[32mINFO [m[2m | [m[2mApprovalSelector[m[2m | [m[32mOPS_APPROVAL_DECISION allow tx=0xd510ede28a2740cb9432700fbd456ccec9a244be707ed4ef9a7846c48a8e5086 calls=1
[m[2m2026-09-14 22:52:42.921+0200[m[2m | [m[2mEthScheduler-BlockCreation-1-3[m[2m | [m[32mINFO [m[2m | [m[2mApprovalSelector[m[2m | [m[32mOPS_APPROVAL_TIMING {"tx":"0xd510ede28a2740cb9432700fbd456ccec9a244be707ed4ef9a7846c48a8e5086","mode":3,"calls":1,"gate_ns":14625}
[m[2m2026-09-14 22:52:42.921+0200[m[2m | [m[2mEthScheduler-BlockCreation-1-3[m[2m | [m[32mINFO [m[2m | [m[2mApprovalSelector[m[2m | [m[32mOPS_APPROVAL_DECISION allow tx=0xeee2e081d0939def9668db29ed2a10db28d849c8731a710e1d0f21ae7c37c33a calls=1
[m[2m2026-09-14 22:52:42.921+0200[m[2m | [m[2mEthScheduler-BlockCreation-1-3[m[2m | [m[32mINFO [m[2m | [m[2mApprovalSelector[m[2m | [m[32mOPS_APPROVAL_TIMING {"tx":"0xeee2e081d0939def9668db29ed2a10db28d849c8731a710e1d0f21ae7c37c33a","mode":3,"calls":1,"gate_ns":13958}
[m[2m2026-09-14 22:52:42.921+0200[m[2m | [m[2mEthScheduler-BlockCreation-1-3[m[2m | [m[32mINFO [m[2m | [m[2mApprovalSelector[m[2m | [m[32mOPS_APPROVAL_DECISION allow tx=0x793c6d50b219c111dfe0df35f63fbf3f3d067fdfffb50b854c8f454621a8f450 calls=1
[m[2m2026-09-14 22:52:42.922+0200[m[2m | [m[2mEthScheduler-BlockCreation-1-3[m[2m | [m[32mINFO [m[2m | [m[2mApprovalSelector[m[2m | [m[32mOPS_APPROVAL_TIMING {"tx":"0x793c6d50b219c111dfe0df35f63fbf3f3d067fdfffb50b854c8f454621a8f450","mode":3,"calls":1,"gate_ns":13209}
[m[2m2026-09-14 22:52:42.922+0200[m[2m | [m[2mEthScheduler-BlockCreation-1-3[m[2m | [m[32mINFO [m[2m | [m[2mApprovalSelector[m[2m | [m[32mOPS_APPROVAL_DECISION allow tx=0x4d1cf43bf63015ebbe5b53746436963eb62ac711d0575a32859c72af55d92c0b calls=1
[m[2m2026-09-14 22:52:42.922+0200[m[2m | [m[2mEthScheduler-BlockCreation-1-3[m[2m | [m[32mINFO [m[2m | [m[2mApprovalSelector[m[2m | [m[32mOPS_APPROVAL_TIMING {"tx":"0x4d1cf43bf63015ebbe5b53746436963eb62ac711d0575a32859c72af55d92c0b","mode":3,"calls":1,"gate_ns":13459}
[m[2m2026-09-14 22:52:42.922+0200[m[2m | [m[2mEthScheduler-BlockCreation-1-3[m[2m | [m[32mINFO [m[2m | [m[2mApprovalSelector[m[2m | [m[32mOPS_APPROVAL_DECISION allow tx=0x381e3d4ab8b1320b73ea68040c386e5a59461efae5abd661422b98d2d01ee131 calls=1
[m[2m2026-09-14 22:52:42.922+0200[m[2m | [m[2mEthScheduler-BlockCreation-1-3[m[2m | [m[32mINFO [m[2m | [m[2mApprovalSelector[m[2m | [m[32mOPS_APPROVAL_TIMING {"tx":"0x381e3d4ab8b1320b73ea68040c386e5a59461efae5abd661422b98d2d01ee131","mode":3,"calls":1,"gate_ns":13541}
[m[2m2026-09-14 22:52:42.922+0200[m[2m | [m[2mEthScheduler-BlockCreation-1-3[m[2m | [m[32mINFO [m[2m | [m[2mApprovalSelector[m[2m | [m[32mOPS_APPROVAL_DECISION allow tx=0xa1c353aa824ae620fad248f8614a0751d1f4e8b24fa5d09e08a75f3cbd28448c calls=1
[m[2m2026-09-14 22:52:42.922+0200[m[2m | [m[2mEthScheduler-BlockCreation-1-3[m[2m | [m[32mINFO [m[2m | [m[2mApprovalSelector[m[2m | [m[32mOPS_APPROVAL_TIMING {"tx":"0xa1c353aa824ae620fad248f8614a0751d1f4e8b24fa5d09e08a75f3cbd28448c","mode":3,"calls":1,"gate_ns":15875}
[m[2m2026-09-14 22:52:42.922+0200[m[2m | [m[2mEthScheduler-BlockCreation-1-3[m[2m | [m[32mINFO [m[2m | [m[2mApprovalSelector[m[2m | [m[32mOPS_APPROVAL_DECISION allow tx=0x359265fac5a080317cde29e7fb9dd05e2b5ef06c0cdcb71607baca45c753ef41 calls=1
[m[2m2026-09-14 22:52:42.922+0200[m[2m | [m[2mEthScheduler-BlockCreation-1-3[m[2m | [m[32mINFO [m[2m | [m[2mApprovalSelector[m[2m | [m[32mOPS_APPROVAL_TIMING {"tx":"0x359265fac5a080317cde29e7fb9dd05e2b5ef06c0cdcb71607baca45c753ef41","mode":3,"calls":1,"gate_ns":46666}
[m[2m2026-09-14 22:52:42.922+0200[m[2m | [m[2mEthScheduler-BlockCreation-1-3[m[2m | [m[32mINFO [m[2m | [m[2mApprovalSelector[m[2m | [m[32mOPS_APPROVAL_DECISION allow tx=0xe067912de62ab30dd1938c168eaff6f597df1d0370f0e7d3d1aca060c44da6be calls=1
[m[2m2026-09-14 22:52:42.922+0200[m[2m | [m[2mEthScheduler-BlockCreation-1-3[m[2m | [m[32mINFO [m[2m | [m[2mApprovalSelector[m[2m | [m[32mOPS_APPROVAL_TIMING {"tx":"0xe067912de62ab30dd1938c168eaff6f597df1d0370f0e7d3d1aca060c44da6be","mode":3,"calls":1,"gate_ns":15417}
[m[2m2026-09-14 22:52:42.922+0200[m[2m | [m[2mEthScheduler-BlockCreation-1-3[m[2m | [m[32mINFO [m[2m | [m[2mApprovalSelector[m[2m | [m[32mOPS_APPROVAL_DECISION allow tx=0xf8f6bb24fa0fa16b90d4ca948fb1bea1b10d5d434f829c7640cb54068c9d9bef calls=1
[m[2m2026-09-14 22:52:42.922+0200[m[2m | [m[2mEthScheduler-BlockCreation-1-3[m[2m | [m[32mINFO [m[2m | [m[2mApprovalSelector[m[2m | [m[32mOPS_APPROVAL_TIMING {"tx":"0xf8f6bb24fa0fa16b90d4ca948fb1bea1b10d5d434f829c7640cb54068c9d9bef","mode":3,"calls":1,"gate_ns":16709}
[m[2m2026-09-14 22:52:42.922+0200[m[2m | [m[2mEthScheduler-BlockCreation-1-3[m[2m | [m[32mINFO [m[2m | [m[2mApprovalSelector[m[2m | [m[32mOPS_APPROVAL_DECISION allow tx=0x5bf156abaf31d2b24b49a261e5d6c64b797da3860d38d339761d4026dc86d776 calls=1
[m[2m2026-09-14 22:52:42.922+0200[m[2m | [m[2mEthScheduler-BlockCreation-1-3[m[2m | [m[32mINFO [m[2m | [m[2mApprovalSelector[m[2m | [m[32mOPS_APPROVAL_TIMING {"tx":"0x5bf156abaf31d2b24b49a261e5d6c64b797da3860d38d339761d4026dc86d776","mode":3,"calls":1,"gate_ns":13083}
[m[2m2026-09-14 22:52:42.922+0200[m[2m | [m[2mEthScheduler-BlockCreation-1-3[m[2m | [m[32mINFO [m[2m | [m[2mApprovalSelector[m[2m | [m[32mOPS_APPROVAL_DECISION allow tx=0xecf2020d406e20fec52838b823b011da9c901131ac6d919d72d9107f515daadc calls=1
[m[2m2026-09-14 22:52:42.922+0200[m[2m | [m[2mEthScheduler-BlockCreation-1-3[m[2m | [m[32mINFO [m[2m | [m[2mApprovalSelector[m[2m | [m[32mOPS_APPROVAL_TIMING {"tx":"0xecf2020d406e20fec52838b823b011da9c901131ac6d919d72d9107f515daadc","mode":3,"calls":1,"gate_ns":13584}
[m[2m2026-09-14 22:52:42.922+0200[m[2m | [m[2mEthScheduler-BlockCreation-1-3[m[2m | [m[32mINFO [m[2m | [m[2mApprovalSelector[m[2m | [m[32mOPS_APPROVAL_DECISION allow tx=0x8cbd01384e07dfc77d5e0f9856c54e0664ebb7cdaad2b452b57e131c154cd121 calls=1
[m[2m2026-09-14 22:52:42.922+0200[m[2m | [m[2mEthScheduler-BlockCreation-1-3[m[2m | [m[32mINFO [m[2m | [m[2mApprovalSelector[m[2m | [m[32mOPS_APPROVAL_TIMING {"tx":"0x8cbd01384e07dfc77d5e0f9856c54e0664ebb7cdaad2b452b57e131c154cd121","mode":3,"calls":1,"gate_ns":13542}
[m[2m2026-09-14 22:52:42.922+0200[m[2m | [m[2mEthScheduler-BlockCreation-1-3[m[2m | [m[32mINFO [m[2m | [m[2mApprovalSelector[m[2m | [m[32mOPS_APPROVAL_DECISION allow tx=0x4a8c99d8cf4223e67f40ba7c4c13eab1ca193acc6ca798a01236561165bc5f2a calls=1
[m[2m2026-09-14 22:52:42.922+0200[m[2m | [m[2mEthScheduler-BlockCreation-1-3[m[2m | [m[32mINFO [m[2m | [m[2mApprovalSelector[m[2m | [m[32mOPS_APPROVAL_TIMING {"tx":"0x4a8c99d8cf4223e67f40ba7c4c13eab1ca193acc6ca798a01236561165bc5f2a","mode":3,"calls":1,"gate_ns":13584}
[m[2m2026-09-14 22:52:42.922+0200[m[2m | [m[2mEthScheduler-BlockCreation-1-3[m[2m | [m[32mINFO [m[2m | [m[2mApprovalSelector[m[2m | [m[32mOPS_APPROVAL_DECISION allow tx=0xd6cc095ed763bbc1ef3aa4ffde1d9f4094ffbc99d814120e6cfa26e20f8226e9 calls=1
[m[2m2026-09-14 22:52:42.922+0200[m[2m | [m[2mEthScheduler-BlockCreation-1-3[m[2m | [m[32mINFO [m[2m | [m[2mApprovalSelector[m[2m | [m[32mOPS_APPROVAL_TIMING {"tx":"0xd6cc095ed763bbc1ef3aa4ffde1d9f4094ffbc99d814120e6cfa26e20f8226e9","mode":3,"calls":1,"gate_ns":13458}
[m[2m2026-09-14 22:52:42.922+0200[m[2m | [m[2mEthScheduler-BlockCreation-1-3[m[2m | [m[32mINFO [m[2m | [m[2mApprovalSelector[m[2m | [m[32mOPS_APPROVAL_DECISION allow tx=0xe0f3a8b7d4ad1d07e1be840fdb68dc7585211b4d75e56d62dd4f7c8915f8e2d1 calls=1
[m[2m2026-09-14 22:52:42.922+0200[m[2m | [m[2mEthScheduler-BlockCreation-1-3[m[2m | [m[32mINFO [m[2m | [m[2mApprovalSelector[m[2m | [m[32mOPS_APPROVAL_TIMING {"tx":"0xe0f3a8b7d4ad1d07e1be840fdb68dc7585211b4d75e56d62dd4f7c8915f8e2d1","mode":3,"calls":1,"gate_ns":13625}
[m[2m2026-09-14 22:52:42.922+0200[m[2m | [m[2mEthScheduler-BlockCreation-1-3[m[2m | [m[32mINFO [m[2m | [m[2mApprovalSelector[m[2m | [m[32mOPS_APPROVAL_DECISION allow tx=0x7d13496363de0a3a6fc38b578842cf922b552227183cd17a9a0d367fb3e6ab84 calls=1
[m[2m2026-09-14 22:52:42.922+0200[m[2m | [m[2mEthScheduler-BlockCreation-1-3[m[2m | [m[32mINFO [m[2m | [m[2mApprovalSelector[m[2m | [m[32mOPS_APPROVAL_TIMING {"tx":"0x7d13496363de0a3a6fc38b578842cf922b552227183cd17a9a0d367fb3e6ab84","mode":3,"calls":1,"gate_ns":13250}
[m[2m2026-09-14 22:52:42.922+0200[m[2m | [m[2mEthScheduler-BlockCreation-1-3[m[2m | [m[32mINFO [m[2m | [m[2mApprovalSelector[m[2m | [m[32mOPS_APPROVAL_DECISION allow tx=0x6ca1e2838bd230e726c8ece8a9b2f522344bb6e774ef77b361acadcfaf0e6079 calls=1
[m[2m2026-09-14 22:52:42.922+0200[m[2m | [m[2mEthScheduler-BlockCreation-1-3[m[2m | [m[32mINFO [m[2m | [m[2mApprovalSelector[m[2m | [m[32mOPS_APPROVAL_TIMING {"tx":"0x6ca1e2838bd230e726c8ece8a9b2f522344bb6e774ef77b361acadcfaf0e6079","mode":3,"calls":1,"gate_ns":13124}
[m[2m2026-09-14 22:52:42.923+0200[m[2m | [m[2mEthScheduler-BlockCreation-1-3[m[2m | [m[32mINFO [m[2m | [m[2mApprovalSelector[m[2m | [m[32mOPS_APPROVAL_DECISION allow tx=0xca7be6c058e45be23765e82a1896935f33e62f24a3657d5bb345ba5e1d889ea2 calls=1
[m[2m2026-09-14 22:52:42.923+0200[m[2m | [m[2mEthScheduler-BlockCreation-1-3[m[2m | [m[32mINFO [m[2m | [m[2mApprovalSelector[m[2m | [m[32mOPS_APPROVAL_TIMING {"tx":"0xca7be6c058e45be23765e82a1896935f33e62f24a3657d5bb345ba5e1d889ea2","mode":3,"calls":1,"gate_ns":14333}
[m[2m2026-09-14 22:52:42.923+0200[m[2m | [m[2mEthScheduler-BlockCreation-1-3[m[2m | [m[32mINFO [m[2m | [m[2mApprovalSelector[m[2m | [m[32mOPS_APPROVAL_DECISION allow tx=0xcac9ed24cf889a4f89a9bf4327439f0637ad0e1613c8ef3a136b7cad197d3468 calls=1
[m[2m2026-09-14 22:52:42.923+0200[m[2m | [m[2mEthScheduler-BlockCreation-1-3[m[2m | [m[32mINFO [m[2m | [m[2mApprovalSelector[m[2m | [m[32mOPS_APPROVAL_TIMING {"tx":"0xcac9ed24cf889a4f89a9bf4327439f0637ad0e1613c8ef3a136b7cad197d3468","mode":3,"calls":1,"gate_ns":13541}
[m[2m2026-09-14 22:52:42.923+0200[m[2m | [m[2mEthScheduler-BlockCreation-1-3[m[2m | [m[32mINFO [m[2m | [m[2mApprovalSelector[m[2m | [m[32mOPS_APPROVAL_DECISION allow tx=0x9d70fb818b8310349fba7d0e0af79a0073e6c74795cf39a9df2ae7abcc4f536f calls=1
[m[2m2026-09-14 22:52:42.923+0200[m[2m | [m[2mEthScheduler-BlockCreation-1-3[m[2m | [m[32mINFO [m[2m | [m[2mApprovalSelector[m[2m | [m[32mOPS_APPROVAL_TIMING {"tx":"0x9d70fb818b8310349fba7d0e0af79a0073e6c74795cf39a9df2ae7abcc4f536f","mode":3,"calls":1,"gate_ns":13292}
[m[2m2026-09-14 22:52:42.923+0200[m[2m | [m[2mEthScheduler-BlockCreation-1-3[m[2m | [m[32mINFO [m[2m | [m[2mApprovalSelector[m[2m | [m[32mOPS_APPROVAL_DECISION allow tx=0x93819d6c50b412f4fa368409eb4da07aa8086f3dd1fa55d1ef3f3c042960a472 calls=1
[m[2m2026-09-14 22:52:42.923+0200[m[2m | [m[2mEthScheduler-BlockCreation-1-3[m[2m | [m[32mINFO [m[2m | [m[2mApprovalSelector[m[2m | [m[32mOPS_APPROVAL_TIMING {"tx":"0x93819d6c50b412f4fa368409eb4da07aa8086f3dd1fa55d1ef3f3c042960a472","mode":3,"calls":1,"gate_ns":13208}
[m[2m2026-09-14 22:52:42.923+0200[m[2m | [m[2mEthScheduler-BlockCreation-1-3[m[2m | [m[32mINFO [m[2m | [m[2mApprovalSelector[m[2m | [m[32mOPS_APPROVAL_DECISION allow tx=0x404df9f68c067584316f2a189814287437bfad1096d70a385f4740ae9a7f0ce3 calls=1
[m[2m2026-09-14 22:52:42.923+0200[m[2m | [m[2mEthScheduler-BlockCreation-1-3[m[2m | [m[32mINFO [m[2m | [m[2mApprovalSelector[m[2m | [m[32mOPS_APPROVAL_TIMING {"tx":"0x404df9f68c067584316f2a189814287437bfad1096d70a385f4740ae9a7f0ce3","mode":3,"calls":1,"gate_ns":13250}
[m[2m2026-09-14 22:52:42.923+0200[m[2m | [m[2mEthScheduler-BlockCreation-1-3[m[2m | [m[32mINFO [m[2m | [m[2mApprovalSelector[m[2m | [m[32mOPS_APPROVAL_DECISION allow tx=0x6e35748dd6e0e32928493b0260f2dafb1555b2ab931fb269e09a35322cf53d4a calls=1
[m[2m2026-09-14 22:52:42.923+0200[m[2m | [m[2mEthScheduler-BlockCreation-1-3[m[2m | [m[32mINFO [m[2m | [m[2mApprovalSelector[m[2m | [m[32mOPS_APPROVAL_TIMING {"tx":"0x6e35748dd6e0e32928493b0260f2dafb1555b2ab931fb269e09a35322cf53d4a","mode":3,"calls":1,"gate_ns":12834}
[m[2m2026-09-14 22:52:42.923+0200[m[2m | [m[2mEthScheduler-BlockCreation-1-3[m[2m | [m[32mINFO [m[2m | [m[2mApprovalSelector[m[2m | [m[32mOPS_APPROVAL_DECISION allow tx=0x1ffa7473a06ae5263f2e6577aded53243d68d704407f3426fa5381bd207c028a calls=1
[m[2m2026-09-14 22:52:42.923+0200[m[2m | [m[2mEthScheduler-BlockCreation-1-3[m[2m | [m[32mINFO [m[2m | [m[2mApprovalSelector[m[2m | [m[32mOPS_APPROVAL_TIMING {"tx":"0x1ffa7473a06ae5263f2e6577aded53243d68d704407f3426fa5381bd207c028a","mode":3,"calls":1,"gate_ns":17209}
[m[2m2026-09-14 22:52:42.923+0200[m[2m | [m[2mEthScheduler-BlockCreation-1-3[m[2m | [m[32mINFO [m[2m | [m[2mApprovalSelector[m[2m | [m[32mOPS_APPROVAL_DECISION allow tx=0x528bc510410663afc312435d6381a3b11a8b38e773554a1c67cad1faf2a70ddf calls=1
[m[2m2026-09-14 22:52:42.923+0200[m[2m | [m[2mEthScheduler-BlockCreation-1-3[m[2m | [m[32mINFO [m[2m | [m[2mApprovalSelector[m[2m | [m[32mOPS_APPROVAL_TIMING {"tx":"0x528bc510410663afc312435d6381a3b11a8b38e773554a1c67cad1faf2a70ddf","mode":3,"calls":1,"gate_ns":15249}
[m[2m2026-09-14 22:52:42.923+0200[m[2m | [m[2mEthScheduler-BlockCreation-1-3[m[2m | [m[32mINFO [m[2m | [m[2mApprovalSelector[m[2m | [m[32mOPS_APPROVAL_DECISION allow tx=0xdc0ef210b12f70a4ee6dd586c301fa2db253d9918dc9dd6e4d79adc04da36544 calls=1
[m[2m2026-09-14 22:52:42.923+0200[m[2m | [m[2mEthScheduler-BlockCreation-1-3[m[2m | [m[32mINFO [m[2m | [m[2mApprovalSelector[m[2m | [m[32mOPS_APPROVAL_TIMING {"tx":"0xdc0ef210b12f70a4ee6dd586c301fa2db253d9918dc9dd6e4d79adc04da36544","mode":3,"calls":1,"gate_ns":16542}
[m[2m2026-09-14 22:52:42.923+0200[m[2m | [m[2mEthScheduler-BlockCreation-1-3[m[2m | [m[32mINFO [m[2m | [m[2mApprovalSelector[m[2m | [m[32mOPS_APPROVAL_DECISION allow tx=0xd7e6d97243a01764298675a1b538c8c568ebf9570d2499ca6fface03fe72c77c calls=1
[m[2m2026-09-14 22:52:42.923+0200[m[2m | [m[2mEthScheduler-BlockCreation-1-3[m[2m | [m[32mINFO [m[2m | [m[2mApprovalSelector[m[2m | [m[32mOPS_APPROVAL_TIMING {"tx":"0xd7e6d97243a01764298675a1b538c8c568ebf9570d2499ca6fface03fe72c77c","mode":3,"calls":1,"gate_ns":13000}
[m[2m2026-09-14 22:52:42.923+0200[m[2m | [m[2mEthScheduler-BlockCreation-1-3[m[2m | [m[32mINFO [m[2m | [m[2mApprovalSelector[m[2m | [m[32mOPS_APPROVAL_DECISION allow tx=0x2904190d149e13f54c1e74d14e8dd7c45f7544c436102b83d5773af99477c4d1 calls=1
[m[2m2026-09-14 22:52:42.923+0200[m[2m | [m[2mEthScheduler-BlockCreation-1-3[m[2m | [m[32mINFO [m[2m | [m[2mApprovalSelector[m[2m | [m[32mOPS_APPROVAL_TIMING {"tx":"0x2904190d149e13f54c1e74d14e8dd7c45f7544c436102b83d5773af99477c4d1","mode":3,"calls":1,"gate_ns":13042}
[m[2m2026-09-14 22:52:42.923+0200[m[2m | [m[2mEthScheduler-BlockCreation-1-3[m[2m | [m[32mINFO [m[2m | [m[2mApprovalSelector[m[2m | [m[32mOPS_APPROVAL_DECISION allow tx=0x25bcb8c38cd8e26bd6f85eae484094debb850f58072c298c5488c0f0200c71f8 calls=1
[m[2m2026-09-14 22:52:42.923+0200[m[2m | [m[2mEthScheduler-BlockCreation-1-3[m[2m | [m[32mINFO [m[2m | [m[2mApprovalSelector[m[2m | [m[32mOPS_APPROVAL_TIMING {"tx":"0x25bcb8c38cd8e26bd6f85eae484094debb850f58072c298c5488c0f0200c71f8","mode":3,"calls":1,"gate_ns":12958}
[m[2m2026-09-14 22:52:42.923+0200[m[2m | [m[2mEthScheduler-BlockCreation-1-3[m[2m | [m[32mINFO [m[2m | [m[2mApprovalSelector[m[2m | [m[32mOPS_APPROVAL_DECISION allow tx=0x729a82ecdd227cfdb184afc34928d3f92771bc9730537debb8590aa1f268d0c1 calls=1
[m[2m2026-09-14 22:52:42.923+0200[m[2m | [m[2mEthScheduler-BlockCreation-1-3[m[2m | [m[32mINFO [m[2m | [m[2mApprovalSelector[m[2m | [m[32mOPS_APPROVAL_TIMING {"tx":"0x729a82ecdd227cfdb184afc34928d3f92771bc9730537debb8590aa1f268d0c1","mode":3,"calls":1,"gate_ns":12958}
[m[2m2026-09-14 22:52:42.923+0200[m[2m | [m[2mEthScheduler-BlockCreation-1-3[m[2m | [m[32mINFO [m[2m | [m[2mApprovalSelector[m[2m | [m[32mOPS_APPROVAL_DECISION allow tx=0x332d5a4d7a2dac74a866557434ad95b0b7355f9a763cb8a8b03c63252cf418b1 calls=1
[m[2m2026-09-14 22:52:42.923+0200[m[2m | [m[2mEthScheduler-BlockCreation-1-3[m[2m | [m[32mINFO [m[2m | [m[2mApprovalSelector[m[2m | [m[32mOPS_APPROVAL_TIMING {"tx":"0x332d5a4d7a2dac74a866557434ad95b0b7355f9a763cb8a8b03c63252cf418b1","mode":3,"calls":1,"gate_ns":14167}
[m[2m2026-09-14 22:52:42.923+0200[m[2m | [m[2mEthScheduler-BlockCreation-1-3[m[2m | [m[32mINFO [m[2m | [m[2mApprovalSelector[m[2m | [m[32mOPS_APPROVAL_DECISION allow tx=0x897f8b7c862b7f8c6b9d5c35a59ca6a58e19288b585411ed02fffc56da1a2c2a calls=1
[m[2m2026-09-14 22:52:42.923+0200[m[2m | [m[2mEthScheduler-BlockCreation-1-3[m[2m | [m[32mINFO [m[2m | [m[2mApprovalSelector[m[2m | [m[32mOPS_APPROVAL_TIMING {"tx":"0x897f8b7c862b7f8c6b9d5c35a59ca6a58e19288b585411ed02fffc56da1a2c2a","mode":3,"calls":1,"gate_ns":12999}
[m[2m2026-09-14 22:52:42.924+0200[m[2m | [m[2mEthScheduler-BlockCreation-1-3[m[2m | [m[32mINFO [m[2m | [m[2mApprovalSelector[m[2m | [m[32mOPS_APPROVAL_DECISION allow tx=0xe5d4aa60cfc78b5e6db0cba41ec3c283aa873b1d092b41bda7c051da0ce07579 calls=1
[m[2m2026-09-14 22:52:42.924+0200[m[2m | [m[2mEthScheduler-BlockCreation-1-3[m[2m | [m[32mINFO [m[2m | [m[2mApprovalSelector[m[2m | [m[32mOPS_APPROVAL_TIMING {"tx":"0xe5d4aa60cfc78b5e6db0cba41ec3c283aa873b1d092b41bda7c051da0ce07579","mode":3,"calls":1,"gate_ns":14875}
[m[2m2026-09-14 22:52:42.924+0200[m[2m | [m[2mEthScheduler-BlockCreation-1-3[m[2m | [m[32mINFO [m[2m | [m[2mApprovalSelector[m[2m | [m[32mOPS_APPROVAL_DECISION allow tx=0x154d40bd4dc8df80543ee3d1520e4ee59003d620de40f62ed79cc11f9e33064a calls=1
[m[2m2026-09-14 22:52:42.924+0200[m[2m | [m[2mEthScheduler-BlockCreation-1-3[m[2m | [m[32mINFO [m[2m | [m[2mApprovalSelector[m[2m | [m[32mOPS_APPROVAL_TIMING {"tx":"0x154d40bd4dc8df80543ee3d1520e4ee59003d620de40f62ed79cc11f9e33064a","mode":3,"calls":1,"gate_ns":13251}
[m[2m2026-09-14 22:52:42.924+0200[m[2m | [m[2mEthScheduler-BlockCreation-1-3[m[2m | [m[32mINFO [m[2m | [m[2mApprovalSelector[m[2m | [m[32mOPS_APPROVAL_DECISION allow tx=0x64881ef63c40c4b82c0a0dca77b7869997e06c43f46eadb94ba01dd94cf7617f calls=1
[m[2m2026-09-14 22:52:42.924+0200[m[2m | [m[2mEthScheduler-BlockCreation-1-3[m[2m | [m[32mINFO [m[2m | [m[2mApprovalSelector[m[2m | [m[32mOPS_APPROVAL_TIMING {"tx":"0x64881ef63c40c4b82c0a0dca77b7869997e06c43f46eadb94ba01dd94cf7617f","mode":3,"calls":1,"gate_ns":13083}
[m[2m2026-09-14 22:52:42.924+0200[m[2m | [m[2mEthScheduler-BlockCreation-1-3[m[2m | [m[32mINFO [m[2m | [m[2mApprovalSelector[m[2m | [m[32mOPS_APPROVAL_DECISION allow tx=0xc7aab31961ce9359f5f24eca13dcf148dfc6eadfda4c38a1351cf5d54f665aba calls=1
[m[2m2026-09-14 22:52:42.924+0200[m[2m | [m[2mEthScheduler-BlockCreation-1-3[m[2m | [m[32mINFO [m[2m | [m[2mApprovalSelector[m[2m | [m[32mOPS_APPROVAL_TIMING {"tx":"0xc7aab31961ce9359f5f24eca13dcf148dfc6eadfda4c38a1351cf5d54f665aba","mode":3,"calls":1,"gate_ns":12751}
[m[2m2026-09-14 22:52:42.924+0200[m[2m | [m[2mEthScheduler-BlockCreation-1-3[m[2m | [m[32mINFO [m[2m | [m[2mApprovalSelector[m[2m | [m[32mOPS_APPROVAL_DECISION allow tx=0x99af6b58c98670f56b1a24852f7e7acd5446aecc7bb49c298b9287c4cad7f464 calls=1
[m[2m2026-09-14 22:52:42.924+0200[m[2m | [m[2mEthScheduler-BlockCreation-1-3[m[2m | [m[32mINFO [m[2m | [m[2mApprovalSelector[m[2m | [m[32mOPS_APPROVAL_TIMING {"tx":"0x99af6b58c98670f56b1a24852f7e7acd5446aecc7bb49c298b9287c4cad7f464","mode":3,"calls":1,"gate_ns":13083}
[m[2m2026-09-14 22:52:42.924+0200[m[2m | [m[2mEthScheduler-BlockCreation-1-3[m[2m | [m[32mINFO [m[2m | [m[2mApprovalSelector[m[2m | [m[32mOPS_APPROVAL_DECISION allow tx=0xbb58d5c7b913831c8aac89a1423a8450537387e68da7315db8d6f8da4c3db760 calls=1
[m[2m2026-09-14 22:52:42.924+0200[m[2m | [m[2mEthScheduler-BlockCreation-1-3[m[2m | [m[32mINFO [m[2m | [m[2mApprovalSelector[m[2m | [m[32mOPS_APPROVAL_TIMING {"tx":"0xbb58d5c7b913831c8aac89a1423a8450537387e68da7315db8d6f8da4c3db760","mode":3,"calls":1,"gate_ns":13541}
[m[2m2026-09-14 22:52:42.924+0200[m[2m | [m[2mEthScheduler-BlockCreation-1-3[m[2m | [m[32mINFO [m[2m | [m[2mApprovalSelector[m[2m | [m[32mOPS_APPROVAL_DECISION allow tx=0xadffb90f84b006fb5a00dc0754477aab980399794787331cedb8224dd1282ef4 calls=1
[m[2m2026-09-14 22:52:42.924+0200[m[2m | [m[2mEthScheduler-BlockCreation-1-3[m[2m | [m[32mINFO [m[2m | [m[2mApprovalSelector[m[2m | [m[32mOPS_APPROVAL_TIMING {"tx":"0xadffb90f84b006fb5a00dc0754477aab980399794787331cedb8224dd1282ef4","mode":3,"calls":1,"gate_ns":15667}
[m[2m2026-09-14 22:52:42.924+0200[m[2m | [m[2mEthScheduler-BlockCreation-1-3[m[2m | [m[32mINFO [m[2m | [m[2mApprovalSelector[m[2m | [m[32mOPS_APPROVAL_DECISION allow tx=0x3363b84f2e072046eb3ea7b2927fd5759233e6ce46a02ef8610df4bbb6955cc4 calls=1
[m[2m2026-09-14 22:52:42.924+0200[m[2m | [m[2mEthScheduler-BlockCreation-1-3[m[2m | [m[32mINFO [m[2m | [m[2mApprovalSelector[m[2m | [m[32mOPS_APPROVAL_TIMING {"tx":"0x3363b84f2e072046eb3ea7b2927fd5759233e6ce46a02ef8610df4bbb6955cc4","mode":3,"calls":1,"gate_ns":13500}
[m[2m2026-09-14 22:52:42.924+0200[m[2m | [m[2mEthScheduler-BlockCreation-1-3[m[2m | [m[32mINFO [m[2m | [m[2mApprovalSelector[m[2m | [m[32mOPS_APPROVAL_DECISION allow tx=0x5f2d9ae0c8dbd26317523ea1ab258201dd06ba6e69ca794dc2e81d1863229f94 calls=1
[m[2m2026-09-14 22:52:42.924+0200[m[2m | [m[2mEthScheduler-BlockCreation-1-3[m[2m | [m[32mINFO [m[2m | [m[2mApprovalSelector[m[2m | [m[32mOPS_APPROVAL_TIMING {"tx":"0x5f2d9ae0c8dbd26317523ea1ab258201dd06ba6e69ca794dc2e81d1863229f94","mode":3,"calls":1,"gate_ns":13875}
[m[2m2026-09-14 22:52:42.924+0200[m[2m | [m[2mEthScheduler-BlockCreation-1-3[m[2m | [m[32mINFO [m[2m | [m[2mApprovalSelector[m[2m | [m[32mOPS_APPROVAL_DECISION allow tx=0xa45ef57fbce66b9e71c7829066a889efb9b6f05e284ee9334119a3beae9a93eb calls=1
[m[2m2026-09-14 22:52:42.924+0200[m[2m | [m[2mEthScheduler-BlockCreation-1-3[m[2m | [m[32mINFO [m[2m | [m[2mApprovalSelector[m[2m | [m[32mOPS_APPROVAL_TIMING {"tx":"0xa45ef57fbce66b9e71c7829066a889efb9b6f05e284ee9334119a3beae9a93eb","mode":3,"calls":1,"gate_ns":13416}
[m[2m2026-09-14 22:52:42.924+0200[m[2m | [m[2mEthScheduler-BlockCreation-1-3[m[2m | [m[32mINFO [m[2m | [m[2mApprovalSelector[m[2m | [m[32mOPS_APPROVAL_DECISION allow tx=0xee99ac705717878e5b4b651c512adacb3edbb461fcf7b86988c1f9c5c42c6efd calls=1
[m[2m2026-09-14 22:52:42.924+0200[m[2m | [m[2mEthScheduler-BlockCreation-1-3[m[2m | [m[32mINFO [m[2m | [m[2mApprovalSelector[m[2m | [m[32mOPS_APPROVAL_TIMING {"tx":"0xee99ac705717878e5b4b651c512adacb3edbb461fcf7b86988c1f9c5c42c6efd","mode":3,"calls":1,"gate_ns":21209}
[m[2m2026-09-14 22:52:42.924+0200[m[2m | [m[2mEthScheduler-BlockCreation-1-3[m[2m | [m[32mINFO [m[2m | [m[2mApprovalSelector[m[2m | [m[32mOPS_APPROVAL_DECISION allow tx=0xeb34ea07a005b6b5706579a604a2057d93d8ecffacd867016b739a31f9f458a3 calls=1
[m[2m2026-09-14 22:52:42.924+0200[m[2m | [m[2mEthScheduler-BlockCreation-1-3[m[2m | [m[32mINFO [m[2m | [m[2mApprovalSelector[m[2m | [m[32mOPS_APPROVAL_TIMING {"tx":"0xeb34ea07a005b6b5706579a604a2057d93d8ecffacd867016b739a31f9f458a3","mode":3,"calls":1,"gate_ns":13708}
[m[2m2026-09-14 22:52:42.924+0200[m[2m | [m[2mEthScheduler-BlockCreation-1-3[m[2m | [m[32mINFO [m[2m | [m[2mApprovalSelector[m[2m | [m[32mOPS_APPROVAL_DECISION allow tx=0x373c0b39b4b293ffdef4115fdc837f415e3f5fd6b7e522e162c79fbf75d56ac9 calls=1
[m[2m2026-09-14 22:52:42.924+0200[m[2m | [m[2mEthScheduler-BlockCreation-1-3[m[2m | [m[32mINFO [m[2m | [m[2mApprovalSelector[m[2m | [m[32mOPS_APPROVAL_TIMING {"tx":"0x373c0b39b4b293ffdef4115fdc837f415e3f5fd6b7e522e162c79fbf75d56ac9","mode":3,"calls":1,"gate_ns":13334}
[m[2m2026-09-14 22:52:42.924+0200[m[2m | [m[2mEthScheduler-BlockCreation-1-3[m[2m | [m[32mINFO [m[2m | [m[2mApprovalSelector[m[2m | [m[32mOPS_APPROVAL_DECISION allow tx=0xe22f8c8ff9f379b8ffdf57455c5e5d4794178892b685081240c898a1a3b6efa2 calls=1
[m[2m2026-09-14 22:52:42.924+0200[m[2m | [m[2mEthScheduler-BlockCreation-1-3[m[2m | [m[32mINFO [m[2m | [m[2mApprovalSelector[m[2m | [m[32mOPS_APPROVAL_TIMING {"tx":"0xe22f8c8ff9f379b8ffdf57455c5e5d4794178892b685081240c898a1a3b6efa2","mode":3,"calls":1,"gate_ns":14459}
[m[2m2026-09-14 22:52:42.924+0200[m[2m | [m[2mEthScheduler-BlockCreation-1-3[m[2m | [m[32mINFO [m[2m | [m[2mApprovalSelector[m[2m | [m[32mOPS_APPROVAL_DECISION allow tx=0x993d587a6ad6930eeeb01ab9fb43956c5d83154f6df7d9b65b35f125430c1736 calls=1
[m[2m2026-09-14 22:52:42.924+0200[m[2m | [m[2mEthScheduler-BlockCreation-1-3[m[2m | [m[32mINFO [m[2m | [m[2mApprovalSelector[m[2m | [m[32mOPS_APPROVAL_TIMING {"tx":"0x993d587a6ad6930eeeb01ab9fb43956c5d83154f6df7d9b65b35f125430c1736","mode":3,"calls":1,"gate_ns":13374}
[m[2m2026-09-14 22:52:42.924+0200[m[2m | [m[2mEthScheduler-BlockCreation-1-3[m[2m | [m[32mINFO [m[2m | [m[2mApprovalSelector[m[2m | [m[32mOPS_APPROVAL_DECISION allow tx=0xec2b58452812757e6ed7685907f079971a1d2248cbae2f108a607a1eb511cb0b calls=1
[m[2m2026-09-14 22:52:42.925+0200[m[2m | [m[2mEthScheduler-BlockCreation-1-3[m[2m | [m[32mINFO [m[2m | [m[2mApprovalSelector[m[2m | [m[32mOPS_APPROVAL_TIMING {"tx":"0xec2b58452812757e6ed7685907f079971a1d2248cbae2f108a607a1eb511cb0b","mode":3,"calls":1,"gate_ns":13749}
[m[2m2026-09-14 22:52:42.925+0200[m[2m | [m[2mEthScheduler-BlockCreation-1-3[m[2m | [m[32mINFO [m[2m | [m[2mApprovalSelector[m[2m | [m[32mOPS_APPROVAL_DECISION allow tx=0xa7b42c2b9f61a47b12bfd216e30925ddcc5336a263c59e7375f5798d91c09802 calls=1
[m[2m2026-09-14 22:52:42.925+0200[m[2m | [m[2mEthScheduler-BlockCreation-1-3[m[2m | [m[32mINFO [m[2m | [m[2mApprovalSelector[m[2m | [m[32mOPS_APPROVAL_TIMING {"tx":"0xa7b42c2b9f61a47b12bfd216e30925ddcc5336a263c59e7375f5798d91c09802","mode":3,"calls":1,"gate_ns":13209}
[m[2m2026-09-14 22:52:42.925+0200[m[2m | [m[2mEthScheduler-BlockCreation-1-3[m[2m | [m[32mINFO [m[2m | [m[2mApprovalSelector[m[2m | [m[32mOPS_APPROVAL_DECISION allow tx=0x302e49ad76bb7a3945de42f73e126964ab88552c5308b0465d5361cb4753b73c calls=1
[m[2m2026-09-14 22:52:42.925+0200[m[2m | [m[2mEthScheduler-BlockCreation-1-3[m[2m | [m[32mINFO [m[2m | [m[2mApprovalSelector[m[2m | [m[32mOPS_APPROVAL_TIMING {"tx":"0x302e49ad76bb7a3945de42f73e126964ab88552c5308b0465d5361cb4753b73c","mode":3,"calls":1,"gate_ns":16417}
[m[2m2026-09-14 22:52:42.925+0200[m[2m | [m[2mEthScheduler-BlockCreation-1-3[m[2m | [m[32mINFO [m[2m | [m[2mApprovalSelector[m[2m | [m[32mOPS_APPROVAL_DECISION allow tx=0x6dfa7919bd393f6030c264c50f8b1a67894962b6582741a1b8693e9d67a9f259 calls=1
[m[2m2026-09-14 22:52:42.925+0200[m[2m | [m[2mEthScheduler-BlockCreation-1-3[m[2m | [m[32mINFO [m[2m | [m[2mApprovalSelector[m[2m | [m[32mOPS_APPROVAL_TIMING {"tx":"0x6dfa7919bd393f6030c264c50f8b1a67894962b6582741a1b8693e9d67a9f259","mode":3,"calls":1,"gate_ns":23167}
[m[2m2026-09-14 22:52:42.925+0200[m[2m | [m[2mEthScheduler-BlockCreation-1-3[m[2m | [m[32mINFO [m[2m | [m[2mApprovalSelector[m[2m | [m[32mOPS_APPROVAL_DECISION allow tx=0x68967449245aa18d91fde2f17a377111d10a2a1c219c234bbf5bdd7da88b8d12 calls=1
[m[2m2026-09-14 22:52:42.925+0200[m[2m | [m[2mEthScheduler-BlockCreation-1-3[m[2m | [m[32mINFO [m[2m | [m[2mApprovalSelector[m[2m | [m[32mOPS_APPROVAL_TIMING {"tx":"0x68967449245aa18d91fde2f17a377111d10a2a1c219c234bbf5bdd7da88b8d12","mode":3,"calls":1,"gate_ns":12917}
[m[2m2026-09-14 22:52:42.925+0200[m[2m | [m[2mEthScheduler-BlockCreation-1-3[m[2m | [m[32mINFO [m[2m | [m[2mApprovalSelector[m[2m | [m[32mOPS_APPROVAL_DECISION allow tx=0xc09261f6252cc3ca1c4697d5cfc104029e869c29d0ef7a69a88e808cf92f1b1b calls=1
[m[2m2026-09-14 22:52:42.925+0200[m[2m | [m[2mEthScheduler-BlockCreation-1-3[m[2m | [m[32mINFO [m[2m | [m[2mApprovalSelector[m[2m | [m[32mOPS_APPROVAL_TIMING {"tx":"0xc09261f6252cc3ca1c4697d5cfc104029e869c29d0ef7a69a88e808cf92f1b1b","mode":3,"calls":1,"gate_ns":13334}
[m[2m2026-09-14 22:52:42.925+0200[m[2m | [m[2mEthScheduler-BlockCreation-1-3[m[2m | [m[32mINFO [m[2m | [m[2mApprovalSelector[m[2m | [m[32mOPS_APPROVAL_DECISION allow tx=0xd317447be84c72cac0c9045616fc27461219ca157db9b8bd45e46840a01758dd calls=1
[m[2m2026-09-14 22:52:42.925+0200[m[2m | [m[2mEthScheduler-BlockCreation-1-3[m[2m | [m[32mINFO [m[2m | [m[2mApprovalSelector[m[2m | [m[32mOPS_APPROVAL_TIMING {"tx":"0xd317447be84c72cac0c9045616fc27461219ca157db9b8bd45e46840a01758dd","mode":3,"calls":1,"gate_ns":13042}
[m[2m2026-09-14 22:52:42.925+0200[m[2m | [m[2mEthScheduler-BlockCreation-1-3[m[2m | [m[32mINFO [m[2m | [m[2mApprovalSelector[m[2m | [m[32mOPS_APPROVAL_DECISION allow tx=0xcba8463af8e5e2311bcf2c490e7a36e478b92c85cfdc9abc12d9b1d6aa623f04 calls=1
[m[2m2026-09-14 22:52:42.925+0200[m[2m | [m[2mEthScheduler-BlockCreation-1-3[m[2m | [m[32mINFO [m[2m | [m[2mApprovalSelector[m[2m | [m[32mOPS_APPROVAL_TIMING {"tx":"0xcba8463af8e5e2311bcf2c490e7a36e478b92c85cfdc9abc12d9b1d6aa623f04","mode":3,"calls":1,"gate_ns":13333}
[m[2m2026-09-14 22:52:42.925+0200[m[2m | [m[2mEthScheduler-BlockCreation-1-3[m[2m | [m[32mINFO [m[2m | [m[2mApprovalSelector[m[2m | [m[32mOPS_APPROVAL_DECISION allow tx=0x4ad02e7f4cd334149a46f2171f801f56f74184d433e584738c8b193957a1a975 calls=1
[m[2m2026-09-14 22:52:42.925+0200[m[2m | [m[2mEthScheduler-BlockCreation-1-3[m[2m | [m[32mINFO [m[2m | [m[2mApprovalSelector[m[2m | [m[32mOPS_APPROVAL_TIMING {"tx":"0x4ad02e7f4cd334149a46f2171f801f56f74184d433e584738c8b193957a1a975","mode":3,"calls":1,"gate_ns":13125}
[m[2m2026-09-14 22:52:42.925+0200[m[2m | [m[2mEthScheduler-BlockCreation-1-3[m[2m | [m[32mINFO [m[2m | [m[2mApprovalSelector[m[2m | [m[32mOPS_APPROVAL_DECISION allow tx=0xb094e1e49eb0bd153f7d630d7a69ce72e506eded2f1c8994b518099cb2845e5e calls=1
[m[2m2026-09-14 22:52:42.925+0200[m[2m | [m[2mEthScheduler-BlockCreation-1-3[m[2m | [m[32mINFO [m[2m | [m[2mApprovalSelector[m[2m | [m[32mOPS_APPROVAL_TIMING {"tx":"0xb094e1e49eb0bd153f7d630d7a69ce72e506eded2f1c8994b518099cb2845e5e","mode":3,"calls":1,"gate_ns":12708}
[m[2m2026-09-14 22:52:42.925+0200[m[2m | [m[2mEthScheduler-BlockCreation-1-3[m[2m | [m[32mINFO [m[2m | [m[2mApprovalSelector[m[2m | [m[32mOPS_APPROVAL_DECISION allow tx=0x11232f87ef9a572c9a60ac42f26b551e1751665f389554cd50e1bbc45d3b5827 calls=1
[m[2m2026-09-14 22:52:42.925+0200[m[2m | [m[2mEthScheduler-BlockCreation-1-3[m[2m | [m[32mINFO [m[2m | [m[2mApprovalSelector[m[2m | [m[32mOPS_APPROVAL_TIMING {"tx":"0x11232f87ef9a572c9a60ac42f26b551e1751665f389554cd50e1bbc45d3b5827","mode":3,"calls":1,"gate_ns":12708}
[m[2m2026-09-14 22:52:42.925+0200[m[2m | [m[2mEthScheduler-BlockCreation-1-3[m[2m | [m[32mINFO [m[2m | [m[2mApprovalSelector[m[2m | [m[32mOPS_APPROVAL_DECISION allow tx=0xbaff16ff096539520ff7269eb9a61671e64173bcb747ac1d0db39bc9783022ec calls=1
[m[2m2026-09-14 22:52:42.925+0200[m[2m | [m[2mEthScheduler-BlockCreation-1-3[m[2m | [m[32mINFO [m[2m | [m[2mApprovalSelector[m[2m | [m[32mOPS_APPROVAL_TIMING {"tx":"0xbaff16ff096539520ff7269eb9a61671e64173bcb747ac1d0db39bc9783022ec","mode":3,"calls":1,"gate_ns":13249}
[m[2m2026-09-14 22:52:42.925+0200[m[2m | [m[2mEthScheduler-BlockCreation-1-3[m[2m | [m[32mINFO [m[2m | [m[2mApprovalSelector[m[2m | [m[32mOPS_APPROVAL_DECISION allow tx=0x4f2a3353d5184c84f08f865deea66e0e938f2ddedf36973e13689466ce94406b calls=1
[m[2m2026-09-14 22:52:42.925+0200[m[2m | [m[2mEthScheduler-BlockCreation-1-3[m[2m | [m[32mINFO [m[2m | [m[2mApprovalSelector[m[2m | [m[32mOPS_APPROVAL_TIMING {"tx":"0x4f2a3353d5184c84f08f865deea66e0e938f2ddedf36973e13689466ce94406b","mode":3,"calls":1,"gate_ns":12999}
[m[2m2026-09-14 22:52:42.925+0200[m[2m | [m[2mEthScheduler-BlockCreation-1-3[m[2m | [m[32mINFO [m[2m | [m[2mApprovalSelector[m[2m | [m[32mOPS_APPROVAL_DECISION allow tx=0x614b71da93c1ae06450cb0c1b112d354887a11713dccc1f0109cd3f19282b037 calls=1
[m[2m2026-09-14 22:52:42.925+0200[m[2m | [m[2mEthScheduler-BlockCreation-1-3[m[2m | [m[32mINFO [m[2m | [m[2mApprovalSelector[m[2m | [m[32mOPS_APPROVAL_TIMING {"tx":"0x614b71da93c1ae06450cb0c1b112d354887a11713dccc1f0109cd3f19282b037","mode":3,"calls":1,"gate_ns":13584}
[m[2m2026-09-14 22:52:42.932+0200[m[2m | [m[2mEthScheduler-BlockCreation-0-3[m[2m | [m[32mINFO [m[2m | [m[2mPostMergeContext[m[2m | [m[32mNew proposal for payloadId 0x0094b61d4b914803 block 3 (0xf968955a9a1644ef45ed6666d5f536dc3eb02c97bb3b440b98d699f197efa455) gas used 3391092 transactions 128 reward 4,36 finney is better than the previous one by 4,36 finney
[m[2m2026-09-14 22:52:43.423+0200[m[2m | [m[2mEthScheduler-BlockCreation-1-3[m[2m | [m[32mINFO [m[2m | [m[2mApprovalSelector[m[2m | [m[32mOPS_APPROVAL_DECISION allow tx=0xd3feaaf3963226e677fdd469911ea7b90767976ea5fcae8a6a6f12c6dd08ecae calls=1
[m[2m2026-09-14 22:52:43.423+0200[m[2m | [m[2mEthScheduler-BlockCreation-1-3[m[2m | [m[32mINFO [m[2m | [m[2mApprovalSelector[m[2m | [m[32mOPS_APPROVAL_TIMING {"tx":"0xd3feaaf3963226e677fdd469911ea7b90767976ea5fcae8a6a6f12c6dd08ecae","mode":3,"calls":1,"gate_ns":157834}
[m[2m2026-09-14 22:52:43.423+0200[m[2m | [m[2mEthScheduler-BlockCreation-1-3[m[2m | [m[32mINFO [m[2m | [m[2mApprovalSelector[m[2m | [m[32mOPS_APPROVAL_DECISION allow tx=0x02b75895d27f6fdc25a343b40bd61040a0624150341d380015f64dad02888287 calls=1
[m[2m2026-09-14 22:52:43.423+0200[m[2m | [m[2mEthScheduler-BlockCreation-1-3[m[2m | [m[32mINFO [m[2m | [m[2mApprovalSelector[m[2m | [m[32mOPS_APPROVAL_TIMING {"tx":"0x02b75895d27f6fdc25a343b40bd61040a0624150341d380015f64dad02888287","mode":3,"calls":1,"gate_ns":87792}
[m[2m2026-09-14 22:52:43.423+0200[m[2m | [m[2mEthScheduler-BlockCreation-1-3[m[2m | [m[32mINFO [m[2m | [m[2mApprovalSelector[m[2m | [m[32mOPS_APPROVAL_DECISION allow tx=0x7b0fc6ae32a44b1632f88c5f54f4f60a3ec22da942382532ba504c4571c72f6a calls=1
[m[2m2026-09-14 22:52:43.423+0200[m[2m | [m[2mEthScheduler-BlockCreation-1-3[m[2m | [m[32mINFO [m[2m | [m[2mApprovalSelector[m[2m | [m[32mOPS_APPROVAL_TIMING {"tx":"0x7b0fc6ae32a44b1632f88c5f54f4f60a3ec22da942382532ba504c4571c72f6a","mode":3,"calls":1,"gate_ns":27542}
[m[2m2026-09-14 22:52:43.423+0200[m[2m | [m[2mEthScheduler-BlockCreation-1-3[m[2m | [m[32mINFO [m[2m | [m[2mApprovalSelector[m[2m | [m[32mOPS_APPROVAL_DECISION allow tx=0xea31ad3f15d93de781f71b013eeeec1e03f5de77fa3daec5640aa27ad43cd400 calls=1
[m[2m2026-09-14 22:52:43.423+0200[m[2m | [m[2mEthScheduler-BlockCreation-1-3[m[2m | [m[32mINFO [m[2m | [m[2mApprovalSelector[m[2m | [m[32mOPS_APPROVAL_TIMING {"tx":"0xea31ad3f15d93de781f71b013eeeec1e03f5de77fa3daec5640aa27ad43cd400","mode":3,"calls":1,"gate_ns":30167}
[m[2m2026-09-14 22:52:43.423+0200[m[2m | [m[2mEthScheduler-BlockCreation-1-3[m[2m | [m[32mINFO [m[2m | [m[2mApprovalSelector[m[2m | [m[32mOPS_APPROVAL_DECISION allow tx=0x5fce379d1d881884a79ba97e4ac71c93540646c484a19593ac5b68b986c92380 calls=1
[m[2m2026-09-14 22:52:43.423+0200[m[2m | [m[2mEthScheduler-BlockCreation-1-3[m[2m | [m[32mINFO [m[2m | [m[2mApprovalSelector[m[2m | [m[32mOPS_APPROVAL_TIMING {"tx":"0x5fce379d1d881884a79ba97e4ac71c93540646c484a19593ac5b68b986c92380","mode":3,"calls":1,"gate_ns":24707}
[m[2m2026-09-14 22:52:43.423+0200[m[2m | [m[2mEthScheduler-BlockCreation-1-3[m[2m | [m[32mINFO [m[2m | [m[2mApprovalSelector[m[2m | [m[32mOPS_APPROVAL_DECISION allow tx=0x680a7ff34902b6c126b2afd3844de39fb2d01b0ab31bde5f8c307561c9d0e946 calls=1
[m[2m2026-09-14 22:52:43.424+0200[m[2m | [m[2mEthScheduler-BlockCreation-1-3[m[2m | [m[32mINFO [m[2m | [m[2mApprovalSelector[m[2m | [m[32mOPS_APPROVAL_TIMING {"tx":"0x680a7ff34902b6c126b2afd3844de39fb2d01b0ab31bde5f8c307561c9d0e946","mode":3,"calls":1,"gate_ns":16417}
[m[2m2026-09-14 22:52:43.424+0200[m[2m | [m[2mEthScheduler-BlockCreation-1-3[m[2m | [m[32mINFO [m[2m | [m[2mApprovalSelector[m[2m | [m[32mOPS_APPROVAL_DECISION allow tx=0xa5e85fd4ce293afa83d1de2a36593142bfa33d331d636dabda8a7f980adeed2d calls=1
[m[2m2026-09-14 22:52:43.424+0200[m[2m | [m[2mEthScheduler-BlockCreation-1-3[m[2m | [m[32mINFO [m[2m | [m[2mApprovalSelector[m[2m | [m[32mOPS_APPROVAL_TIMING {"tx":"0xa5e85fd4ce293afa83d1de2a36593142bfa33d331d636dabda8a7f980adeed2d","mode":3,"calls":1,"gate_ns":24874}
[m[2m2026-09-14 22:52:43.424+0200[m[2m | [m[2mEthScheduler-BlockCreation-1-3[m[2m | [m[32mINFO [m[2m | [m[2mApprovalSelector[m[2m | [m[32mOPS_APPROVAL_DECISION allow tx=0xba8e94eb484c4db95061f8912fed0808100a83f6bb31248482acdbef5f37bb01 calls=1
[m[2m2026-09-14 22:52:43.424+0200[m[2m | [m[2mEthScheduler-BlockCreation-1-3[m[2m | [m[32mINFO [m[2m | [m[2mApprovalSelector[m[2m | [m[32mOPS_APPROVAL_TIMING {"tx":"0xba8e94eb484c4db95061f8912fed0808100a83f6bb31248482acdbef5f37bb01","mode":3,"calls":1,"gate_ns":32583}
[m[2m2026-09-14 22:52:43.424+0200[m[2m | [m[2mEthScheduler-BlockCreation-1-3[m[2m | [m[32mINFO [m[2m | [m[2mApprovalSelector[m[2m | [m[32mOPS_APPROVAL_DECISION allow tx=0x996b77f9301c514b6e59361ff0ab9a0faa4188f17642871169a51d311726b59e calls=1
[m[2m2026-09-14 22:52:43.424+0200[m[2m | [m[2mEthScheduler-BlockCreation-1-3[m[2m | [m[32mINFO [m[2m | [m[2mApprovalSelector[m[2m | [m[32mOPS_APPROVAL_TIMING {"tx":"0x996b77f9301c514b6e59361ff0ab9a0faa4188f17642871169a51d311726b59e","mode":3,"calls":1,"gate_ns":13834}
[m[2m2026-09-14 22:52:43.424+0200[m[2m | [m[2mEthScheduler-BlockCreation-1-3[m[2m | [m[32mINFO [m[2m | [m[2mApprovalSelector[m[2m | [m[32mOPS_APPROVAL_DECISION allow tx=0x62621c55c44f7ff3ce24efad6f0f230e1fe372a21193db00bc99b4280f58f12a calls=1
[m[2m2026-09-14 22:52:43.424+0200[m[2m | [m[2mEthScheduler-BlockCreation-1-3[m[2m | [m[32mINFO [m[2m | [m[2mApprovalSelector[m[2m | [m[32mOPS_APPROVAL_TIMING {"tx":"0x62621c55c44f7ff3ce24efad6f0f230e1fe372a21193db00bc99b4280f58f12a","mode":3,"calls":1,"gate_ns":19375}
[m[2m2026-09-14 22:52:43.424+0200[m[2m | [m[2mEthScheduler-BlockCreation-1-3[m[2m | [m[32mINFO [m[2m | [m[2mApprovalSelector[m[2m | [m[32mOPS_APPROVAL_DECISION allow tx=0x5db28d99447056c7f941fba8e0716c2c615ce3dd2696f90d6133107b18759d4b calls=1
[m[2m2026-09-14 22:52:43.424+0200[m[2m | [m[2mEthScheduler-BlockCreation-1-3[m[2m | [m[32mINFO [m[2m | [m[2mApprovalSelector[m[2m | [m[32mOPS_APPROVAL_TIMING {"tx":"0x5db28d99447056c7f941fba8e0716c2c615ce3dd2696f90d6133107b18759d4b","mode":3,"calls":1,"gate_ns":14126}
[m[2m2026-09-14 22:52:43.424+0200[m[2m | [m[2mEthScheduler-BlockCreation-1-3[m[2m | [m[32mINFO [m[2m | [m[2mApprovalSelector[m[2m | [m[32mOPS_APPROVAL_DECISION allow tx=0x6b6c399c29af5fd16a1f0a7ebebbbb5a8f99d6713b8a18c65a4958bab7e92762 calls=1
[m[2m2026-09-14 22:52:43.424+0200[m[2m | [m[2mEthScheduler-BlockCreation-1-3[m[2m | [m[32mINFO [m[2m | [m[2mApprovalSelector[m[2m | [m[32mOPS_APPROVAL_TIMING {"tx":"0x6b6c399c29af5fd16a1f0a7ebebbbb5a8f99d6713b8a18c65a4958bab7e92762","mode":3,"calls":1,"gate_ns":18333}
[m[2m2026-09-14 22:52:43.424+0200[m[2m | [m[2mEthScheduler-BlockCreation-1-3[m[2m | [m[32mINFO [m[2m | [m[2mApprovalSelector[m[2m | [m[32mOPS_APPROVAL_DECISION allow tx=0x3671366739c46f40bbf0bea1739c296ccda5673fb2daddd121cdd8f0a97d253a calls=1
[m[2m2026-09-14 22:52:43.424+0200[m[2m | [m[2mEthScheduler-BlockCreation-1-3[m[2m | [m[32mINFO [m[2m | [m[2mApprovalSelector[m[2m | [m[32mOPS_APPROVAL_TIMING {"tx":"0x3671366739c46f40bbf0bea1739c296ccda5673fb2daddd121cdd8f0a97d253a","mode":3,"calls":1,"gate_ns":16708}
[m[2m2026-09-14 22:52:43.424+0200[m[2m | [m[2mEthScheduler-BlockCreation-1-3[m[2m | [m[32mINFO [m[2m | [m[2mApprovalSelector[m[2m | [m[32mOPS_APPROVAL_DECISION allow tx=0xeacdf75e02a712714bacd350395d59b1bba808b31e3682999ee3b2c5be568e8b calls=1
[m[2m2026-09-14 22:52:43.424+0200[m[2m | [m[2mEthScheduler-BlockCreation-1-3[m[2m | [m[32mINFO [m[2m | [m[2mApprovalSelector[m[2m | [m[32mOPS_APPROVAL_TIMING {"tx":"0xeacdf75e02a712714bacd350395d59b1bba808b31e3682999ee3b2c5be568e8b","mode":3,"calls":1,"gate_ns":13792}
[m[2m2026-09-14 22:52:43.424+0200[m[2m | [m[2mEthScheduler-BlockCreation-1-3[m[2m | [m[32mINFO [m[2m | [m[2mApprovalSelector[m[2m | [m[32mOPS_APPROVAL_DECISION allow tx=0x3c1a0f4e93c22345d3ba43d83fd94ba6427c000dc1de83a1f01fd37d7f51bbe8 calls=1
[m[2m2026-09-14 22:52:43.424+0200[m[2m | [m[2mEthScheduler-BlockCreation-1-3[m[2m | [m[32mINFO [m[2m | [m[2mApprovalSelector[m[2m | [m[32mOPS_APPROVAL_TIMING {"tx":"0x3c1a0f4e93c22345d3ba43d83fd94ba6427c000dc1de83a1f01fd37d7f51bbe8","mode":3,"calls":1,"gate_ns":14583}
[m[2m2026-09-14 22:52:43.424+0200[m[2m | [m[2mEthScheduler-BlockCreation-1-3[m[2m | [m[32mINFO [m[2m | [m[2mApprovalSelector[m[2m | [m[32mOPS_APPROVAL_DECISION allow tx=0x027bf69ad769eb2b4ae75e40da76756009cad5f1821f7f2ef15ad1a04fea7880 calls=1
[m[2m2026-09-14 22:52:43.424+0200[m[2m | [m[2mEthScheduler-BlockCreation-1-3[m[2m | [m[32mINFO [m[2m | [m[2mApprovalSelector[m[2m | [m[32mOPS_APPROVAL_TIMING {"tx":"0x027bf69ad769eb2b4ae75e40da76756009cad5f1821f7f2ef15ad1a04fea7880","mode":3,"calls":1,"gate_ns":13333}
[m[2m2026-09-14 22:52:43.424+0200[m[2m | [m[2mEthScheduler-BlockCreation-1-3[m[2m | [m[32mINFO [m[2m | [m[2mApprovalSelector[m[2m | [m[32mOPS_APPROVAL_DECISION allow tx=0x0f4b145b7c5ee26374bb9017946e6134b07b793709328ea42871022fc8003b03 calls=1
[m[2m2026-09-14 22:52:43.424+0200[m[2m | [m[2mEthScheduler-BlockCreation-1-3[m[2m | [m[32mINFO [m[2m | [m[2mApprovalSelector[m[2m | [m[32mOPS_APPROVAL_TIMING {"tx":"0x0f4b145b7c5ee26374bb9017946e6134b07b793709328ea42871022fc8003b03","mode":3,"calls":1,"gate_ns":15334}
[m[2m2026-09-14 22:52:43.424+0200[m[2m | [m[2mEthScheduler-BlockCreation-1-3[m[2m | [m[32mINFO [m[2m | [m[2mApprovalSelector[m[2m | [m[32mOPS_APPROVAL_DECISION allow tx=0xdf016d8275b85fd6e3b5df943b2b294d82ed7cfdf289d8a8c80065d0f35b68b3 calls=1
[m[2m2026-09-14 22:52:43.424+0200[m[2m | [m[2mEthScheduler-BlockCreation-1-3[m[2m | [m[32mINFO [m[2m | [m[2mApprovalSelector[m[2m | [m[32mOPS_APPROVAL_TIMING {"tx":"0xdf016d8275b85fd6e3b5df943b2b294d82ed7cfdf289d8a8c80065d0f35b68b3","mode":3,"calls":1,"gate_ns":15916}
[m[2m2026-09-14 22:52:43.424+0200[m[2m | [m[2mEthScheduler-BlockCreation-1-3[m[2m | [m[32mINFO [m[2m | [m[2mApprovalSelector[m[2m | [m[32mOPS_APPROVAL_DECISION allow tx=0xf1d8f27ac3941a9a47e04b5e0d57a56a66dee0efc3303a71acfaa935dad90fca calls=1
[m[2m2026-09-14 22:52:43.424+0200[m[2m | [m[2mEthScheduler-BlockCreation-1-3[m[2m | [m[32mINFO [m[2m | [m[2mApprovalSelector[m[2m | [m[32mOPS_APPROVAL_TIMING {"tx":"0xf1d8f27ac3941a9a47e04b5e0d57a56a66dee0efc3303a71acfaa935dad90fca","mode":3,"calls":1,"gate_ns":13583}
[m[2m2026-09-14 22:52:43.425+0200[m[2m | [m[2mEthScheduler-BlockCreation-1-3[m[2m | [m[32mINFO [m[2m | [m[2mApprovalSelector[m[2m | [m[32mOPS_APPROVAL_DECISION allow tx=0xff03c6071c4daed4a333dc224ba494a305700d0865e4e84fa0b9ee8f4dd00472 calls=1
[m[2m2026-09-14 22:52:43.425+0200[m[2m | [m[2mEthScheduler-BlockCreation-1-3[m[2m | [m[32mINFO [m[2m | [m[2mApprovalSelector[m[2m | [m[32mOPS_APPROVAL_TIMING {"tx":"0xff03c6071c4daed4a333dc224ba494a305700d0865e4e84fa0b9ee8f4dd00472","mode":3,"calls":1,"gate_ns":25292}
[m[2m2026-09-14 22:52:43.425+0200[m[2m | [m[2mEthScheduler-BlockCreation-1-3[m[2m | [m[32mINFO [m[2m | [m[2mApprovalSelector[m[2m | [m[32mOPS_APPROVAL_DECISION allow tx=0x8c60932ae2a1cf06e8573881a613c38e9b39a466f3189aca9d3854fd9a01b9a5 calls=1
[m[2m2026-09-14 22:52:43.425+0200[m[2m | [m[2mEthScheduler-BlockCreation-1-3[m[2m | [m[32mINFO [m[2m | [m[2mApprovalSelector[m[2m | [m[32mOPS_APPROVAL_TIMING {"tx":"0x8c60932ae2a1cf06e8573881a613c38e9b39a466f3189aca9d3854fd9a01b9a5","mode":3,"calls":1,"gate_ns":13417}
[m[2m2026-09-14 22:52:43.425+0200[m[2m | [m[2mEthScheduler-BlockCreation-1-3[m[2m | [m[32mINFO [m[2m | [m[2mApprovalSelector[m[2m | [m[32mOPS_APPROVAL_DECISION allow tx=0x478c144bc640e5cdd786e038e78dce042cf62412a827444b82b1cb028cfac77e calls=1
[m[2m2026-09-14 22:52:43.425+0200[m[2m | [m[2mEthScheduler-BlockCreation-1-3[m[2m | [m[32mINFO [m[2m | [m[2mApprovalSelector[m[2m | [m[32mOPS_APPROVAL_TIMING {"tx":"0x478c144bc640e5cdd786e038e78dce042cf62412a827444b82b1cb028cfac77e","mode":3,"calls":1,"gate_ns":47291}
[m[2m2026-09-14 22:52:43.425+0200[m[2m | [m[2mEthScheduler-BlockCreation-1-3[m[2m | [m[32mINFO [m[2m | [m[2mApprovalSelector[m[2m | [m[32mOPS_APPROVAL_DECISION allow tx=0xfad4490691f18d1ef24f516006770adfb1789c35931a304fd64ffeef1cec16a4 calls=1
[m[2m2026-09-14 22:52:43.425+0200[m[2m | [m[2mEthScheduler-BlockCreation-1-3[m[2m | [m[32mINFO [m[2m | [m[2mApprovalSelector[m[2m | [m[32mOPS_APPROVAL_TIMING {"tx":"0xfad4490691f18d1ef24f516006770adfb1789c35931a304fd64ffeef1cec16a4","mode":3,"calls":1,"gate_ns":98042}
[m[2m2026-09-14 22:52:43.425+0200[m[2m | [m[2mEthScheduler-BlockCreation-1-3[m[2m | [m[32mINFO [m[2m | [m[2mApprovalSelector[m[2m | [m[32mOPS_APPROVAL_DECISION allow tx=0xd2bb89206a1715977ea9f2ab9f823e3beecbdbb928ccde2744ba9bb084a9bea8 calls=1
[m[2m2026-09-14 22:52:43.425+0200[m[2m | [m[2mEthScheduler-BlockCreation-1-3[m[2m | [m[32mINFO [m[2m | [m[2mApprovalSelector[m[2m | [m[32mOPS_APPROVAL_TIMING {"tx":"0xd2bb89206a1715977ea9f2ab9f823e3beecbdbb928ccde2744ba9bb084a9bea8","mode":3,"calls":1,"gate_ns":35333}
[m[2m2026-09-14 22:52:43.425+0200[m[2m | [m[2mEthScheduler-BlockCreation-1-3[m[2m | [m[32mINFO [m[2m | [m[2mApprovalSelector[m[2m | [m[32mOPS_APPROVAL_DECISION allow tx=0x68c7b340ba0284b13afe59e1cf770a95ec02ef7563292917ee9388e223345fff calls=1
[m[2m2026-09-14 22:52:43.425+0200[m[2m | [m[2mEthScheduler-BlockCreation-1-3[m[2m | [m[32mINFO [m[2m | [m[2mApprovalSelector[m[2m | [m[32mOPS_APPROVAL_TIMING {"tx":"0x68c7b340ba0284b13afe59e1cf770a95ec02ef7563292917ee9388e223345fff","mode":3,"calls":1,"gate_ns":21208}
[m[2m2026-09-14 22:52:43.425+0200[m[2m | [m[2mEthScheduler-BlockCreation-1-3[m[2m | [m[32mINFO [m[2m | [m[2mApprovalSelector[m[2m | [m[32mOPS_APPROVAL_DECISION allow tx=0xb3b00d6ff774b047141c2ed8562f49b87983eea3781c5753f5971282628ff194 calls=1
[m[2m2026-09-14 22:52:43.425+0200[m[2m | [m[2mEthScheduler-BlockCreation-1-3[m[2m | [m[32mINFO [m[2m | [m[2mApprovalSelector[m[2m | [m[32mOPS_APPROVAL_TIMING {"tx":"0xb3b00d6ff774b047141c2ed8562f49b87983eea3781c5753f5971282628ff194","mode":3,"calls":1,"gate_ns":38333}
[m[2m2026-09-14 22:52:43.425+0200[m[2m | [m[2mEthScheduler-BlockCreation-1-3[m[2m | [m[32mINFO [m[2m | [m[2mApprovalSelector[m[2m | [m[32mOPS_APPROVAL_DECISION allow tx=0xb4a3509414eef4018c3e2554137855fc461f63627f9ea0b5cae66c9919336e3c calls=1
[m[2m2026-09-14 22:52:43.426+0200[m[2m | [m[2mEthScheduler-BlockCreation-1-3[m[2m | [m[32mINFO [m[2m | [m[2mApprovalSelector[m[2m | [m[32mOPS_APPROVAL_TIMING {"tx":"0xb4a3509414eef4018c3e2554137855fc461f63627f9ea0b5cae66c9919336e3c","mode":3,"calls":1,"gate_ns":15333}
[m[2m2026-09-14 22:52:43.426+0200[m[2m | [m[2mEthScheduler-BlockCreation-1-3[m[2m | [m[32mINFO [m[2m | [m[2mApprovalSelector[m[2m | [m[32mOPS_APPROVAL_DECISION allow tx=0xf16acda47c9ecf944a06066dda85b2b7cda0488e3744eb45db35ba690de19a6d calls=1
[m[2m2026-09-14 22:52:43.426+0200[m[2m | [m[2mEthScheduler-BlockCreation-1-3[m[2m | [m[32mINFO [m[2m | [m[2mApprovalSelector[m[2m | [m[32mOPS_APPROVAL_TIMING {"tx":"0xf16acda47c9ecf944a06066dda85b2b7cda0488e3744eb45db35ba690de19a6d","mode":3,"calls":1,"gate_ns":14042}
[m[2m2026-09-14 22:52:43.426+0200[m[2m | [m[2mEthScheduler-BlockCreation-1-3[m[2m | [m[32mINFO [m[2m | [m[2mApprovalSelector[m[2m | [m[32mOPS_APPROVAL_DECISION allow tx=0x98c218a0e23dad843b62900ca1d087d0ace2b6b246d7c15230d28126291b5b25 calls=1
[m[2m2026-09-14 22:52:43.426+0200[m[2m | [m[2mEthScheduler-BlockCreation-1-3[m[2m | [m[32mINFO [m[2m | [m[2mApprovalSelector[m[2m | [m[32mOPS_APPROVAL_TIMING {"tx":"0x98c218a0e23dad843b62900ca1d087d0ace2b6b246d7c15230d28126291b5b25","mode":3,"calls":1,"gate_ns":43416}
[m[2m2026-09-14 22:52:43.426+0200[m[2m | [m[2mEthScheduler-BlockCreation-1-3[m[2m | [m[32mINFO [m[2m | [m[2mApprovalSelector[m[2m | [m[32mOPS_APPROVAL_DECISION allow tx=0x30780b45547b8b81fe235b706aaf1dc3ca593b7b436a0df812e19eb1f936e09d calls=1
[m[2m2026-09-14 22:52:43.426+0200[m[2m | [m[2mEthScheduler-BlockCreation-1-3[m[2m | [m[32mINFO [m[2m | [m[2mApprovalSelector[m[2m | [m[32mOPS_APPROVAL_TIMING {"tx":"0x30780b45547b8b81fe235b706aaf1dc3ca593b7b436a0df812e19eb1f936e09d","mode":3,"calls":1,"gate_ns":20168}
[m[2m2026-09-14 22:52:43.426+0200[m[2m | [m[2mEthScheduler-BlockCreation-1-3[m[2m | [m[32mINFO [m[2m | [m[2mApprovalSelector[m[2m | [m[32mOPS_APPROVAL_DECISION allow tx=0x2fa5978b7603103a3c2a44e743e457236d1f023804765d8bc8e97ae5fce43653 calls=1
[m[2m2026-09-14 22:52:43.426+0200[m[2m | [m[2mEthScheduler-BlockCreation-1-3[m[2m | [m[32mINFO [m[2m | [m[2mApprovalSelector[m[2m | [m[32mOPS_APPROVAL_TIMING {"tx":"0x2fa5978b7603103a3c2a44e743e457236d1f023804765d8bc8e97ae5fce43653","mode":3,"calls":1,"gate_ns":16709}
[m[2m2026-09-14 22:52:43.426+0200[m[2m | [m[2mEthScheduler-BlockCreation-1-3[m[2m | [m[32mINFO [m[2m | [m[2mApprovalSelector[m[2m | [m[32mOPS_APPROVAL_DECISION allow tx=0x94ee5f5d12428e5e988fa63bf472c1a83b2e4c382fcb9cb7ae9f3ae5b4b04d20 calls=1
[m[2m2026-09-14 22:52:43.426+0200[m[2m | [m[2mEthScheduler-BlockCreation-1-3[m[2m | [m[32mINFO [m[2m | [m[2mApprovalSelector[m[2m | [m[32mOPS_APPROVAL_TIMING {"tx":"0x94ee5f5d12428e5e988fa63bf472c1a83b2e4c382fcb9cb7ae9f3ae5b4b04d20","mode":3,"calls":1,"gate_ns":22375}
[m[2m2026-09-14 22:52:43.426+0200[m[2m | [m[2mEthScheduler-BlockCreation-1-3[m[2m | [m[32mINFO [m[2m | [m[2mApprovalSelector[m[2m | [m[32mOPS_APPROVAL_DECISION allow tx=0x3008c7b9d0e93574bae1ccd63f7420ce040a4a715ddcb181a0a3ede149e08a4e calls=1
[m[2m2026-09-14 22:52:43.426+0200[m[2m | [m[2mEthScheduler-BlockCreation-1-3[m[2m | [m[32mINFO [m[2m | [m[2mApprovalSelector[m[2m | [m[32mOPS_APPROVAL_TIMING {"tx":"0x3008c7b9d0e93574bae1ccd63f7420ce040a4a715ddcb181a0a3ede149e08a4e","mode":3,"calls":1,"gate_ns":15084}
[m[2m2026-09-14 22:52:43.426+0200[m[2m | [m[2mEthScheduler-BlockCreation-1-3[m[2m | [m[32mINFO [m[2m | [m[2mApprovalSelector[m[2m | [m[32mOPS_APPROVAL_DECISION allow tx=0xa369c72206a9383133e5bb990abdfd0f1bb0e31c3514e6a697296a8481e99445 calls=1
[m[2m2026-09-14 22:52:43.426+0200[m[2m | [m[2mEthScheduler-BlockCreation-1-3[m[2m | [m[32mINFO [m[2m | [m[2mApprovalSelector[m[2m | [m[32mOPS_APPROVAL_TIMING {"tx":"0xa369c72206a9383133e5bb990abdfd0f1bb0e31c3514e6a697296a8481e99445","mode":3,"calls":1,"gate_ns":14500}
[m[2m2026-09-14 22:52:43.426+0200[m[2m | [m[2mEthScheduler-BlockCreation-1-3[m[2m | [m[32mINFO [m[2m | [m[2mApprovalSelector[m[2m | [m[32mOPS_APPROVAL_DECISION allow tx=0x737af4e3b4c24ad69ceb708626962781be992acf459e232c223e1fbf9ff45990 calls=1
[m[2m2026-09-14 22:52:43.426+0200[m[2m | [m[2mEthScheduler-BlockCreation-1-3[m[2m | [m[32mINFO [m[2m | [m[2mApprovalSelector[m[2m | [m[32mOPS_APPROVAL_TIMING {"tx":"0x737af4e3b4c24ad69ceb708626962781be992acf459e232c223e1fbf9ff45990","mode":3,"calls":1,"gate_ns":14375}
[m[2m2026-09-14 22:52:43.426+0200[m[2m | [m[2mEthScheduler-BlockCreation-1-3[m[2m | [m[32mINFO [m[2m | [m[2mApprovalSelector[m[2m | [m[32mOPS_APPROVAL_DECISION allow tx=0x6a18220e3ddebe701533828a2be2d0060c8aba1cf1e2deeb8ce87d0d06071bdd calls=1
[m[2m2026-09-14 22:52:43.426+0200[m[2m | [m[2mEthScheduler-BlockCreation-1-3[m[2m | [m[32mINFO [m[2m | [m[2mApprovalSelector[m[2m | [m[32mOPS_APPROVAL_TIMING {"tx":"0x6a18220e3ddebe701533828a2be2d0060c8aba1cf1e2deeb8ce87d0d06071bdd","mode":3,"calls":1,"gate_ns":13833}
[m[2m2026-09-14 22:52:43.426+0200[m[2m | [m[2mEthScheduler-BlockCreation-1-3[m[2m | [m[32mINFO [m[2m | [m[2mApprovalSelector[m[2m | [m[32mOPS_APPROVAL_DECISION allow tx=0x841ee0bc00d7bd2eefcf4b398df896fdb5f4c9052fe6e7141a446af4376b3f01 calls=1
[m[2m2026-09-14 22:52:43.426+0200[m[2m | [m[2mEthScheduler-BlockCreation-1-3[m[2m | [m[32mINFO [m[2m | [m[2mApprovalSelector[m[2m | [m[32mOPS_APPROVAL_TIMING {"tx":"0x841ee0bc00d7bd2eefcf4b398df896fdb5f4c9052fe6e7141a446af4376b3f01","mode":3,"calls":1,"gate_ns":17124}
[m[2m2026-09-14 22:52:43.426+0200[m[2m | [m[2mEthScheduler-BlockCreation-1-3[m[2m | [m[32mINFO [m[2m | [m[2mApprovalSelector[m[2m | [m[32mOPS_APPROVAL_DECISION allow tx=0xfaf11fdac70cadd5d7114f022e2f243f7e6d43a5fb46b5519a5937833a79cd83 calls=1
[m[2m2026-09-14 22:52:43.426+0200[m[2m | [m[2mEthScheduler-BlockCreation-1-3[m[2m | [m[32mINFO [m[2m | [m[2mApprovalSelector[m[2m | [m[32mOPS_APPROVAL_TIMING {"tx":"0xfaf11fdac70cadd5d7114f022e2f243f7e6d43a5fb46b5519a5937833a79cd83","mode":3,"calls":1,"gate_ns":14416}
[m[2m2026-09-14 22:52:43.426+0200[m[2m | [m[2mEthScheduler-BlockCreation-1-3[m[2m | [m[32mINFO [m[2m | [m[2mApprovalSelector[m[2m | [m[32mOPS_APPROVAL_DECISION allow tx=0x58949e9072a35a6ad967583f219293575784c3958a27ddb52c34b5291f2c57e9 calls=1
[m[2m2026-09-14 22:52:43.426+0200[m[2m | [m[2mEthScheduler-BlockCreation-1-3[m[2m | [m[32mINFO [m[2m | [m[2mApprovalSelector[m[2m | [m[32mOPS_APPROVAL_TIMING {"tx":"0x58949e9072a35a6ad967583f219293575784c3958a27ddb52c34b5291f2c57e9","mode":3,"calls":1,"gate_ns":13750}
[m[2m2026-09-14 22:52:43.427+0200[m[2m | [m[2mEthScheduler-BlockCreation-1-3[m[2m | [m[32mINFO [m[2m | [m[2mApprovalSelector[m[2m | [m[32mOPS_APPROVAL_DECISION allow tx=0xbb5d466639242842167bf9fbffbcbc1933830065920099cd66248d805001855e calls=1
[m[2m2026-09-14 22:52:43.427+0200[m[2m | [m[2mEthScheduler-BlockCreation-1-3[m[2m | [m[32mINFO [m[2m | [m[2mApprovalSelector[m[2m | [m[32mOPS_APPROVAL_TIMING {"tx":"0xbb5d466639242842167bf9fbffbcbc1933830065920099cd66248d805001855e","mode":3,"calls":1,"gate_ns":16584}
[m[2m2026-09-14 22:52:43.427+0200[m[2m | [m[2mEthScheduler-BlockCreation-1-3[m[2m | [m[32mINFO [m[2m | [m[2mApprovalSelector[m[2m | [m[32mOPS_APPROVAL_DECISION allow tx=0xe2e3df0f97871dc7bd1e54f93de66acc352616e748ea152c0f56a4a5e1f487a3 calls=1
[m[2m2026-09-14 22:52:43.427+0200[m[2m | [m[2mEthScheduler-BlockCreation-1-3[m[2m | [m[32mINFO [m[2m | [m[2mApprovalSelector[m[2m | [m[32mOPS_APPROVAL_TIMING {"tx":"0xe2e3df0f97871dc7bd1e54f93de66acc352616e748ea152c0f56a4a5e1f487a3","mode":3,"calls":1,"gate_ns":15084}
[m[2m2026-09-14 22:52:43.427+0200[m[2m | [m[2mEthScheduler-BlockCreation-1-3[m[2m | [m[32mINFO [m[2m | [m[2mApprovalSelector[m[2m | [m[32mOPS_APPROVAL_DECISION allow tx=0x8c9dcaeb13fdcb8d9cf3dcb2a9557c6ad110398541401f5765d6c9d42a9b34e1 calls=1
[m[2m2026-09-14 22:52:43.427+0200[m[2m | [m[2mEthScheduler-BlockCreation-1-3[m[2m | [m[32mINFO [m[2m | [m[2mApprovalSelector[m[2m | [m[32mOPS_APPROVAL_TIMING {"tx":"0x8c9dcaeb13fdcb8d9cf3dcb2a9557c6ad110398541401f5765d6c9d42a9b34e1","mode":3,"calls":1,"gate_ns":13666}
[m[2m2026-09-14 22:52:43.427+0200[m[2m | [m[2mEthScheduler-BlockCreation-1-3[m[2m | [m[32mINFO [m[2m | [m[2mApprovalSelector[m[2m | [m[32mOPS_APPROVAL_DECISION allow tx=0xebfde3406ea90f1caecb166344edaacdc288e265cf2f62b6c2a530a9e4c15b7b calls=1
[m[2m2026-09-14 22:52:43.427+0200[m[2m | [m[2mEthScheduler-BlockCreation-1-3[m[2m | [m[32mINFO [m[2m | [m[2mApprovalSelector[m[2m | [m[32mOPS_APPROVAL_TIMING {"tx":"0xebfde3406ea90f1caecb166344edaacdc288e265cf2f62b6c2a530a9e4c15b7b","mode":3,"calls":1,"gate_ns":13834}
[m[2m2026-09-14 22:52:43.427+0200[m[2m | [m[2mEthScheduler-BlockCreation-1-3[m[2m | [m[32mINFO [m[2m | [m[2mApprovalSelector[m[2m | [m[32mOPS_APPROVAL_DECISION allow tx=0x82a73e08a3efc0455249fcb42aa990163d9577827a5e1e22de744afd1a26e936 calls=1
[m[2m2026-09-14 22:52:43.427+0200[m[2m | [m[2mEthScheduler-BlockCreation-1-3[m[2m | [m[32mINFO [m[2m | [m[2mApprovalSelector[m[2m | [m[32mOPS_APPROVAL_TIMING {"tx":"0x82a73e08a3efc0455249fcb42aa990163d9577827a5e1e22de744afd1a26e936","mode":3,"calls":1,"gate_ns":15500}
[m[2m2026-09-14 22:52:43.427+0200[m[2m | [m[2mEthScheduler-BlockCreation-1-3[m[2m | [m[32mINFO [m[2m | [m[2mApprovalSelector[m[2m | [m[32mOPS_APPROVAL_DECISION allow tx=0x574b6ad510a58e03431a3210fc1e98ab9c6cdb186b7e5dcef420459805231017 calls=1
[m[2m2026-09-14 22:52:43.427+0200[m[2m | [m[2mEthScheduler-BlockCreation-1-3[m[2m | [m[32mINFO [m[2m | [m[2mApprovalSelector[m[2m | [m[32mOPS_APPROVAL_TIMING {"tx":"0x574b6ad510a58e03431a3210fc1e98ab9c6cdb186b7e5dcef420459805231017","mode":3,"calls":1,"gate_ns":14209}
[m[2m2026-09-14 22:52:43.427+0200[m[2m | [m[2mEthScheduler-BlockCreation-1-3[m[2m | [m[32mINFO [m[2m | [m[2mApprovalSelector[m[2m | [m[32mOPS_APPROVAL_DECISION allow tx=0x3e27dd61fa4d4a989c823bf7b80ba6ec34edc36db76df7c24d498d0c42f21bb1 calls=1
[m[2m2026-09-14 22:52:43.427+0200[m[2m | [m[2mEthScheduler-BlockCreation-1-3[m[2m | [m[32mINFO [m[2m | [m[2mApprovalSelector[m[2m | [m[32mOPS_APPROVAL_TIMING {"tx":"0x3e27dd61fa4d4a989c823bf7b80ba6ec34edc36db76df7c24d498d0c42f21bb1","mode":3,"calls":1,"gate_ns":13624}
[m[2m2026-09-14 22:52:43.427+0200[m[2m | [m[2mEthScheduler-BlockCreation-1-3[m[2m | [m[32mINFO [m[2m | [m[2mApprovalSelector[m[2m | [m[32mOPS_APPROVAL_DECISION allow tx=0xaf7bfb9477e418818c20fbe06af49ba640da575254a8d1e0723bc57a06a9f94e calls=1
[m[2m2026-09-14 22:52:43.427+0200[m[2m | [m[2mEthScheduler-BlockCreation-1-3[m[2m | [m[32mINFO [m[2m | [m[2mApprovalSelector[m[2m | [m[32mOPS_APPROVAL_TIMING {"tx":"0xaf7bfb9477e418818c20fbe06af49ba640da575254a8d1e0723bc57a06a9f94e","mode":3,"calls":1,"gate_ns":18917}
[m[2m2026-09-14 22:52:43.427+0200[m[2m | [m[2mEthScheduler-BlockCreation-1-3[m[2m | [m[32mINFO [m[2m | [m[2mApprovalSelector[m[2m | [m[32mOPS_APPROVAL_DECISION allow tx=0xe1bd90570bd88a8e6b8ffffd731febddf39977d9a915610317253fa19f67aa64 calls=1
[m[2m2026-09-14 22:52:43.427+0200[m[2m | [m[2mEthScheduler-BlockCreation-1-3[m[2m | [m[32mINFO [m[2m | [m[2mApprovalSelector[m[2m | [m[32mOPS_APPROVAL_TIMING {"tx":"0xe1bd90570bd88a8e6b8ffffd731febddf39977d9a915610317253fa19f67aa64","mode":3,"calls":1,"gate_ns":13542}
[m[2m2026-09-14 22:52:43.427+0200[m[2m | [m[2mEthScheduler-BlockCreation-1-3[m[2m | [m[32mINFO [m[2m | [m[2mApprovalSelector[m[2m | [m[32mOPS_APPROVAL_DECISION allow tx=0xb36e268d90a547769662895dea7dab276d8e7f4e1d503194670cf094e7674107 calls=1
[m[2m2026-09-14 22:52:43.427+0200[m[2m | [m[2mEthScheduler-BlockCreation-1-3[m[2m | [m[32mINFO [m[2m | [m[2mApprovalSelector[m[2m | [m[32mOPS_APPROVAL_TIMING {"tx":"0xb36e268d90a547769662895dea7dab276d8e7f4e1d503194670cf094e7674107","mode":3,"calls":1,"gate_ns":12501}
[m[2m2026-09-14 22:52:43.427+0200[m[2m | [m[2mEthScheduler-BlockCreation-1-3[m[2m | [m[32mINFO [m[2m | [m[2mApprovalSelector[m[2m | [m[32mOPS_APPROVAL_DECISION allow tx=0x3f20e15b6f08c2f2e458ae0d9eddbf48c6e1b65e095610e3a19cbc6b6f6bc850 calls=1
[m[2m2026-09-14 22:52:43.427+0200[m[2m | [m[2mEthScheduler-BlockCreation-1-3[m[2m | [m[32mINFO [m[2m | [m[2mApprovalSelector[m[2m | [m[32mOPS_APPROVAL_TIMING {"tx":"0x3f20e15b6f08c2f2e458ae0d9eddbf48c6e1b65e095610e3a19cbc6b6f6bc850","mode":3,"calls":1,"gate_ns":13291}
[m[2m2026-09-14 22:52:43.427+0200[m[2m | [m[2mEthScheduler-BlockCreation-1-3[m[2m | [m[32mINFO [m[2m | [m[2mApprovalSelector[m[2m | [m[32mOPS_APPROVAL_DECISION allow tx=0x43eaa46058c03bd67d16d0ec0582b0ef996caf8821faeaad6725bb59efe46ccf calls=1
[m[2m2026-09-14 22:52:43.427+0200[m[2m | [m[2mEthScheduler-BlockCreation-1-3[m[2m | [m[32mINFO [m[2m | [m[2mApprovalSelector[m[2m | [m[32mOPS_APPROVAL_TIMING {"tx":"0x43eaa46058c03bd67d16d0ec0582b0ef996caf8821faeaad6725bb59efe46ccf","mode":3,"calls":1,"gate_ns":12750}
[m[2m2026-09-14 22:52:43.427+0200[m[2m | [m[2mEthScheduler-BlockCreation-1-3[m[2m | [m[32mINFO [m[2m | [m[2mApprovalSelector[m[2m | [m[32mOPS_APPROVAL_DECISION allow tx=0x1a078cd9019c6c9b0d3d3d3b504113fca91a23d6e517f3610aa50cb95d1d25c2 calls=1
[m[2m2026-09-14 22:52:43.427+0200[m[2m | [m[2mEthScheduler-BlockCreation-1-3[m[2m | [m[32mINFO [m[2m | [m[2mApprovalSelector[m[2m | [m[32mOPS_APPROVAL_TIMING {"tx":"0x1a078cd9019c6c9b0d3d3d3b504113fca91a23d6e517f3610aa50cb95d1d25c2","mode":3,"calls":1,"gate_ns":13000}
[m[2m2026-09-14 22:52:43.427+0200[m[2m | [m[2mEthScheduler-BlockCreation-1-3[m[2m | [m[32mINFO [m[2m | [m[2mApprovalSelector[m[2m | [m[32mOPS_APPROVAL_DECISION allow tx=0xc73836b08ab941b395d3e658d6e92fced1203f81f123768883e397f5ad12bd5b calls=1
[m[2m2026-09-14 22:52:43.427+0200[m[2m | [m[2mEthScheduler-BlockCreation-1-3[m[2m | [m[32mINFO [m[2m | [m[2mApprovalSelector[m[2m | [m[32mOPS_APPROVAL_TIMING {"tx":"0xc73836b08ab941b395d3e658d6e92fced1203f81f123768883e397f5ad12bd5b","mode":3,"calls":1,"gate_ns":14542}
[m[2m2026-09-14 22:52:43.427+0200[m[2m | [m[2mEthScheduler-BlockCreation-1-3[m[2m | [m[32mINFO [m[2m | [m[2mApprovalSelector[m[2m | [m[32mOPS_APPROVAL_DECISION allow tx=0x710eb9985da5305c2d9750cb37654f9a0a6819b949dff5e62f23b31d5ec60439 calls=1
[m[2m2026-09-14 22:52:43.427+0200[m[2m | [m[2mEthScheduler-BlockCreation-1-3[m[2m | [m[32mINFO [m[2m | [m[2mApprovalSelector[m[2m | [m[32mOPS_APPROVAL_TIMING {"tx":"0x710eb9985da5305c2d9750cb37654f9a0a6819b949dff5e62f23b31d5ec60439","mode":3,"calls":1,"gate_ns":12959}
[m[2m2026-09-14 22:52:43.428+0200[m[2m | [m[2mEthScheduler-BlockCreation-1-3[m[2m | [m[32mINFO [m[2m | [m[2mApprovalSelector[m[2m | [m[32mOPS_APPROVAL_DECISION allow tx=0x6545b9528007dd0aa4702239771b41bf36014570ce566aa394c9ae1c9673d95c calls=1
[m[2m2026-09-14 22:52:43.428+0200[m[2m | [m[2mEthScheduler-BlockCreation-1-3[m[2m | [m[32mINFO [m[2m | [m[2mApprovalSelector[m[2m | [m[32mOPS_APPROVAL_TIMING {"tx":"0x6545b9528007dd0aa4702239771b41bf36014570ce566aa394c9ae1c9673d95c","mode":3,"calls":1,"gate_ns":14584}
[m[2m2026-09-14 22:52:43.428+0200[m[2m | [m[2mEthScheduler-BlockCreation-1-3[m[2m | [m[32mINFO [m[2m | [m[2mApprovalSelector[m[2m | [m[32mOPS_APPROVAL_DECISION allow tx=0x460b33dc599e73d82fa348cfdd52633a92810aea679435e196cee6bc3e60e800 calls=1
[m[2m2026-09-14 22:52:43.428+0200[m[2m | [m[2mEthScheduler-BlockCreation-1-3[m[2m | [m[32mINFO [m[2m | [m[2mApprovalSelector[m[2m | [m[32mOPS_APPROVAL_TIMING {"tx":"0x460b33dc599e73d82fa348cfdd52633a92810aea679435e196cee6bc3e60e800","mode":3,"calls":1,"gate_ns":16374}
[m[2m2026-09-14 22:52:43.428+0200[m[2m | [m[2mEthScheduler-BlockCreation-1-3[m[2m | [m[32mINFO [m[2m | [m[2mApprovalSelector[m[2m | [m[32mOPS_APPROVAL_DECISION allow tx=0xf65ff51b34508db10c447b2f7b7af14543ef00d195c3a257680f3625723b8bf8 calls=1
[m[2m2026-09-14 22:52:43.428+0200[m[2m | [m[2mEthScheduler-BlockCreation-1-3[m[2m | [m[32mINFO [m[2m | [m[2mApprovalSelector[m[2m | [m[32mOPS_APPROVAL_TIMING {"tx":"0xf65ff51b34508db10c447b2f7b7af14543ef00d195c3a257680f3625723b8bf8","mode":3,"calls":1,"gate_ns":15250}
[m[2m2026-09-14 22:52:43.428+0200[m[2m | [m[2mEthScheduler-BlockCreation-1-3[m[2m | [m[32mINFO [m[2m | [m[2mApprovalSelector[m[2m | [m[32mOPS_APPROVAL_DECISION allow tx=0xbd9136da33cc38184dc5f90b0f26bae760b09e60baf863e43c8bd8f720d5938c calls=1
[m[2m2026-09-14 22:52:43.428+0200[m[2m | [m[2mEthScheduler-BlockCreation-1-3[m[2m | [m[32mINFO [m[2m | [m[2mApprovalSelector[m[2m | [m[32mOPS_APPROVAL_TIMING {"tx":"0xbd9136da33cc38184dc5f90b0f26bae760b09e60baf863e43c8bd8f720d5938c","mode":3,"calls":1,"gate_ns":15500}
[m[2m2026-09-14 22:52:43.428+0200[m[2m | [m[2mEthScheduler-BlockCreation-1-3[m[2m | [m[32mINFO [m[2m | [m[2mApprovalSelector[m[2m | [m[32mOPS_APPROVAL_DECISION allow tx=0x2f8e5c775aebcb5372c191151f1ae110461550035858cd0254aa51c54336447d calls=1
[m[2m2026-09-14 22:52:43.428+0200[m[2m | [m[2mEthScheduler-BlockCreation-1-3[m[2m | [m[32mINFO [m[2m | [m[2mApprovalSelector[m[2m | [m[32mOPS_APPROVAL_TIMING {"tx":"0x2f8e5c775aebcb5372c191151f1ae110461550035858cd0254aa51c54336447d","mode":3,"calls":1,"gate_ns":15374}
[m[2m2026-09-14 22:52:43.428+0200[m[2m | [m[2mEthScheduler-BlockCreation-1-3[m[2m | [m[32mINFO [m[2m | [m[2mApprovalSelector[m[2m | [m[32mOPS_APPROVAL_DECISION allow tx=0x000ab8572c2253150258758f183995ea25628d1bf2bd902bafdccf8073e9d9d0 calls=1
[m[2m2026-09-14 22:52:43.428+0200[m[2m | [m[2mEthScheduler-BlockCreation-1-3[m[2m | [m[32mINFO [m[2m | [m[2mApprovalSelector[m[2m | [m[32mOPS_APPROVAL_TIMING {"tx":"0x000ab8572c2253150258758f183995ea25628d1bf2bd902bafdccf8073e9d9d0","mode":3,"calls":1,"gate_ns":13208}
[m[2m2026-09-14 22:52:43.428+0200[m[2m | [m[2mEthScheduler-BlockCreation-1-3[m[2m | [m[32mINFO [m[2m | [m[2mApprovalSelector[m[2m | [m[32mOPS_APPROVAL_DECISION allow tx=0x58f1c5c04816027b533eadd62c36dd3ce7ac99da52718a34a382b8114904602c calls=1
[m[2m2026-09-14 22:52:43.428+0200[m[2m | [m[2mEthScheduler-BlockCreation-1-3[m[2m | [m[32mINFO [m[2m | [m[2mApprovalSelector[m[2m | [m[32mOPS_APPROVAL_TIMING {"tx":"0x58f1c5c04816027b533eadd62c36dd3ce7ac99da52718a34a382b8114904602c","mode":3,"calls":1,"gate_ns":12917}
[m[2m2026-09-14 22:52:43.428+0200[m[2m | [m[2mEthScheduler-BlockCreation-1-3[m[2m | [m[32mINFO [m[2m | [m[2mApprovalSelector[m[2m | [m[32mOPS_APPROVAL_DECISION allow tx=0x2b8fe4e798d9127cd4b9bf89e14da24c19cd59280392247cc088ee8e4de42ac8 calls=1
[m[2m2026-09-14 22:52:43.428+0200[m[2m | [m[2mEthScheduler-BlockCreation-1-3[m[2m | [m[32mINFO [m[2m | [m[2mApprovalSelector[m[2m | [m[32mOPS_APPROVAL_TIMING {"tx":"0x2b8fe4e798d9127cd4b9bf89e14da24c19cd59280392247cc088ee8e4de42ac8","mode":3,"calls":1,"gate_ns":12709}
[m[2m2026-09-14 22:52:43.428+0200[m[2m | [m[2mEthScheduler-BlockCreation-1-3[m[2m | [m[32mINFO [m[2m | [m[2mApprovalSelector[m[2m | [m[32mOPS_APPROVAL_DECISION allow tx=0xf7420458cbe73ab487de5ef2d1290c55bda9edfc7fd0a39b85249ea7e5d0b15b calls=1
[m[2m2026-09-14 22:52:43.428+0200[m[2m | [m[2mEthScheduler-BlockCreation-1-3[m[2m | [m[32mINFO [m[2m | [m[2mApprovalSelector[m[2m | [m[32mOPS_APPROVAL_TIMING {"tx":"0xf7420458cbe73ab487de5ef2d1290c55bda9edfc7fd0a39b85249ea7e5d0b15b","mode":3,"calls":1,"gate_ns":12917}
[m[2m2026-09-14 22:52:43.428+0200[m[2m | [m[2mEthScheduler-BlockCreation-1-3[m[2m | [m[32mINFO [m[2m | [m[2mApprovalSelector[m[2m | [m[32mOPS_APPROVAL_DECISION allow tx=0x84b050fc33bc47137cf05294dd9d6e5be802f4ddaf9e43f6a74adf7f8b4d3a7c calls=1
[m[2m2026-09-14 22:52:43.428+0200[m[2m | [m[2mEthScheduler-BlockCreation-1-3[m[2m | [m[32mINFO [m[2m | [m[2mApprovalSelector[m[2m | [m[32mOPS_APPROVAL_TIMING {"tx":"0x84b050fc33bc47137cf05294dd9d6e5be802f4ddaf9e43f6a74adf7f8b4d3a7c","mode":3,"calls":1,"gate_ns":12792}
[m[2m2026-09-14 22:52:43.428+0200[m[2m | [m[2mEthScheduler-BlockCreation-1-3[m[2m | [m[32mINFO [m[2m | [m[2mApprovalSelector[m[2m | [m[32mOPS_APPROVAL_DECISION allow tx=0xaa0be45536a83e511662df5b977814a268cb013c61529e83650ee99d5f4aa97b calls=1
[m[2m2026-09-14 22:52:43.428+0200[m[2m | [m[2mEthScheduler-BlockCreation-1-3[m[2m | [m[32mINFO [m[2m | [m[2mApprovalSelector[m[2m | [m[32mOPS_APPROVAL_TIMING {"tx":"0xaa0be45536a83e511662df5b977814a268cb013c61529e83650ee99d5f4aa97b","mode":3,"calls":1,"gate_ns":13291}
[m[2m2026-09-14 22:52:43.428+0200[m[2m | [m[2mEthScheduler-BlockCreation-1-3[m[2m | [m[32mINFO [m[2m | [m[2mApprovalSelector[m[2m | [m[32mOPS_APPROVAL_DECISION allow tx=0x0ea530af06e9a6077cf528d5c9445e47b67b7dba67e4d8f27022cac9544feba4 calls=1
[m[2m2026-09-14 22:52:43.428+0200[m[2m | [m[2mEthScheduler-BlockCreation-1-3[m[2m | [m[32mINFO [m[2m | [m[2mApprovalSelector[m[2m | [m[32mOPS_APPROVAL_TIMING {"tx":"0x0ea530af06e9a6077cf528d5c9445e47b67b7dba67e4d8f27022cac9544feba4","mode":3,"calls":1,"gate_ns":16083}
[m[2m2026-09-14 22:52:43.428+0200[m[2m | [m[2mEthScheduler-BlockCreation-1-3[m[2m | [m[32mINFO [m[2m | [m[2mApprovalSelector[m[2m | [m[32mOPS_APPROVAL_DECISION allow tx=0x94aac00887c20a282414263c80e66d1b8047bb61266e5226d8acf1cbb5499db8 calls=1
[m[2m2026-09-14 22:52:43.428+0200[m[2m | [m[2mEthScheduler-BlockCreation-1-3[m[2m | [m[32mINFO [m[2m | [m[2mApprovalSelector[m[2m | [m[32mOPS_APPROVAL_TIMING {"tx":"0x94aac00887c20a282414263c80e66d1b8047bb61266e5226d8acf1cbb5499db8","mode":3,"calls":1,"gate_ns":18168}
[m[2m2026-09-14 22:52:43.428+0200[m[2m | [m[2mEthScheduler-BlockCreation-1-3[m[2m | [m[32mINFO [m[2m | [m[2mApprovalSelector[m[2m | [m[32mOPS_APPROVAL_DECISION allow tx=0xd510ede28a2740cb9432700fbd456ccec9a244be707ed4ef9a7846c48a8e5086 calls=1
[m[2m2026-09-14 22:52:43.428+0200[m[2m | [m[2mEthScheduler-BlockCreation-1-3[m[2m | [m[32mINFO [m[2m | [m[2mApprovalSelector[m[2m | [m[32mOPS_APPROVAL_TIMING {"tx":"0xd510ede28a2740cb9432700fbd456ccec9a244be707ed4ef9a7846c48a8e5086","mode":3,"calls":1,"gate_ns":12500}
[m[2m2026-09-14 22:52:43.429+0200[m[2m | [m[2mEthScheduler-BlockCreation-1-3[m[2m | [m[32mINFO [m[2m | [m[2mApprovalSelector[m[2m | [m[32mOPS_APPROVAL_DECISION allow tx=0xeee2e081d0939def9668db29ed2a10db28d849c8731a710e1d0f21ae7c37c33a calls=1
[m[2m2026-09-14 22:52:43.429+0200[m[2m | [m[2mEthScheduler-BlockCreation-1-3[m[2m | [m[32mINFO [m[2m | [m[2mApprovalSelector[m[2m | [m[32mOPS_APPROVAL_TIMING {"tx":"0xeee2e081d0939def9668db29ed2a10db28d849c8731a710e1d0f21ae7c37c33a","mode":3,"calls":1,"gate_ns":14750}
[m[2m2026-09-14 22:52:43.429+0200[m[2m | [m[2mEthScheduler-BlockCreation-1-3[m[2m | [m[32mINFO [m[2m | [m[2mApprovalSelector[m[2m | [m[32mOPS_APPROVAL_DECISION allow tx=0x793c6d50b219c111dfe0df35f63fbf3f3d067fdfffb50b854c8f454621a8f450 calls=1
[m[2m2026-09-14 22:52:43.429+0200[m[2m | [m[2mEthScheduler-BlockCreation-1-3[m[2m | [m[32mINFO [m[2m | [m[2mApprovalSelector[m[2m | [m[32mOPS_APPROVAL_TIMING {"tx":"0x793c6d50b219c111dfe0df35f63fbf3f3d067fdfffb50b854c8f454621a8f450","mode":3,"calls":1,"gate_ns":25417}
[m[2m2026-09-14 22:52:43.429+0200[m[2m | [m[2mEthScheduler-BlockCreation-1-3[m[2m | [m[32mINFO [m[2m | [m[2mApprovalSelector[m[2m | [m[32mOPS_APPROVAL_DECISION allow tx=0x4d1cf43bf63015ebbe5b53746436963eb62ac711d0575a32859c72af55d92c0b calls=1
[m[2m2026-09-14 22:52:43.429+0200[m[2m | [m[2mEthScheduler-BlockCreation-1-3[m[2m | [m[32mINFO [m[2m | [m[2mApprovalSelector[m[2m | [m[32mOPS_APPROVAL_TIMING {"tx":"0x4d1cf43bf63015ebbe5b53746436963eb62ac711d0575a32859c72af55d92c0b","mode":3,"calls":1,"gate_ns":13125}
[m[2m2026-09-14 22:52:43.429+0200[m[2m | [m[2mEthScheduler-BlockCreation-1-3[m[2m | [m[32mINFO [m[2m | [m[2mApprovalSelector[m[2m | [m[32mOPS_APPROVAL_DECISION allow tx=0x381e3d4ab8b1320b73ea68040c386e5a59461efae5abd661422b98d2d01ee131 calls=1
[m[2m2026-09-14 22:52:43.429+0200[m[2m | [m[2mEthScheduler-BlockCreation-1-3[m[2m | [m[32mINFO [m[2m | [m[2mApprovalSelector[m[2m | [m[32mOPS_APPROVAL_TIMING {"tx":"0x381e3d4ab8b1320b73ea68040c386e5a59461efae5abd661422b98d2d01ee131","mode":3,"calls":1,"gate_ns":13167}
[m[2m2026-09-14 22:52:43.429+0200[m[2m | [m[2mEthScheduler-BlockCreation-1-3[m[2m | [m[32mINFO [m[2m | [m[2mApprovalSelector[m[2m | [m[32mOPS_APPROVAL_DECISION allow tx=0xa1c353aa824ae620fad248f8614a0751d1f4e8b24fa5d09e08a75f3cbd28448c calls=1
[m[2m2026-09-14 22:52:43.429+0200[m[2m | [m[2mEthScheduler-BlockCreation-1-3[m[2m | [m[32mINFO [m[2m | [m[2mApprovalSelector[m[2m | [m[32mOPS_APPROVAL_TIMING {"tx":"0xa1c353aa824ae620fad248f8614a0751d1f4e8b24fa5d09e08a75f3cbd28448c","mode":3,"calls":1,"gate_ns":13333}
[m[2m2026-09-14 22:52:43.429+0200[m[2m | [m[2mEthScheduler-BlockCreation-1-3[m[2m | [m[32mINFO [m[2m | [m[2mApprovalSelector[m[2m | [m[32mOPS_APPROVAL_DECISION allow tx=0x359265fac5a080317cde29e7fb9dd05e2b5ef06c0cdcb71607baca45c753ef41 calls=1
[m[2m2026-09-14 22:52:43.429+0200[m[2m | [m[2mEthScheduler-BlockCreation-1-3[m[2m | [m[32mINFO [m[2m | [m[2mApprovalSelector[m[2m | [m[32mOPS_APPROVAL_TIMING {"tx":"0x359265fac5a080317cde29e7fb9dd05e2b5ef06c0cdcb71607baca45c753ef41","mode":3,"calls":1,"gate_ns":26667}
[m[2m2026-09-14 22:52:43.429+0200[m[2m | [m[2mEthScheduler-BlockCreation-1-3[m[2m | [m[32mINFO [m[2m | [m[2mApprovalSelector[m[2m | [m[32mOPS_APPROVAL_DECISION allow tx=0xe067912de62ab30dd1938c168eaff6f597df1d0370f0e7d3d1aca060c44da6be calls=1
[m[2m2026-09-14 22:52:43.429+0200[m[2m | [m[2mEthScheduler-BlockCreation-1-3[m[2m | [m[32mINFO [m[2m | [m[2mApprovalSelector[m[2m | [m[32mOPS_APPROVAL_TIMING {"tx":"0xe067912de62ab30dd1938c168eaff6f597df1d0370f0e7d3d1aca060c44da6be","mode":3,"calls":1,"gate_ns":12791}
[m[2m2026-09-14 22:52:43.429+0200[m[2m | [m[2mEthScheduler-BlockCreation-1-3[m[2m | [m[32mINFO [m[2m | [m[2mApprovalSelector[m[2m | [m[32mOPS_APPROVAL_DECISION allow tx=0xf8f6bb24fa0fa16b90d4ca948fb1bea1b10d5d434f829c7640cb54068c9d9bef calls=1
[m[2m2026-09-14 22:52:43.429+0200[m[2m | [m[2mEthScheduler-BlockCreation-1-3[m[2m | [m[32mINFO [m[2m | [m[2mApprovalSelector[m[2m | [m[32mOPS_APPROVAL_TIMING {"tx":"0xf8f6bb24fa0fa16b90d4ca948fb1bea1b10d5d434f829c7640cb54068c9d9bef","mode":3,"calls":1,"gate_ns":12708}
[m[2m2026-09-14 22:52:43.429+0200[m[2m | [m[2mEthScheduler-BlockCreation-1-3[m[2m | [m[32mINFO [m[2m | [m[2mApprovalSelector[m[2m | [m[32mOPS_APPROVAL_DECISION allow tx=0x5bf156abaf31d2b24b49a261e5d6c64b797da3860d38d339761d4026dc86d776 calls=1
[m[2m2026-09-14 22:52:43.429+0200[m[2m | [m[2mEthScheduler-BlockCreation-1-3[m[2m | [m[32mINFO [m[2m | [m[2mApprovalSelector[m[2m | [m[32mOPS_APPROVAL_TIMING {"tx":"0x5bf156abaf31d2b24b49a261e5d6c64b797da3860d38d339761d4026dc86d776","mode":3,"calls":1,"gate_ns":12708}
[m[2m2026-09-14 22:52:43.429+0200[m[2m | [m[2mEthScheduler-BlockCreation-1-3[m[2m | [m[32mINFO [m[2m | [m[2mApprovalSelector[m[2m | [m[32mOPS_APPROVAL_DECISION allow tx=0xecf2020d406e20fec52838b823b011da9c901131ac6d919d72d9107f515daadc calls=1
[m[2m2026-09-14 22:52:43.429+0200[m[2m | [m[2mEthScheduler-BlockCreation-1-3[m[2m | [m[32mINFO [m[2m | [m[2mApprovalSelector[m[2m | [m[32mOPS_APPROVAL_TIMING {"tx":"0xecf2020d406e20fec52838b823b011da9c901131ac6d919d72d9107f515daadc","mode":3,"calls":1,"gate_ns":13918}
[m[2m2026-09-14 22:52:43.429+0200[m[2m | [m[2mEthScheduler-BlockCreation-1-3[m[2m | [m[32mINFO [m[2m | [m[2mApprovalSelector[m[2m | [m[32mOPS_APPROVAL_DECISION allow tx=0x8cbd01384e07dfc77d5e0f9856c54e0664ebb7cdaad2b452b57e131c154cd121 calls=1
[m[2m2026-09-14 22:52:43.429+0200[m[2m | [m[2mEthScheduler-BlockCreation-1-3[m[2m | [m[32mINFO [m[2m | [m[2mApprovalSelector[m[2m | [m[32mOPS_APPROVAL_TIMING {"tx":"0x8cbd01384e07dfc77d5e0f9856c54e0664ebb7cdaad2b452b57e131c154cd121","mode":3,"calls":1,"gate_ns":14292}
[m[2m2026-09-14 22:52:43.429+0200[m[2m | [m[2mEthScheduler-BlockCreation-1-3[m[2m | [m[32mINFO [m[2m | [m[2mApprovalSelector[m[2m | [m[32mOPS_APPROVAL_DECISION allow tx=0x4a8c99d8cf4223e67f40ba7c4c13eab1ca193acc6ca798a01236561165bc5f2a calls=1
[m[2m2026-09-14 22:52:43.429+0200[m[2m | [m[2mEthScheduler-BlockCreation-1-3[m[2m | [m[32mINFO [m[2m | [m[2mApprovalSelector[m[2m | [m[32mOPS_APPROVAL_TIMING {"tx":"0x4a8c99d8cf4223e67f40ba7c4c13eab1ca193acc6ca798a01236561165bc5f2a","mode":3,"calls":1,"gate_ns":23584}
[m[2m2026-09-14 22:52:43.429+0200[m[2m | [m[2mEthScheduler-BlockCreation-1-3[m[2m | [m[32mINFO [m[2m | [m[2mApprovalSelector[m[2m | [m[32mOPS_APPROVAL_DECISION allow tx=0xd6cc095ed763bbc1ef3aa4ffde1d9f4094ffbc99d814120e6cfa26e20f8226e9 calls=1
[m[2m2026-09-14 22:52:43.429+0200[m[2m | [m[2mEthScheduler-BlockCreation-1-3[m[2m | [m[32mINFO [m[2m | [m[2mApprovalSelector[m[2m | [m[32mOPS_APPROVAL_TIMING {"tx":"0xd6cc095ed763bbc1ef3aa4ffde1d9f4094ffbc99d814120e6cfa26e20f8226e9","mode":3,"calls":1,"gate_ns":17292}
[m[2m2026-09-14 22:52:43.429+0200[m[2m | [m[2mEthScheduler-BlockCreation-1-3[m[2m | [m[32mINFO [m[2m | [m[2mApprovalSelector[m[2m | [m[32mOPS_APPROVAL_DECISION allow tx=0xe0f3a8b7d4ad1d07e1be840fdb68dc7585211b4d75e56d62dd4f7c8915f8e2d1 calls=1
[m[2m2026-09-14 22:52:43.429+0200[m[2m | [m[2mEthScheduler-BlockCreation-1-3[m[2m | [m[32mINFO [m[2m | [m[2mApprovalSelector[m[2m | [m[32mOPS_APPROVAL_TIMING {"tx":"0xe0f3a8b7d4ad1d07e1be840fdb68dc7585211b4d75e56d62dd4f7c8915f8e2d1","mode":3,"calls":1,"gate_ns":13875}
[m[2m2026-09-14 22:52:43.429+0200[m[2m | [m[2mEthScheduler-BlockCreation-1-3[m[2m | [m[32mINFO [m[2m | [m[2mApprovalSelector[m[2m | [m[32mOPS_APPROVAL_DECISION allow tx=0x7d13496363de0a3a6fc38b578842cf922b552227183cd17a9a0d367fb3e6ab84 calls=1
[m[2m2026-09-14 22:52:43.429+0200[m[2m | [m[2mEthScheduler-BlockCreation-1-3[m[2m | [m[32mINFO [m[2m | [m[2mApprovalSelector[m[2m | [m[32mOPS_APPROVAL_TIMING {"tx":"0x7d13496363de0a3a6fc38b578842cf922b552227183cd17a9a0d367fb3e6ab84","mode":3,"calls":1,"gate_ns":15084}
[m[2m2026-09-14 22:52:43.429+0200[m[2m | [m[2mEthScheduler-BlockCreation-1-3[m[2m | [m[32mINFO [m[2m | [m[2mApprovalSelector[m[2m | [m[32mOPS_APPROVAL_DECISION allow tx=0x6ca1e2838bd230e726c8ece8a9b2f522344bb6e774ef77b361acadcfaf0e6079 calls=1
[m[2m2026-09-14 22:52:43.429+0200[m[2m | [m[2mEthScheduler-BlockCreation-1-3[m[2m | [m[32mINFO [m[2m | [m[2mApprovalSelector[m[2m | [m[32mOPS_APPROVAL_TIMING {"tx":"0x6ca1e2838bd230e726c8ece8a9b2f522344bb6e774ef77b361acadcfaf0e6079","mode":3,"calls":1,"gate_ns":14834}
[m[2m2026-09-14 22:52:43.430+0200[m[2m | [m[2mEthScheduler-BlockCreation-1-3[m[2m | [m[32mINFO [m[2m | [m[2mApprovalSelector[m[2m | [m[32mOPS_APPROVAL_DECISION allow tx=0xca7be6c058e45be23765e82a1896935f33e62f24a3657d5bb345ba5e1d889ea2 calls=1
[m[2m2026-09-14 22:52:43.430+0200[m[2m | [m[2mEthScheduler-BlockCreation-1-3[m[2m | [m[32mINFO [m[2m | [m[2mApprovalSelector[m[2m | [m[32mOPS_APPROVAL_TIMING {"tx":"0xca7be6c058e45be23765e82a1896935f33e62f24a3657d5bb345ba5e1d889ea2","mode":3,"calls":1,"gate_ns":16666}
[m[2m2026-09-14 22:52:43.430+0200[m[2m | [m[2mEthScheduler-BlockCreation-1-3[m[2m | [m[32mINFO [m[2m | [m[2mApprovalSelector[m[2m | [m[32mOPS_APPROVAL_DECISION allow tx=0xcac9ed24cf889a4f89a9bf4327439f0637ad0e1613c8ef3a136b7cad197d3468 calls=1
[m[2m2026-09-14 22:52:43.430+0200[m[2m | [m[2mEthScheduler-BlockCreation-1-3[m[2m | [m[32mINFO [m[2m | [m[2mApprovalSelector[m[2m | [m[32mOPS_APPROVAL_TIMING {"tx":"0xcac9ed24cf889a4f89a9bf4327439f0637ad0e1613c8ef3a136b7cad197d3468","mode":3,"calls":1,"gate_ns":27417}
[m[2m2026-09-14 22:52:43.430+0200[m[2m | [m[2mEthScheduler-BlockCreation-1-3[m[2m | [m[32mINFO [m[2m | [m[2mApprovalSelector[m[2m | [m[32mOPS_APPROVAL_DECISION allow tx=0x9d70fb818b8310349fba7d0e0af79a0073e6c74795cf39a9df2ae7abcc4f536f calls=1
[m[2m2026-09-14 22:52:43.430+0200[m[2m | [m[2mEthScheduler-BlockCreation-1-3[m[2m | [m[32mINFO [m[2m | [m[2mApprovalSelector[m[2m | [m[32mOPS_APPROVAL_TIMING {"tx":"0x9d70fb818b8310349fba7d0e0af79a0073e6c74795cf39a9df2ae7abcc4f536f","mode":3,"calls":1,"gate_ns":17250}
[m[2m2026-09-14 22:52:43.430+0200[m[2m | [m[2mEthScheduler-BlockCreation-1-3[m[2m | [m[32mINFO [m[2m | [m[2mApprovalSelector[m[2m | [m[32mOPS_APPROVAL_DECISION allow tx=0x93819d6c50b412f4fa368409eb4da07aa8086f3dd1fa55d1ef3f3c042960a472 calls=1
[m[2m2026-09-14 22:52:43.430+0200[m[2m | [m[2mEthScheduler-BlockCreation-1-3[m[2m | [m[32mINFO [m[2m | [m[2mApprovalSelector[m[2m | [m[32mOPS_APPROVAL_TIMING {"tx":"0x93819d6c50b412f4fa368409eb4da07aa8086f3dd1fa55d1ef3f3c042960a472","mode":3,"calls":1,"gate_ns":14749}
[m[2m2026-09-14 22:52:43.430+0200[m[2m | [m[2mEthScheduler-BlockCreation-1-3[m[2m | [m[32mINFO [m[2m | [m[2mApprovalSelector[m[2m | [m[32mOPS_APPROVAL_DECISION allow tx=0x404df9f68c067584316f2a189814287437bfad1096d70a385f4740ae9a7f0ce3 calls=1
[m[2m2026-09-14 22:52:43.430+0200[m[2m | [m[2mEthScheduler-BlockCreation-1-3[m[2m | [m[32mINFO [m[2m | [m[2mApprovalSelector[m[2m | [m[32mOPS_APPROVAL_TIMING {"tx":"0x404df9f68c067584316f2a189814287437bfad1096d70a385f4740ae9a7f0ce3","mode":3,"calls":1,"gate_ns":57917}
[m[2m2026-09-14 22:52:43.430+0200[m[2m | [m[2mEthScheduler-BlockCreation-1-3[m[2m | [m[32mINFO [m[2m | [m[2mApprovalSelector[m[2m | [m[32mOPS_APPROVAL_DECISION allow tx=0x6e35748dd6e0e32928493b0260f2dafb1555b2ab931fb269e09a35322cf53d4a calls=1
[m[2m2026-09-14 22:52:43.430+0200[m[2m | [m[2mEthScheduler-BlockCreation-1-3[m[2m | [m[32mINFO [m[2m | [m[2mApprovalSelector[m[2m | [m[32mOPS_APPROVAL_TIMING {"tx":"0x6e35748dd6e0e32928493b0260f2dafb1555b2ab931fb269e09a35322cf53d4a","mode":3,"calls":1,"gate_ns":19459}
[m[2m2026-09-14 22:52:43.430+0200[m[2m | [m[2mEthScheduler-BlockCreation-1-3[m[2m | [m[32mINFO [m[2m | [m[2mApprovalSelector[m[2m | [m[32mOPS_APPROVAL_DECISION allow tx=0x1ffa7473a06ae5263f2e6577aded53243d68d704407f3426fa5381bd207c028a calls=1
[m[2m2026-09-14 22:52:43.430+0200[m[2m | [m[2mEthScheduler-BlockCreation-1-3[m[2m | [m[32mINFO [m[2m | [m[2mApprovalSelector[m[2m | [m[32mOPS_APPROVAL_TIMING {"tx":"0x1ffa7473a06ae5263f2e6577aded53243d68d704407f3426fa5381bd207c028a","mode":3,"calls":1,"gate_ns":15875}
[m[2m2026-09-14 22:52:43.430+0200[m[2m | [m[2mEthScheduler-BlockCreation-1-3[m[2m | [m[32mINFO [m[2m | [m[2mApprovalSelector[m[2m | [m[32mOPS_APPROVAL_DECISION allow tx=0x528bc510410663afc312435d6381a3b11a8b38e773554a1c67cad1faf2a70ddf calls=1
[m[2m2026-09-14 22:52:43.430+0200[m[2m | [m[2mEthScheduler-BlockCreation-1-3[m[2m | [m[32mINFO [m[2m | [m[2mApprovalSelector[m[2m | [m[32mOPS_APPROVAL_TIMING {"tx":"0x528bc510410663afc312435d6381a3b11a8b38e773554a1c67cad1faf2a70ddf","mode":3,"calls":1,"gate_ns":14667}
[m[2m2026-09-14 22:52:43.430+0200[m[2m | [m[2mEthScheduler-BlockCreation-1-3[m[2m | [m[32mINFO [m[2m | [m[2mApprovalSelector[m[2m | [m[32mOPS_APPROVAL_DECISION allow tx=0xdc0ef210b12f70a4ee6dd586c301fa2db253d9918dc9dd6e4d79adc04da36544 calls=1
[m[2m2026-09-14 22:52:43.430+0200[m[2m | [m[2mEthScheduler-BlockCreation-1-3[m[2m | [m[32mINFO [m[2m | [m[2mApprovalSelector[m[2m | [m[32mOPS_APPROVAL_TIMING {"tx":"0xdc0ef210b12f70a4ee6dd586c301fa2db253d9918dc9dd6e4d79adc04da36544","mode":3,"calls":1,"gate_ns":14500}
[m[2m2026-09-14 22:52:43.430+0200[m[2m | [m[2mEthScheduler-BlockCreation-1-3[m[2m | [m[32mINFO [m[2m | [m[2mApprovalSelector[m[2m | [m[32mOPS_APPROVAL_DECISION allow tx=0xd7e6d97243a01764298675a1b538c8c568ebf9570d2499ca6fface03fe72c77c calls=1
[m[2m2026-09-14 22:52:43.430+0200[m[2m | [m[2mEthScheduler-BlockCreation-1-3[m[2m | [m[32mINFO [m[2m | [m[2mApprovalSelector[m[2m | [m[32mOPS_APPROVAL_TIMING {"tx":"0xd7e6d97243a01764298675a1b538c8c568ebf9570d2499ca6fface03fe72c77c","mode":3,"calls":1,"gate_ns":13459}
[m[2m2026-09-14 22:52:43.430+0200[m[2m | [m[2mEthScheduler-BlockCreation-1-3[m[2m | [m[32mINFO [m[2m | [m[2mApprovalSelector[m[2m | [m[32mOPS_APPROVAL_DECISION allow tx=0x2904190d149e13f54c1e74d14e8dd7c45f7544c436102b83d5773af99477c4d1 calls=1
[m[2m2026-09-14 22:52:43.430+0200[m[2m | [m[2mEthScheduler-BlockCreation-1-3[m[2m | [m[32mINFO [m[2m | [m[2mApprovalSelector[m[2m | [m[32mOPS_APPROVAL_TIMING {"tx":"0x2904190d149e13f54c1e74d14e8dd7c45f7544c436102b83d5773af99477c4d1","mode":3,"calls":1,"gate_ns":13458}
[m[2m2026-09-14 22:52:43.430+0200[m[2m | [m[2mEthScheduler-BlockCreation-1-3[m[2m | [m[32mINFO [m[2m | [m[2mApprovalSelector[m[2m | [m[32mOPS_APPROVAL_DECISION allow tx=0x25bcb8c38cd8e26bd6f85eae484094debb850f58072c298c5488c0f0200c71f8 calls=1
[m[2m2026-09-14 22:52:43.430+0200[m[2m | [m[2mEthScheduler-BlockCreation-1-3[m[2m | [m[32mINFO [m[2m | [m[2mApprovalSelector[m[2m | [m[32mOPS_APPROVAL_TIMING {"tx":"0x25bcb8c38cd8e26bd6f85eae484094debb850f58072c298c5488c0f0200c71f8","mode":3,"calls":1,"gate_ns":13499}
[m[2m2026-09-14 22:52:43.431+0200[m[2m | [m[2mEthScheduler-BlockCreation-1-3[m[2m | [m[32mINFO [m[2m | [m[2mApprovalSelector[m[2m | [m[32mOPS_APPROVAL_DECISION allow tx=0x729a82ecdd227cfdb184afc34928d3f92771bc9730537debb8590aa1f268d0c1 calls=1
[m[2m2026-09-14 22:52:43.431+0200[m[2m | [m[2mEthScheduler-BlockCreation-1-3[m[2m | [m[32mINFO [m[2m | [m[2mApprovalSelector[m[2m | [m[32mOPS_APPROVAL_TIMING {"tx":"0x729a82ecdd227cfdb184afc34928d3f92771bc9730537debb8590aa1f268d0c1","mode":3,"calls":1,"gate_ns":17917}
[m[2m2026-09-14 22:52:43.431+0200[m[2m | [m[2mEthScheduler-BlockCreation-1-3[m[2m | [m[32mINFO [m[2m | [m[2mApprovalSelector[m[2m | [m[32mOPS_APPROVAL_DECISION allow tx=0x332d5a4d7a2dac74a866557434ad95b0b7355f9a763cb8a8b03c63252cf418b1 calls=1
[m[2m2026-09-14 22:52:43.431+0200[m[2m | [m[2mEthScheduler-BlockCreation-1-3[m[2m | [m[32mINFO [m[2m | [m[2mApprovalSelector[m[2m | [m[32mOPS_APPROVAL_TIMING {"tx":"0x332d5a4d7a2dac74a866557434ad95b0b7355f9a763cb8a8b03c63252cf418b1","mode":3,"calls":1,"gate_ns":13750}
[m[2m2026-09-14 22:52:43.431+0200[m[2m | [m[2mEthScheduler-BlockCreation-1-3[m[2m | [m[32mINFO [m[2m | [m[2mApprovalSelector[m[2m | [m[32mOPS_APPROVAL_DECISION allow tx=0x897f8b7c862b7f8c6b9d5c35a59ca6a58e19288b585411ed02fffc56da1a2c2a calls=1
[m[2m2026-09-14 22:52:43.431+0200[m[2m | [m[2mEthScheduler-BlockCreation-1-3[m[2m | [m[32mINFO [m[2m | [m[2mApprovalSelector[m[2m | [m[32mOPS_APPROVAL_TIMING {"tx":"0x897f8b7c862b7f8c6b9d5c35a59ca6a58e19288b585411ed02fffc56da1a2c2a","mode":3,"calls":1,"gate_ns":12916}
[m[2m2026-09-14 22:52:43.431+0200[m[2m | [m[2mEthScheduler-BlockCreation-1-3[m[2m | [m[32mINFO [m[2m | [m[2mApprovalSelector[m[2m | [m[32mOPS_APPROVAL_DECISION allow tx=0xe5d4aa60cfc78b5e6db0cba41ec3c283aa873b1d092b41bda7c051da0ce07579 calls=1
[m[2m2026-09-14 22:52:43.431+0200[m[2m | [m[2mEthScheduler-BlockCreation-1-3[m[2m | [m[32mINFO [m[2m | [m[2mApprovalSelector[m[2m | [m[32mOPS_APPROVAL_TIMING {"tx":"0xe5d4aa60cfc78b5e6db0cba41ec3c283aa873b1d092b41bda7c051da0ce07579","mode":3,"calls":1,"gate_ns":12751}
[m[2m2026-09-14 22:52:43.431+0200[m[2m | [m[2mEthScheduler-BlockCreation-1-3[m[2m | [m[32mINFO [m[2m | [m[2mApprovalSelector[m[2m | [m[32mOPS_APPROVAL_DECISION allow tx=0x154d40bd4dc8df80543ee3d1520e4ee59003d620de40f62ed79cc11f9e33064a calls=1
[m[2m2026-09-14 22:52:43.431+0200[m[2m | [m[2mEthScheduler-BlockCreation-1-3[m[2m | [m[32mINFO [m[2m | [m[2mApprovalSelector[m[2m | [m[32mOPS_APPROVAL_TIMING {"tx":"0x154d40bd4dc8df80543ee3d1520e4ee59003d620de40f62ed79cc11f9e33064a","mode":3,"calls":1,"gate_ns":12791}
[m[2m2026-09-14 22:52:43.431+0200[m[2m | [m[2mEthScheduler-BlockCreation-1-3[m[2m | [m[32mINFO [m[2m | [m[2mApprovalSelector[m[2m | [m[32mOPS_APPROVAL_DECISION allow tx=0x64881ef63c40c4b82c0a0dca77b7869997e06c43f46eadb94ba01dd94cf7617f calls=1
[m[2m2026-09-14 22:52:43.431+0200[m[2m | [m[2mEthScheduler-BlockCreation-1-3[m[2m | [m[32mINFO [m[2m | [m[2mApprovalSelector[m[2m | [m[32mOPS_APPROVAL_TIMING {"tx":"0x64881ef63c40c4b82c0a0dca77b7869997e06c43f46eadb94ba01dd94cf7617f","mode":3,"calls":1,"gate_ns":13542}
[m[2m2026-09-14 22:52:43.431+0200[m[2m | [m[2mEthScheduler-BlockCreation-1-3[m[2m | [m[32mINFO [m[2m | [m[2mApprovalSelector[m[2m | [m[32mOPS_APPROVAL_DECISION allow tx=0xc7aab31961ce9359f5f24eca13dcf148dfc6eadfda4c38a1351cf5d54f665aba calls=1
[m[2m2026-09-14 22:52:43.431+0200[m[2m | [m[2mEthScheduler-BlockCreation-1-3[m[2m | [m[32mINFO [m[2m | [m[2mApprovalSelector[m[2m | [m[32mOPS_APPROVAL_TIMING {"tx":"0xc7aab31961ce9359f5f24eca13dcf148dfc6eadfda4c38a1351cf5d54f665aba","mode":3,"calls":1,"gate_ns":13833}
[m[2m2026-09-14 22:52:43.431+0200[m[2m | [m[2mEthScheduler-BlockCreation-1-3[m[2m | [m[32mINFO [m[2m | [m[2mApprovalSelector[m[2m | [m[32mOPS_APPROVAL_DECISION allow tx=0x99af6b58c98670f56b1a24852f7e7acd5446aecc7bb49c298b9287c4cad7f464 calls=1
[m[2m2026-09-14 22:52:43.431+0200[m[2m | [m[2mEthScheduler-BlockCreation-1-3[m[2m | [m[32mINFO [m[2m | [m[2mApprovalSelector[m[2m | [m[32mOPS_APPROVAL_TIMING {"tx":"0x99af6b58c98670f56b1a24852f7e7acd5446aecc7bb49c298b9287c4cad7f464","mode":3,"calls":1,"gate_ns":23541}
[m[2m2026-09-14 22:52:43.431+0200[m[2m | [m[2mEthScheduler-BlockCreation-1-3[m[2m | [m[32mINFO [m[2m | [m[2mApprovalSelector[m[2m | [m[32mOPS_APPROVAL_DECISION allow tx=0xbb58d5c7b913831c8aac89a1423a8450537387e68da7315db8d6f8da4c3db760 calls=1
[m[2m2026-09-14 22:52:43.431+0200[m[2m | [m[2mEthScheduler-BlockCreation-1-3[m[2m | [m[32mINFO [m[2m | [m[2mApprovalSelector[m[2m | [m[32mOPS_APPROVAL_TIMING {"tx":"0xbb58d5c7b913831c8aac89a1423a8450537387e68da7315db8d6f8da4c3db760","mode":3,"calls":1,"gate_ns":28875}
[m[2m2026-09-14 22:52:43.431+0200[m[2m | [m[2mEthScheduler-BlockCreation-1-3[m[2m | [m[32mINFO [m[2m | [m[2mApprovalSelector[m[2m | [m[32mOPS_APPROVAL_DECISION allow tx=0xadffb90f84b006fb5a00dc0754477aab980399794787331cedb8224dd1282ef4 calls=1
[m[2m2026-09-14 22:52:43.431+0200[m[2m | [m[2mEthScheduler-BlockCreation-1-3[m[2m | [m[32mINFO [m[2m | [m[2mApprovalSelector[m[2m | [m[32mOPS_APPROVAL_TIMING {"tx":"0xadffb90f84b006fb5a00dc0754477aab980399794787331cedb8224dd1282ef4","mode":3,"calls":1,"gate_ns":36459}
[m[2m2026-09-14 22:52:43.431+0200[m[2m | [m[2mEthScheduler-BlockCreation-1-3[m[2m | [m[32mINFO [m[2m | [m[2mApprovalSelector[m[2m | [m[32mOPS_APPROVAL_DECISION allow tx=0x3363b84f2e072046eb3ea7b2927fd5759233e6ce46a02ef8610df4bbb6955cc4 calls=1
[m[2m2026-09-14 22:52:43.431+0200[m[2m | [m[2mEthScheduler-BlockCreation-1-3[m[2m | [m[32mINFO [m[2m | [m[2mApprovalSelector[m[2m | [m[32mOPS_APPROVAL_TIMING {"tx":"0x3363b84f2e072046eb3ea7b2927fd5759233e6ce46a02ef8610df4bbb6955cc4","mode":3,"calls":1,"gate_ns":14376}
[m[2m2026-09-14 22:52:43.431+0200[m[2m | [m[2mEthScheduler-BlockCreation-1-3[m[2m | [m[32mINFO [m[2m | [m[2mApprovalSelector[m[2m | [m[32mOPS_APPROVAL_DECISION allow tx=0x5f2d9ae0c8dbd26317523ea1ab258201dd06ba6e69ca794dc2e81d1863229f94 calls=1
[m[2m2026-09-14 22:52:43.431+0200[m[2m | [m[2mEthScheduler-BlockCreation-1-3[m[2m | [m[32mINFO [m[2m | [m[2mApprovalSelector[m[2m | [m[32mOPS_APPROVAL_TIMING {"tx":"0x5f2d9ae0c8dbd26317523ea1ab258201dd06ba6e69ca794dc2e81d1863229f94","mode":3,"calls":1,"gate_ns":13376}
[m[2m2026-09-14 22:52:43.432+0200[m[2m | [m[2mEthScheduler-BlockCreation-1-3[m[2m | [m[32mINFO [m[2m | [m[2mApprovalSelector[m[2m | [m[32mOPS_APPROVAL_DECISION allow tx=0xa45ef57fbce66b9e71c7829066a889efb9b6f05e284ee9334119a3beae9a93eb calls=1
[m[2m2026-09-14 22:52:43.432+0200[m[2m | [m[2mEthScheduler-BlockCreation-1-3[m[2m | [m[32mINFO [m[2m | [m[2mApprovalSelector[m[2m | [m[32mOPS_APPROVAL_TIMING {"tx":"0xa45ef57fbce66b9e71c7829066a889efb9b6f05e284ee9334119a3beae9a93eb","mode":3,"calls":1,"gate_ns":15666}
[m[2m2026-09-14 22:52:43.432+0200[m[2m | [m[2mEthScheduler-BlockCreation-1-3[m[2m | [m[32mINFO [m[2m | [m[2mApprovalSelector[m[2m | [m[32mOPS_APPROVAL_DECISION allow tx=0xee99ac705717878e5b4b651c512adacb3edbb461fcf7b86988c1f9c5c42c6efd calls=1
[m[2m2026-09-14 22:52:43.432+0200[m[2m | [m[2mEthScheduler-BlockCreation-1-3[m[2m | [m[32mINFO [m[2m | [m[2mApprovalSelector[m[2m | [m[32mOPS_APPROVAL_TIMING {"tx":"0xee99ac705717878e5b4b651c512adacb3edbb461fcf7b86988c1f9c5c42c6efd","mode":3,"calls":1,"gate_ns":20208}
[m[2m2026-09-14 22:52:43.432+0200[m[2m | [m[2mEthScheduler-BlockCreation-1-3[m[2m | [m[32mINFO [m[2m | [m[2mApprovalSelector[m[2m | [m[32mOPS_APPROVAL_DECISION allow tx=0xeb34ea07a005b6b5706579a604a2057d93d8ecffacd867016b739a31f9f458a3 calls=1
[m[2m2026-09-14 22:52:43.432+0200[m[2m | [m[2mEthScheduler-BlockCreation-1-3[m[2m | [m[32mINFO [m[2m | [m[2mApprovalSelector[m[2m | [m[32mOPS_APPROVAL_TIMING {"tx":"0xeb34ea07a005b6b5706579a604a2057d93d8ecffacd867016b739a31f9f458a3","mode":3,"calls":1,"gate_ns":13416}
[m[2m2026-09-14 22:52:43.432+0200[m[2m | [m[2mEthScheduler-BlockCreation-1-3[m[2m | [m[32mINFO [m[2m | [m[2mApprovalSelector[m[2m | [m[32mOPS_APPROVAL_DECISION allow tx=0x373c0b39b4b293ffdef4115fdc837f415e3f5fd6b7e522e162c79fbf75d56ac9 calls=1
[m[2m2026-09-14 22:52:43.432+0200[m[2m | [m[2mEthScheduler-BlockCreation-1-3[m[2m | [m[32mINFO [m[2m | [m[2mApprovalSelector[m[2m | [m[32mOPS_APPROVAL_TIMING {"tx":"0x373c0b39b4b293ffdef4115fdc837f415e3f5fd6b7e522e162c79fbf75d56ac9","mode":3,"calls":1,"gate_ns":13333}
[m[2m2026-09-14 22:52:43.432+0200[m[2m | [m[2mEthScheduler-BlockCreation-1-3[m[2m | [m[32mINFO [m[2m | [m[2mApprovalSelector[m[2m | [m[32mOPS_APPROVAL_DECISION allow tx=0xe22f8c8ff9f379b8ffdf57455c5e5d4794178892b685081240c898a1a3b6efa2 calls=1
[m[2m2026-09-14 22:52:43.432+0200[m[2m | [m[2mEthScheduler-BlockCreation-1-3[m[2m | [m[32mINFO [m[2m | [m[2mApprovalSelector[m[2m | [m[32mOPS_APPROVAL_TIMING {"tx":"0xe22f8c8ff9f379b8ffdf57455c5e5d4794178892b685081240c898a1a3b6efa2","mode":3,"calls":1,"gate_ns":13250}
[m[2m2026-09-14 22:52:43.432+0200[m[2m | [m[2mEthScheduler-BlockCreation-1-3[m[2m | [m[32mINFO [m[2m | [m[2mApprovalSelector[m[2m | [m[32mOPS_APPROVAL_DECISION allow tx=0x993d587a6ad6930eeeb01ab9fb43956c5d83154f6df7d9b65b35f125430c1736 calls=1
[m[2m2026-09-14 22:52:43.432+0200[m[2m | [m[2mEthScheduler-BlockCreation-1-3[m[2m | [m[32mINFO [m[2m | [m[2mApprovalSelector[m[2m | [m[32mOPS_APPROVAL_TIMING {"tx":"0x993d587a6ad6930eeeb01ab9fb43956c5d83154f6df7d9b65b35f125430c1736","mode":3,"calls":1,"gate_ns":14958}
[m[2m2026-09-14 22:52:43.432+0200[m[2m | [m[2mEthScheduler-BlockCreation-1-3[m[2m | [m[32mINFO [m[2m | [m[2mApprovalSelector[m[2m | [m[32mOPS_APPROVAL_DECISION allow tx=0xec2b58452812757e6ed7685907f079971a1d2248cbae2f108a607a1eb511cb0b calls=1
[m[2m2026-09-14 22:52:43.432+0200[m[2m | [m[2mEthScheduler-BlockCreation-1-3[m[2m | [m[32mINFO [m[2m | [m[2mApprovalSelector[m[2m | [m[32mOPS_APPROVAL_TIMING {"tx":"0xec2b58452812757e6ed7685907f079971a1d2248cbae2f108a607a1eb511cb0b","mode":3,"calls":1,"gate_ns":19083}
[m[2m2026-09-14 22:52:43.432+0200[m[2m | [m[2mEthScheduler-BlockCreation-1-3[m[2m | [m[32mINFO [m[2m | [m[2mApprovalSelector[m[2m | [m[32mOPS_APPROVAL_DECISION allow tx=0xa7b42c2b9f61a47b12bfd216e30925ddcc5336a263c59e7375f5798d91c09802 calls=1
[m[2m2026-09-14 22:52:43.432+0200[m[2m | [m[2mEthScheduler-BlockCreation-1-3[m[2m | [m[32mINFO [m[2m | [m[2mApprovalSelector[m[2m | [m[32mOPS_APPROVAL_TIMING {"tx":"0xa7b42c2b9f61a47b12bfd216e30925ddcc5336a263c59e7375f5798d91c09802","mode":3,"calls":1,"gate_ns":14209}
[m[2m2026-09-14 22:52:43.432+0200[m[2m | [m[2mEthScheduler-BlockCreation-1-3[m[2m | [m[32mINFO [m[2m | [m[2mApprovalSelector[m[2m | [m[32mOPS_APPROVAL_DECISION allow tx=0x302e49ad76bb7a3945de42f73e126964ab88552c5308b0465d5361cb4753b73c calls=1
[m[2m2026-09-14 22:52:43.432+0200[m[2m | [m[2mEthScheduler-BlockCreation-1-3[m[2m | [m[32mINFO [m[2m | [m[2mApprovalSelector[m[2m | [m[32mOPS_APPROVAL_TIMING {"tx":"0x302e49ad76bb7a3945de42f73e126964ab88552c5308b0465d5361cb4753b73c","mode":3,"calls":1,"gate_ns":14334}
[m[2m2026-09-14 22:52:43.432+0200[m[2m | [m[2mEthScheduler-BlockCreation-1-3[m[2m | [m[32mINFO [m[2m | [m[2mApprovalSelector[m[2m | [m[32mOPS_APPROVAL_DECISION allow tx=0x6dfa7919bd393f6030c264c50f8b1a67894962b6582741a1b8693e9d67a9f259 calls=1
[m[2m2026-09-14 22:52:43.432+0200[m[2m | [m[2mEthScheduler-BlockCreation-1-3[m[2m | [m[32mINFO [m[2m | [m[2mApprovalSelector[m[2m | [m[32mOPS_APPROVAL_TIMING {"tx":"0x6dfa7919bd393f6030c264c50f8b1a67894962b6582741a1b8693e9d67a9f259","mode":3,"calls":1,"gate_ns":21917}
[m[2m2026-09-14 22:52:43.432+0200[m[2m | [m[2mEthScheduler-BlockCreation-1-3[m[2m | [m[32mINFO [m[2m | [m[2mApprovalSelector[m[2m | [m[32mOPS_APPROVAL_DECISION allow tx=0x68967449245aa18d91fde2f17a377111d10a2a1c219c234bbf5bdd7da88b8d12 calls=1
[m[2m2026-09-14 22:52:43.432+0200[m[2m | [m[2mEthScheduler-BlockCreation-1-3[m[2m | [m[32mINFO [m[2m | [m[2mApprovalSelector[m[2m | [m[32mOPS_APPROVAL_TIMING {"tx":"0x68967449245aa18d91fde2f17a377111d10a2a1c219c234bbf5bdd7da88b8d12","mode":3,"calls":1,"gate_ns":14167}
[m[2m2026-09-14 22:52:43.432+0200[m[2m | [m[2mEthScheduler-BlockCreation-1-3[m[2m | [m[32mINFO [m[2m | [m[2mApprovalSelector[m[2m | [m[32mOPS_APPROVAL_DECISION allow tx=0xc09261f6252cc3ca1c4697d5cfc104029e869c29d0ef7a69a88e808cf92f1b1b calls=1
[m[2m2026-09-14 22:52:43.432+0200[m[2m | [m[2mEthScheduler-BlockCreation-1-3[m[2m | [m[32mINFO [m[2m | [m[2mApprovalSelector[m[2m | [m[32mOPS_APPROVAL_TIMING {"tx":"0xc09261f6252cc3ca1c4697d5cfc104029e869c29d0ef7a69a88e808cf92f1b1b","mode":3,"calls":1,"gate_ns":17291}
[m[2m2026-09-14 22:52:43.432+0200[m[2m | [m[2mEthScheduler-BlockCreation-1-3[m[2m | [m[32mINFO [m[2m | [m[2mApprovalSelector[m[2m | [m[32mOPS_APPROVAL_DECISION allow tx=0xd317447be84c72cac0c9045616fc27461219ca157db9b8bd45e46840a01758dd calls=1
[m[2m2026-09-14 22:52:43.432+0200[m[2m | [m[2mEthScheduler-BlockCreation-1-3[m[2m | [m[32mINFO [m[2m | [m[2mApprovalSelector[m[2m | [m[32mOPS_APPROVAL_TIMING {"tx":"0xd317447be84c72cac0c9045616fc27461219ca157db9b8bd45e46840a01758dd","mode":3,"calls":1,"gate_ns":14333}
[m[2m2026-09-14 22:52:43.432+0200[m[2m | [m[2mEthScheduler-BlockCreation-1-3[m[2m | [m[32mINFO [m[2m | [m[2mApprovalSelector[m[2m | [m[32mOPS_APPROVAL_DECISION allow tx=0xcba8463af8e5e2311bcf2c490e7a36e478b92c85cfdc9abc12d9b1d6aa623f04 calls=1
[m[2m2026-09-14 22:52:43.432+0200[m[2m | [m[2mEthScheduler-BlockCreation-1-3[m[2m | [m[32mINFO [m[2m | [m[2mApprovalSelector[m[2m | [m[32mOPS_APPROVAL_TIMING {"tx":"0xcba8463af8e5e2311bcf2c490e7a36e478b92c85cfdc9abc12d9b1d6aa623f04","mode":3,"calls":1,"gate_ns":13667}
[m[2m2026-09-14 22:52:43.433+0200[m[2m | [m[2mEthScheduler-BlockCreation-1-3[m[2m | [m[32mINFO [m[2m | [m[2mApprovalSelector[m[2m | [m[32mOPS_APPROVAL_DECISION allow tx=0x4ad02e7f4cd334149a46f2171f801f56f74184d433e584738c8b193957a1a975 calls=1
[m[2m2026-09-14 22:52:43.433+0200[m[2m | [m[2mEthScheduler-BlockCreation-1-3[m[2m | [m[32mINFO [m[2m | [m[2mApprovalSelector[m[2m | [m[32mOPS_APPROVAL_TIMING {"tx":"0x4ad02e7f4cd334149a46f2171f801f56f74184d433e584738c8b193957a1a975","mode":3,"calls":1,"gate_ns":15542}
[m[2m2026-09-14 22:52:43.433+0200[m[2m | [m[2mEthScheduler-BlockCreation-1-3[m[2m | [m[32mINFO [m[2m | [m[2mApprovalSelector[m[2m | [m[32mOPS_APPROVAL_DECISION allow tx=0xb094e1e49eb0bd153f7d630d7a69ce72e506eded2f1c8994b518099cb2845e5e calls=1
[m[2m2026-09-14 22:52:43.433+0200[m[2m | [m[2mEthScheduler-BlockCreation-1-3[m[2m | [m[32mINFO [m[2m | [m[2mApprovalSelector[m[2m | [m[32mOPS_APPROVAL_TIMING {"tx":"0xb094e1e49eb0bd153f7d630d7a69ce72e506eded2f1c8994b518099cb2845e5e","mode":3,"calls":1,"gate_ns":13916}
[m[2m2026-09-14 22:52:43.433+0200[m[2m | [m[2mEthScheduler-BlockCreation-1-3[m[2m | [m[32mINFO [m[2m | [m[2mApprovalSelector[m[2m | [m[32mOPS_APPROVAL_DECISION allow tx=0x11232f87ef9a572c9a60ac42f26b551e1751665f389554cd50e1bbc45d3b5827 calls=1
[m[2m2026-09-14 22:52:43.433+0200[m[2m | [m[2mEthScheduler-BlockCreation-1-3[m[2m | [m[32mINFO [m[2m | [m[2mApprovalSelector[m[2m | [m[32mOPS_APPROVAL_TIMING {"tx":"0x11232f87ef9a572c9a60ac42f26b551e1751665f389554cd50e1bbc45d3b5827","mode":3,"calls":1,"gate_ns":13457}
[m[2m2026-09-14 22:52:43.433+0200[m[2m | [m[2mEthScheduler-BlockCreation-1-3[m[2m | [m[32mINFO [m[2m | [m[2mApprovalSelector[m[2m | [m[32mOPS_APPROVAL_DECISION allow tx=0xbaff16ff096539520ff7269eb9a61671e64173bcb747ac1d0db39bc9783022ec calls=1
[m[2m2026-09-14 22:52:43.433+0200[m[2m | [m[2mEthScheduler-BlockCreation-1-3[m[2m | [m[32mINFO [m[2m | [m[2mApprovalSelector[m[2m | [m[32mOPS_APPROVAL_TIMING {"tx":"0xbaff16ff096539520ff7269eb9a61671e64173bcb747ac1d0db39bc9783022ec","mode":3,"calls":1,"gate_ns":14209}
[m[2m2026-09-14 22:52:43.433+0200[m[2m | [m[2mEthScheduler-BlockCreation-1-3[m[2m | [m[32mINFO [m[2m | [m[2mApprovalSelector[m[2m | [m[32mOPS_APPROVAL_DECISION allow tx=0x4f2a3353d5184c84f08f865deea66e0e938f2ddedf36973e13689466ce94406b calls=1
[m[2m2026-09-14 22:52:43.433+0200[m[2m | [m[2mEthScheduler-BlockCreation-1-3[m[2m | [m[32mINFO [m[2m | [m[2mApprovalSelector[m[2m | [m[32mOPS_APPROVAL_TIMING {"tx":"0x4f2a3353d5184c84f08f865deea66e0e938f2ddedf36973e13689466ce94406b","mode":3,"calls":1,"gate_ns":62875}
[m[2m2026-09-14 22:52:43.433+0200[m[2m | [m[2mEthScheduler-BlockCreation-1-3[m[2m | [m[32mINFO [m[2m | [m[2mApprovalSelector[m[2m | [m[32mOPS_APPROVAL_DECISION allow tx=0x614b71da93c1ae06450cb0c1b112d354887a11713dccc1f0109cd3f19282b037 calls=1
[m[2m2026-09-14 22:52:43.433+0200[m[2m | [m[2mEthScheduler-BlockCreation-1-3[m[2m | [m[32mINFO [m[2m | [m[2mApprovalSelector[m[2m | [m[32mOPS_APPROVAL_TIMING {"tx":"0x614b71da93c1ae06450cb0c1b112d354887a11713dccc1f0109cd3f19282b037","mode":3,"calls":1,"gate_ns":38083}
[m[2m2026-09-14 22:52:43.928+0200[m[2m | [m[2mEthScheduler-BlockCreation-1-3[m[2m | [m[32mINFO [m[2m | [m[2mApprovalSelector[m[2m | [m[32mOPS_APPROVAL_DECISION allow tx=0xd3feaaf3963226e677fdd469911ea7b90767976ea5fcae8a6a6f12c6dd08ecae calls=1
[m[2m2026-09-14 22:52:43.928+0200[m[2m | [m[2mEthScheduler-BlockCreation-1-3[m[2m | [m[32mINFO [m[2m | [m[2mApprovalSelector[m[2m | [m[32mOPS_APPROVAL_TIMING {"tx":"0xd3feaaf3963226e677fdd469911ea7b90767976ea5fcae8a6a6f12c6dd08ecae","mode":3,"calls":1,"gate_ns":150916}
[m[2m2026-09-14 22:52:43.928+0200[m[2m | [m[2mEthScheduler-BlockCreation-1-3[m[2m | [m[32mINFO [m[2m | [m[2mApprovalSelector[m[2m | [m[32mOPS_APPROVAL_DECISION allow tx=0x02b75895d27f6fdc25a343b40bd61040a0624150341d380015f64dad02888287 calls=1
[m[2m2026-09-14 22:52:43.928+0200[m[2m | [m[2mEthScheduler-BlockCreation-1-3[m[2m | [m[32mINFO [m[2m | [m[2mApprovalSelector[m[2m | [m[32mOPS_APPROVAL_TIMING {"tx":"0x02b75895d27f6fdc25a343b40bd61040a0624150341d380015f64dad02888287","mode":3,"calls":1,"gate_ns":36417}
[m[2m2026-09-14 22:52:43.929+0200[m[2m | [m[2mEthScheduler-BlockCreation-1-3[m[2m | [m[32mINFO [m[2m | [m[2mApprovalSelector[m[2m | [m[32mOPS_APPROVAL_DECISION allow tx=0x7b0fc6ae32a44b1632f88c5f54f4f60a3ec22da942382532ba504c4571c72f6a calls=1
[m[2m2026-09-14 22:52:43.929+0200[m[2m | [m[2mEthScheduler-BlockCreation-1-3[m[2m | [m[32mINFO [m[2m | [m[2mApprovalSelector[m[2m | [m[32mOPS_APPROVAL_TIMING {"tx":"0x7b0fc6ae32a44b1632f88c5f54f4f60a3ec22da942382532ba504c4571c72f6a","mode":3,"calls":1,"gate_ns":27541}
[m[2m2026-09-14 22:52:43.929+0200[m[2m | [m[2mEthScheduler-BlockCreation-1-3[m[2m | [m[32mINFO [m[2m | [m[2mApprovalSelector[m[2m | [m[32mOPS_APPROVAL_DECISION allow tx=0xea31ad3f15d93de781f71b013eeeec1e03f5de77fa3daec5640aa27ad43cd400 calls=1
[m[2m2026-09-14 22:52:43.929+0200[m[2m | [m[2mEthScheduler-BlockCreation-1-3[m[2m | [m[32mINFO [m[2m | [m[2mApprovalSelector[m[2m | [m[32mOPS_APPROVAL_TIMING {"tx":"0xea31ad3f15d93de781f71b013eeeec1e03f5de77fa3daec5640aa27ad43cd400","mode":3,"calls":1,"gate_ns":17792}
[m[2m2026-09-14 22:52:43.929+0200[m[2m | [m[2mEthScheduler-BlockCreation-1-3[m[2m | [m[32mINFO [m[2m | [m[2mApprovalSelector[m[2m | [m[32mOPS_APPROVAL_DECISION allow tx=0x5fce379d1d881884a79ba97e4ac71c93540646c484a19593ac5b68b986c92380 calls=1
[m[2m2026-09-14 22:52:43.929+0200[m[2m | [m[2mEthScheduler-BlockCreation-1-3[m[2m | [m[32mINFO [m[2m | [m[2mApprovalSelector[m[2m | [m[32mOPS_APPROVAL_TIMING {"tx":"0x5fce379d1d881884a79ba97e4ac71c93540646c484a19593ac5b68b986c92380","mode":3,"calls":1,"gate_ns":15791}
[m[2m2026-09-14 22:52:43.929+0200[m[2m | [m[2mEthScheduler-BlockCreation-1-3[m[2m | [m[32mINFO [m[2m | [m[2mApprovalSelector[m[2m | [m[32mOPS_APPROVAL_DECISION allow tx=0x680a7ff34902b6c126b2afd3844de39fb2d01b0ab31bde5f8c307561c9d0e946 calls=1
[m[2m2026-09-14 22:52:43.929+0200[m[2m | [m[2mEthScheduler-BlockCreation-1-3[m[2m | [m[32mINFO [m[2m | [m[2mApprovalSelector[m[2m | [m[32mOPS_APPROVAL_TIMING {"tx":"0x680a7ff34902b6c126b2afd3844de39fb2d01b0ab31bde5f8c307561c9d0e946","mode":3,"calls":1,"gate_ns":27291}
[m[2m2026-09-14 22:52:43.929+0200[m[2m | [m[2mEthScheduler-BlockCreation-1-3[m[2m | [m[32mINFO [m[2m | [m[2mApprovalSelector[m[2m | [m[32mOPS_APPROVAL_DECISION allow tx=0xa5e85fd4ce293afa83d1de2a36593142bfa33d331d636dabda8a7f980adeed2d calls=1
[m[2m2026-09-14 22:52:43.929+0200[m[2m | [m[2mEthScheduler-BlockCreation-1-3[m[2m | [m[32mINFO [m[2m | [m[2mApprovalSelector[m[2m | [m[32mOPS_APPROVAL_TIMING {"tx":"0xa5e85fd4ce293afa83d1de2a36593142bfa33d331d636dabda8a7f980adeed2d","mode":3,"calls":1,"gate_ns":13833}
[m[2m2026-09-14 22:52:43.929+0200[m[2m | [m[2mEthScheduler-BlockCreation-1-3[m[2m | [m[32mINFO [m[2m | [m[2mApprovalSelector[m[2m | [m[32mOPS_APPROVAL_DECISION allow tx=0xba8e94eb484c4db95061f8912fed0808100a83f6bb31248482acdbef5f37bb01 calls=1
[m[2m2026-09-14 22:52:43.929+0200[m[2m | [m[2mEthScheduler-BlockCreation-1-3[m[2m | [m[32mINFO [m[2m | [m[2mApprovalSelector[m[2m | [m[32mOPS_APPROVAL_TIMING {"tx":"0xba8e94eb484c4db95061f8912fed0808100a83f6bb31248482acdbef5f37bb01","mode":3,"calls":1,"gate_ns":13500}
[m[2m2026-09-14 22:52:43.929+0200[m[2m | [m[2mEthScheduler-BlockCreation-1-3[m[2m | [m[32mINFO [m[2m | [m[2mApprovalSelector[m[2m | [m[32mOPS_APPROVAL_DECISION allow tx=0x996b77f9301c514b6e59361ff0ab9a0faa4188f17642871169a51d311726b59e calls=1
[m[2m2026-09-14 22:52:43.929+0200[m[2m | [m[2mEthScheduler-BlockCreation-1-3[m[2m | [m[32mINFO [m[2m | [m[2mApprovalSelector[m[2m | [m[32mOPS_APPROVAL_TIMING {"tx":"0x996b77f9301c514b6e59361ff0ab9a0faa4188f17642871169a51d311726b59e","mode":3,"calls":1,"gate_ns":12958}
[m[2m2026-09-14 22:52:43.929+0200[m[2m | [m[2mEthScheduler-BlockCreation-1-3[m[2m | [m[32mINFO [m[2m | [m[2mApprovalSelector[m[2m | [m[32mOPS_APPROVAL_DECISION allow tx=0x62621c55c44f7ff3ce24efad6f0f230e1fe372a21193db00bc99b4280f58f12a calls=1
[m[2m2026-09-14 22:52:43.929+0200[m[2m | [m[2mEthScheduler-BlockCreation-1-3[m[2m | [m[32mINFO [m[2m | [m[2mApprovalSelector[m[2m | [m[32mOPS_APPROVAL_TIMING {"tx":"0x62621c55c44f7ff3ce24efad6f0f230e1fe372a21193db00bc99b4280f58f12a","mode":3,"calls":1,"gate_ns":13084}
[m[2m2026-09-14 22:52:43.929+0200[m[2m | [m[2mEthScheduler-BlockCreation-1-3[m[2m | [m[32mINFO [m[2m | [m[2mApprovalSelector[m[2m | [m[32mOPS_APPROVAL_DECISION allow tx=0x5db28d99447056c7f941fba8e0716c2c615ce3dd2696f90d6133107b18759d4b calls=1
[m[2m2026-09-14 22:52:43.929+0200[m[2m | [m[2mEthScheduler-BlockCreation-1-3[m[2m | [m[32mINFO [m[2m | [m[2mApprovalSelector[m[2m | [m[32mOPS_APPROVAL_TIMING {"tx":"0x5db28d99447056c7f941fba8e0716c2c615ce3dd2696f90d6133107b18759d4b","mode":3,"calls":1,"gate_ns":13375}
[m[2m2026-09-14 22:52:43.929+0200[m[2m | [m[2mEthScheduler-BlockCreation-1-3[m[2m | [m[32mINFO [m[2m | [m[2mApprovalSelector[m[2m | [m[32mOPS_APPROVAL_DECISION allow tx=0x6b6c399c29af5fd16a1f0a7ebebbbb5a8f99d6713b8a18c65a4958bab7e92762 calls=1
[m[2m2026-09-14 22:52:43.929+0200[m[2m | [m[2mEthScheduler-BlockCreation-1-3[m[2m | [m[32mINFO [m[2m | [m[2mApprovalSelector[m[2m | [m[32mOPS_APPROVAL_TIMING {"tx":"0x6b6c399c29af5fd16a1f0a7ebebbbb5a8f99d6713b8a18c65a4958bab7e92762","mode":3,"calls":1,"gate_ns":15875}
[m[2m2026-09-14 22:52:43.929+0200[m[2m | [m[2mEthScheduler-BlockCreation-1-3[m[2m | [m[32mINFO [m[2m | [m[2mApprovalSelector[m[2m | [m[32mOPS_APPROVAL_DECISION allow tx=0x3671366739c46f40bbf0bea1739c296ccda5673fb2daddd121cdd8f0a97d253a calls=1
[m[2m2026-09-14 22:52:43.929+0200[m[2m | [m[2mEthScheduler-BlockCreation-1-3[m[2m | [m[32mINFO [m[2m | [m[2mApprovalSelector[m[2m | [m[32mOPS_APPROVAL_TIMING {"tx":"0x3671366739c46f40bbf0bea1739c296ccda5673fb2daddd121cdd8f0a97d253a","mode":3,"calls":1,"gate_ns":15250}
[m[2m2026-09-14 22:52:43.929+0200[m[2m | [m[2mEthScheduler-BlockCreation-1-3[m[2m | [m[32mINFO [m[2m | [m[2mApprovalSelector[m[2m | [m[32mOPS_APPROVAL_DECISION allow tx=0xeacdf75e02a712714bacd350395d59b1bba808b31e3682999ee3b2c5be568e8b calls=1
[m[2m2026-09-14 22:52:43.929+0200[m[2m | [m[2mEthScheduler-BlockCreation-1-3[m[2m | [m[32mINFO [m[2m | [m[2mApprovalSelector[m[2m | [m[32mOPS_APPROVAL_TIMING {"tx":"0xeacdf75e02a712714bacd350395d59b1bba808b31e3682999ee3b2c5be568e8b","mode":3,"calls":1,"gate_ns":14000}
[m[2m2026-09-14 22:52:43.929+0200[m[2m | [m[2mEthScheduler-BlockCreation-1-3[m[2m | [m[32mINFO [m[2m | [m[2mApprovalSelector[m[2m | [m[32mOPS_APPROVAL_DECISION allow tx=0x3c1a0f4e93c22345d3ba43d83fd94ba6427c000dc1de83a1f01fd37d7f51bbe8 calls=1
[m[2m2026-09-14 22:52:43.929+0200[m[2m | [m[2mEthScheduler-BlockCreation-1-3[m[2m | [m[32mINFO [m[2m | [m[2mApprovalSelector[m[2m | [m[32mOPS_APPROVAL_TIMING {"tx":"0x3c1a0f4e93c22345d3ba43d83fd94ba6427c000dc1de83a1f01fd37d7f51bbe8","mode":3,"calls":1,"gate_ns":18250}
[m[2m2026-09-14 22:52:43.930+0200[m[2m | [m[2mEthScheduler-BlockCreation-1-3[m[2m | [m[32mINFO [m[2m | [m[2mApprovalSelector[m[2m | [m[32mOPS_APPROVAL_DECISION allow tx=0x027bf69ad769eb2b4ae75e40da76756009cad5f1821f7f2ef15ad1a04fea7880 calls=1
[m[2m2026-09-14 22:52:43.930+0200[m[2m | [m[2mEthScheduler-BlockCreation-1-3[m[2m | [m[32mINFO [m[2m | [m[2mApprovalSelector[m[2m | [m[32mOPS_APPROVAL_TIMING {"tx":"0x027bf69ad769eb2b4ae75e40da76756009cad5f1821f7f2ef15ad1a04fea7880","mode":3,"calls":1,"gate_ns":18208}
[m[2m2026-09-14 22:52:43.930+0200[m[2m | [m[2mEthScheduler-BlockCreation-1-3[m[2m | [m[32mINFO [m[2m | [m[2mApprovalSelector[m[2m | [m[32mOPS_APPROVAL_DECISION allow tx=0x0f4b145b7c5ee26374bb9017946e6134b07b793709328ea42871022fc8003b03 calls=1
[m[2m2026-09-14 22:52:43.930+0200[m[2m | [m[2mEthScheduler-BlockCreation-1-3[m[2m | [m[32mINFO [m[2m | [m[2mApprovalSelector[m[2m | [m[32mOPS_APPROVAL_TIMING {"tx":"0x0f4b145b7c5ee26374bb9017946e6134b07b793709328ea42871022fc8003b03","mode":3,"calls":1,"gate_ns":13041}
[m[2m2026-09-14 22:52:43.930+0200[m[2m | [m[2mEthScheduler-BlockCreation-1-3[m[2m | [m[32mINFO [m[2m | [m[2mApprovalSelector[m[2m | [m[32mOPS_APPROVAL_DECISION allow tx=0xdf016d8275b85fd6e3b5df943b2b294d82ed7cfdf289d8a8c80065d0f35b68b3 calls=1
[m[2m2026-09-14 22:52:43.930+0200[m[2m | [m[2mEthScheduler-BlockCreation-1-3[m[2m | [m[32mINFO [m[2m | [m[2mApprovalSelector[m[2m | [m[32mOPS_APPROVAL_TIMING {"tx":"0xdf016d8275b85fd6e3b5df943b2b294d82ed7cfdf289d8a8c80065d0f35b68b3","mode":3,"calls":1,"gate_ns":13083}
[m[2m2026-09-14 22:52:43.930+0200[m[2m | [m[2mEthScheduler-BlockCreation-1-3[m[2m | [m[32mINFO [m[2m | [m[2mApprovalSelector[m[2m | [m[32mOPS_APPROVAL_DECISION allow tx=0xf1d8f27ac3941a9a47e04b5e0d57a56a66dee0efc3303a71acfaa935dad90fca calls=1
[m[2m2026-09-14 22:52:43.930+0200[m[2m | [m[2mEthScheduler-BlockCreation-1-3[m[2m | [m[32mINFO [m[2m | [m[2mApprovalSelector[m[2m | [m[32mOPS_APPROVAL_TIMING {"tx":"0xf1d8f27ac3941a9a47e04b5e0d57a56a66dee0efc3303a71acfaa935dad90fca","mode":3,"calls":1,"gate_ns":12917}
[m[2m2026-09-14 22:52:43.930+0200[m[2m | [m[2mEthScheduler-BlockCreation-1-3[m[2m | [m[32mINFO [m[2m | [m[2mApprovalSelector[m[2m | [m[32mOPS_APPROVAL_DECISION allow tx=0xff03c6071c4daed4a333dc224ba494a305700d0865e4e84fa0b9ee8f4dd00472 calls=1
[m[2m2026-09-14 22:52:43.930+0200[m[2m | [m[2mEthScheduler-BlockCreation-1-3[m[2m | [m[32mINFO [m[2m | [m[2mApprovalSelector[m[2m | [m[32mOPS_APPROVAL_TIMING {"tx":"0xff03c6071c4daed4a333dc224ba494a305700d0865e4e84fa0b9ee8f4dd00472","mode":3,"calls":1,"gate_ns":13500}
[m[2m2026-09-14 22:52:43.930+0200[m[2m | [m[2mEthScheduler-BlockCreation-1-3[m[2m | [m[32mINFO [m[2m | [m[2mApprovalSelector[m[2m | [m[32mOPS_APPROVAL_DECISION allow tx=0x8c60932ae2a1cf06e8573881a613c38e9b39a466f3189aca9d3854fd9a01b9a5 calls=1
[m[2m2026-09-14 22:52:43.930+0200[m[2m | [m[2mEthScheduler-BlockCreation-1-3[m[2m | [m[32mINFO [m[2m | [m[2mApprovalSelector[m[2m | [m[32mOPS_APPROVAL_TIMING {"tx":"0x8c60932ae2a1cf06e8573881a613c38e9b39a466f3189aca9d3854fd9a01b9a5","mode":3,"calls":1,"gate_ns":13042}
[m[2m2026-09-14 22:52:43.930+0200[m[2m | [m[2mEthScheduler-BlockCreation-1-3[m[2m | [m[32mINFO [m[2m | [m[2mApprovalSelector[m[2m | [m[32mOPS_APPROVAL_DECISION allow tx=0x478c144bc640e5cdd786e038e78dce042cf62412a827444b82b1cb028cfac77e calls=1
[m[2m2026-09-14 22:52:43.930+0200[m[2m | [m[2mEthScheduler-BlockCreation-1-3[m[2m | [m[32mINFO [m[2m | [m[2mApprovalSelector[m[2m | [m[32mOPS_APPROVAL_TIMING {"tx":"0x478c144bc640e5cdd786e038e78dce042cf62412a827444b82b1cb028cfac77e","mode":3,"calls":1,"gate_ns":16500}
[m[2m2026-09-14 22:52:43.930+0200[m[2m | [m[2mEthScheduler-BlockCreation-1-3[m[2m | [m[32mINFO [m[2m | [m[2mApprovalSelector[m[2m | [m[32mOPS_APPROVAL_DECISION allow tx=0xfad4490691f18d1ef24f516006770adfb1789c35931a304fd64ffeef1cec16a4 calls=1
[m[2m2026-09-14 22:52:43.930+0200[m[2m | [m[2mEthScheduler-BlockCreation-1-3[m[2m | [m[32mINFO [m[2m | [m[2mApprovalSelector[m[2m | [m[32mOPS_APPROVAL_TIMING {"tx":"0xfad4490691f18d1ef24f516006770adfb1789c35931a304fd64ffeef1cec16a4","mode":3,"calls":1,"gate_ns":12666}
[m[2m2026-09-14 22:52:43.930+0200[m[2m | [m[2mEthScheduler-BlockCreation-1-3[m[2m | [m[32mINFO [m[2m | [m[2mApprovalSelector[m[2m | [m[32mOPS_APPROVAL_DECISION allow tx=0xd2bb89206a1715977ea9f2ab9f823e3beecbdbb928ccde2744ba9bb084a9bea8 calls=1
[m[2m2026-09-14 22:52:43.930+0200[m[2m | [m[2mEthScheduler-BlockCreation-1-3[m[2m | [m[32mINFO [m[2m | [m[2mApprovalSelector[m[2m | [m[32mOPS_APPROVAL_TIMING {"tx":"0xd2bb89206a1715977ea9f2ab9f823e3beecbdbb928ccde2744ba9bb084a9bea8","mode":3,"calls":1,"gate_ns":12749}
[m[2m2026-09-14 22:52:43.930+0200[m[2m | [m[2mEthScheduler-BlockCreation-1-3[m[2m | [m[32mINFO [m[2m | [m[2mApprovalSelector[m[2m | [m[32mOPS_APPROVAL_DECISION allow tx=0x68c7b340ba0284b13afe59e1cf770a95ec02ef7563292917ee9388e223345fff calls=1
[m[2m2026-09-14 22:52:43.930+0200[m[2m | [m[2mEthScheduler-BlockCreation-1-3[m[2m | [m[32mINFO [m[2m | [m[2mApprovalSelector[m[2m | [m[32mOPS_APPROVAL_TIMING {"tx":"0x68c7b340ba0284b13afe59e1cf770a95ec02ef7563292917ee9388e223345fff","mode":3,"calls":1,"gate_ns":12916}
[m[2m2026-09-14 22:52:43.930+0200[m[2m | [m[2mEthScheduler-BlockCreation-1-3[m[2m | [m[32mINFO [m[2m | [m[2mApprovalSelector[m[2m | [m[32mOPS_APPROVAL_DECISION allow tx=0xb3b00d6ff774b047141c2ed8562f49b87983eea3781c5753f5971282628ff194 calls=1
[m[2m2026-09-14 22:52:43.930+0200[m[2m | [m[2mEthScheduler-BlockCreation-1-3[m[2m | [m[32mINFO [m[2m | [m[2mApprovalSelector[m[2m | [m[32mOPS_APPROVAL_TIMING {"tx":"0xb3b00d6ff774b047141c2ed8562f49b87983eea3781c5753f5971282628ff194","mode":3,"calls":1,"gate_ns":12625}
[m[2m2026-09-14 22:52:43.930+0200[m[2m | [m[2mEthScheduler-BlockCreation-1-3[m[2m | [m[32mINFO [m[2m | [m[2mApprovalSelector[m[2m | [m[32mOPS_APPROVAL_DECISION allow tx=0xb4a3509414eef4018c3e2554137855fc461f63627f9ea0b5cae66c9919336e3c calls=1
[m[2m2026-09-14 22:52:43.930+0200[m[2m | [m[2mEthScheduler-BlockCreation-1-3[m[2m | [m[32mINFO [m[2m | [m[2mApprovalSelector[m[2m | [m[32mOPS_APPROVAL_TIMING {"tx":"0xb4a3509414eef4018c3e2554137855fc461f63627f9ea0b5cae66c9919336e3c","mode":3,"calls":1,"gate_ns":12791}
[m[2m2026-09-14 22:52:43.930+0200[m[2m | [m[2mEthScheduler-BlockCreation-1-3[m[2m | [m[32mINFO [m[2m | [m[2mApprovalSelector[m[2m | [m[32mOPS_APPROVAL_DECISION allow tx=0xf16acda47c9ecf944a06066dda85b2b7cda0488e3744eb45db35ba690de19a6d calls=1
[m[2m2026-09-14 22:52:43.930+0200[m[2m | [m[2mEthScheduler-BlockCreation-1-3[m[2m | [m[32mINFO [m[2m | [m[2mApprovalSelector[m[2m | [m[32mOPS_APPROVAL_TIMING {"tx":"0xf16acda47c9ecf944a06066dda85b2b7cda0488e3744eb45db35ba690de19a6d","mode":3,"calls":1,"gate_ns":12625}
[m[2m2026-09-14 22:52:43.930+0200[m[2m | [m[2mEthScheduler-BlockCreation-1-3[m[2m | [m[32mINFO [m[2m | [m[2mApprovalSelector[m[2m | [m[32mOPS_APPROVAL_DECISION allow tx=0x98c218a0e23dad843b62900ca1d087d0ace2b6b246d7c15230d28126291b5b25 calls=1
[m[2m2026-09-14 22:52:43.930+0200[m[2m | [m[2mEthScheduler-BlockCreation-1-3[m[2m | [m[32mINFO [m[2m | [m[2mApprovalSelector[m[2m | [m[32mOPS_APPROVAL_TIMING {"tx":"0x98c218a0e23dad843b62900ca1d087d0ace2b6b246d7c15230d28126291b5b25","mode":3,"calls":1,"gate_ns":12917}
[m[2m2026-09-14 22:52:43.930+0200[m[2m | [m[2mEthScheduler-BlockCreation-1-3[m[2m | [m[32mINFO [m[2m | [m[2mApprovalSelector[m[2m | [m[32mOPS_APPROVAL_DECISION allow tx=0x30780b45547b8b81fe235b706aaf1dc3ca593b7b436a0df812e19eb1f936e09d calls=1
[m[2m2026-09-14 22:52:43.930+0200[m[2m | [m[2mEthScheduler-BlockCreation-1-3[m[2m | [m[32mINFO [m[2m | [m[2mApprovalSelector[m[2m | [m[32mOPS_APPROVAL_TIMING {"tx":"0x30780b45547b8b81fe235b706aaf1dc3ca593b7b436a0df812e19eb1f936e09d","mode":3,"calls":1,"gate_ns":12749}
[m[2m2026-09-14 22:52:43.930+0200[m[2m | [m[2mEthScheduler-BlockCreation-1-3[m[2m | [m[32mINFO [m[2m | [m[2mApprovalSelector[m[2m | [m[32mOPS_APPROVAL_DECISION allow tx=0x2fa5978b7603103a3c2a44e743e457236d1f023804765d8bc8e97ae5fce43653 calls=1
[m[2m2026-09-14 22:52:43.930+0200[m[2m | [m[2mEthScheduler-BlockCreation-1-3[m[2m | [m[32mINFO [m[2m | [m[2mApprovalSelector[m[2m | [m[32mOPS_APPROVAL_TIMING {"tx":"0x2fa5978b7603103a3c2a44e743e457236d1f023804765d8bc8e97ae5fce43653","mode":3,"calls":1,"gate_ns":12666}
[m[2m2026-09-14 22:52:43.930+0200[m[2m | [m[2mEthScheduler-BlockCreation-1-3[m[2m | [m[32mINFO [m[2m | [m[2mApprovalSelector[m[2m | [m[32mOPS_APPROVAL_DECISION allow tx=0x94ee5f5d12428e5e988fa63bf472c1a83b2e4c382fcb9cb7ae9f3ae5b4b04d20 calls=1
[m[2m2026-09-14 22:52:43.930+0200[m[2m | [m[2mEthScheduler-BlockCreation-1-3[m[2m | [m[32mINFO [m[2m | [m[2mApprovalSelector[m[2m | [m[32mOPS_APPROVAL_TIMING {"tx":"0x94ee5f5d12428e5e988fa63bf472c1a83b2e4c382fcb9cb7ae9f3ae5b4b04d20","mode":3,"calls":1,"gate_ns":12583}
[m[2m2026-09-14 22:52:43.931+0200[m[2m | [m[2mEthScheduler-BlockCreation-1-3[m[2m | [m[32mINFO [m[2m | [m[2mApprovalSelector[m[2m | [m[32mOPS_APPROVAL_DECISION allow tx=0x3008c7b9d0e93574bae1ccd63f7420ce040a4a715ddcb181a0a3ede149e08a4e calls=1
[m[2m2026-09-14 22:52:43.931+0200[m[2m | [m[2mEthScheduler-BlockCreation-1-3[m[2m | [m[32mINFO [m[2m | [m[2mApprovalSelector[m[2m | [m[32mOPS_APPROVAL_TIMING {"tx":"0x3008c7b9d0e93574bae1ccd63f7420ce040a4a715ddcb181a0a3ede149e08a4e","mode":3,"calls":1,"gate_ns":13875}
[m[2m2026-09-14 22:52:43.931+0200[m[2m | [m[2mEthScheduler-BlockCreation-1-3[m[2m | [m[32mINFO [m[2m | [m[2mApprovalSelector[m[2m | [m[32mOPS_APPROVAL_DECISION allow tx=0xa369c72206a9383133e5bb990abdfd0f1bb0e31c3514e6a697296a8481e99445 calls=1
[m[2m2026-09-14 22:52:43.931+0200[m[2m | [m[2mEthScheduler-BlockCreation-1-3[m[2m | [m[32mINFO [m[2m | [m[2mApprovalSelector[m[2m | [m[32mOPS_APPROVAL_TIMING {"tx":"0xa369c72206a9383133e5bb990abdfd0f1bb0e31c3514e6a697296a8481e99445","mode":3,"calls":1,"gate_ns":13000}
[m[2m2026-09-14 22:52:43.931+0200[m[2m | [m[2mEthScheduler-BlockCreation-1-3[m[2m | [m[32mINFO [m[2m | [m[2mApprovalSelector[m[2m | [m[32mOPS_APPROVAL_DECISION allow tx=0x737af4e3b4c24ad69ceb708626962781be992acf459e232c223e1fbf9ff45990 calls=1
[m[2m2026-09-14 22:52:43.931+0200[m[2m | [m[2mEthScheduler-BlockCreation-1-3[m[2m | [m[32mINFO [m[2m | [m[2mApprovalSelector[m[2m | [m[32mOPS_APPROVAL_TIMING {"tx":"0x737af4e3b4c24ad69ceb708626962781be992acf459e232c223e1fbf9ff45990","mode":3,"calls":1,"gate_ns":24125}
[m[2m2026-09-14 22:52:43.931+0200[m[2m | [m[2mEthScheduler-BlockCreation-1-3[m[2m | [m[32mINFO [m[2m | [m[2mApprovalSelector[m[2m | [m[32mOPS_APPROVAL_DECISION allow tx=0x6a18220e3ddebe701533828a2be2d0060c8aba1cf1e2deeb8ce87d0d06071bdd calls=1
[m[2m2026-09-14 22:52:43.931+0200[m[2m | [m[2mEthScheduler-BlockCreation-1-3[m[2m | [m[32mINFO [m[2m | [m[2mApprovalSelector[m[2m | [m[32mOPS_APPROVAL_TIMING {"tx":"0x6a18220e3ddebe701533828a2be2d0060c8aba1cf1e2deeb8ce87d0d06071bdd","mode":3,"calls":1,"gate_ns":12875}
[m[2m2026-09-14 22:52:43.931+0200[m[2m | [m[2mEthScheduler-BlockCreation-1-3[m[2m | [m[32mINFO [m[2m | [m[2mApprovalSelector[m[2m | [m[32mOPS_APPROVAL_DECISION allow tx=0x841ee0bc00d7bd2eefcf4b398df896fdb5f4c9052fe6e7141a446af4376b3f01 calls=1
[m[2m2026-09-14 22:52:43.931+0200[m[2m | [m[2mEthScheduler-BlockCreation-1-3[m[2m | [m[32mINFO [m[2m | [m[2mApprovalSelector[m[2m | [m[32mOPS_APPROVAL_TIMING {"tx":"0x841ee0bc00d7bd2eefcf4b398df896fdb5f4c9052fe6e7141a446af4376b3f01","mode":3,"calls":1,"gate_ns":12917}
[m[2m2026-09-14 22:52:43.931+0200[m[2m | [m[2mEthScheduler-BlockCreation-1-3[m[2m | [m[32mINFO [m[2m | [m[2mApprovalSelector[m[2m | [m[32mOPS_APPROVAL_DECISION allow tx=0xfaf11fdac70cadd5d7114f022e2f243f7e6d43a5fb46b5519a5937833a79cd83 calls=1
[m[2m2026-09-14 22:52:43.931+0200[m[2m | [m[2mEthScheduler-BlockCreation-1-3[m[2m | [m[32mINFO [m[2m | [m[2mApprovalSelector[m[2m | [m[32mOPS_APPROVAL_TIMING {"tx":"0xfaf11fdac70cadd5d7114f022e2f243f7e6d43a5fb46b5519a5937833a79cd83","mode":3,"calls":1,"gate_ns":12542}
[m[2m2026-09-14 22:52:43.931+0200[m[2m | [m[2mEthScheduler-BlockCreation-1-3[m[2m | [m[32mINFO [m[2m | [m[2mApprovalSelector[m[2m | [m[32mOPS_APPROVAL_DECISION allow tx=0x58949e9072a35a6ad967583f219293575784c3958a27ddb52c34b5291f2c57e9 calls=1
[m[2m2026-09-14 22:52:43.931+0200[m[2m | [m[2mEthScheduler-BlockCreation-1-3[m[2m | [m[32mINFO [m[2m | [m[2mApprovalSelector[m[2m | [m[32mOPS_APPROVAL_TIMING {"tx":"0x58949e9072a35a6ad967583f219293575784c3958a27ddb52c34b5291f2c57e9","mode":3,"calls":1,"gate_ns":13083}
[m[2m2026-09-14 22:52:43.931+0200[m[2m | [m[2mEthScheduler-BlockCreation-1-3[m[2m | [m[32mINFO [m[2m | [m[2mApprovalSelector[m[2m | [m[32mOPS_APPROVAL_DECISION allow tx=0xbb5d466639242842167bf9fbffbcbc1933830065920099cd66248d805001855e calls=1
[m[2m2026-09-14 22:52:43.931+0200[m[2m | [m[2mEthScheduler-BlockCreation-1-3[m[2m | [m[32mINFO [m[2m | [m[2mApprovalSelector[m[2m | [m[32mOPS_APPROVAL_TIMING {"tx":"0xbb5d466639242842167bf9fbffbcbc1933830065920099cd66248d805001855e","mode":3,"calls":1,"gate_ns":12749}
[m[2m2026-09-14 22:52:43.931+0200[m[2m | [m[2mEthScheduler-BlockCreation-1-3[m[2m | [m[32mINFO [m[2m | [m[2mApprovalSelector[m[2m | [m[32mOPS_APPROVAL_DECISION allow tx=0xe2e3df0f97871dc7bd1e54f93de66acc352616e748ea152c0f56a4a5e1f487a3 calls=1
[m[2m2026-09-14 22:52:43.931+0200[m[2m | [m[2mEthScheduler-BlockCreation-1-3[m[2m | [m[32mINFO [m[2m | [m[2mApprovalSelector[m[2m | [m[32mOPS_APPROVAL_TIMING {"tx":"0xe2e3df0f97871dc7bd1e54f93de66acc352616e748ea152c0f56a4a5e1f487a3","mode":3,"calls":1,"gate_ns":13208}
[m[2m2026-09-14 22:52:43.931+0200[m[2m | [m[2mEthScheduler-BlockCreation-1-3[m[2m | [m[32mINFO [m[2m | [m[2mApprovalSelector[m[2m | [m[32mOPS_APPROVAL_DECISION allow tx=0x8c9dcaeb13fdcb8d9cf3dcb2a9557c6ad110398541401f5765d6c9d42a9b34e1 calls=1
[m[2m2026-09-14 22:52:43.931+0200[m[2m | [m[2mEthScheduler-BlockCreation-1-3[m[2m | [m[32mINFO [m[2m | [m[2mApprovalSelector[m[2m | [m[32mOPS_APPROVAL_TIMING {"tx":"0x8c9dcaeb13fdcb8d9cf3dcb2a9557c6ad110398541401f5765d6c9d42a9b34e1","mode":3,"calls":1,"gate_ns":16000}
[m[2m2026-09-14 22:52:43.931+0200[m[2m | [m[2mEthScheduler-BlockCreation-1-3[m[2m | [m[32mINFO [m[2m | [m[2mApprovalSelector[m[2m | [m[32mOPS_APPROVAL_DECISION allow tx=0xebfde3406ea90f1caecb166344edaacdc288e265cf2f62b6c2a530a9e4c15b7b calls=1
[m[2m2026-09-14 22:52:43.931+0200[m[2m | [m[2mEthScheduler-BlockCreation-1-3[m[2m | [m[32mINFO [m[2m | [m[2mApprovalSelector[m[2m | [m[32mOPS_APPROVAL_TIMING {"tx":"0xebfde3406ea90f1caecb166344edaacdc288e265cf2f62b6c2a530a9e4c15b7b","mode":3,"calls":1,"gate_ns":13000}
[m[2m2026-09-14 22:52:43.931+0200[m[2m | [m[2mEthScheduler-BlockCreation-1-3[m[2m | [m[32mINFO [m[2m | [m[2mApprovalSelector[m[2m | [m[32mOPS_APPROVAL_DECISION allow tx=0x82a73e08a3efc0455249fcb42aa990163d9577827a5e1e22de744afd1a26e936 calls=1
[m[2m2026-09-14 22:52:43.931+0200[m[2m | [m[2mEthScheduler-BlockCreation-1-3[m[2m | [m[32mINFO [m[2m | [m[2mApprovalSelector[m[2m | [m[32mOPS_APPROVAL_TIMING {"tx":"0x82a73e08a3efc0455249fcb42aa990163d9577827a5e1e22de744afd1a26e936","mode":3,"calls":1,"gate_ns":12667}
[m[2m2026-09-14 22:52:43.931+0200[m[2m | [m[2mEthScheduler-BlockCreation-1-3[m[2m | [m[32mINFO [m[2m | [m[2mApprovalSelector[m[2m | [m[32mOPS_APPROVAL_DECISION allow tx=0x574b6ad510a58e03431a3210fc1e98ab9c6cdb186b7e5dcef420459805231017 calls=1
[m[2m2026-09-14 22:52:43.931+0200[m[2m | [m[2mEthScheduler-BlockCreation-1-3[m[2m | [m[32mINFO [m[2m | [m[2mApprovalSelector[m[2m | [m[32mOPS_APPROVAL_TIMING {"tx":"0x574b6ad510a58e03431a3210fc1e98ab9c6cdb186b7e5dcef420459805231017","mode":3,"calls":1,"gate_ns":12667}
[m[2m2026-09-14 22:52:43.931+0200[m[2m | [m[2mEthScheduler-BlockCreation-1-3[m[2m | [m[32mINFO [m[2m | [m[2mApprovalSelector[m[2m | [m[32mOPS_APPROVAL_DECISION allow tx=0x3e27dd61fa4d4a989c823bf7b80ba6ec34edc36db76df7c24d498d0c42f21bb1 calls=1
[m[2m2026-09-14 22:52:43.931+0200[m[2m | [m[2mEthScheduler-BlockCreation-1-3[m[2m | [m[32mINFO [m[2m | [m[2mApprovalSelector[m[2m | [m[32mOPS_APPROVAL_TIMING {"tx":"0x3e27dd61fa4d4a989c823bf7b80ba6ec34edc36db76df7c24d498d0c42f21bb1","mode":3,"calls":1,"gate_ns":12458}
[m[2m2026-09-14 22:52:43.931+0200[m[2m | [m[2mEthScheduler-BlockCreation-1-3[m[2m | [m[32mINFO [m[2m | [m[2mApprovalSelector[m[2m | [m[32mOPS_APPROVAL_DECISION allow tx=0xaf7bfb9477e418818c20fbe06af49ba640da575254a8d1e0723bc57a06a9f94e calls=1
[m[2m2026-09-14 22:52:43.931+0200[m[2m | [m[2mEthScheduler-BlockCreation-1-3[m[2m | [m[32mINFO [m[2m | [m[2mApprovalSelector[m[2m | [m[32mOPS_APPROVAL_TIMING {"tx":"0xaf7bfb9477e418818c20fbe06af49ba640da575254a8d1e0723bc57a06a9f94e","mode":3,"calls":1,"gate_ns":12708}
[m[2m2026-09-14 22:52:43.931+0200[m[2m | [m[2mEthScheduler-BlockCreation-1-3[m[2m | [m[32mINFO [m[2m | [m[2mApprovalSelector[m[2m | [m[32mOPS_APPROVAL_DECISION allow tx=0xe1bd90570bd88a8e6b8ffffd731febddf39977d9a915610317253fa19f67aa64 calls=1
[m[2m2026-09-14 22:52:43.931+0200[m[2m | [m[2mEthScheduler-BlockCreation-1-3[m[2m | [m[32mINFO [m[2m | [m[2mApprovalSelector[m[2m | [m[32mOPS_APPROVAL_TIMING {"tx":"0xe1bd90570bd88a8e6b8ffffd731febddf39977d9a915610317253fa19f67aa64","mode":3,"calls":1,"gate_ns":12542}
[m[2m2026-09-14 22:52:43.931+0200[m[2m | [m[2mEthScheduler-BlockCreation-1-3[m[2m | [m[32mINFO [m[2m | [m[2mApprovalSelector[m[2m | [m[32mOPS_APPROVAL_DECISION allow tx=0xb36e268d90a547769662895dea7dab276d8e7f4e1d503194670cf094e7674107 calls=1
[m[2m2026-09-14 22:52:43.931+0200[m[2m | [m[2mEthScheduler-BlockCreation-1-3[m[2m | [m[32mINFO [m[2m | [m[2mApprovalSelector[m[2m | [m[32mOPS_APPROVAL_TIMING {"tx":"0xb36e268d90a547769662895dea7dab276d8e7f4e1d503194670cf094e7674107","mode":3,"calls":1,"gate_ns":13542}
[m[2m2026-09-14 22:52:43.931+0200[m[2m | [m[2mEthScheduler-BlockCreation-1-3[m[2m | [m[32mINFO [m[2m | [m[2mApprovalSelector[m[2m | [m[32mOPS_APPROVAL_DECISION allow tx=0x3f20e15b6f08c2f2e458ae0d9eddbf48c6e1b65e095610e3a19cbc6b6f6bc850 calls=1
[m[2m2026-09-14 22:52:43.931+0200[m[2m | [m[2mEthScheduler-BlockCreation-1-3[m[2m | [m[32mINFO [m[2m | [m[2mApprovalSelector[m[2m | [m[32mOPS_APPROVAL_TIMING {"tx":"0x3f20e15b6f08c2f2e458ae0d9eddbf48c6e1b65e095610e3a19cbc6b6f6bc850","mode":3,"calls":1,"gate_ns":12250}
[m[2m2026-09-14 22:52:43.932+0200[m[2m | [m[2mEthScheduler-BlockCreation-1-3[m[2m | [m[32mINFO [m[2m | [m[2mApprovalSelector[m[2m | [m[32mOPS_APPROVAL_DECISION allow tx=0x43eaa46058c03bd67d16d0ec0582b0ef996caf8821faeaad6725bb59efe46ccf calls=1
[m[2m2026-09-14 22:52:43.932+0200[m[2m | [m[2mEthScheduler-BlockCreation-1-3[m[2m | [m[32mINFO [m[2m | [m[2mApprovalSelector[m[2m | [m[32mOPS_APPROVAL_TIMING {"tx":"0x43eaa46058c03bd67d16d0ec0582b0ef996caf8821faeaad6725bb59efe46ccf","mode":3,"calls":1,"gate_ns":14125}
[m[2m2026-09-14 22:52:43.932+0200[m[2m | [m[2mEthScheduler-BlockCreation-1-3[m[2m | [m[32mINFO [m[2m | [m[2mApprovalSelector[m[2m | [m[32mOPS_APPROVAL_DECISION allow tx=0x1a078cd9019c6c9b0d3d3d3b504113fca91a23d6e517f3610aa50cb95d1d25c2 calls=1
[m[2m2026-09-14 22:52:43.932+0200[m[2m | [m[2mEthScheduler-BlockCreation-1-3[m[2m | [m[32mINFO [m[2m | [m[2mApprovalSelector[m[2m | [m[32mOPS_APPROVAL_TIMING {"tx":"0x1a078cd9019c6c9b0d3d3d3b504113fca91a23d6e517f3610aa50cb95d1d25c2","mode":3,"calls":1,"gate_ns":12458}
[m[2m2026-09-14 22:52:43.932+0200[m[2m | [m[2mEthScheduler-BlockCreation-1-3[m[2m | [m[32mINFO [m[2m | [m[2mApprovalSelector[m[2m | [m[32mOPS_APPROVAL_DECISION allow tx=0xc73836b08ab941b395d3e658d6e92fced1203f81f123768883e397f5ad12bd5b calls=1
[m[2m2026-09-14 22:52:43.932+0200[m[2m | [m[2mEthScheduler-BlockCreation-1-3[m[2m | [m[32mINFO [m[2m | [m[2mApprovalSelector[m[2m | [m[32mOPS_APPROVAL_TIMING {"tx":"0xc73836b08ab941b395d3e658d6e92fced1203f81f123768883e397f5ad12bd5b","mode":3,"calls":1,"gate_ns":12708}
[m[2m2026-09-14 22:52:43.932+0200[m[2m | [m[2mEthScheduler-BlockCreation-1-3[m[2m | [m[32mINFO [m[2m | [m[2mApprovalSelector[m[2m | [m[32mOPS_APPROVAL_DECISION allow tx=0x710eb9985da5305c2d9750cb37654f9a0a6819b949dff5e62f23b31d5ec60439 calls=1
[m[2m2026-09-14 22:52:43.932+0200[m[2m | [m[2mEthScheduler-BlockCreation-1-3[m[2m | [m[32mINFO [m[2m | [m[2mApprovalSelector[m[2m | [m[32mOPS_APPROVAL_TIMING {"tx":"0x710eb9985da5305c2d9750cb37654f9a0a6819b949dff5e62f23b31d5ec60439","mode":3,"calls":1,"gate_ns":12751}
[m[2m2026-09-14 22:52:43.932+0200[m[2m | [m[2mEthScheduler-BlockCreation-1-3[m[2m | [m[32mINFO [m[2m | [m[2mApprovalSelector[m[2m | [m[32mOPS_APPROVAL_DECISION allow tx=0x6545b9528007dd0aa4702239771b41bf36014570ce566aa394c9ae1c9673d95c calls=1
[m[2m2026-09-14 22:52:43.932+0200[m[2m | [m[2mEthScheduler-BlockCreation-1-3[m[2m | [m[32mINFO [m[2m | [m[2mApprovalSelector[m[2m | [m[32mOPS_APPROVAL_TIMING {"tx":"0x6545b9528007dd0aa4702239771b41bf36014570ce566aa394c9ae1c9673d95c","mode":3,"calls":1,"gate_ns":13375}
[m[2m2026-09-14 22:52:43.932+0200[m[2m | [m[2mEthScheduler-BlockCreation-1-3[m[2m | [m[32mINFO [m[2m | [m[2mApprovalSelector[m[2m | [m[32mOPS_APPROVAL_DECISION allow tx=0x460b33dc599e73d82fa348cfdd52633a92810aea679435e196cee6bc3e60e800 calls=1
[m[2m2026-09-14 22:52:43.932+0200[m[2m | [m[2mEthScheduler-BlockCreation-1-3[m[2m | [m[32mINFO [m[2m | [m[2mApprovalSelector[m[2m | [m[32mOPS_APPROVAL_TIMING {"tx":"0x460b33dc599e73d82fa348cfdd52633a92810aea679435e196cee6bc3e60e800","mode":3,"calls":1,"gate_ns":12375}
[m[2m2026-09-14 22:52:43.932+0200[m[2m | [m[2mEthScheduler-BlockCreation-1-3[m[2m | [m[32mINFO [m[2m | [m[2mApprovalSelector[m[2m | [m[32mOPS_APPROVAL_DECISION allow tx=0xf65ff51b34508db10c447b2f7b7af14543ef00d195c3a257680f3625723b8bf8 calls=1
[m[2m2026-09-14 22:52:43.932+0200[m[2m | [m[2mEthScheduler-BlockCreation-1-3[m[2m | [m[32mINFO [m[2m | [m[2mApprovalSelector[m[2m | [m[32mOPS_APPROVAL_TIMING {"tx":"0xf65ff51b34508db10c447b2f7b7af14543ef00d195c3a257680f3625723b8bf8","mode":3,"calls":1,"gate_ns":12625}
[m[2m2026-09-14 22:52:43.932+0200[m[2m | [m[2mEthScheduler-BlockCreation-1-3[m[2m | [m[32mINFO [m[2m | [m[2mApprovalSelector[m[2m | [m[32mOPS_APPROVAL_DECISION allow tx=0xbd9136da33cc38184dc5f90b0f26bae760b09e60baf863e43c8bd8f720d5938c calls=1
[m[2m2026-09-14 22:52:43.932+0200[m[2m | [m[2mEthScheduler-BlockCreation-1-3[m[2m | [m[32mINFO [m[2m | [m[2mApprovalSelector[m[2m | [m[32mOPS_APPROVAL_TIMING {"tx":"0xbd9136da33cc38184dc5f90b0f26bae760b09e60baf863e43c8bd8f720d5938c","mode":3,"calls":1,"gate_ns":14541}
[m[2m2026-09-14 22:52:43.932+0200[m[2m | [m[2mEthScheduler-BlockCreation-1-3[m[2m | [m[32mINFO [m[2m | [m[2mApprovalSelector[m[2m | [m[32mOPS_APPROVAL_DECISION allow tx=0x2f8e5c775aebcb5372c191151f1ae110461550035858cd0254aa51c54336447d calls=1
[m[2m2026-09-14 22:52:43.932+0200[m[2m | [m[2mEthScheduler-BlockCreation-1-3[m[2m | [m[32mINFO [m[2m | [m[2mApprovalSelector[m[2m | [m[32mOPS_APPROVAL_TIMING {"tx":"0x2f8e5c775aebcb5372c191151f1ae110461550035858cd0254aa51c54336447d","mode":3,"calls":1,"gate_ns":12834}
[m[2m2026-09-14 22:52:43.932+0200[m[2m | [m[2mEthScheduler-BlockCreation-1-3[m[2m | [m[32mINFO [m[2m | [m[2mApprovalSelector[m[2m | [m[32mOPS_APPROVAL_DECISION allow tx=0x000ab8572c2253150258758f183995ea25628d1bf2bd902bafdccf8073e9d9d0 calls=1
[m[2m2026-09-14 22:52:43.932+0200[m[2m | [m[2mEthScheduler-BlockCreation-1-3[m[2m | [m[32mINFO [m[2m | [m[2mApprovalSelector[m[2m | [m[32mOPS_APPROVAL_TIMING {"tx":"0x000ab8572c2253150258758f183995ea25628d1bf2bd902bafdccf8073e9d9d0","mode":3,"calls":1,"gate_ns":12584}
[m[2m2026-09-14 22:52:43.932+0200[m[2m | [m[2mEthScheduler-BlockCreation-1-3[m[2m | [m[32mINFO [m[2m | [m[2mApprovalSelector[m[2m | [m[32mOPS_APPROVAL_DECISION allow tx=0x58f1c5c04816027b533eadd62c36dd3ce7ac99da52718a34a382b8114904602c calls=1
[m[2m2026-09-14 22:52:43.932+0200[m[2m | [m[2mEthScheduler-BlockCreation-1-3[m[2m | [m[32mINFO [m[2m | [m[2mApprovalSelector[m[2m | [m[32mOPS_APPROVAL_TIMING {"tx":"0x58f1c5c04816027b533eadd62c36dd3ce7ac99da52718a34a382b8114904602c","mode":3,"calls":1,"gate_ns":12583}
[m[2m2026-09-14 22:52:43.932+0200[m[2m | [m[2mEthScheduler-BlockCreation-1-3[m[2m | [m[32mINFO [m[2m | [m[2mApprovalSelector[m[2m | [m[32mOPS_APPROVAL_DECISION allow tx=0x2b8fe4e798d9127cd4b9bf89e14da24c19cd59280392247cc088ee8e4de42ac8 calls=1
[m[2m2026-09-14 22:52:43.932+0200[m[2m | [m[2mEthScheduler-BlockCreation-1-3[m[2m | [m[32mINFO [m[2m | [m[2mApprovalSelector[m[2m | [m[32mOPS_APPROVAL_TIMING {"tx":"0x2b8fe4e798d9127cd4b9bf89e14da24c19cd59280392247cc088ee8e4de42ac8","mode":3,"calls":1,"gate_ns":12292}
[m[2m2026-09-14 22:52:43.932+0200[m[2m | [m[2mEthScheduler-BlockCreation-1-3[m[2m | [m[32mINFO [m[2m | [m[2mApprovalSelector[m[2m | [m[32mOPS_APPROVAL_DECISION allow tx=0xf7420458cbe73ab487de5ef2d1290c55bda9edfc7fd0a39b85249ea7e5d0b15b calls=1
[m[2m2026-09-14 22:52:43.932+0200[m[2m | [m[2mEthScheduler-BlockCreation-1-3[m[2m | [m[32mINFO [m[2m | [m[2mApprovalSelector[m[2m | [m[32mOPS_APPROVAL_TIMING {"tx":"0xf7420458cbe73ab487de5ef2d1290c55bda9edfc7fd0a39b85249ea7e5d0b15b","mode":3,"calls":1,"gate_ns":13001}
[m[2m2026-09-14 22:52:43.932+0200[m[2m | [m[2mEthScheduler-BlockCreation-1-3[m[2m | [m[32mINFO [m[2m | [m[2mApprovalSelector[m[2m | [m[32mOPS_APPROVAL_DECISION allow tx=0x84b050fc33bc47137cf05294dd9d6e5be802f4ddaf9e43f6a74adf7f8b4d3a7c calls=1
[m[2m2026-09-14 22:52:43.932+0200[m[2m | [m[2mEthScheduler-BlockCreation-1-3[m[2m | [m[32mINFO [m[2m | [m[2mApprovalSelector[m[2m | [m[32mOPS_APPROVAL_TIMING {"tx":"0x84b050fc33bc47137cf05294dd9d6e5be802f4ddaf9e43f6a74adf7f8b4d3a7c","mode":3,"calls":1,"gate_ns":12541}
[m[2m2026-09-14 22:52:43.932+0200[m[2m | [m[2mEthScheduler-BlockCreation-1-3[m[2m | [m[32mINFO [m[2m | [m[2mApprovalSelector[m[2m | [m[32mOPS_APPROVAL_DECISION allow tx=0xaa0be45536a83e511662df5b977814a268cb013c61529e83650ee99d5f4aa97b calls=1
[m[2m2026-09-14 22:52:43.932+0200[m[2m | [m[2mEthScheduler-BlockCreation-1-3[m[2m | [m[32mINFO [m[2m | [m[2mApprovalSelector[m[2m | [m[32mOPS_APPROVAL_TIMING {"tx":"0xaa0be45536a83e511662df5b977814a268cb013c61529e83650ee99d5f4aa97b","mode":3,"calls":1,"gate_ns":12167}
[m[2m2026-09-14 22:52:43.932+0200[m[2m | [m[2mEthScheduler-BlockCreation-1-3[m[2m | [m[32mINFO [m[2m | [m[2mApprovalSelector[m[2m | [m[32mOPS_APPROVAL_DECISION allow tx=0x0ea530af06e9a6077cf528d5c9445e47b67b7dba67e4d8f27022cac9544feba4 calls=1
[m[2m2026-09-14 22:52:43.932+0200[m[2m | [m[2mEthScheduler-BlockCreation-1-3[m[2m | [m[32mINFO [m[2m | [m[2mApprovalSelector[m[2m | [m[32mOPS_APPROVAL_TIMING {"tx":"0x0ea530af06e9a6077cf528d5c9445e47b67b7dba67e4d8f27022cac9544feba4","mode":3,"calls":1,"gate_ns":13584}
[m[2m2026-09-14 22:52:43.932+0200[m[2m | [m[2mEthScheduler-BlockCreation-1-3[m[2m | [m[32mINFO [m[2m | [m[2mApprovalSelector[m[2m | [m[32mOPS_APPROVAL_DECISION allow tx=0x94aac00887c20a282414263c80e66d1b8047bb61266e5226d8acf1cbb5499db8 calls=1
[m[2m2026-09-14 22:52:43.932+0200[m[2m | [m[2mEthScheduler-BlockCreation-1-3[m[2m | [m[32mINFO [m[2m | [m[2mApprovalSelector[m[2m | [m[32mOPS_APPROVAL_TIMING {"tx":"0x94aac00887c20a282414263c80e66d1b8047bb61266e5226d8acf1cbb5499db8","mode":3,"calls":1,"gate_ns":12459}
[m[2m2026-09-14 22:52:43.933+0200[m[2m | [m[2mEthScheduler-BlockCreation-1-3[m[2m | [m[32mINFO [m[2m | [m[2mApprovalSelector[m[2m | [m[32mOPS_APPROVAL_DECISION allow tx=0xd510ede28a2740cb9432700fbd456ccec9a244be707ed4ef9a7846c48a8e5086 calls=1
[m[2m2026-09-14 22:52:43.933+0200[m[2m | [m[2mEthScheduler-BlockCreation-1-3[m[2m | [m[32mINFO [m[2m | [m[2mApprovalSelector[m[2m | [m[32mOPS_APPROVAL_TIMING {"tx":"0xd510ede28a2740cb9432700fbd456ccec9a244be707ed4ef9a7846c48a8e5086","mode":3,"calls":1,"gate_ns":15250}
[m[2m2026-09-14 22:52:43.933+0200[m[2m | [m[2mEthScheduler-BlockCreation-1-3[m[2m | [m[32mINFO [m[2m | [m[2mApprovalSelector[m[2m | [m[32mOPS_APPROVAL_DECISION allow tx=0xeee2e081d0939def9668db29ed2a10db28d849c8731a710e1d0f21ae7c37c33a calls=1
[m[2m2026-09-14 22:52:43.933+0200[m[2m | [m[2mEthScheduler-BlockCreation-1-3[m[2m | [m[32mINFO [m[2m | [m[2mApprovalSelector[m[2m | [m[32mOPS_APPROVAL_TIMING {"tx":"0xeee2e081d0939def9668db29ed2a10db28d849c8731a710e1d0f21ae7c37c33a","mode":3,"calls":1,"gate_ns":12375}
[m[2m2026-09-14 22:52:43.933+0200[m[2m | [m[2mEthScheduler-BlockCreation-1-3[m[2m | [m[32mINFO [m[2m | [m[2mApprovalSelector[m[2m | [m[32mOPS_APPROVAL_DECISION allow tx=0x793c6d50b219c111dfe0df35f63fbf3f3d067fdfffb50b854c8f454621a8f450 calls=1
[m[2m2026-09-14 22:52:43.933+0200[m[2m | [m[2mEthScheduler-BlockCreation-1-3[m[2m | [m[32mINFO [m[2m | [m[2mApprovalSelector[m[2m | [m[32mOPS_APPROVAL_TIMING {"tx":"0x793c6d50b219c111dfe0df35f63fbf3f3d067fdfffb50b854c8f454621a8f450","mode":3,"calls":1,"gate_ns":12375}
[m[2m2026-09-14 22:52:43.933+0200[m[2m | [m[2mEthScheduler-BlockCreation-1-3[m[2m | [m[32mINFO [m[2m | [m[2mApprovalSelector[m[2m | [m[32mOPS_APPROVAL_DECISION allow tx=0x4d1cf43bf63015ebbe5b53746436963eb62ac711d0575a32859c72af55d92c0b calls=1
[m[2m2026-09-14 22:52:43.933+0200[m[2m | [m[2mEthScheduler-BlockCreation-1-3[m[2m | [m[32mINFO [m[2m | [m[2mApprovalSelector[m[2m | [m[32mOPS_APPROVAL_TIMING {"tx":"0x4d1cf43bf63015ebbe5b53746436963eb62ac711d0575a32859c72af55d92c0b","mode":3,"calls":1,"gate_ns":12708}
[m[2m2026-09-14 22:52:43.933+0200[m[2m | [m[2mEthScheduler-BlockCreation-1-3[m[2m | [m[32mINFO [m[2m | [m[2mApprovalSelector[m[2m | [m[32mOPS_APPROVAL_DECISION allow tx=0x381e3d4ab8b1320b73ea68040c386e5a59461efae5abd661422b98d2d01ee131 calls=1
[m[2m2026-09-14 22:52:43.933+0200[m[2m | [m[2mEthScheduler-BlockCreation-1-3[m[2m | [m[32mINFO [m[2m | [m[2mApprovalSelector[m[2m | [m[32mOPS_APPROVAL_TIMING {"tx":"0x381e3d4ab8b1320b73ea68040c386e5a59461efae5abd661422b98d2d01ee131","mode":3,"calls":1,"gate_ns":13043}
[m[2m2026-09-14 22:52:43.933+0200[m[2m | [m[2mEthScheduler-BlockCreation-1-3[m[2m | [m[32mINFO [m[2m | [m[2mApprovalSelector[m[2m | [m[32mOPS_APPROVAL_DECISION allow tx=0xa1c353aa824ae620fad248f8614a0751d1f4e8b24fa5d09e08a75f3cbd28448c calls=1
[m[2m2026-09-14 22:52:43.933+0200[m[2m | [m[2mEthScheduler-BlockCreation-1-3[m[2m | [m[32mINFO [m[2m | [m[2mApprovalSelector[m[2m | [m[32mOPS_APPROVAL_TIMING {"tx":"0xa1c353aa824ae620fad248f8614a0751d1f4e8b24fa5d09e08a75f3cbd28448c","mode":3,"calls":1,"gate_ns":12542}
[m[2m2026-09-14 22:52:43.933+0200[m[2m | [m[2mEthScheduler-BlockCreation-1-3[m[2m | [m[32mINFO [m[2m | [m[2mApprovalSelector[m[2m | [m[32mOPS_APPROVAL_DECISION allow tx=0x359265fac5a080317cde29e7fb9dd05e2b5ef06c0cdcb71607baca45c753ef41 calls=1
[m[2m2026-09-14 22:52:43.933+0200[m[2m | [m[2mEthScheduler-BlockCreation-1-3[m[2m | [m[32mINFO [m[2m | [m[2mApprovalSelector[m[2m | [m[32mOPS_APPROVAL_TIMING {"tx":"0x359265fac5a080317cde29e7fb9dd05e2b5ef06c0cdcb71607baca45c753ef41","mode":3,"calls":1,"gate_ns":25208}
[m[2m2026-09-14 22:52:43.933+0200[m[2m | [m[2mEthScheduler-BlockCreation-1-3[m[2m | [m[32mINFO [m[2m | [m[2mApprovalSelector[m[2m | [m[32mOPS_APPROVAL_DECISION allow tx=0xe067912de62ab30dd1938c168eaff6f597df1d0370f0e7d3d1aca060c44da6be calls=1
[m[2m2026-09-14 22:52:43.933+0200[m[2m | [m[2mEthScheduler-BlockCreation-1-3[m[2m | [m[32mINFO [m[2m | [m[2mApprovalSelector[m[2m | [m[32mOPS_APPROVAL_TIMING {"tx":"0xe067912de62ab30dd1938c168eaff6f597df1d0370f0e7d3d1aca060c44da6be","mode":3,"calls":1,"gate_ns":12749}
[m[2m2026-09-14 22:52:43.933+0200[m[2m | [m[2mEthScheduler-BlockCreation-1-3[m[2m | [m[32mINFO [m[2m | [m[2mApprovalSelector[m[2m | [m[32mOPS_APPROVAL_DECISION allow tx=0xf8f6bb24fa0fa16b90d4ca948fb1bea1b10d5d434f829c7640cb54068c9d9bef calls=1
[m[2m2026-09-14 22:52:43.933+0200[m[2m | [m[2mEthScheduler-BlockCreation-1-3[m[2m | [m[32mINFO [m[2m | [m[2mApprovalSelector[m[2m | [m[32mOPS_APPROVAL_TIMING {"tx":"0xf8f6bb24fa0fa16b90d4ca948fb1bea1b10d5d434f829c7640cb54068c9d9bef","mode":3,"calls":1,"gate_ns":13041}
[m[2m2026-09-14 22:52:43.933+0200[m[2m | [m[2mEthScheduler-BlockCreation-1-3[m[2m | [m[32mINFO [m[2m | [m[2mApprovalSelector[m[2m | [m[32mOPS_APPROVAL_DECISION allow tx=0x5bf156abaf31d2b24b49a261e5d6c64b797da3860d38d339761d4026dc86d776 calls=1
[m[2m2026-09-14 22:52:43.933+0200[m[2m | [m[2mEthScheduler-BlockCreation-1-3[m[2m | [m[32mINFO [m[2m | [m[2mApprovalSelector[m[2m | [m[32mOPS_APPROVAL_TIMING {"tx":"0x5bf156abaf31d2b24b49a261e5d6c64b797da3860d38d339761d4026dc86d776","mode":3,"calls":1,"gate_ns":12749}
[m[2m2026-09-14 22:52:43.933+0200[m[2m | [m[2mEthScheduler-BlockCreation-1-3[m[2m | [m[32mINFO [m[2m | [m[2mApprovalSelector[m[2m | [m[32mOPS_APPROVAL_DECISION allow tx=0xecf2020d406e20fec52838b823b011da9c901131ac6d919d72d9107f515daadc calls=1
[m[2m2026-09-14 22:52:43.933+0200[m[2m | [m[2mEthScheduler-BlockCreation-1-3[m[2m | [m[32mINFO [m[2m | [m[2mApprovalSelector[m[2m | [m[32mOPS_APPROVAL_TIMING {"tx":"0xecf2020d406e20fec52838b823b011da9c901131ac6d919d72d9107f515daadc","mode":3,"calls":1,"gate_ns":15375}
[m[2m2026-09-14 22:52:43.933+0200[m[2m | [m[2mEthScheduler-BlockCreation-1-3[m[2m | [m[32mINFO [m[2m | [m[2mApprovalSelector[m[2m | [m[32mOPS_APPROVAL_DECISION allow tx=0x8cbd01384e07dfc77d5e0f9856c54e0664ebb7cdaad2b452b57e131c154cd121 calls=1
[m[2m2026-09-14 22:52:43.933+0200[m[2m | [m[2mEthScheduler-BlockCreation-1-3[m[2m | [m[32mINFO [m[2m | [m[2mApprovalSelector[m[2m | [m[32mOPS_APPROVAL_TIMING {"tx":"0x8cbd01384e07dfc77d5e0f9856c54e0664ebb7cdaad2b452b57e131c154cd121","mode":3,"calls":1,"gate_ns":13375}
[m[2m2026-09-14 22:52:43.933+0200[m[2m | [m[2mEthScheduler-BlockCreation-1-3[m[2m | [m[32mINFO [m[2m | [m[2mApprovalSelector[m[2m | [m[32mOPS_APPROVAL_DECISION allow tx=0x4a8c99d8cf4223e67f40ba7c4c13eab1ca193acc6ca798a01236561165bc5f2a calls=1
[m[2m2026-09-14 22:52:43.933+0200[m[2m | [m[2mEthScheduler-BlockCreation-1-3[m[2m | [m[32mINFO [m[2m | [m[2mApprovalSelector[m[2m | [m[32mOPS_APPROVAL_TIMING {"tx":"0x4a8c99d8cf4223e67f40ba7c4c13eab1ca193acc6ca798a01236561165bc5f2a","mode":3,"calls":1,"gate_ns":88084}
[m[2m2026-09-14 22:52:43.934+0200[m[2m | [m[2mEthScheduler-BlockCreation-1-3[m[2m | [m[32mINFO [m[2m | [m[2mApprovalSelector[m[2m | [m[32mOPS_APPROVAL_DECISION allow tx=0xd6cc095ed763bbc1ef3aa4ffde1d9f4094ffbc99d814120e6cfa26e20f8226e9 calls=1
[m[2m2026-09-14 22:52:43.934+0200[m[2m | [m[2mEthScheduler-BlockCreation-1-3[m[2m | [m[32mINFO [m[2m | [m[2mApprovalSelector[m[2m | [m[32mOPS_APPROVAL_TIMING {"tx":"0xd6cc095ed763bbc1ef3aa4ffde1d9f4094ffbc99d814120e6cfa26e20f8226e9","mode":3,"calls":1,"gate_ns":29583}
[m[2m2026-09-14 22:52:43.934+0200[m[2m | [m[2mEthScheduler-BlockCreation-1-3[m[2m | [m[32mINFO [m[2m | [m[2mApprovalSelector[m[2m | [m[32mOPS_APPROVAL_DECISION allow tx=0xe0f3a8b7d4ad1d07e1be840fdb68dc7585211b4d75e56d62dd4f7c8915f8e2d1 calls=1
[m[2m2026-09-14 22:52:43.934+0200[m[2m | [m[2mEthScheduler-BlockCreation-1-3[m[2m | [m[32mINFO [m[2m | [m[2mApprovalSelector[m[2m | [m[32mOPS_APPROVAL_TIMING {"tx":"0xe0f3a8b7d4ad1d07e1be840fdb68dc7585211b4d75e56d62dd4f7c8915f8e2d1","mode":3,"calls":1,"gate_ns":16667}
[m[2m2026-09-14 22:52:43.934+0200[m[2m | [m[2mEthScheduler-BlockCreation-1-3[m[2m | [m[32mINFO [m[2m | [m[2mApprovalSelector[m[2m | [m[32mOPS_APPROVAL_DECISION allow tx=0x7d13496363de0a3a6fc38b578842cf922b552227183cd17a9a0d367fb3e6ab84 calls=1
[m[2m2026-09-14 22:52:43.934+0200[m[2m | [m[2mEthScheduler-BlockCreation-1-3[m[2m | [m[32mINFO [m[2m | [m[2mApprovalSelector[m[2m | [m[32mOPS_APPROVAL_TIMING {"tx":"0x7d13496363de0a3a6fc38b578842cf922b552227183cd17a9a0d367fb3e6ab84","mode":3,"calls":1,"gate_ns":14626}
[m[2m2026-09-14 22:52:43.934+0200[m[2m | [m[2mEthScheduler-BlockCreation-1-3[m[2m | [m[32mINFO [m[2m | [m[2mApprovalSelector[m[2m | [m[32mOPS_APPROVAL_DECISION allow tx=0x6ca1e2838bd230e726c8ece8a9b2f522344bb6e774ef77b361acadcfaf0e6079 calls=1
[m[2m2026-09-14 22:52:43.934+0200[m[2m | [m[2mEthScheduler-BlockCreation-1-3[m[2m | [m[32mINFO [m[2m | [m[2mApprovalSelector[m[2m | [m[32mOPS_APPROVAL_TIMING {"tx":"0x6ca1e2838bd230e726c8ece8a9b2f522344bb6e774ef77b361acadcfaf0e6079","mode":3,"calls":1,"gate_ns":13041}
[m[2m2026-09-14 22:52:43.934+0200[m[2m | [m[2mEthScheduler-BlockCreation-1-3[m[2m | [m[32mINFO [m[2m | [m[2mApprovalSelector[m[2m | [m[32mOPS_APPROVAL_DECISION allow tx=0xca7be6c058e45be23765e82a1896935f33e62f24a3657d5bb345ba5e1d889ea2 calls=1
[m[2m2026-09-14 22:52:43.934+0200[m[2m | [m[2mEthScheduler-BlockCreation-1-3[m[2m | [m[32mINFO [m[2m | [m[2mApprovalSelector[m[2m | [m[32mOPS_APPROVAL_TIMING {"tx":"0xca7be6c058e45be23765e82a1896935f33e62f24a3657d5bb345ba5e1d889ea2","mode":3,"calls":1,"gate_ns":15791}
[m[2m2026-09-14 22:52:43.934+0200[m[2m | [m[2mEthScheduler-BlockCreation-1-3[m[2m | [m[32mINFO [m[2m | [m[2mApprovalSelector[m[2m | [m[32mOPS_APPROVAL_DECISION allow tx=0xcac9ed24cf889a4f89a9bf4327439f0637ad0e1613c8ef3a136b7cad197d3468 calls=1
[m[2m2026-09-14 22:52:43.934+0200[m[2m | [m[2mEthScheduler-BlockCreation-1-3[m[2m | [m[32mINFO [m[2m | [m[2mApprovalSelector[m[2m | [m[32mOPS_APPROVAL_TIMING {"tx":"0xcac9ed24cf889a4f89a9bf4327439f0637ad0e1613c8ef3a136b7cad197d3468","mode":3,"calls":1,"gate_ns":12333}
[m[2m2026-09-14 22:52:43.934+0200[m[2m | [m[2mEthScheduler-BlockCreation-1-3[m[2m | [m[32mINFO [m[2m | [m[2mApprovalSelector[m[2m | [m[32mOPS_APPROVAL_DECISION allow tx=0x9d70fb818b8310349fba7d0e0af79a0073e6c74795cf39a9df2ae7abcc4f536f calls=1
[m[2m2026-09-14 22:52:43.934+0200[m[2m | [m[2mEthScheduler-BlockCreation-1-3[m[2m | [m[32mINFO [m[2m | [m[2mApprovalSelector[m[2m | [m[32mOPS_APPROVAL_TIMING {"tx":"0x9d70fb818b8310349fba7d0e0af79a0073e6c74795cf39a9df2ae7abcc4f536f","mode":3,"calls":1,"gate_ns":13834}
[m[2m2026-09-14 22:52:43.934+0200[m[2m | [m[2mEthScheduler-BlockCreation-1-3[m[2m | [m[32mINFO [m[2m | [m[2mApprovalSelector[m[2m | [m[32mOPS_APPROVAL_DECISION allow tx=0x93819d6c50b412f4fa368409eb4da07aa8086f3dd1fa55d1ef3f3c042960a472 calls=1
[m[2m2026-09-14 22:52:43.934+0200[m[2m | [m[2mEthScheduler-BlockCreation-1-3[m[2m | [m[32mINFO [m[2m | [m[2mApprovalSelector[m[2m | [m[32mOPS_APPROVAL_TIMING {"tx":"0x93819d6c50b412f4fa368409eb4da07aa8086f3dd1fa55d1ef3f3c042960a472","mode":3,"calls":1,"gate_ns":17375}
[m[2m2026-09-14 22:52:43.934+0200[m[2m | [m[2mEthScheduler-BlockCreation-1-3[m[2m | [m[32mINFO [m[2m | [m[2mApprovalSelector[m[2m | [m[32mOPS_APPROVAL_DECISION allow tx=0x404df9f68c067584316f2a189814287437bfad1096d70a385f4740ae9a7f0ce3 calls=1
[m[2m2026-09-14 22:52:43.934+0200[m[2m | [m[2mEthScheduler-BlockCreation-1-3[m[2m | [m[32mINFO [m[2m | [m[2mApprovalSelector[m[2m | [m[32mOPS_APPROVAL_TIMING {"tx":"0x404df9f68c067584316f2a189814287437bfad1096d70a385f4740ae9a7f0ce3","mode":3,"calls":1,"gate_ns":12084}
[m[2m2026-09-14 22:52:43.934+0200[m[2m | [m[2mEthScheduler-BlockCreation-1-3[m[2m | [m[32mINFO [m[2m | [m[2mApprovalSelector[m[2m | [m[32mOPS_APPROVAL_DECISION allow tx=0x6e35748dd6e0e32928493b0260f2dafb1555b2ab931fb269e09a35322cf53d4a calls=1
[m[2m2026-09-14 22:52:43.934+0200[m[2m | [m[2mEthScheduler-BlockCreation-1-3[m[2m | [m[32mINFO [m[2m | [m[2mApprovalSelector[m[2m | [m[32mOPS_APPROVAL_TIMING {"tx":"0x6e35748dd6e0e32928493b0260f2dafb1555b2ab931fb269e09a35322cf53d4a","mode":3,"calls":1,"gate_ns":11625}
[m[2m2026-09-14 22:52:43.934+0200[m[2m | [m[2mEthScheduler-BlockCreation-1-3[m[2m | [m[32mINFO [m[2m | [m[2mApprovalSelector[m[2m | [m[32mOPS_APPROVAL_DECISION allow tx=0x1ffa7473a06ae5263f2e6577aded53243d68d704407f3426fa5381bd207c028a calls=1
[m[2m2026-09-14 22:52:43.934+0200[m[2m | [m[2mEthScheduler-BlockCreation-1-3[m[2m | [m[32mINFO [m[2m | [m[2mApprovalSelector[m[2m | [m[32mOPS_APPROVAL_TIMING {"tx":"0x1ffa7473a06ae5263f2e6577aded53243d68d704407f3426fa5381bd207c028a","mode":3,"calls":1,"gate_ns":11583}
[m[2m2026-09-14 22:52:43.934+0200[m[2m | [m[2mEthScheduler-BlockCreation-1-3[m[2m | [m[32mINFO [m[2m | [m[2mApprovalSelector[m[2m | [m[32mOPS_APPROVAL_DECISION allow tx=0x528bc510410663afc312435d6381a3b11a8b38e773554a1c67cad1faf2a70ddf calls=1
[m[2m2026-09-14 22:52:43.934+0200[m[2m | [m[2mEthScheduler-BlockCreation-1-3[m[2m | [m[32mINFO [m[2m | [m[2mApprovalSelector[m[2m | [m[32mOPS_APPROVAL_TIMING {"tx":"0x528bc510410663afc312435d6381a3b11a8b38e773554a1c67cad1faf2a70ddf","mode":3,"calls":1,"gate_ns":11792}
[m[2m2026-09-14 22:52:43.934+0200[m[2m | [m[2mEthScheduler-BlockCreation-1-3[m[2m | [m[32mINFO [m[2m | [m[2mApprovalSelector[m[2m | [m[32mOPS_APPROVAL_DECISION allow tx=0xdc0ef210b12f70a4ee6dd586c301fa2db253d9918dc9dd6e4d79adc04da36544 calls=1
[m[2m2026-09-14 22:52:43.934+0200[m[2m | [m[2mEthScheduler-BlockCreation-1-3[m[2m | [m[32mINFO [m[2m | [m[2mApprovalSelector[m[2m | [m[32mOPS_APPROVAL_TIMING {"tx":"0xdc0ef210b12f70a4ee6dd586c301fa2db253d9918dc9dd6e4d79adc04da36544","mode":3,"calls":1,"gate_ns":21458}
[m[2m2026-09-14 22:52:43.934+0200[m[2m | [m[2mEthScheduler-BlockCreation-1-3[m[2m | [m[32mINFO [m[2m | [m[2mApprovalSelector[m[2m | [m[32mOPS_APPROVAL_DECISION allow tx=0xd7e6d97243a01764298675a1b538c8c568ebf9570d2499ca6fface03fe72c77c calls=1
[m[2m2026-09-14 22:52:43.934+0200[m[2m | [m[2mEthScheduler-BlockCreation-1-3[m[2m | [m[32mINFO [m[2m | [m[2mApprovalSelector[m[2m | [m[32mOPS_APPROVAL_TIMING {"tx":"0xd7e6d97243a01764298675a1b538c8c568ebf9570d2499ca6fface03fe72c77c","mode":3,"calls":1,"gate_ns":11750}
[m[2m2026-09-14 22:52:43.934+0200[m[2m | [m[2mEthScheduler-BlockCreation-1-3[m[2m | [m[32mINFO [m[2m | [m[2mApprovalSelector[m[2m | [m[32mOPS_APPROVAL_DECISION allow tx=0x2904190d149e13f54c1e74d14e8dd7c45f7544c436102b83d5773af99477c4d1 calls=1
[m[2m2026-09-14 22:52:43.935+0200[m[2m | [m[2mEthScheduler-BlockCreation-1-3[m[2m | [m[32mINFO [m[2m | [m[2mApprovalSelector[m[2m | [m[32mOPS_APPROVAL_TIMING {"tx":"0x2904190d149e13f54c1e74d14e8dd7c45f7544c436102b83d5773af99477c4d1","mode":3,"calls":1,"gate_ns":13500}
[m[2m2026-09-14 22:52:43.935+0200[m[2m | [m[2mEthScheduler-BlockCreation-1-3[m[2m | [m[32mINFO [m[2m | [m[2mApprovalSelector[m[2m | [m[32mOPS_APPROVAL_DECISION allow tx=0x25bcb8c38cd8e26bd6f85eae484094debb850f58072c298c5488c0f0200c71f8 calls=1
[m[2m2026-09-14 22:52:43.935+0200[m[2m | [m[2mEthScheduler-BlockCreation-1-3[m[2m | [m[32mINFO [m[2m | [m[2mApprovalSelector[m[2m | [m[32mOPS_APPROVAL_TIMING {"tx":"0x25bcb8c38cd8e26bd6f85eae484094debb850f58072c298c5488c0f0200c71f8","mode":3,"calls":1,"gate_ns":11583}
[m[2m2026-09-14 22:52:43.935+0200[m[2m | [m[2mEthScheduler-BlockCreation-1-3[m[2m | [m[32mINFO [m[2m | [m[2mApprovalSelector[m[2m | [m[32mOPS_APPROVAL_DECISION allow tx=0x729a82ecdd227cfdb184afc34928d3f92771bc9730537debb8590aa1f268d0c1 calls=1
[m[2m2026-09-14 22:52:43.935+0200[m[2m | [m[2mEthScheduler-BlockCreation-1-3[m[2m | [m[32mINFO [m[2m | [m[2mApprovalSelector[m[2m | [m[32mOPS_APPROVAL_TIMING {"tx":"0x729a82ecdd227cfdb184afc34928d3f92771bc9730537debb8590aa1f268d0c1","mode":3,"calls":1,"gate_ns":12917}
[m[2m2026-09-14 22:52:43.935+0200[m[2m | [m[2mEthScheduler-BlockCreation-1-3[m[2m | [m[32mINFO [m[2m | [m[2mApprovalSelector[m[2m | [m[32mOPS_APPROVAL_DECISION allow tx=0x332d5a4d7a2dac74a866557434ad95b0b7355f9a763cb8a8b03c63252cf418b1 calls=1
[m[2m2026-09-14 22:52:43.935+0200[m[2m | [m[2mEthScheduler-BlockCreation-1-3[m[2m | [m[32mINFO [m[2m | [m[2mApprovalSelector[m[2m | [m[32mOPS_APPROVAL_TIMING {"tx":"0x332d5a4d7a2dac74a866557434ad95b0b7355f9a763cb8a8b03c63252cf418b1","mode":3,"calls":1,"gate_ns":13000}
[m[2m2026-09-14 22:52:43.935+0200[m[2m | [m[2mEthScheduler-BlockCreation-1-3[m[2m | [m[32mINFO [m[2m | [m[2mApprovalSelector[m[2m | [m[32mOPS_APPROVAL_DECISION allow tx=0x897f8b7c862b7f8c6b9d5c35a59ca6a58e19288b585411ed02fffc56da1a2c2a calls=1
[m[2m2026-09-14 22:52:43.935+0200[m[2m | [m[2mEthScheduler-BlockCreation-1-3[m[2m | [m[32mINFO [m[2m | [m[2mApprovalSelector[m[2m | [m[32mOPS_APPROVAL_TIMING {"tx":"0x897f8b7c862b7f8c6b9d5c35a59ca6a58e19288b585411ed02fffc56da1a2c2a","mode":3,"calls":1,"gate_ns":13459}
[m[2m2026-09-14 22:52:43.935+0200[m[2m | [m[2mEthScheduler-BlockCreation-1-3[m[2m | [m[32mINFO [m[2m | [m[2mApprovalSelector[m[2m | [m[32mOPS_APPROVAL_DECISION allow tx=0xe5d4aa60cfc78b5e6db0cba41ec3c283aa873b1d092b41bda7c051da0ce07579 calls=1
[m[2m2026-09-14 22:52:43.935+0200[m[2m | [m[2mEthScheduler-BlockCreation-1-3[m[2m | [m[32mINFO [m[2m | [m[2mApprovalSelector[m[2m | [m[32mOPS_APPROVAL_TIMING {"tx":"0xe5d4aa60cfc78b5e6db0cba41ec3c283aa873b1d092b41bda7c051da0ce07579","mode":3,"calls":1,"gate_ns":13291}
[m[2m2026-09-14 22:52:43.935+0200[m[2m | [m[2mEthScheduler-BlockCreation-1-3[m[2m | [m[32mINFO [m[2m | [m[2mApprovalSelector[m[2m | [m[32mOPS_APPROVAL_DECISION allow tx=0x154d40bd4dc8df80543ee3d1520e4ee59003d620de40f62ed79cc11f9e33064a calls=1
[m[2m2026-09-14 22:52:43.935+0200[m[2m | [m[2mEthScheduler-BlockCreation-1-3[m[2m | [m[32mINFO [m[2m | [m[2mApprovalSelector[m[2m | [m[32mOPS_APPROVAL_TIMING {"tx":"0x154d40bd4dc8df80543ee3d1520e4ee59003d620de40f62ed79cc11f9e33064a","mode":3,"calls":1,"gate_ns":28000}
[m[2m2026-09-14 22:52:43.935+0200[m[2m | [m[2mEthScheduler-BlockCreation-1-3[m[2m | [m[32mINFO [m[2m | [m[2mApprovalSelector[m[2m | [m[32mOPS_APPROVAL_DECISION allow tx=0x64881ef63c40c4b82c0a0dca77b7869997e06c43f46eadb94ba01dd94cf7617f calls=1
[m[2m2026-09-14 22:52:43.935+0200[m[2m | [m[2mEthScheduler-BlockCreation-1-3[m[2m | [m[32mINFO [m[2m | [m[2mApprovalSelector[m[2m | [m[32mOPS_APPROVAL_TIMING {"tx":"0x64881ef63c40c4b82c0a0dca77b7869997e06c43f46eadb94ba01dd94cf7617f","mode":3,"calls":1,"gate_ns":12749}
[m[2m2026-09-14 22:52:43.935+0200[m[2m | [m[2mEthScheduler-BlockCreation-1-3[m[2m | [m[32mINFO [m[2m | [m[2mApprovalSelector[m[2m | [m[32mOPS_APPROVAL_DECISION allow tx=0xc7aab31961ce9359f5f24eca13dcf148dfc6eadfda4c38a1351cf5d54f665aba calls=1
[m[2m2026-09-14 22:52:43.935+0200[m[2m | [m[2mEthScheduler-BlockCreation-1-3[m[2m | [m[32mINFO [m[2m | [m[2mApprovalSelector[m[2m | [m[32mOPS_APPROVAL_TIMING {"tx":"0xc7aab31961ce9359f5f24eca13dcf148dfc6eadfda4c38a1351cf5d54f665aba","mode":3,"calls":1,"gate_ns":12625}
[m[2m2026-09-14 22:52:43.935+0200[m[2m | [m[2mEthScheduler-BlockCreation-1-3[m[2m | [m[32mINFO [m[2m | [m[2mApprovalSelector[m[2m | [m[32mOPS_APPROVAL_DECISION allow tx=0x99af6b58c98670f56b1a24852f7e7acd5446aecc7bb49c298b9287c4cad7f464 calls=1
[m[2m2026-09-14 22:52:43.935+0200[m[2m | [m[2mEthScheduler-BlockCreation-1-3[m[2m | [m[32mINFO [m[2m | [m[2mApprovalSelector[m[2m | [m[32mOPS_APPROVAL_TIMING {"tx":"0x99af6b58c98670f56b1a24852f7e7acd5446aecc7bb49c298b9287c4cad7f464","mode":3,"calls":1,"gate_ns":12334}
[m[2m2026-09-14 22:52:43.935+0200[m[2m | [m[2mEthScheduler-BlockCreation-1-3[m[2m | [m[32mINFO [m[2m | [m[2mApprovalSelector[m[2m | [m[32mOPS_APPROVAL_DECISION allow tx=0xbb58d5c7b913831c8aac89a1423a8450537387e68da7315db8d6f8da4c3db760 calls=1
[m[2m2026-09-14 22:52:43.935+0200[m[2m | [m[2mEthScheduler-BlockCreation-1-3[m[2m | [m[32mINFO [m[2m | [m[2mApprovalSelector[m[2m | [m[32mOPS_APPROVAL_TIMING {"tx":"0xbb58d5c7b913831c8aac89a1423a8450537387e68da7315db8d6f8da4c3db760","mode":3,"calls":1,"gate_ns":12625}
[m[2m2026-09-14 22:52:43.935+0200[m[2m | [m[2mEthScheduler-BlockCreation-1-3[m[2m | [m[32mINFO [m[2m | [m[2mApprovalSelector[m[2m | [m[32mOPS_APPROVAL_DECISION allow tx=0xadffb90f84b006fb5a00dc0754477aab980399794787331cedb8224dd1282ef4 calls=1
[m[2m2026-09-14 22:52:43.935+0200[m[2m | [m[2mEthScheduler-BlockCreation-1-3[m[2m | [m[32mINFO [m[2m | [m[2mApprovalSelector[m[2m | [m[32mOPS_APPROVAL_TIMING {"tx":"0xadffb90f84b006fb5a00dc0754477aab980399794787331cedb8224dd1282ef4","mode":3,"calls":1,"gate_ns":14291}
[m[2m2026-09-14 22:52:43.935+0200[m[2m | [m[2mEthScheduler-BlockCreation-1-3[m[2m | [m[32mINFO [m[2m | [m[2mApprovalSelector[m[2m | [m[32mOPS_APPROVAL_DECISION allow tx=0x3363b84f2e072046eb3ea7b2927fd5759233e6ce46a02ef8610df4bbb6955cc4 calls=1
[m[2m2026-09-14 22:52:43.935+0200[m[2m | [m[2mEthScheduler-BlockCreation-1-3[m[2m | [m[32mINFO [m[2m | [m[2mApprovalSelector[m[2m | [m[32mOPS_APPROVAL_TIMING {"tx":"0x3363b84f2e072046eb3ea7b2927fd5759233e6ce46a02ef8610df4bbb6955cc4","mode":3,"calls":1,"gate_ns":12667}
[m[2m2026-09-14 22:52:43.935+0200[m[2m | [m[2mEthScheduler-BlockCreation-1-3[m[2m | [m[32mINFO [m[2m | [m[2mApprovalSelector[m[2m | [m[32mOPS_APPROVAL_DECISION allow tx=0x5f2d9ae0c8dbd26317523ea1ab258201dd06ba6e69ca794dc2e81d1863229f94 calls=1
[m[2m2026-09-14 22:52:43.935+0200[m[2m | [m[2mEthScheduler-BlockCreation-1-3[m[2m | [m[32mINFO [m[2m | [m[2mApprovalSelector[m[2m | [m[32mOPS_APPROVAL_TIMING {"tx":"0x5f2d9ae0c8dbd26317523ea1ab258201dd06ba6e69ca794dc2e81d1863229f94","mode":3,"calls":1,"gate_ns":12792}
[m[2m2026-09-14 22:52:43.935+0200[m[2m | [m[2mEthScheduler-BlockCreation-1-3[m[2m | [m[32mINFO [m[2m | [m[2mApprovalSelector[m[2m | [m[32mOPS_APPROVAL_DECISION allow tx=0xa45ef57fbce66b9e71c7829066a889efb9b6f05e284ee9334119a3beae9a93eb calls=1
[m[2m2026-09-14 22:52:43.935+0200[m[2m | [m[2mEthScheduler-BlockCreation-1-3[m[2m | [m[32mINFO [m[2m | [m[2mApprovalSelector[m[2m | [m[32mOPS_APPROVAL_TIMING {"tx":"0xa45ef57fbce66b9e71c7829066a889efb9b6f05e284ee9334119a3beae9a93eb","mode":3,"calls":1,"gate_ns":12834}
[m[2m2026-09-14 22:52:43.935+0200[m[2m | [m[2mEthScheduler-BlockCreation-1-3[m[2m | [m[32mINFO [m[2m | [m[2mApprovalSelector[m[2m | [m[32mOPS_APPROVAL_DECISION allow tx=0xee99ac705717878e5b4b651c512adacb3edbb461fcf7b86988c1f9c5c42c6efd calls=1
[m[2m2026-09-14 22:52:43.935+0200[m[2m | [m[2mEthScheduler-BlockCreation-1-3[m[2m | [m[32mINFO [m[2m | [m[2mApprovalSelector[m[2m | [m[32mOPS_APPROVAL_TIMING {"tx":"0xee99ac705717878e5b4b651c512adacb3edbb461fcf7b86988c1f9c5c42c6efd","mode":3,"calls":1,"gate_ns":14126}
[m[2m2026-09-14 22:52:43.935+0200[m[2m | [m[2mEthScheduler-BlockCreation-1-3[m[2m | [m[32mINFO [m[2m | [m[2mApprovalSelector[m[2m | [m[32mOPS_APPROVAL_DECISION allow tx=0xeb34ea07a005b6b5706579a604a2057d93d8ecffacd867016b739a31f9f458a3 calls=1
[m[2m2026-09-14 22:52:43.935+0200[m[2m | [m[2mEthScheduler-BlockCreation-1-3[m[2m | [m[32mINFO [m[2m | [m[2mApprovalSelector[m[2m | [m[32mOPS_APPROVAL_TIMING {"tx":"0xeb34ea07a005b6b5706579a604a2057d93d8ecffacd867016b739a31f9f458a3","mode":3,"calls":1,"gate_ns":12749}
[m[2m2026-09-14 22:52:43.936+0200[m[2m | [m[2mEthScheduler-BlockCreation-1-3[m[2m | [m[32mINFO [m[2m | [m[2mApprovalSelector[m[2m | [m[32mOPS_APPROVAL_DECISION allow tx=0x373c0b39b4b293ffdef4115fdc837f415e3f5fd6b7e522e162c79fbf75d56ac9 calls=1
[m[2m2026-09-14 22:52:43.936+0200[m[2m | [m[2mEthScheduler-BlockCreation-1-3[m[2m | [m[32mINFO [m[2m | [m[2mApprovalSelector[m[2m | [m[32mOPS_APPROVAL_TIMING {"tx":"0x373c0b39b4b293ffdef4115fdc837f415e3f5fd6b7e522e162c79fbf75d56ac9","mode":3,"calls":1,"gate_ns":14499}
[m[2m2026-09-14 22:52:43.936+0200[m[2m | [m[2mEthScheduler-BlockCreation-1-3[m[2m | [m[32mINFO [m[2m | [m[2mApprovalSelector[m[2m | [m[32mOPS_APPROVAL_DECISION allow tx=0xe22f8c8ff9f379b8ffdf57455c5e5d4794178892b685081240c898a1a3b6efa2 calls=1
[m[2m2026-09-14 22:52:43.936+0200[m[2m | [m[2mEthScheduler-BlockCreation-1-3[m[2m | [m[32mINFO [m[2m | [m[2mApprovalSelector[m[2m | [m[32mOPS_APPROVAL_TIMING {"tx":"0xe22f8c8ff9f379b8ffdf57455c5e5d4794178892b685081240c898a1a3b6efa2","mode":3,"calls":1,"gate_ns":12375}
[m[2m2026-09-14 22:52:43.936+0200[m[2m | [m[2mEthScheduler-BlockCreation-1-3[m[2m | [m[32mINFO [m[2m | [m[2mApprovalSelector[m[2m | [m[32mOPS_APPROVAL_DECISION allow tx=0x993d587a6ad6930eeeb01ab9fb43956c5d83154f6df7d9b65b35f125430c1736 calls=1
[m[2m2026-09-14 22:52:43.936+0200[m[2m | [m[2mEthScheduler-BlockCreation-1-3[m[2m | [m[32mINFO [m[2m | [m[2mApprovalSelector[m[2m | [m[32mOPS_APPROVAL_TIMING {"tx":"0x993d587a6ad6930eeeb01ab9fb43956c5d83154f6df7d9b65b35f125430c1736","mode":3,"calls":1,"gate_ns":12166}
[m[2m2026-09-14 22:52:43.936+0200[m[2m | [m[2mEthScheduler-BlockCreation-1-3[m[2m | [m[32mINFO [m[2m | [m[2mApprovalSelector[m[2m | [m[32mOPS_APPROVAL_DECISION allow tx=0xec2b58452812757e6ed7685907f079971a1d2248cbae2f108a607a1eb511cb0b calls=1
[m[2m2026-09-14 22:52:43.936+0200[m[2m | [m[2mEthScheduler-BlockCreation-1-3[m[2m | [m[32mINFO [m[2m | [m[2mApprovalSelector[m[2m | [m[32mOPS_APPROVAL_TIMING {"tx":"0xec2b58452812757e6ed7685907f079971a1d2248cbae2f108a607a1eb511cb0b","mode":3,"calls":1,"gate_ns":12208}
[m[2m2026-09-14 22:52:43.936+0200[m[2m | [m[2mEthScheduler-BlockCreation-1-3[m[2m | [m[32mINFO [m[2m | [m[2mApprovalSelector[m[2m | [m[32mOPS_APPROVAL_DECISION allow tx=0xa7b42c2b9f61a47b12bfd216e30925ddcc5336a263c59e7375f5798d91c09802 calls=1
[m[2m2026-09-14 22:52:43.936+0200[m[2m | [m[2mEthScheduler-BlockCreation-1-3[m[2m | [m[32mINFO [m[2m | [m[2mApprovalSelector[m[2m | [m[32mOPS_APPROVAL_TIMING {"tx":"0xa7b42c2b9f61a47b12bfd216e30925ddcc5336a263c59e7375f5798d91c09802","mode":3,"calls":1,"gate_ns":16417}
[m[2m2026-09-14 22:52:43.936+0200[m[2m | [m[2mEthScheduler-BlockCreation-1-3[m[2m | [m[32mINFO [m[2m | [m[2mApprovalSelector[m[2m | [m[32mOPS_APPROVAL_DECISION allow tx=0x302e49ad76bb7a3945de42f73e126964ab88552c5308b0465d5361cb4753b73c calls=1
[m[2m2026-09-14 22:52:43.936+0200[m[2m | [m[2mEthScheduler-BlockCreation-1-3[m[2m | [m[32mINFO [m[2m | [m[2mApprovalSelector[m[2m | [m[32mOPS_APPROVAL_TIMING {"tx":"0x302e49ad76bb7a3945de42f73e126964ab88552c5308b0465d5361cb4753b73c","mode":3,"calls":1,"gate_ns":13083}
[m[2m2026-09-14 22:52:43.936+0200[m[2m | [m[2mEthScheduler-BlockCreation-1-3[m[2m | [m[32mINFO [m[2m | [m[2mApprovalSelector[m[2m | [m[32mOPS_APPROVAL_DECISION allow tx=0x6dfa7919bd393f6030c264c50f8b1a67894962b6582741a1b8693e9d67a9f259 calls=1
[m[2m2026-09-14 22:52:43.936+0200[m[2m | [m[2mEthScheduler-BlockCreation-1-3[m[2m | [m[32mINFO [m[2m | [m[2mApprovalSelector[m[2m | [m[32mOPS_APPROVAL_TIMING {"tx":"0x6dfa7919bd393f6030c264c50f8b1a67894962b6582741a1b8693e9d67a9f259","mode":3,"calls":1,"gate_ns":14917}
[m[2m2026-09-14 22:52:43.936+0200[m[2m | [m[2mEthScheduler-BlockCreation-1-3[m[2m | [m[32mINFO [m[2m | [m[2mApprovalSelector[m[2m | [m[32mOPS_APPROVAL_DECISION allow tx=0x68967449245aa18d91fde2f17a377111d10a2a1c219c234bbf5bdd7da88b8d12 calls=1
[m[2m2026-09-14 22:52:43.936+0200[m[2m | [m[2mEthScheduler-BlockCreation-1-3[m[2m | [m[32mINFO [m[2m | [m[2mApprovalSelector[m[2m | [m[32mOPS_APPROVAL_TIMING {"tx":"0x68967449245aa18d91fde2f17a377111d10a2a1c219c234bbf5bdd7da88b8d12","mode":3,"calls":1,"gate_ns":12458}
[m[2m2026-09-14 22:52:43.936+0200[m[2m | [m[2mEthScheduler-BlockCreation-1-3[m[2m | [m[32mINFO [m[2m | [m[2mApprovalSelector[m[2m | [m[32mOPS_APPROVAL_DECISION allow tx=0xc09261f6252cc3ca1c4697d5cfc104029e869c29d0ef7a69a88e808cf92f1b1b calls=1
[m[2m2026-09-14 22:52:43.936+0200[m[2m | [m[2mEthScheduler-BlockCreation-1-3[m[2m | [m[32mINFO [m[2m | [m[2mApprovalSelector[m[2m | [m[32mOPS_APPROVAL_TIMING {"tx":"0xc09261f6252cc3ca1c4697d5cfc104029e869c29d0ef7a69a88e808cf92f1b1b","mode":3,"calls":1,"gate_ns":12541}
[m[2m2026-09-14 22:52:43.936+0200[m[2m | [m[2mEthScheduler-BlockCreation-1-3[m[2m | [m[32mINFO [m[2m | [m[2mApprovalSelector[m[2m | [m[32mOPS_APPROVAL_DECISION allow tx=0xd317447be84c72cac0c9045616fc27461219ca157db9b8bd45e46840a01758dd calls=1
[m[2m2026-09-14 22:52:43.936+0200[m[2m | [m[2mEthScheduler-BlockCreation-1-3[m[2m | [m[32mINFO [m[2m | [m[2mApprovalSelector[m[2m | [m[32mOPS_APPROVAL_TIMING {"tx":"0xd317447be84c72cac0c9045616fc27461219ca157db9b8bd45e46840a01758dd","mode":3,"calls":1,"gate_ns":12167}
[m[2m2026-09-14 22:52:43.936+0200[m[2m | [m[2mEthScheduler-BlockCreation-1-3[m[2m | [m[32mINFO [m[2m | [m[2mApprovalSelector[m[2m | [m[32mOPS_APPROVAL_DECISION allow tx=0xcba8463af8e5e2311bcf2c490e7a36e478b92c85cfdc9abc12d9b1d6aa623f04 calls=1
[m[2m2026-09-14 22:52:43.936+0200[m[2m | [m[2mEthScheduler-BlockCreation-1-3[m[2m | [m[32mINFO [m[2m | [m[2mApprovalSelector[m[2m | [m[32mOPS_APPROVAL_TIMING {"tx":"0xcba8463af8e5e2311bcf2c490e7a36e478b92c85cfdc9abc12d9b1d6aa623f04","mode":3,"calls":1,"gate_ns":13916}
[m[2m2026-09-14 22:52:43.936+0200[m[2m | [m[2mEthScheduler-BlockCreation-1-3[m[2m | [m[32mINFO [m[2m | [m[2mApprovalSelector[m[2m | [m[32mOPS_APPROVAL_DECISION allow tx=0x4ad02e7f4cd334149a46f2171f801f56f74184d433e584738c8b193957a1a975 calls=1
[m[2m2026-09-14 22:52:43.936+0200[m[2m | [m[2mEthScheduler-BlockCreation-1-3[m[2m | [m[32mINFO [m[2m | [m[2mApprovalSelector[m[2m | [m[32mOPS_APPROVAL_TIMING {"tx":"0x4ad02e7f4cd334149a46f2171f801f56f74184d433e584738c8b193957a1a975","mode":3,"calls":1,"gate_ns":12334}
[m[2m2026-09-14 22:52:43.936+0200[m[2m | [m[2mEthScheduler-BlockCreation-1-3[m[2m | [m[32mINFO [m[2m | [m[2mApprovalSelector[m[2m | [m[32mOPS_APPROVAL_DECISION allow tx=0xb094e1e49eb0bd153f7d630d7a69ce72e506eded2f1c8994b518099cb2845e5e calls=1
[m[2m2026-09-14 22:52:43.936+0200[m[2m | [m[2mEthScheduler-BlockCreation-1-3[m[2m | [m[32mINFO [m[2m | [m[2mApprovalSelector[m[2m | [m[32mOPS_APPROVAL_TIMING {"tx":"0xb094e1e49eb0bd153f7d630d7a69ce72e506eded2f1c8994b518099cb2845e5e","mode":3,"calls":1,"gate_ns":16625}
[m[2m2026-09-14 22:52:43.936+0200[m[2m | [m[2mEthScheduler-BlockCreation-1-3[m[2m | [m[32mINFO [m[2m | [m[2mApprovalSelector[m[2m | [m[32mOPS_APPROVAL_DECISION allow tx=0x11232f87ef9a572c9a60ac42f26b551e1751665f389554cd50e1bbc45d3b5827 calls=1
[m[2m2026-09-14 22:52:43.936+0200[m[2m | [m[2mEthScheduler-BlockCreation-1-3[m[2m | [m[32mINFO [m[2m | [m[2mApprovalSelector[m[2m | [m[32mOPS_APPROVAL_TIMING {"tx":"0x11232f87ef9a572c9a60ac42f26b551e1751665f389554cd50e1bbc45d3b5827","mode":3,"calls":1,"gate_ns":12750}
[m[2m2026-09-14 22:52:43.936+0200[m[2m | [m[2mEthScheduler-BlockCreation-1-3[m[2m | [m[32mINFO [m[2m | [m[2mApprovalSelector[m[2m | [m[32mOPS_APPROVAL_DECISION allow tx=0xbaff16ff096539520ff7269eb9a61671e64173bcb747ac1d0db39bc9783022ec calls=1
[m[2m2026-09-14 22:52:43.936+0200[m[2m | [m[2mEthScheduler-BlockCreation-1-3[m[2m | [m[32mINFO [m[2m | [m[2mApprovalSelector[m[2m | [m[32mOPS_APPROVAL_TIMING {"tx":"0xbaff16ff096539520ff7269eb9a61671e64173bcb747ac1d0db39bc9783022ec","mode":3,"calls":1,"gate_ns":12833}
[m[2m2026-09-14 22:52:43.936+0200[m[2m | [m[2mEthScheduler-BlockCreation-1-3[m[2m | [m[32mINFO [m[2m | [m[2mApprovalSelector[m[2m | [m[32mOPS_APPROVAL_DECISION allow tx=0x4f2a3353d5184c84f08f865deea66e0e938f2ddedf36973e13689466ce94406b calls=1
[m[2m2026-09-14 22:52:43.936+0200[m[2m | [m[2mEthScheduler-BlockCreation-1-3[m[2m | [m[32mINFO [m[2m | [m[2mApprovalSelector[m[2m | [m[32mOPS_APPROVAL_TIMING {"tx":"0x4f2a3353d5184c84f08f865deea66e0e938f2ddedf36973e13689466ce94406b","mode":3,"calls":1,"gate_ns":13167}
[m[2m2026-09-14 22:52:43.936+0200[m[2m | [m[2mEthScheduler-BlockCreation-1-3[m[2m | [m[32mINFO [m[2m | [m[2mApprovalSelector[m[2m | [m[32mOPS_APPROVAL_DECISION allow tx=0x614b71da93c1ae06450cb0c1b112d354887a11713dccc1f0109cd3f19282b037 calls=1
[m[2m2026-09-14 22:52:43.936+0200[m[2m | [m[2mEthScheduler-BlockCreation-1-3[m[2m | [m[32mINFO [m[2m | [m[2mApprovalSelector[m[2m | [m[32mOPS_APPROVAL_TIMING {"tx":"0x614b71da93c1ae06450cb0c1b112d354887a11713dccc1f0109cd3f19282b037","mode":3,"calls":1,"gate_ns":16167}
[m[2m2026-09-14 22:52:43.938+0200[m[2m | [m[2mvert.x-worker-thread-0[m[2m | [m[32mINFO [m[2m | [m[2mEngineGetPayloadV2[m[2m | [m[32mProduced #3  (f9689.....fa455)|  128 tx | 0 ws | 3.391.092 (11,3%) gas in 1,021s | Timing(started at 2026-09-14T20:52:42.916430Z, duplicateWorldState=0ms, preTxsSelection=0ms, txsSelection=9ms, selectedTxsEvaluation=7ms, blockAssembled=0ms, awaitingRetrieval=1011ms) | PayloadId 0x0094b61d4b914803
[m[2m2026-09-14 22:52:43.950+0200[m[2m | [m[2mengine-ordered-execution-0[m[2m | [m[32mINFO [m[2m | [m[2mEngineNewPayloadV2[m[2m | [m[32mImported #3  (f9689.....fa455)|  128 tx|  0 ws| 714,01 mwei bfee|   3.391.092 ( 11,3%) gas used| 8,4ms exec| 403,14 Mgas/s|  0 peers
[m[2m2026-09-14 22:52:43.955+0200[m[2m | [m[2mengine-ordered-execution-0[m[2m | [m[32mINFO [m[2m | [m[2mEngineForkchoiceUpdatedV2[m[2m | [m[32mFCU(VALID) | head: f9689.....fa455 | safe: f9689.....fa455 | finalized: f9689.....fa455
[m[2m2026-09-14 22:52:46.908+0200[m[2m | [m[2mengine-ordered-execution-0[m[2m | [m[32mINFO [m[2m | [m[2mMergeCoordinator[m[2m | [m[32mStart building proposals for block 4 identified by 0x0094b646bb8fd2fc
[m[2m2026-09-14 22:52:46.908+0200[m[2m | [m[2mengine-ordered-execution-0[m[2m | [m[32mINFO [m[2m | [m[2mEngineForkchoiceUpdatedV2[m[2m | [m[32mFCU(VALID) | head: f9689.....fa455 | safe: f9689.....fa455 | finalized: f9689.....fa455
[m[2m2026-09-14 22:52:46.909+0200[m[2m | [m[2mEthScheduler-BlockCreation-1-4[m[2m | [m[32mINFO [m[2m | [m[2mApprovalSelector[m[2m | [m[32mOPS_APPROVAL_DECISION allow tx=0xcb56daf42311c8c2ac86477f7f868584f3bf8c7a176822807175b72a69e829cd calls=1
[m[2m2026-09-14 22:52:46.909+0200[m[2m | [m[2mEthScheduler-BlockCreation-1-4[m[2m | [m[32mINFO [m[2m | [m[2mApprovalSelector[m[2m | [m[32mOPS_APPROVAL_TIMING {"tx":"0xcb56daf42311c8c2ac86477f7f868584f3bf8c7a176822807175b72a69e829cd","mode":3,"calls":1,"gate_ns":143749}
[m[2m2026-09-14 22:52:46.909+0200[m[2m | [m[2mEthScheduler-BlockCreation-1-4[m[2m | [m[32mINFO [m[2m | [m[2mApprovalSelector[m[2m | [m[32mOPS_APPROVAL_DECISION allow tx=0xbf67637a382090799dace5292000dffbf50790b048263e076f7b231b92f10542 calls=1
[m[2m2026-09-14 22:52:46.909+0200[m[2m | [m[2mEthScheduler-BlockCreation-1-4[m[2m | [m[32mINFO [m[2m | [m[2mApprovalSelector[m[2m | [m[32mOPS_APPROVAL_TIMING {"tx":"0xbf67637a382090799dace5292000dffbf50790b048263e076f7b231b92f10542","mode":3,"calls":1,"gate_ns":28167}
[m[2m2026-09-14 22:52:46.909+0200[m[2m | [m[2mEthScheduler-BlockCreation-1-4[m[2m | [m[32mINFO [m[2m | [m[2mApprovalSelector[m[2m | [m[32mOPS_APPROVAL_DECISION allow tx=0x4245928d2bedbd95a503de2597dc5a8f0a2523efe5979e9499c140e36339d5fa calls=1
[m[2m2026-09-14 22:52:46.910+0200[m[2m | [m[2mEthScheduler-BlockCreation-1-4[m[2m | [m[32mINFO [m[2m | [m[2mApprovalSelector[m[2m | [m[32mOPS_APPROVAL_TIMING {"tx":"0x4245928d2bedbd95a503de2597dc5a8f0a2523efe5979e9499c140e36339d5fa","mode":3,"calls":1,"gate_ns":19833}
[m[2m2026-09-14 22:52:46.910+0200[m[2m | [m[2mEthScheduler-BlockCreation-1-4[m[2m | [m[32mINFO [m[2m | [m[2mApprovalSelector[m[2m | [m[32mOPS_APPROVAL_DECISION allow tx=0x06baaa6c672a2dc47f2b6f7f217b028d54866165d4a11f5c0a071be64a4edd21 calls=1
[m[2m2026-09-14 22:52:46.910+0200[m[2m | [m[2mEthScheduler-BlockCreation-1-4[m[2m | [m[32mINFO [m[2m | [m[2mApprovalSelector[m[2m | [m[32mOPS_APPROVAL_TIMING {"tx":"0x06baaa6c672a2dc47f2b6f7f217b028d54866165d4a11f5c0a071be64a4edd21","mode":3,"calls":1,"gate_ns":14125}
[m[2m2026-09-14 22:52:46.910+0200[m[2m | [m[2mEthScheduler-BlockCreation-1-4[m[2m | [m[32mINFO [m[2m | [m[2mApprovalSelector[m[2m | [m[32mOPS_APPROVAL_DECISION allow tx=0xef8907412a619545018487f239db970c5d574e90e8ddc73407474031fd6eccb3 calls=1
[m[2m2026-09-14 22:52:46.910+0200[m[2m | [m[2mEthScheduler-BlockCreation-1-4[m[2m | [m[32mINFO [m[2m | [m[2mApprovalSelector[m[2m | [m[32mOPS_APPROVAL_TIMING {"tx":"0xef8907412a619545018487f239db970c5d574e90e8ddc73407474031fd6eccb3","mode":3,"calls":1,"gate_ns":12582}
[m[2m2026-09-14 22:52:46.910+0200[m[2m | [m[2mEthScheduler-BlockCreation-1-4[m[2m | [m[32mINFO [m[2m | [m[2mApprovalSelector[m[2m | [m[32mOPS_APPROVAL_DECISION allow tx=0x34e0e5a40cad33ccd59c31c77912a457a20f44711c8394fd6aeaf639d09ab72f calls=1
[m[2m2026-09-14 22:52:46.910+0200[m[2m | [m[2mEthScheduler-BlockCreation-1-4[m[2m | [m[32mINFO [m[2m | [m[2mApprovalSelector[m[2m | [m[32mOPS_APPROVAL_TIMING {"tx":"0x34e0e5a40cad33ccd59c31c77912a457a20f44711c8394fd6aeaf639d09ab72f","mode":3,"calls":1,"gate_ns":15584}
[m[2m2026-09-14 22:52:46.910+0200[m[2m | [m[2mEthScheduler-BlockCreation-1-4[m[2m | [m[32mINFO [m[2m | [m[2mApprovalSelector[m[2m | [m[32mOPS_APPROVAL_DECISION allow tx=0xc24e1d269ea3a3b249085028114ea86666c8751b1eb605eeb078842bd42539e7 calls=1
[m[2m2026-09-14 22:52:46.910+0200[m[2m | [m[2mEthScheduler-BlockCreation-1-4[m[2m | [m[32mINFO [m[2m | [m[2mApprovalSelector[m[2m | [m[32mOPS_APPROVAL_TIMING {"tx":"0xc24e1d269ea3a3b249085028114ea86666c8751b1eb605eeb078842bd42539e7","mode":3,"calls":1,"gate_ns":11708}
[m[2m2026-09-14 22:52:46.910+0200[m[2m | [m[2mEthScheduler-BlockCreation-1-4[m[2m | [m[32mINFO [m[2m | [m[2mApprovalSelector[m[2m | [m[32mOPS_APPROVAL_DECISION allow tx=0xb045ea6728a4927a3daead2289d5f2eb78d11cd51ddc5bba4c3eb2d41ca946a5 calls=1
[m[2m2026-09-14 22:52:46.910+0200[m[2m | [m[2mEthScheduler-BlockCreation-1-4[m[2m | [m[32mINFO [m[2m | [m[2mApprovalSelector[m[2m | [m[32mOPS_APPROVAL_TIMING {"tx":"0xb045ea6728a4927a3daead2289d5f2eb78d11cd51ddc5bba4c3eb2d41ca946a5","mode":3,"calls":1,"gate_ns":11001}
[m[2m2026-09-14 22:52:46.910+0200[m[2m | [m[2mEthScheduler-BlockCreation-1-4[m[2m | [m[32mINFO [m[2m | [m[2mApprovalSelector[m[2m | [m[32mOPS_APPROVAL_DECISION allow tx=0x080646c5eed2bc72c3a3d1f7ec5d6009abbd013ae95e15581947947e618cce90 calls=1
[m[2m2026-09-14 22:52:46.910+0200[m[2m | [m[2mEthScheduler-BlockCreation-1-4[m[2m | [m[32mINFO [m[2m | [m[2mApprovalSelector[m[2m | [m[32mOPS_APPROVAL_TIMING {"tx":"0x080646c5eed2bc72c3a3d1f7ec5d6009abbd013ae95e15581947947e618cce90","mode":3,"calls":1,"gate_ns":11000}
[m[2m2026-09-14 22:52:46.910+0200[m[2m | [m[2mEthScheduler-BlockCreation-1-4[m[2m | [m[32mINFO [m[2m | [m[2mApprovalSelector[m[2m | [m[32mOPS_APPROVAL_DECISION allow tx=0x6c66caa577216861fa93b14c6e3051f3a2ed00f79f7f68990e3f1c2feead9002 calls=1
[m[2m2026-09-14 22:52:46.910+0200[m[2m | [m[2mEthScheduler-BlockCreation-1-4[m[2m | [m[32mINFO [m[2m | [m[2mApprovalSelector[m[2m | [m[32mOPS_APPROVAL_TIMING {"tx":"0x6c66caa577216861fa93b14c6e3051f3a2ed00f79f7f68990e3f1c2feead9002","mode":3,"calls":1,"gate_ns":11125}
[m[2m2026-09-14 22:52:46.910+0200[m[2m | [m[2mEthScheduler-BlockCreation-1-4[m[2m | [m[32mINFO [m[2m | [m[2mApprovalSelector[m[2m | [m[32mOPS_APPROVAL_DECISION allow tx=0xa57abf19c966e121d130d620534309a0d1f3e5f6ecd068d82dff6d09f50d15fd calls=1
[m[2m2026-09-14 22:52:46.910+0200[m[2m | [m[2mEthScheduler-BlockCreation-1-4[m[2m | [m[32mINFO [m[2m | [m[2mApprovalSelector[m[2m | [m[32mOPS_APPROVAL_TIMING {"tx":"0xa57abf19c966e121d130d620534309a0d1f3e5f6ecd068d82dff6d09f50d15fd","mode":3,"calls":1,"gate_ns":12083}
[m[2m2026-09-14 22:52:46.910+0200[m[2m | [m[2mEthScheduler-BlockCreation-1-4[m[2m | [m[32mINFO [m[2m | [m[2mApprovalSelector[m[2m | [m[32mOPS_APPROVAL_DECISION allow tx=0x76397915bc16e0be31c3a99621ef2c409608a2809a8d924fc5148e3bf4a87a57 calls=1
[m[2m2026-09-14 22:52:46.910+0200[m[2m | [m[2mEthScheduler-BlockCreation-1-4[m[2m | [m[32mINFO [m[2m | [m[2mApprovalSelector[m[2m | [m[32mOPS_APPROVAL_TIMING {"tx":"0x76397915bc16e0be31c3a99621ef2c409608a2809a8d924fc5148e3bf4a87a57","mode":3,"calls":1,"gate_ns":11125}
[m[2m2026-09-14 22:52:46.910+0200[m[2m | [m[2mEthScheduler-BlockCreation-1-4[m[2m | [m[32mINFO [m[2m | [m[2mApprovalSelector[m[2m | [m[32mOPS_APPROVAL_DECISION allow tx=0x77950335dbf2e2cf0120da4b7f124e77b82690fe4cde61d9344642ae2e935ca4 calls=1
[m[2m2026-09-14 22:52:46.910+0200[m[2m | [m[2mEthScheduler-BlockCreation-1-4[m[2m | [m[32mINFO [m[2m | [m[2mApprovalSelector[m[2m | [m[32mOPS_APPROVAL_TIMING {"tx":"0x77950335dbf2e2cf0120da4b7f124e77b82690fe4cde61d9344642ae2e935ca4","mode":3,"calls":1,"gate_ns":10917}
[m[2m2026-09-14 22:52:46.910+0200[m[2m | [m[2mEthScheduler-BlockCreation-1-4[m[2m | [m[32mINFO [m[2m | [m[2mApprovalSelector[m[2m | [m[32mOPS_APPROVAL_DECISION allow tx=0x02249d29b9945e1a5a40a6c2486d324986572cc1c24e9abc924e613f50e4c9cb calls=1
[m[2m2026-09-14 22:52:46.910+0200[m[2m | [m[2mEthScheduler-BlockCreation-1-4[m[2m | [m[32mINFO [m[2m | [m[2mApprovalSelector[m[2m | [m[32mOPS_APPROVAL_TIMING {"tx":"0x02249d29b9945e1a5a40a6c2486d324986572cc1c24e9abc924e613f50e4c9cb","mode":3,"calls":1,"gate_ns":10834}
[m[2m2026-09-14 22:52:46.910+0200[m[2m | [m[2mEthScheduler-BlockCreation-1-4[m[2m | [m[32mINFO [m[2m | [m[2mApprovalSelector[m[2m | [m[32mOPS_APPROVAL_DECISION allow tx=0xecfd107270b6209f523bfca3785f174b3e911ac76829a281633dd75887985ba0 calls=1
[m[2m2026-09-14 22:52:46.910+0200[m[2m | [m[2mEthScheduler-BlockCreation-1-4[m[2m | [m[32mINFO [m[2m | [m[2mApprovalSelector[m[2m | [m[32mOPS_APPROVAL_TIMING {"tx":"0xecfd107270b6209f523bfca3785f174b3e911ac76829a281633dd75887985ba0","mode":3,"calls":1,"gate_ns":10458}
[m[2m2026-09-14 22:52:46.910+0200[m[2m | [m[2mEthScheduler-BlockCreation-1-4[m[2m | [m[32mINFO [m[2m | [m[2mApprovalSelector[m[2m | [m[32mOPS_APPROVAL_DECISION allow tx=0x1dcb860fd44df6aa5a26b2b39ccfec3ca25d8a2921f6993e1d39d1b3c3abef8b calls=1
[m[2m2026-09-14 22:52:46.910+0200[m[2m | [m[2mEthScheduler-BlockCreation-1-4[m[2m | [m[32mINFO [m[2m | [m[2mApprovalSelector[m[2m | [m[32mOPS_APPROVAL_TIMING {"tx":"0x1dcb860fd44df6aa5a26b2b39ccfec3ca25d8a2921f6993e1d39d1b3c3abef8b","mode":3,"calls":1,"gate_ns":10292}
[m[2m2026-09-14 22:52:46.910+0200[m[2m | [m[2mEthScheduler-BlockCreation-1-4[m[2m | [m[32mINFO [m[2m | [m[2mApprovalSelector[m[2m | [m[32mOPS_APPROVAL_DECISION allow tx=0x0ab203d563e05edba6d9bd6d75acc535a46e65dc997b42121766cb2ed3bcd7f4 calls=1
[m[2m2026-09-14 22:52:46.910+0200[m[2m | [m[2mEthScheduler-BlockCreation-1-4[m[2m | [m[32mINFO [m[2m | [m[2mApprovalSelector[m[2m | [m[32mOPS_APPROVAL_TIMING {"tx":"0x0ab203d563e05edba6d9bd6d75acc535a46e65dc997b42121766cb2ed3bcd7f4","mode":3,"calls":1,"gate_ns":16125}
[m[2m2026-09-14 22:52:46.910+0200[m[2m | [m[2mEthScheduler-BlockCreation-1-4[m[2m | [m[32mINFO [m[2m | [m[2mApprovalSelector[m[2m | [m[32mOPS_APPROVAL_DECISION allow tx=0x4215a517cb20e8ced747d8fa0399adec25472d11cf11a922943874ec5b704d2f calls=1
[m[2m2026-09-14 22:52:46.910+0200[m[2m | [m[2mEthScheduler-BlockCreation-1-4[m[2m | [m[32mINFO [m[2m | [m[2mApprovalSelector[m[2m | [m[32mOPS_APPROVAL_TIMING {"tx":"0x4215a517cb20e8ced747d8fa0399adec25472d11cf11a922943874ec5b704d2f","mode":3,"calls":1,"gate_ns":10666}
[m[2m2026-09-14 22:52:46.910+0200[m[2m | [m[2mEthScheduler-BlockCreation-1-4[m[2m | [m[32mINFO [m[2m | [m[2mApprovalSelector[m[2m | [m[32mOPS_APPROVAL_DECISION allow tx=0xbd23c03e4f34da3bf5f32d519e748aaa91a3a03e332a5692077aed4173a2adf8 calls=1
[m[2m2026-09-14 22:52:46.910+0200[m[2m | [m[2mEthScheduler-BlockCreation-1-4[m[2m | [m[32mINFO [m[2m | [m[2mApprovalSelector[m[2m | [m[32mOPS_APPROVAL_TIMING {"tx":"0xbd23c03e4f34da3bf5f32d519e748aaa91a3a03e332a5692077aed4173a2adf8","mode":3,"calls":1,"gate_ns":47375}
[m[2m2026-09-14 22:52:46.911+0200[m[2m | [m[2mEthScheduler-BlockCreation-1-4[m[2m | [m[32mINFO [m[2m | [m[2mApprovalSelector[m[2m | [m[32mOPS_APPROVAL_DECISION allow tx=0x75b6ebc56653e40e4a924b65fb7a7e8640835324960700650beef03fe3d216a7 calls=1
[m[2m2026-09-14 22:52:46.911+0200[m[2m | [m[2mEthScheduler-BlockCreation-1-4[m[2m | [m[32mINFO [m[2m | [m[2mApprovalSelector[m[2m | [m[32mOPS_APPROVAL_TIMING {"tx":"0x75b6ebc56653e40e4a924b65fb7a7e8640835324960700650beef03fe3d216a7","mode":3,"calls":1,"gate_ns":22250}
[m[2m2026-09-14 22:52:46.911+0200[m[2m | [m[2mEthScheduler-BlockCreation-1-4[m[2m | [m[32mINFO [m[2m | [m[2mApprovalSelector[m[2m | [m[32mOPS_APPROVAL_DECISION allow tx=0x1bc7156305ae9c96f5f2711256f50d6ed5ef9e4b74ce3ef372eeffa458841520 calls=1
[m[2m2026-09-14 22:52:46.911+0200[m[2m | [m[2mEthScheduler-BlockCreation-1-4[m[2m | [m[32mINFO [m[2m | [m[2mApprovalSelector[m[2m | [m[32mOPS_APPROVAL_TIMING {"tx":"0x1bc7156305ae9c96f5f2711256f50d6ed5ef9e4b74ce3ef372eeffa458841520","mode":3,"calls":1,"gate_ns":14917}
[m[2m2026-09-14 22:52:46.911+0200[m[2m | [m[2mEthScheduler-BlockCreation-1-4[m[2m | [m[32mINFO [m[2m | [m[2mApprovalSelector[m[2m | [m[32mOPS_APPROVAL_DECISION allow tx=0xb1160e9341f6e930f6f61816ef437d02ebfa40c2a597c51086e5f6b82c134e7f calls=1
[m[2m2026-09-14 22:52:46.911+0200[m[2m | [m[2mEthScheduler-BlockCreation-1-4[m[2m | [m[32mINFO [m[2m | [m[2mApprovalSelector[m[2m | [m[32mOPS_APPROVAL_TIMING {"tx":"0xb1160e9341f6e930f6f61816ef437d02ebfa40c2a597c51086e5f6b82c134e7f","mode":3,"calls":1,"gate_ns":13043}
[m[2m2026-09-14 22:52:46.911+0200[m[2m | [m[2mEthScheduler-BlockCreation-1-4[m[2m | [m[32mINFO [m[2m | [m[2mApprovalSelector[m[2m | [m[32mOPS_APPROVAL_DECISION allow tx=0x5d7424b9bb9c90d5839e73132cf1ad162e575229068b6781e25b468b1ac1a1b6 calls=1
[m[2m2026-09-14 22:52:46.911+0200[m[2m | [m[2mEthScheduler-BlockCreation-1-4[m[2m | [m[32mINFO [m[2m | [m[2mApprovalSelector[m[2m | [m[32mOPS_APPROVAL_TIMING {"tx":"0x5d7424b9bb9c90d5839e73132cf1ad162e575229068b6781e25b468b1ac1a1b6","mode":3,"calls":1,"gate_ns":11708}
[m[2m2026-09-14 22:52:46.911+0200[m[2m | [m[2mEthScheduler-BlockCreation-1-4[m[2m | [m[32mINFO [m[2m | [m[2mApprovalSelector[m[2m | [m[32mOPS_APPROVAL_DECISION allow tx=0x9cb9375d3e840c80966789b277fe4586617ddd5ae1733be4842d4f004c771179 calls=1
[m[2m2026-09-14 22:52:46.911+0200[m[2m | [m[2mEthScheduler-BlockCreation-1-4[m[2m | [m[32mINFO [m[2m | [m[2mApprovalSelector[m[2m | [m[32mOPS_APPROVAL_TIMING {"tx":"0x9cb9375d3e840c80966789b277fe4586617ddd5ae1733be4842d4f004c771179","mode":3,"calls":1,"gate_ns":11333}
[m[2m2026-09-14 22:52:46.911+0200[m[2m | [m[2mEthScheduler-BlockCreation-1-4[m[2m | [m[32mINFO [m[2m | [m[2mApprovalSelector[m[2m | [m[32mOPS_APPROVAL_DECISION allow tx=0x88a92b50c3d1a788933b1b1f685608a0ca83d241dcace46af8f2f0861af8d59a calls=1
[m[2m2026-09-14 22:52:46.911+0200[m[2m | [m[2mEthScheduler-BlockCreation-1-4[m[2m | [m[32mINFO [m[2m | [m[2mApprovalSelector[m[2m | [m[32mOPS_APPROVAL_TIMING {"tx":"0x88a92b50c3d1a788933b1b1f685608a0ca83d241dcace46af8f2f0861af8d59a","mode":3,"calls":1,"gate_ns":11000}
[m[2m2026-09-14 22:52:46.911+0200[m[2m | [m[2mEthScheduler-BlockCreation-1-4[m[2m | [m[32mINFO [m[2m | [m[2mApprovalSelector[m[2m | [m[32mOPS_APPROVAL_DECISION allow tx=0x699efdf5e5cbc5ab1a6f0434c76e9e2fdaa95c52e6cffc94761fe45fad75286a calls=1
[m[2m2026-09-14 22:52:46.911+0200[m[2m | [m[2mEthScheduler-BlockCreation-1-4[m[2m | [m[32mINFO [m[2m | [m[2mApprovalSelector[m[2m | [m[32mOPS_APPROVAL_TIMING {"tx":"0x699efdf5e5cbc5ab1a6f0434c76e9e2fdaa95c52e6cffc94761fe45fad75286a","mode":3,"calls":1,"gate_ns":10875}
[m[2m2026-09-14 22:52:46.911+0200[m[2m | [m[2mEthScheduler-BlockCreation-1-4[m[2m | [m[32mINFO [m[2m | [m[2mApprovalSelector[m[2m | [m[32mOPS_APPROVAL_DECISION allow tx=0x876aef1c9dcbad11a235756f60ee3d70bfa3b85e87c0cc67f7f18a1f2af855c3 calls=1
[m[2m2026-09-14 22:52:46.911+0200[m[2m | [m[2mEthScheduler-BlockCreation-1-4[m[2m | [m[32mINFO [m[2m | [m[2mApprovalSelector[m[2m | [m[32mOPS_APPROVAL_TIMING {"tx":"0x876aef1c9dcbad11a235756f60ee3d70bfa3b85e87c0cc67f7f18a1f2af855c3","mode":3,"calls":1,"gate_ns":10250}
[m[2m2026-09-14 22:52:46.911+0200[m[2m | [m[2mEthScheduler-BlockCreation-1-4[m[2m | [m[32mINFO [m[2m | [m[2mApprovalSelector[m[2m | [m[32mOPS_APPROVAL_DECISION allow tx=0x2d1346d09c34440f145084ad783e3a561337566370e1de989b9e2116229d72cc calls=1
[m[2m2026-09-14 22:52:46.911+0200[m[2m | [m[2mEthScheduler-BlockCreation-1-4[m[2m | [m[32mINFO [m[2m | [m[2mApprovalSelector[m[2m | [m[32mOPS_APPROVAL_TIMING {"tx":"0x2d1346d09c34440f145084ad783e3a561337566370e1de989b9e2116229d72cc","mode":3,"calls":1,"gate_ns":10041}
[m[2m2026-09-14 22:52:46.911+0200[m[2m | [m[2mEthScheduler-BlockCreation-1-4[m[2m | [m[32mINFO [m[2m | [m[2mApprovalSelector[m[2m | [m[32mOPS_APPROVAL_DECISION allow tx=0xc73bb9956d43f964bb21399713a581f2728f4d62a3769292a12ab1c5ac870687 calls=1
[m[2m2026-09-14 22:52:46.911+0200[m[2m | [m[2mEthScheduler-BlockCreation-1-4[m[2m | [m[32mINFO [m[2m | [m[2mApprovalSelector[m[2m | [m[32mOPS_APPROVAL_TIMING {"tx":"0xc73bb9956d43f964bb21399713a581f2728f4d62a3769292a12ab1c5ac870687","mode":3,"calls":1,"gate_ns":10375}
[m[2m2026-09-14 22:52:46.911+0200[m[2m | [m[2mEthScheduler-BlockCreation-1-4[m[2m | [m[32mINFO [m[2m | [m[2mApprovalSelector[m[2m | [m[32mOPS_APPROVAL_DECISION allow tx=0x89f5d43f11a0b9c6e8f843a14fcd93155f8a9c1de0dc26c880d923327d54dbca calls=1
[m[2m2026-09-14 22:52:46.911+0200[m[2m | [m[2mEthScheduler-BlockCreation-1-4[m[2m | [m[32mINFO [m[2m | [m[2mApprovalSelector[m[2m | [m[32mOPS_APPROVAL_TIMING {"tx":"0x89f5d43f11a0b9c6e8f843a14fcd93155f8a9c1de0dc26c880d923327d54dbca","mode":3,"calls":1,"gate_ns":13708}
[m[2m2026-09-14 22:52:46.911+0200[m[2m | [m[2mEthScheduler-BlockCreation-1-4[m[2m | [m[32mINFO [m[2m | [m[2mApprovalSelector[m[2m | [m[32mOPS_APPROVAL_DECISION allow tx=0xd4a38a96fa49d81909a4e4de3c56c9436dff2a7692abc49d4f00090e9bfa99cc calls=1
[m[2m2026-09-14 22:52:46.911+0200[m[2m | [m[2mEthScheduler-BlockCreation-1-4[m[2m | [m[32mINFO [m[2m | [m[2mApprovalSelector[m[2m | [m[32mOPS_APPROVAL_TIMING {"tx":"0xd4a38a96fa49d81909a4e4de3c56c9436dff2a7692abc49d4f00090e9bfa99cc","mode":3,"calls":1,"gate_ns":10834}
[m[2m2026-09-14 22:52:46.911+0200[m[2m | [m[2mEthScheduler-BlockCreation-1-4[m[2m | [m[32mINFO [m[2m | [m[2mApprovalSelector[m[2m | [m[32mOPS_APPROVAL_DECISION allow tx=0x589f958c22cdf684c84bceed787c791b7edf474a654df201578c950545d0f854 calls=1
[m[2m2026-09-14 22:52:46.911+0200[m[2m | [m[2mEthScheduler-BlockCreation-1-4[m[2m | [m[32mINFO [m[2m | [m[2mApprovalSelector[m[2m | [m[32mOPS_APPROVAL_TIMING {"tx":"0x589f958c22cdf684c84bceed787c791b7edf474a654df201578c950545d0f854","mode":3,"calls":1,"gate_ns":10209}
[m[2m2026-09-14 22:52:46.911+0200[m[2m | [m[2mEthScheduler-BlockCreation-1-4[m[2m | [m[32mINFO [m[2m | [m[2mApprovalSelector[m[2m | [m[32mOPS_APPROVAL_DECISION allow tx=0xf07cfa8e6bc1eea584da5c91ba54980a1ac2231d14335d73b583927976aa4a6e calls=1
[m[2m2026-09-14 22:52:46.911+0200[m[2m | [m[2mEthScheduler-BlockCreation-1-4[m[2m | [m[32mINFO [m[2m | [m[2mApprovalSelector[m[2m | [m[32mOPS_APPROVAL_TIMING {"tx":"0xf07cfa8e6bc1eea584da5c91ba54980a1ac2231d14335d73b583927976aa4a6e","mode":3,"calls":1,"gate_ns":10750}
[m[2m2026-09-14 22:52:46.911+0200[m[2m | [m[2mEthScheduler-BlockCreation-1-4[m[2m | [m[32mINFO [m[2m | [m[2mApprovalSelector[m[2m | [m[32mOPS_APPROVAL_DECISION allow tx=0x90aa2edd23daa8f93af811db791917f21317473b4b01c1543f0d23c5ee508680 calls=1
[m[2m2026-09-14 22:52:46.911+0200[m[2m | [m[2mEthScheduler-BlockCreation-1-4[m[2m | [m[32mINFO [m[2m | [m[2mApprovalSelector[m[2m | [m[32mOPS_APPROVAL_TIMING {"tx":"0x90aa2edd23daa8f93af811db791917f21317473b4b01c1543f0d23c5ee508680","mode":3,"calls":1,"gate_ns":10500}
[m[2m2026-09-14 22:52:46.912+0200[m[2m | [m[2mEthScheduler-BlockCreation-1-4[m[2m | [m[32mINFO [m[2m | [m[2mApprovalSelector[m[2m | [m[32mOPS_APPROVAL_DECISION allow tx=0x7e03b59e699c6d8ec08f9fcdf9032733cdae40ef789074f15942b717872e95f9 calls=1
[m[2m2026-09-14 22:52:46.912+0200[m[2m | [m[2mEthScheduler-BlockCreation-1-4[m[2m | [m[32mINFO [m[2m | [m[2mApprovalSelector[m[2m | [m[32mOPS_APPROVAL_TIMING {"tx":"0x7e03b59e699c6d8ec08f9fcdf9032733cdae40ef789074f15942b717872e95f9","mode":3,"calls":1,"gate_ns":31459}
[m[2m2026-09-14 22:52:46.912+0200[m[2m | [m[2mEthScheduler-BlockCreation-1-4[m[2m | [m[32mINFO [m[2m | [m[2mApprovalSelector[m[2m | [m[32mOPS_APPROVAL_DECISION allow tx=0x3382281846905560f145a04a73f71ab3e0d3fde4f33fe688042cdde41b978e58 calls=1
[m[2m2026-09-14 22:52:46.912+0200[m[2m | [m[2mEthScheduler-BlockCreation-1-4[m[2m | [m[32mINFO [m[2m | [m[2mApprovalSelector[m[2m | [m[32mOPS_APPROVAL_TIMING {"tx":"0x3382281846905560f145a04a73f71ab3e0d3fde4f33fe688042cdde41b978e58","mode":3,"calls":1,"gate_ns":10374}
[m[2m2026-09-14 22:52:46.912+0200[m[2m | [m[2mEthScheduler-BlockCreation-1-4[m[2m | [m[32mINFO [m[2m | [m[2mApprovalSelector[m[2m | [m[32mOPS_APPROVAL_DECISION allow tx=0x893a72a984ee9dfc23d527311eeb96a4a70a7f91b22f72ebbacfa0d5f8e62f29 calls=1
[m[2m2026-09-14 22:52:46.912+0200[m[2m | [m[2mEthScheduler-BlockCreation-1-4[m[2m | [m[32mINFO [m[2m | [m[2mApprovalSelector[m[2m | [m[32mOPS_APPROVAL_TIMING {"tx":"0x893a72a984ee9dfc23d527311eeb96a4a70a7f91b22f72ebbacfa0d5f8e62f29","mode":3,"calls":1,"gate_ns":10000}
[m[2m2026-09-14 22:52:46.912+0200[m[2m | [m[2mEthScheduler-BlockCreation-1-4[m[2m | [m[32mINFO [m[2m | [m[2mApprovalSelector[m[2m | [m[32mOPS_APPROVAL_DECISION allow tx=0x109e606141d98e757318213a2526a2bd00a70ac0139a7542d562b9f7aab5a62e calls=1
[m[2m2026-09-14 22:52:46.912+0200[m[2m | [m[2mEthScheduler-BlockCreation-1-4[m[2m | [m[32mINFO [m[2m | [m[2mApprovalSelector[m[2m | [m[32mOPS_APPROVAL_TIMING {"tx":"0x109e606141d98e757318213a2526a2bd00a70ac0139a7542d562b9f7aab5a62e","mode":3,"calls":1,"gate_ns":10874}
[m[2m2026-09-14 22:52:46.912+0200[m[2m | [m[2mEthScheduler-BlockCreation-1-4[m[2m | [m[32mINFO [m[2m | [m[2mApprovalSelector[m[2m | [m[32mOPS_APPROVAL_DECISION allow tx=0xb50666a1b97188177bd68acf7a8ba81564f90d826eff9e7d34eb667a9eb458c2 calls=1
[m[2m2026-09-14 22:52:46.912+0200[m[2m | [m[2mEthScheduler-BlockCreation-1-4[m[2m | [m[32mINFO [m[2m | [m[2mApprovalSelector[m[2m | [m[32mOPS_APPROVAL_TIMING {"tx":"0xb50666a1b97188177bd68acf7a8ba81564f90d826eff9e7d34eb667a9eb458c2","mode":3,"calls":1,"gate_ns":18959}
[m[2m2026-09-14 22:52:46.912+0200[m[2m | [m[2mEthScheduler-BlockCreation-1-4[m[2m | [m[32mINFO [m[2m | [m[2mApprovalSelector[m[2m | [m[32mOPS_APPROVAL_DECISION allow tx=0x46831cb7882abbe119de4aecc6c04d9ffe7f924b99510b682273f55566334a20 calls=1
[m[2m2026-09-14 22:52:46.912+0200[m[2m | [m[2mEthScheduler-BlockCreation-1-4[m[2m | [m[32mINFO [m[2m | [m[2mApprovalSelector[m[2m | [m[32mOPS_APPROVAL_TIMING {"tx":"0x46831cb7882abbe119de4aecc6c04d9ffe7f924b99510b682273f55566334a20","mode":3,"calls":1,"gate_ns":16708}
[m[2m2026-09-14 22:52:46.912+0200[m[2m | [m[2mEthScheduler-BlockCreation-1-4[m[2m | [m[32mINFO [m[2m | [m[2mApprovalSelector[m[2m | [m[32mOPS_APPROVAL_DECISION allow tx=0x1194384b6a198d2aa3bc371b3f978d22739d24f620091a321c5bfec2ff4bdc7d calls=1
[m[2m2026-09-14 22:52:46.912+0200[m[2m | [m[2mEthScheduler-BlockCreation-1-4[m[2m | [m[32mINFO [m[2m | [m[2mApprovalSelector[m[2m | [m[32mOPS_APPROVAL_TIMING {"tx":"0x1194384b6a198d2aa3bc371b3f978d22739d24f620091a321c5bfec2ff4bdc7d","mode":3,"calls":1,"gate_ns":10625}
[m[2m2026-09-14 22:52:46.912+0200[m[2m | [m[2mEthScheduler-BlockCreation-1-4[m[2m | [m[32mINFO [m[2m | [m[2mApprovalSelector[m[2m | [m[32mOPS_APPROVAL_DECISION allow tx=0x0333dfb271680412c167ec53444f8e9d1f1b97659ffefcc1293f9d23d9d6b745 calls=1
[m[2m2026-09-14 22:52:46.912+0200[m[2m | [m[2mEthScheduler-BlockCreation-1-4[m[2m | [m[32mINFO [m[2m | [m[2mApprovalSelector[m[2m | [m[32mOPS_APPROVAL_TIMING {"tx":"0x0333dfb271680412c167ec53444f8e9d1f1b97659ffefcc1293f9d23d9d6b745","mode":3,"calls":1,"gate_ns":12458}
[m[2m2026-09-14 22:52:46.912+0200[m[2m | [m[2mEthScheduler-BlockCreation-1-4[m[2m | [m[32mINFO [m[2m | [m[2mApprovalSelector[m[2m | [m[32mOPS_APPROVAL_DECISION allow tx=0xea7685ffcb4f70af139a49a1e07d55b8bfc8a48dd8a2fcc7ee5c16a89208c517 calls=1
[m[2m2026-09-14 22:52:46.912+0200[m[2m | [m[2mEthScheduler-BlockCreation-1-4[m[2m | [m[32mINFO [m[2m | [m[2mApprovalSelector[m[2m | [m[32mOPS_APPROVAL_TIMING {"tx":"0xea7685ffcb4f70af139a49a1e07d55b8bfc8a48dd8a2fcc7ee5c16a89208c517","mode":3,"calls":1,"gate_ns":10125}
[m[2m2026-09-14 22:52:46.912+0200[m[2m | [m[2mEthScheduler-BlockCreation-1-4[m[2m | [m[32mINFO [m[2m | [m[2mApprovalSelector[m[2m | [m[32mOPS_APPROVAL_DECISION allow tx=0x69030ffa60c792e34239ed58c54ef4f4a61e2963d729e79e20a88dfc1461488a calls=1
[m[2m2026-09-14 22:52:46.912+0200[m[2m | [m[2mEthScheduler-BlockCreation-1-4[m[2m | [m[32mINFO [m[2m | [m[2mApprovalSelector[m[2m | [m[32mOPS_APPROVAL_TIMING {"tx":"0x69030ffa60c792e34239ed58c54ef4f4a61e2963d729e79e20a88dfc1461488a","mode":3,"calls":1,"gate_ns":10166}
[m[2m2026-09-14 22:52:46.912+0200[m[2m | [m[2mEthScheduler-BlockCreation-1-4[m[2m | [m[32mINFO [m[2m | [m[2mApprovalSelector[m[2m | [m[32mOPS_APPROVAL_DECISION allow tx=0x34f8d36c0c5ece0baaa52384f7d5972bb35ab618c61f2e4f3a09cce5515901fa calls=1
[m[2m2026-09-14 22:52:46.912+0200[m[2m | [m[2mEthScheduler-BlockCreation-1-4[m[2m | [m[32mINFO [m[2m | [m[2mApprovalSelector[m[2m | [m[32mOPS_APPROVAL_TIMING {"tx":"0x34f8d36c0c5ece0baaa52384f7d5972bb35ab618c61f2e4f3a09cce5515901fa","mode":3,"calls":1,"gate_ns":9709}
[m[2m2026-09-14 22:52:46.912+0200[m[2m | [m[2mEthScheduler-BlockCreation-1-4[m[2m | [m[32mINFO [m[2m | [m[2mApprovalSelector[m[2m | [m[32mOPS_APPROVAL_DECISION allow tx=0x5e045d1a57b9e34cbb8f85c3efe42be1af90411d66ae852a70895fd5837c455e calls=1
[m[2m2026-09-14 22:52:46.912+0200[m[2m | [m[2mEthScheduler-BlockCreation-1-4[m[2m | [m[32mINFO [m[2m | [m[2mApprovalSelector[m[2m | [m[32mOPS_APPROVAL_TIMING {"tx":"0x5e045d1a57b9e34cbb8f85c3efe42be1af90411d66ae852a70895fd5837c455e","mode":3,"calls":1,"gate_ns":10375}
[m[2m2026-09-14 22:52:46.912+0200[m[2m | [m[2mEthScheduler-BlockCreation-1-4[m[2m | [m[32mINFO [m[2m | [m[2mApprovalSelector[m[2m | [m[32mOPS_APPROVAL_DECISION allow tx=0x2ab453958f614950d57ec6b1acc2680f5d68a45e178640ae08ff90a3c19f34ed calls=1
[m[2m2026-09-14 22:52:46.912+0200[m[2m | [m[2mEthScheduler-BlockCreation-1-4[m[2m | [m[32mINFO [m[2m | [m[2mApprovalSelector[m[2m | [m[32mOPS_APPROVAL_TIMING {"tx":"0x2ab453958f614950d57ec6b1acc2680f5d68a45e178640ae08ff90a3c19f34ed","mode":3,"calls":1,"gate_ns":16083}
[m[2m2026-09-14 22:52:46.912+0200[m[2m | [m[2mEthScheduler-BlockCreation-1-4[m[2m | [m[32mINFO [m[2m | [m[2mApprovalSelector[m[2m | [m[32mOPS_APPROVAL_DECISION allow tx=0x7a46c6b5920abecc4f01ce20e9c0d34a4fef1a7326684b9ea1d6be957627c5a5 calls=1
[m[2m2026-09-14 22:52:46.912+0200[m[2m | [m[2mEthScheduler-BlockCreation-1-4[m[2m | [m[32mINFO [m[2m | [m[2mApprovalSelector[m[2m | [m[32mOPS_APPROVAL_TIMING {"tx":"0x7a46c6b5920abecc4f01ce20e9c0d34a4fef1a7326684b9ea1d6be957627c5a5","mode":3,"calls":1,"gate_ns":9875}
[m[2m2026-09-14 22:52:46.912+0200[m[2m | [m[2mEthScheduler-BlockCreation-1-4[m[2m | [m[32mINFO [m[2m | [m[2mApprovalSelector[m[2m | [m[32mOPS_APPROVAL_DECISION allow tx=0x15e02e310efa834b4d468f5b2660d00368b62bad20eb7da19bed8897968c15dc calls=1
[m[2m2026-09-14 22:52:46.912+0200[m[2m | [m[2mEthScheduler-BlockCreation-1-4[m[2m | [m[32mINFO [m[2m | [m[2mApprovalSelector[m[2m | [m[32mOPS_APPROVAL_TIMING {"tx":"0x15e02e310efa834b4d468f5b2660d00368b62bad20eb7da19bed8897968c15dc","mode":3,"calls":1,"gate_ns":18542}
[m[2m2026-09-14 22:52:46.912+0200[m[2m | [m[2mEthScheduler-BlockCreation-1-4[m[2m | [m[32mINFO [m[2m | [m[2mApprovalSelector[m[2m | [m[32mOPS_APPROVAL_DECISION allow tx=0xe98a3a5a004585652d42ccf003038c1a8cdc83d2928d45de8649fb153f42da69 calls=1
[m[2m2026-09-14 22:52:46.912+0200[m[2m | [m[2mEthScheduler-BlockCreation-1-4[m[2m | [m[32mINFO [m[2m | [m[2mApprovalSelector[m[2m | [m[32mOPS_APPROVAL_TIMING {"tx":"0xe98a3a5a004585652d42ccf003038c1a8cdc83d2928d45de8649fb153f42da69","mode":3,"calls":1,"gate_ns":10374}
[m[2m2026-09-14 22:52:46.912+0200[m[2m | [m[2mEthScheduler-BlockCreation-1-4[m[2m | [m[32mINFO [m[2m | [m[2mApprovalSelector[m[2m | [m[32mOPS_APPROVAL_DECISION allow tx=0x025e8e73dec05938342589f7632b66bcb728b413f3cc7174be43ca17000c7c70 calls=1
[m[2m2026-09-14 22:52:46.912+0200[m[2m | [m[2mEthScheduler-BlockCreation-1-4[m[2m | [m[32mINFO [m[2m | [m[2mApprovalSelector[m[2m | [m[32mOPS_APPROVAL_TIMING {"tx":"0x025e8e73dec05938342589f7632b66bcb728b413f3cc7174be43ca17000c7c70","mode":3,"calls":1,"gate_ns":10416}
[m[2m2026-09-14 22:52:46.912+0200[m[2m | [m[2mEthScheduler-BlockCreation-1-4[m[2m | [m[32mINFO [m[2m | [m[2mApprovalSelector[m[2m | [m[32mOPS_APPROVAL_DECISION allow tx=0xe66b05d1a5d0d5ca2e2c53b97dba4dcb67ad7f81ae22f9faf4711956a4a54d0d calls=1
[m[2m2026-09-14 22:52:46.912+0200[m[2m | [m[2mEthScheduler-BlockCreation-1-4[m[2m | [m[32mINFO [m[2m | [m[2mApprovalSelector[m[2m | [m[32mOPS_APPROVAL_TIMING {"tx":"0xe66b05d1a5d0d5ca2e2c53b97dba4dcb67ad7f81ae22f9faf4711956a4a54d0d","mode":3,"calls":1,"gate_ns":10125}
[m[2m2026-09-14 22:52:46.912+0200[m[2m | [m[2mEthScheduler-BlockCreation-1-4[m[2m | [m[32mINFO [m[2m | [m[2mApprovalSelector[m[2m | [m[32mOPS_APPROVAL_DECISION allow tx=0x3ffe2389a752161b30b0f120519311a85fcf28c7425d17ddb60a1b8c51a8d783 calls=1
[m[2m2026-09-14 22:52:46.912+0200[m[2m | [m[2mEthScheduler-BlockCreation-1-4[m[2m | [m[32mINFO [m[2m | [m[2mApprovalSelector[m[2m | [m[32mOPS_APPROVAL_TIMING {"tx":"0x3ffe2389a752161b30b0f120519311a85fcf28c7425d17ddb60a1b8c51a8d783","mode":3,"calls":1,"gate_ns":10249}
[m[2m2026-09-14 22:52:46.913+0200[m[2m | [m[2mEthScheduler-BlockCreation-1-4[m[2m | [m[32mINFO [m[2m | [m[2mApprovalSelector[m[2m | [m[32mOPS_APPROVAL_DECISION allow tx=0x2a8aa64b700893f82913a50a53094aa4e580445219cae92a3c5bdbec51f5f50d calls=1
[m[2m2026-09-14 22:52:46.913+0200[m[2m | [m[2mEthScheduler-BlockCreation-1-4[m[2m | [m[32mINFO [m[2m | [m[2mApprovalSelector[m[2m | [m[32mOPS_APPROVAL_TIMING {"tx":"0x2a8aa64b700893f82913a50a53094aa4e580445219cae92a3c5bdbec51f5f50d","mode":3,"calls":1,"gate_ns":11874}
[m[2m2026-09-14 22:52:46.913+0200[m[2m | [m[2mEthScheduler-BlockCreation-1-4[m[2m | [m[32mINFO [m[2m | [m[2mApprovalSelector[m[2m | [m[32mOPS_APPROVAL_DECISION allow tx=0x09b987aeb528ea67757878a0c573bb7b32c3878b36a91333ca68b01b1b5c3dc1 calls=1
[m[2m2026-09-14 22:52:46.913+0200[m[2m | [m[2mEthScheduler-BlockCreation-1-4[m[2m | [m[32mINFO [m[2m | [m[2mApprovalSelector[m[2m | [m[32mOPS_APPROVAL_TIMING {"tx":"0x09b987aeb528ea67757878a0c573bb7b32c3878b36a91333ca68b01b1b5c3dc1","mode":3,"calls":1,"gate_ns":9917}
[m[2m2026-09-14 22:52:46.913+0200[m[2m | [m[2mEthScheduler-BlockCreation-1-4[m[2m | [m[32mINFO [m[2m | [m[2mApprovalSelector[m[2m | [m[32mOPS_APPROVAL_DECISION allow tx=0x857fad58e8ea8491d74b8f035ff631ecd752ab893a3c9d099ea6908dd8771c1b calls=1
[m[2m2026-09-14 22:52:46.913+0200[m[2m | [m[2mEthScheduler-BlockCreation-1-4[m[2m | [m[32mINFO [m[2m | [m[2mApprovalSelector[m[2m | [m[32mOPS_APPROVAL_TIMING {"tx":"0x857fad58e8ea8491d74b8f035ff631ecd752ab893a3c9d099ea6908dd8771c1b","mode":3,"calls":1,"gate_ns":9959}
[m[2m2026-09-14 22:52:46.913+0200[m[2m | [m[2mEthScheduler-BlockCreation-1-4[m[2m | [m[32mINFO [m[2m | [m[2mApprovalSelector[m[2m | [m[32mOPS_APPROVAL_DECISION allow tx=0xdfc063d2794f957ce0faf536bf0cbb49d6e5e8485049143328ee4087f7576cc7 calls=1
[m[2m2026-09-14 22:52:46.913+0200[m[2m | [m[2mEthScheduler-BlockCreation-1-4[m[2m | [m[32mINFO [m[2m | [m[2mApprovalSelector[m[2m | [m[32mOPS_APPROVAL_TIMING {"tx":"0xdfc063d2794f957ce0faf536bf0cbb49d6e5e8485049143328ee4087f7576cc7","mode":3,"calls":1,"gate_ns":9750}
[m[2m2026-09-14 22:52:46.913+0200[m[2m | [m[2mEthScheduler-BlockCreation-1-4[m[2m | [m[32mINFO [m[2m | [m[2mApprovalSelector[m[2m | [m[32mOPS_APPROVAL_DECISION allow tx=0x7f06d065ff9e84d722167678b7f4085cbf044818e0f86ef94ecacfece3b149e4 calls=1
[m[2m2026-09-14 22:52:46.913+0200[m[2m | [m[2mEthScheduler-BlockCreation-1-4[m[2m | [m[32mINFO [m[2m | [m[2mApprovalSelector[m[2m | [m[32mOPS_APPROVAL_TIMING {"tx":"0x7f06d065ff9e84d722167678b7f4085cbf044818e0f86ef94ecacfece3b149e4","mode":3,"calls":1,"gate_ns":13208}
[m[2m2026-09-14 22:52:46.913+0200[m[2m | [m[2mEthScheduler-BlockCreation-1-4[m[2m | [m[32mINFO [m[2m | [m[2mApprovalSelector[m[2m | [m[32mOPS_APPROVAL_DECISION allow tx=0x6030ec655d5be12e502ea3a607256460564b7568ee300f26f633cc53bbe695ff calls=1
[m[2m2026-09-14 22:52:46.913+0200[m[2m | [m[2mEthScheduler-BlockCreation-1-4[m[2m | [m[32mINFO [m[2m | [m[2mApprovalSelector[m[2m | [m[32mOPS_APPROVAL_TIMING {"tx":"0x6030ec655d5be12e502ea3a607256460564b7568ee300f26f633cc53bbe695ff","mode":3,"calls":1,"gate_ns":10126}
[m[2m2026-09-14 22:52:46.913+0200[m[2m | [m[2mEthScheduler-BlockCreation-1-4[m[2m | [m[32mINFO [m[2m | [m[2mApprovalSelector[m[2m | [m[32mOPS_APPROVAL_DECISION allow tx=0x189b5e9a30be1938814c12bd73022c37824ccc21142be317e4f97d7d65bb00b8 calls=1
[m[2m2026-09-14 22:52:46.913+0200[m[2m | [m[2mEthScheduler-BlockCreation-1-4[m[2m | [m[32mINFO [m[2m | [m[2mApprovalSelector[m[2m | [m[32mOPS_APPROVAL_TIMING {"tx":"0x189b5e9a30be1938814c12bd73022c37824ccc21142be317e4f97d7d65bb00b8","mode":3,"calls":1,"gate_ns":9625}
[m[2m2026-09-14 22:52:46.913+0200[m[2m | [m[2mEthScheduler-BlockCreation-1-4[m[2m | [m[32mINFO [m[2m | [m[2mApprovalSelector[m[2m | [m[32mOPS_APPROVAL_DECISION allow tx=0x33c7627cfe0040e9ff92334b903a27551aa3f2df1da0662fea61405578e6f402 calls=1
[m[2m2026-09-14 22:52:46.913+0200[m[2m | [m[2mEthScheduler-BlockCreation-1-4[m[2m | [m[32mINFO [m[2m | [m[2mApprovalSelector[m[2m | [m[32mOPS_APPROVAL_TIMING {"tx":"0x33c7627cfe0040e9ff92334b903a27551aa3f2df1da0662fea61405578e6f402","mode":3,"calls":1,"gate_ns":10333}
[m[2m2026-09-14 22:52:46.913+0200[m[2m | [m[2mEthScheduler-BlockCreation-1-4[m[2m | [m[32mINFO [m[2m | [m[2mApprovalSelector[m[2m | [m[32mOPS_APPROVAL_DECISION allow tx=0xf09c300163b059636a71d4379b9306ca4bd2e91f5276fb26f1a1535a75f3eb29 calls=1
[m[2m2026-09-14 22:52:46.913+0200[m[2m | [m[2mEthScheduler-BlockCreation-1-4[m[2m | [m[32mINFO [m[2m | [m[2mApprovalSelector[m[2m | [m[32mOPS_APPROVAL_TIMING {"tx":"0xf09c300163b059636a71d4379b9306ca4bd2e91f5276fb26f1a1535a75f3eb29","mode":3,"calls":1,"gate_ns":9875}
[m[2m2026-09-14 22:52:46.913+0200[m[2m | [m[2mEthScheduler-BlockCreation-1-4[m[2m | [m[32mINFO [m[2m | [m[2mApprovalSelector[m[2m | [m[32mOPS_APPROVAL_DECISION allow tx=0x3e669cacc31a740f3cc4f4b9a85be722ced5c20bf4efde92a18d5df627450ad3 calls=1
[m[2m2026-09-14 22:52:46.913+0200[m[2m | [m[2mEthScheduler-BlockCreation-1-4[m[2m | [m[32mINFO [m[2m | [m[2mApprovalSelector[m[2m | [m[32mOPS_APPROVAL_TIMING {"tx":"0x3e669cacc31a740f3cc4f4b9a85be722ced5c20bf4efde92a18d5df627450ad3","mode":3,"calls":1,"gate_ns":9875}
[m[2m2026-09-14 22:52:46.913+0200[m[2m | [m[2mEthScheduler-BlockCreation-1-4[m[2m | [m[32mINFO [m[2m | [m[2mApprovalSelector[m[2m | [m[32mOPS_APPROVAL_DECISION allow tx=0xe7b9191cbc732c96e39ce4c35d301e83a28c5861cc00ea468408ff8dae5c83e0 calls=1
[m[2m2026-09-14 22:52:46.913+0200[m[2m | [m[2mEthScheduler-BlockCreation-1-4[m[2m | [m[32mINFO [m[2m | [m[2mApprovalSelector[m[2m | [m[32mOPS_APPROVAL_TIMING {"tx":"0xe7b9191cbc732c96e39ce4c35d301e83a28c5861cc00ea468408ff8dae5c83e0","mode":3,"calls":1,"gate_ns":10293}
[m[2m2026-09-14 22:52:46.913+0200[m[2m | [m[2mEthScheduler-BlockCreation-1-4[m[2m | [m[32mINFO [m[2m | [m[2mApprovalSelector[m[2m | [m[32mOPS_APPROVAL_DECISION allow tx=0x12e8a0f5de52c98f87470487e3f0923da6ef49da7b5e54a7d94efb39ce102395 calls=1
[m[2m2026-09-14 22:52:46.913+0200[m[2m | [m[2mEthScheduler-BlockCreation-1-4[m[2m | [m[32mINFO [m[2m | [m[2mApprovalSelector[m[2m | [m[32mOPS_APPROVAL_TIMING {"tx":"0x12e8a0f5de52c98f87470487e3f0923da6ef49da7b5e54a7d94efb39ce102395","mode":3,"calls":1,"gate_ns":10209}
[m[2m2026-09-14 22:52:46.913+0200[m[2m | [m[2mEthScheduler-BlockCreation-1-4[m[2m | [m[32mINFO [m[2m | [m[2mApprovalSelector[m[2m | [m[32mOPS_APPROVAL_DECISION allow tx=0x5682b3fc51bb5d008a143f77746b207512f65fc0f8d2c1f73002ec36cd016728 calls=1
[m[2m2026-09-14 22:52:46.913+0200[m[2m | [m[2mEthScheduler-BlockCreation-1-4[m[2m | [m[32mINFO [m[2m | [m[2mApprovalSelector[m[2m | [m[32mOPS_APPROVAL_TIMING {"tx":"0x5682b3fc51bb5d008a143f77746b207512f65fc0f8d2c1f73002ec36cd016728","mode":3,"calls":1,"gate_ns":10542}
[m[2m2026-09-14 22:52:46.913+0200[m[2m | [m[2mEthScheduler-BlockCreation-1-4[m[2m | [m[32mINFO [m[2m | [m[2mApprovalSelector[m[2m | [m[32mOPS_APPROVAL_DECISION allow tx=0x8ce69cdd3483f1c97c4468f0e7e31d3cd03e23bc424429998862a367d99ed67e calls=1
[m[2m2026-09-14 22:52:46.913+0200[m[2m | [m[2mEthScheduler-BlockCreation-1-4[m[2m | [m[32mINFO [m[2m | [m[2mApprovalSelector[m[2m | [m[32mOPS_APPROVAL_TIMING {"tx":"0x8ce69cdd3483f1c97c4468f0e7e31d3cd03e23bc424429998862a367d99ed67e","mode":3,"calls":1,"gate_ns":10084}
[m[2m2026-09-14 22:52:46.913+0200[m[2m | [m[2mEthScheduler-BlockCreation-1-4[m[2m | [m[32mINFO [m[2m | [m[2mApprovalSelector[m[2m | [m[32mOPS_APPROVAL_DECISION allow tx=0x2fdca66e8aa1a1fa706382caf9df5973cffaec56496c04935b6af88264b8f37f calls=1
[m[2m2026-09-14 22:52:46.913+0200[m[2m | [m[2mEthScheduler-BlockCreation-1-4[m[2m | [m[32mINFO [m[2m | [m[2mApprovalSelector[m[2m | [m[32mOPS_APPROVAL_TIMING {"tx":"0x2fdca66e8aa1a1fa706382caf9df5973cffaec56496c04935b6af88264b8f37f","mode":3,"calls":1,"gate_ns":10167}
[m[2m2026-09-14 22:52:46.913+0200[m[2m | [m[2mEthScheduler-BlockCreation-1-4[m[2m | [m[32mINFO [m[2m | [m[2mApprovalSelector[m[2m | [m[32mOPS_APPROVAL_DECISION allow tx=0xdaa89bf22e953c0514b187858b7daa8cd2af2c9bad9bb1a67132e5308a1e7738 calls=1
[m[2m2026-09-14 22:52:46.913+0200[m[2m | [m[2mEthScheduler-BlockCreation-1-4[m[2m | [m[32mINFO [m[2m | [m[2mApprovalSelector[m[2m | [m[32mOPS_APPROVAL_TIMING {"tx":"0xdaa89bf22e953c0514b187858b7daa8cd2af2c9bad9bb1a67132e5308a1e7738","mode":3,"calls":1,"gate_ns":10375}
[m[2m2026-09-14 22:52:46.913+0200[m[2m | [m[2mEthScheduler-BlockCreation-1-4[m[2m | [m[32mINFO [m[2m | [m[2mApprovalSelector[m[2m | [m[32mOPS_APPROVAL_DECISION allow tx=0xe2cd23c187fc8e8ccfd5660f2c3a715ae3bbb0e90c108a51cb7e538448c166f0 calls=1
[m[2m2026-09-14 22:52:46.913+0200[m[2m | [m[2mEthScheduler-BlockCreation-1-4[m[2m | [m[32mINFO [m[2m | [m[2mApprovalSelector[m[2m | [m[32mOPS_APPROVAL_TIMING {"tx":"0xe2cd23c187fc8e8ccfd5660f2c3a715ae3bbb0e90c108a51cb7e538448c166f0","mode":3,"calls":1,"gate_ns":10208}
[m[2m2026-09-14 22:52:46.913+0200[m[2m | [m[2mEthScheduler-BlockCreation-1-4[m[2m | [m[32mINFO [m[2m | [m[2mApprovalSelector[m[2m | [m[32mOPS_APPROVAL_DECISION allow tx=0x8d95a21ac49e73d3bfec8e5aef978404a9c5d20dd5d4bf2b75dcb0b1e3e1701a calls=1
[m[2m2026-09-14 22:52:46.913+0200[m[2m | [m[2mEthScheduler-BlockCreation-1-4[m[2m | [m[32mINFO [m[2m | [m[2mApprovalSelector[m[2m | [m[32mOPS_APPROVAL_TIMING {"tx":"0x8d95a21ac49e73d3bfec8e5aef978404a9c5d20dd5d4bf2b75dcb0b1e3e1701a","mode":3,"calls":1,"gate_ns":11208}
[m[2m2026-09-14 22:52:46.913+0200[m[2m | [m[2mEthScheduler-BlockCreation-1-4[m[2m | [m[32mINFO [m[2m | [m[2mApprovalSelector[m[2m | [m[32mOPS_APPROVAL_DECISION allow tx=0x8e4945aaabeec26d0f2bb0e6e97c7fc5405dae38b4184022888431ff9d7ffee4 calls=1
[m[2m2026-09-14 22:52:46.913+0200[m[2m | [m[2mEthScheduler-BlockCreation-1-4[m[2m | [m[32mINFO [m[2m | [m[2mApprovalSelector[m[2m | [m[32mOPS_APPROVAL_TIMING {"tx":"0x8e4945aaabeec26d0f2bb0e6e97c7fc5405dae38b4184022888431ff9d7ffee4","mode":3,"calls":1,"gate_ns":10417}
[m[2m2026-09-14 22:52:46.914+0200[m[2m | [m[2mEthScheduler-BlockCreation-1-4[m[2m | [m[32mINFO [m[2m | [m[2mApprovalSelector[m[2m | [m[32mOPS_APPROVAL_DECISION allow tx=0x55f4ef1e871594243685969c2a4d95b0297da1b827581ef5eb942828c7b9023f calls=1
[m[2m2026-09-14 22:52:46.914+0200[m[2m | [m[2mEthScheduler-BlockCreation-1-4[m[2m | [m[32mINFO [m[2m | [m[2mApprovalSelector[m[2m | [m[32mOPS_APPROVAL_TIMING {"tx":"0x55f4ef1e871594243685969c2a4d95b0297da1b827581ef5eb942828c7b9023f","mode":3,"calls":1,"gate_ns":11542}
[m[2m2026-09-14 22:52:46.914+0200[m[2m | [m[2mEthScheduler-BlockCreation-1-4[m[2m | [m[32mINFO [m[2m | [m[2mApprovalSelector[m[2m | [m[32mOPS_APPROVAL_DECISION allow tx=0xd02ae19b5274b473416e1b8fc6364a99b7756919d87d4e01ef23c3f012a66c8b calls=1
[m[2m2026-09-14 22:52:46.914+0200[m[2m | [m[2mEthScheduler-BlockCreation-1-4[m[2m | [m[32mINFO [m[2m | [m[2mApprovalSelector[m[2m | [m[32mOPS_APPROVAL_TIMING {"tx":"0xd02ae19b5274b473416e1b8fc6364a99b7756919d87d4e01ef23c3f012a66c8b","mode":3,"calls":1,"gate_ns":10126}
[m[2m2026-09-14 22:52:46.914+0200[m[2m | [m[2mEthScheduler-BlockCreation-1-4[m[2m | [m[32mINFO [m[2m | [m[2mApprovalSelector[m[2m | [m[32mOPS_APPROVAL_DECISION allow tx=0x994dd1a90a40c034a223aff6ee77b446adece5192628b65bab61e67667d2618f calls=1
[m[2m2026-09-14 22:52:46.914+0200[m[2m | [m[2mEthScheduler-BlockCreation-1-4[m[2m | [m[32mINFO [m[2m | [m[2mApprovalSelector[m[2m | [m[32mOPS_APPROVAL_TIMING {"tx":"0x994dd1a90a40c034a223aff6ee77b446adece5192628b65bab61e67667d2618f","mode":3,"calls":1,"gate_ns":9875}
[m[2m2026-09-14 22:52:46.914+0200[m[2m | [m[2mEthScheduler-BlockCreation-1-4[m[2m | [m[32mINFO [m[2m | [m[2mApprovalSelector[m[2m | [m[32mOPS_APPROVAL_DECISION allow tx=0xff796f5338e81049c05cd80908e55bf24723b221e68fd84b168d1d5a6dcd15d5 calls=1
[m[2m2026-09-14 22:52:46.914+0200[m[2m | [m[2mEthScheduler-BlockCreation-1-4[m[2m | [m[32mINFO [m[2m | [m[2mApprovalSelector[m[2m | [m[32mOPS_APPROVAL_TIMING {"tx":"0xff796f5338e81049c05cd80908e55bf24723b221e68fd84b168d1d5a6dcd15d5","mode":3,"calls":1,"gate_ns":9875}
[m[2m2026-09-14 22:52:46.914+0200[m[2m | [m[2mEthScheduler-BlockCreation-1-4[m[2m | [m[32mINFO [m[2m | [m[2mApprovalSelector[m[2m | [m[32mOPS_APPROVAL_DECISION allow tx=0x4919343124ad83b62ba916a70eee32388214a54fd47d61638adfe63f16087c94 calls=1
[m[2m2026-09-14 22:52:46.914+0200[m[2m | [m[2mEthScheduler-BlockCreation-1-4[m[2m | [m[32mINFO [m[2m | [m[2mApprovalSelector[m[2m | [m[32mOPS_APPROVAL_TIMING {"tx":"0x4919343124ad83b62ba916a70eee32388214a54fd47d61638adfe63f16087c94","mode":3,"calls":1,"gate_ns":11750}
[m[2m2026-09-14 22:52:46.914+0200[m[2m | [m[2mEthScheduler-BlockCreation-1-4[m[2m | [m[32mINFO [m[2m | [m[2mApprovalSelector[m[2m | [m[32mOPS_APPROVAL_DECISION allow tx=0xe98eb265e2003f940842d417bbd3dee80064224648632104a7bc39ef8240ea9a calls=1
[m[2m2026-09-14 22:52:46.914+0200[m[2m | [m[2mEthScheduler-BlockCreation-1-4[m[2m | [m[32mINFO [m[2m | [m[2mApprovalSelector[m[2m | [m[32mOPS_APPROVAL_TIMING {"tx":"0xe98eb265e2003f940842d417bbd3dee80064224648632104a7bc39ef8240ea9a","mode":3,"calls":1,"gate_ns":10792}
[m[2m2026-09-14 22:52:46.914+0200[m[2m | [m[2mEthScheduler-BlockCreation-1-4[m[2m | [m[32mINFO [m[2m | [m[2mApprovalSelector[m[2m | [m[32mOPS_APPROVAL_DECISION allow tx=0x09e92bf14729b5a91cd9652defa0a2a88a39e9124f94b405fb10013d5da4b389 calls=1
[m[2m2026-09-14 22:52:46.914+0200[m[2m | [m[2mEthScheduler-BlockCreation-1-4[m[2m | [m[32mINFO [m[2m | [m[2mApprovalSelector[m[2m | [m[32mOPS_APPROVAL_TIMING {"tx":"0x09e92bf14729b5a91cd9652defa0a2a88a39e9124f94b405fb10013d5da4b389","mode":3,"calls":1,"gate_ns":10333}
[m[2m2026-09-14 22:52:46.914+0200[m[2m | [m[2mEthScheduler-BlockCreation-1-4[m[2m | [m[32mINFO [m[2m | [m[2mApprovalSelector[m[2m | [m[32mOPS_APPROVAL_DECISION allow tx=0x8c39b2b099298bfa190405a83ae0b92ac342f10adcd3966ebab8391b0a53f647 calls=1
[m[2m2026-09-14 22:52:46.914+0200[m[2m | [m[2mEthScheduler-BlockCreation-1-4[m[2m | [m[32mINFO [m[2m | [m[2mApprovalSelector[m[2m | [m[32mOPS_APPROVAL_TIMING {"tx":"0x8c39b2b099298bfa190405a83ae0b92ac342f10adcd3966ebab8391b0a53f647","mode":3,"calls":1,"gate_ns":9917}
[m[2m2026-09-14 22:52:46.914+0200[m[2m | [m[2mEthScheduler-BlockCreation-1-4[m[2m | [m[32mINFO [m[2m | [m[2mApprovalSelector[m[2m | [m[32mOPS_APPROVAL_DECISION allow tx=0xd4cb35521d8bceb977acd8034ce926f21851442635713742cec5f9f84b57d6d6 calls=1
[m[2m2026-09-14 22:52:46.914+0200[m[2m | [m[2mEthScheduler-BlockCreation-1-4[m[2m | [m[32mINFO [m[2m | [m[2mApprovalSelector[m[2m | [m[32mOPS_APPROVAL_TIMING {"tx":"0xd4cb35521d8bceb977acd8034ce926f21851442635713742cec5f9f84b57d6d6","mode":3,"calls":1,"gate_ns":10167}
[m[2m2026-09-14 22:52:46.914+0200[m[2m | [m[2mEthScheduler-BlockCreation-1-4[m[2m | [m[32mINFO [m[2m | [m[2mApprovalSelector[m[2m | [m[32mOPS_APPROVAL_DECISION allow tx=0xd9f9c7132391119045736307189584490739483b5042b94158eb68122fdb7e18 calls=1
[m[2m2026-09-14 22:52:46.914+0200[m[2m | [m[2mEthScheduler-BlockCreation-1-4[m[2m | [m[32mINFO [m[2m | [m[2mApprovalSelector[m[2m | [m[32mOPS_APPROVAL_TIMING {"tx":"0xd9f9c7132391119045736307189584490739483b5042b94158eb68122fdb7e18","mode":3,"calls":1,"gate_ns":10667}
[m[2m2026-09-14 22:52:46.914+0200[m[2m | [m[2mEthScheduler-BlockCreation-1-4[m[2m | [m[32mINFO [m[2m | [m[2mApprovalSelector[m[2m | [m[32mOPS_APPROVAL_DECISION allow tx=0x39555c143c3fde3a21a616100b3b9eab738fcdaa21c5f16dc058ea1c6e1f0483 calls=1
[m[2m2026-09-14 22:52:46.914+0200[m[2m | [m[2mEthScheduler-BlockCreation-1-4[m[2m | [m[32mINFO [m[2m | [m[2mApprovalSelector[m[2m | [m[32mOPS_APPROVAL_TIMING {"tx":"0x39555c143c3fde3a21a616100b3b9eab738fcdaa21c5f16dc058ea1c6e1f0483","mode":3,"calls":1,"gate_ns":10251}
[m[2m2026-09-14 22:52:46.914+0200[m[2m | [m[2mEthScheduler-BlockCreation-1-4[m[2m | [m[32mINFO [m[2m | [m[2mApprovalSelector[m[2m | [m[32mOPS_APPROVAL_DECISION allow tx=0xc97d8788b79ca08ce71d42851a561279dc38ae27dbb9bc9667011f84152427ca calls=1
[m[2m2026-09-14 22:52:46.914+0200[m[2m | [m[2mEthScheduler-BlockCreation-1-4[m[2m | [m[32mINFO [m[2m | [m[2mApprovalSelector[m[2m | [m[32mOPS_APPROVAL_TIMING {"tx":"0xc97d8788b79ca08ce71d42851a561279dc38ae27dbb9bc9667011f84152427ca","mode":3,"calls":1,"gate_ns":10250}
[m[2m2026-09-14 22:52:46.914+0200[m[2m | [m[2mEthScheduler-BlockCreation-1-4[m[2m | [m[32mINFO [m[2m | [m[2mApprovalSelector[m[2m | [m[32mOPS_APPROVAL_DECISION allow tx=0x15d3dfacaf12b5f25060c364f87dbafab02c7f292e56f1fad19bb6d0de76629a calls=1
[m[2m2026-09-14 22:52:46.914+0200[m[2m | [m[2mEthScheduler-BlockCreation-1-4[m[2m | [m[32mINFO [m[2m | [m[2mApprovalSelector[m[2m | [m[32mOPS_APPROVAL_TIMING {"tx":"0x15d3dfacaf12b5f25060c364f87dbafab02c7f292e56f1fad19bb6d0de76629a","mode":3,"calls":1,"gate_ns":12083}
[m[2m2026-09-14 22:52:46.914+0200[m[2m | [m[2mEthScheduler-BlockCreation-1-4[m[2m | [m[32mINFO [m[2m | [m[2mApprovalSelector[m[2m | [m[32mOPS_APPROVAL_DECISION allow tx=0x45d7076a03b13679ac9ae961cc01ae25288ea9ee60905ed76344899e2b31dfcb calls=1
[m[2m2026-09-14 22:52:46.914+0200[m[2m | [m[2mEthScheduler-BlockCreation-1-4[m[2m | [m[32mINFO [m[2m | [m[2mApprovalSelector[m[2m | [m[32mOPS_APPROVAL_TIMING {"tx":"0x45d7076a03b13679ac9ae961cc01ae25288ea9ee60905ed76344899e2b31dfcb","mode":3,"calls":1,"gate_ns":10208}
[m[2m2026-09-14 22:52:46.914+0200[m[2m | [m[2mEthScheduler-BlockCreation-1-4[m[2m | [m[32mINFO [m[2m | [m[2mApprovalSelector[m[2m | [m[32mOPS_APPROVAL_DECISION allow tx=0x3f45fdfdcd062fbb73e97f4d91316cbfd900cf36d27892d4e9f17c2589f62fe5 calls=1
[m[2m2026-09-14 22:52:46.914+0200[m[2m | [m[2mEthScheduler-BlockCreation-1-4[m[2m | [m[32mINFO [m[2m | [m[2mApprovalSelector[m[2m | [m[32mOPS_APPROVAL_TIMING {"tx":"0x3f45fdfdcd062fbb73e97f4d91316cbfd900cf36d27892d4e9f17c2589f62fe5","mode":3,"calls":1,"gate_ns":9583}
[m[2m2026-09-14 22:52:46.914+0200[m[2m | [m[2mEthScheduler-BlockCreation-1-4[m[2m | [m[32mINFO [m[2m | [m[2mApprovalSelector[m[2m | [m[32mOPS_APPROVAL_DECISION allow tx=0x97553626f4197b2a9ff60993e1ed2cfac2dcbd6b1f874fe554bd98a9c4aba31c calls=1
[m[2m2026-09-14 22:52:46.914+0200[m[2m | [m[2mEthScheduler-BlockCreation-1-4[m[2m | [m[32mINFO [m[2m | [m[2mApprovalSelector[m[2m | [m[32mOPS_APPROVAL_TIMING {"tx":"0x97553626f4197b2a9ff60993e1ed2cfac2dcbd6b1f874fe554bd98a9c4aba31c","mode":3,"calls":1,"gate_ns":10083}
[m[2m2026-09-14 22:52:46.914+0200[m[2m | [m[2mEthScheduler-BlockCreation-1-4[m[2m | [m[32mINFO [m[2m | [m[2mApprovalSelector[m[2m | [m[32mOPS_APPROVAL_DECISION allow tx=0x5c9b7cee09a8501d317d68c24eddaa884978669982b8cf05f01b29d5c18924d3 calls=1
[m[2m2026-09-14 22:52:46.914+0200[m[2m | [m[2mEthScheduler-BlockCreation-1-4[m[2m | [m[32mINFO [m[2m | [m[2mApprovalSelector[m[2m | [m[32mOPS_APPROVAL_TIMING {"tx":"0x5c9b7cee09a8501d317d68c24eddaa884978669982b8cf05f01b29d5c18924d3","mode":3,"calls":1,"gate_ns":10208}
[m[2m2026-09-14 22:52:46.914+0200[m[2m | [m[2mEthScheduler-BlockCreation-1-4[m[2m | [m[32mINFO [m[2m | [m[2mApprovalSelector[m[2m | [m[32mOPS_APPROVAL_DECISION allow tx=0xb4b8e630ef3161473994582ffc813adb8d40efcf64197864b8a201b4198ad374 calls=1
[m[2m2026-09-14 22:52:46.914+0200[m[2m | [m[2mEthScheduler-BlockCreation-1-4[m[2m | [m[32mINFO [m[2m | [m[2mApprovalSelector[m[2m | [m[32mOPS_APPROVAL_TIMING {"tx":"0xb4b8e630ef3161473994582ffc813adb8d40efcf64197864b8a201b4198ad374","mode":3,"calls":1,"gate_ns":9667}
[m[2m2026-09-14 22:52:46.914+0200[m[2m | [m[2mEthScheduler-BlockCreation-1-4[m[2m | [m[32mINFO [m[2m | [m[2mApprovalSelector[m[2m | [m[32mOPS_APPROVAL_DECISION allow tx=0xfb2fccf9ba91ba14b7a62021d85fa8e548c9b78ce2e1bb3873938c108ff5a235 calls=1
[m[2m2026-09-14 22:52:46.914+0200[m[2m | [m[2mEthScheduler-BlockCreation-1-4[m[2m | [m[32mINFO [m[2m | [m[2mApprovalSelector[m[2m | [m[32mOPS_APPROVAL_TIMING {"tx":"0xfb2fccf9ba91ba14b7a62021d85fa8e548c9b78ce2e1bb3873938c108ff5a235","mode":3,"calls":1,"gate_ns":10333}
[m[2m2026-09-14 22:52:46.915+0200[m[2m | [m[2mEthScheduler-BlockCreation-1-4[m[2m | [m[32mINFO [m[2m | [m[2mApprovalSelector[m[2m | [m[32mOPS_APPROVAL_DECISION allow tx=0x83c778d7215925f7e8ed9ecd364477103b8733e2e8cab58a17093f9438f91344 calls=1
[m[2m2026-09-14 22:52:46.915+0200[m[2m | [m[2mEthScheduler-BlockCreation-1-4[m[2m | [m[32mINFO [m[2m | [m[2mApprovalSelector[m[2m | [m[32mOPS_APPROVAL_TIMING {"tx":"0x83c778d7215925f7e8ed9ecd364477103b8733e2e8cab58a17093f9438f91344","mode":3,"calls":1,"gate_ns":10916}
[m[2m2026-09-14 22:52:46.915+0200[m[2m | [m[2mEthScheduler-BlockCreation-1-4[m[2m | [m[32mINFO [m[2m | [m[2mApprovalSelector[m[2m | [m[32mOPS_APPROVAL_DECISION allow tx=0x6e664791947324b85c6a8b1f690b38ae468ec8eea726b7005df856864cd2e01e calls=1
[m[2m2026-09-14 22:52:46.915+0200[m[2m | [m[2mEthScheduler-BlockCreation-1-4[m[2m | [m[32mINFO [m[2m | [m[2mApprovalSelector[m[2m | [m[32mOPS_APPROVAL_TIMING {"tx":"0x6e664791947324b85c6a8b1f690b38ae468ec8eea726b7005df856864cd2e01e","mode":3,"calls":1,"gate_ns":10000}
[m[2m2026-09-14 22:52:46.915+0200[m[2m | [m[2mEthScheduler-BlockCreation-1-4[m[2m | [m[32mINFO [m[2m | [m[2mApprovalSelector[m[2m | [m[32mOPS_APPROVAL_DECISION allow tx=0xbc9b545c59a2cdcf2d74aa16a9808ec29531192ad566056de9e8a333444b5946 calls=1
[m[2m2026-09-14 22:52:46.915+0200[m[2m | [m[2mEthScheduler-BlockCreation-1-4[m[2m | [m[32mINFO [m[2m | [m[2mApprovalSelector[m[2m | [m[32mOPS_APPROVAL_TIMING {"tx":"0xbc9b545c59a2cdcf2d74aa16a9808ec29531192ad566056de9e8a333444b5946","mode":3,"calls":1,"gate_ns":10959}
[m[2m2026-09-14 22:52:46.915+0200[m[2m | [m[2mEthScheduler-BlockCreation-1-4[m[2m | [m[32mINFO [m[2m | [m[2mApprovalSelector[m[2m | [m[32mOPS_APPROVAL_DECISION allow tx=0xcb923367b4f6859ae1ec067b41e6d454ddb6018a8109b86e51981db330d190e2 calls=1
[m[2m2026-09-14 22:52:46.915+0200[m[2m | [m[2mEthScheduler-BlockCreation-1-4[m[2m | [m[32mINFO [m[2m | [m[2mApprovalSelector[m[2m | [m[32mOPS_APPROVAL_TIMING {"tx":"0xcb923367b4f6859ae1ec067b41e6d454ddb6018a8109b86e51981db330d190e2","mode":3,"calls":1,"gate_ns":10959}
[m[2m2026-09-14 22:52:46.915+0200[m[2m | [m[2mEthScheduler-BlockCreation-1-4[m[2m | [m[32mINFO [m[2m | [m[2mApprovalSelector[m[2m | [m[32mOPS_APPROVAL_DECISION allow tx=0x9c07ce039611bbe7dff5b16bcba69a69a5a5823025a665e91e2f73851991576a calls=1
[m[2m2026-09-14 22:52:46.915+0200[m[2m | [m[2mEthScheduler-BlockCreation-1-4[m[2m | [m[32mINFO [m[2m | [m[2mApprovalSelector[m[2m | [m[32mOPS_APPROVAL_TIMING {"tx":"0x9c07ce039611bbe7dff5b16bcba69a69a5a5823025a665e91e2f73851991576a","mode":3,"calls":1,"gate_ns":10333}
[m[2m2026-09-14 22:52:46.915+0200[m[2m | [m[2mEthScheduler-BlockCreation-1-4[m[2m | [m[32mINFO [m[2m | [m[2mApprovalSelector[m[2m | [m[32mOPS_APPROVAL_DECISION allow tx=0xfd79207b18040c63e93e7a61f954fe88edbc6ed13acda3581fa0f1f1d30bbaca calls=1
[m[2m2026-09-14 22:52:46.915+0200[m[2m | [m[2mEthScheduler-BlockCreation-1-4[m[2m | [m[32mINFO [m[2m | [m[2mApprovalSelector[m[2m | [m[32mOPS_APPROVAL_TIMING {"tx":"0xfd79207b18040c63e93e7a61f954fe88edbc6ed13acda3581fa0f1f1d30bbaca","mode":3,"calls":1,"gate_ns":9791}
[m[2m2026-09-14 22:52:46.915+0200[m[2m | [m[2mEthScheduler-BlockCreation-1-4[m[2m | [m[32mINFO [m[2m | [m[2mApprovalSelector[m[2m | [m[32mOPS_APPROVAL_DECISION allow tx=0x7fe58e8ca838e1c4f2d65a442755fbc67d8f9f41cd8b08f3aafd1af357d7596e calls=1
[m[2m2026-09-14 22:52:46.915+0200[m[2m | [m[2mEthScheduler-BlockCreation-1-4[m[2m | [m[32mINFO [m[2m | [m[2mApprovalSelector[m[2m | [m[32mOPS_APPROVAL_TIMING {"tx":"0x7fe58e8ca838e1c4f2d65a442755fbc67d8f9f41cd8b08f3aafd1af357d7596e","mode":3,"calls":1,"gate_ns":18833}
[m[2m2026-09-14 22:52:46.915+0200[m[2m | [m[2mEthScheduler-BlockCreation-1-4[m[2m | [m[32mINFO [m[2m | [m[2mApprovalSelector[m[2m | [m[32mOPS_APPROVAL_DECISION allow tx=0xf2de92788369507d4e0629927ac59e970340482fb045a614cd01bb45f9bba520 calls=1
[m[2m2026-09-14 22:52:46.915+0200[m[2m | [m[2mEthScheduler-BlockCreation-1-4[m[2m | [m[32mINFO [m[2m | [m[2mApprovalSelector[m[2m | [m[32mOPS_APPROVAL_TIMING {"tx":"0xf2de92788369507d4e0629927ac59e970340482fb045a614cd01bb45f9bba520","mode":3,"calls":1,"gate_ns":10042}
[m[2m2026-09-14 22:52:46.915+0200[m[2m | [m[2mEthScheduler-BlockCreation-1-4[m[2m | [m[32mINFO [m[2m | [m[2mApprovalSelector[m[2m | [m[32mOPS_APPROVAL_DECISION allow tx=0x8f517bd2e082a1bb99737693132f52fbf4660472ba026007d9472635a2db0059 calls=1
[m[2m2026-09-14 22:52:46.915+0200[m[2m | [m[2mEthScheduler-BlockCreation-1-4[m[2m | [m[32mINFO [m[2m | [m[2mApprovalSelector[m[2m | [m[32mOPS_APPROVAL_TIMING {"tx":"0x8f517bd2e082a1bb99737693132f52fbf4660472ba026007d9472635a2db0059","mode":3,"calls":1,"gate_ns":10041}
[m[2m2026-09-14 22:52:46.915+0200[m[2m | [m[2mEthScheduler-BlockCreation-1-4[m[2m | [m[32mINFO [m[2m | [m[2mApprovalSelector[m[2m | [m[32mOPS_APPROVAL_DECISION allow tx=0x96d88c4a43fe2ddeb59ee00759872544b9c826f58c5197e1debddd914abaf1ad calls=1
[m[2m2026-09-14 22:52:46.915+0200[m[2m | [m[2mEthScheduler-BlockCreation-1-4[m[2m | [m[32mINFO [m[2m | [m[2mApprovalSelector[m[2m | [m[32mOPS_APPROVAL_TIMING {"tx":"0x96d88c4a43fe2ddeb59ee00759872544b9c826f58c5197e1debddd914abaf1ad","mode":3,"calls":1,"gate_ns":10042}
[m[2m2026-09-14 22:52:46.915+0200[m[2m | [m[2mEthScheduler-BlockCreation-1-4[m[2m | [m[32mINFO [m[2m | [m[2mApprovalSelector[m[2m | [m[32mOPS_APPROVAL_DECISION allow tx=0x2736d8c8838f0269aa630c21cd206ae1b5764b635487aae9e20102e2579a831e calls=1
[m[2m2026-09-14 22:52:46.915+0200[m[2m | [m[2mEthScheduler-BlockCreation-1-4[m[2m | [m[32mINFO [m[2m | [m[2mApprovalSelector[m[2m | [m[32mOPS_APPROVAL_TIMING {"tx":"0x2736d8c8838f0269aa630c21cd206ae1b5764b635487aae9e20102e2579a831e","mode":3,"calls":1,"gate_ns":10208}
[m[2m2026-09-14 22:52:46.915+0200[m[2m | [m[2mEthScheduler-BlockCreation-1-4[m[2m | [m[32mINFO [m[2m | [m[2mApprovalSelector[m[2m | [m[32mOPS_APPROVAL_DECISION allow tx=0x5f068b04ed090c593bb0550aa49570fcd66d83f689c00ab2f5acd953dd12d03e calls=1
[m[2m2026-09-14 22:52:46.915+0200[m[2m | [m[2mEthScheduler-BlockCreation-1-4[m[2m | [m[32mINFO [m[2m | [m[2mApprovalSelector[m[2m | [m[32mOPS_APPROVAL_TIMING {"tx":"0x5f068b04ed090c593bb0550aa49570fcd66d83f689c00ab2f5acd953dd12d03e","mode":3,"calls":1,"gate_ns":10125}
[m[2m2026-09-14 22:52:46.915+0200[m[2m | [m[2mEthScheduler-BlockCreation-1-4[m[2m | [m[32mINFO [m[2m | [m[2mApprovalSelector[m[2m | [m[32mOPS_APPROVAL_DECISION allow tx=0x62553f0a186d7aa2d9e23ed16fb4586c1d412dbd54c31917b426c82282a69d7a calls=1
[m[2m2026-09-14 22:52:46.915+0200[m[2m | [m[2mEthScheduler-BlockCreation-1-4[m[2m | [m[32mINFO [m[2m | [m[2mApprovalSelector[m[2m | [m[32mOPS_APPROVAL_TIMING {"tx":"0x62553f0a186d7aa2d9e23ed16fb4586c1d412dbd54c31917b426c82282a69d7a","mode":3,"calls":1,"gate_ns":10000}
[m[2m2026-09-14 22:52:46.915+0200[m[2m | [m[2mEthScheduler-BlockCreation-1-4[m[2m | [m[32mINFO [m[2m | [m[2mApprovalSelector[m[2m | [m[32mOPS_APPROVAL_DECISION allow tx=0xbdc97cbf89d6aaff42baf27a9b826f6f9747e1b2ee41506b82e14b5d0b3f06b8 calls=1
[m[2m2026-09-14 22:52:46.915+0200[m[2m | [m[2mEthScheduler-BlockCreation-1-4[m[2m | [m[32mINFO [m[2m | [m[2mApprovalSelector[m[2m | [m[32mOPS_APPROVAL_TIMING {"tx":"0xbdc97cbf89d6aaff42baf27a9b826f6f9747e1b2ee41506b82e14b5d0b3f06b8","mode":3,"calls":1,"gate_ns":12084}
[m[2m2026-09-14 22:52:46.915+0200[m[2m | [m[2mEthScheduler-BlockCreation-1-4[m[2m | [m[32mINFO [m[2m | [m[2mApprovalSelector[m[2m | [m[32mOPS_APPROVAL_DECISION allow tx=0x95e6bc690f6f761cb144c39079c41b3ea46d616d1cf98e314b1a950fe2882c88 calls=1
[m[2m2026-09-14 22:52:46.915+0200[m[2m | [m[2mEthScheduler-BlockCreation-1-4[m[2m | [m[32mINFO [m[2m | [m[2mApprovalSelector[m[2m | [m[32mOPS_APPROVAL_TIMING {"tx":"0x95e6bc690f6f761cb144c39079c41b3ea46d616d1cf98e314b1a950fe2882c88","mode":3,"calls":1,"gate_ns":10208}
[m[2m2026-09-14 22:52:46.915+0200[m[2m | [m[2mEthScheduler-BlockCreation-1-4[m[2m | [m[32mINFO [m[2m | [m[2mApprovalSelector[m[2m | [m[32mOPS_APPROVAL_DECISION allow tx=0xf24199f25e0ee69ae02a71fc0f2c1926e05518e9e25a1a71f22eb3f6ebb8241a calls=1
[m[2m2026-09-14 22:52:46.915+0200[m[2m | [m[2mEthScheduler-BlockCreation-1-4[m[2m | [m[32mINFO [m[2m | [m[2mApprovalSelector[m[2m | [m[32mOPS_APPROVAL_TIMING {"tx":"0xf24199f25e0ee69ae02a71fc0f2c1926e05518e9e25a1a71f22eb3f6ebb8241a","mode":3,"calls":1,"gate_ns":10333}
[m[2m2026-09-14 22:52:46.915+0200[m[2m | [m[2mEthScheduler-BlockCreation-1-4[m[2m | [m[32mINFO [m[2m | [m[2mApprovalSelector[m[2m | [m[32mOPS_APPROVAL_DECISION allow tx=0x521ff98061131c2d00175b749cc2f10de4c2e8d6f2c66a66c9bc1462c545a2ae calls=1
[m[2m2026-09-14 22:52:46.915+0200[m[2m | [m[2mEthScheduler-BlockCreation-1-4[m[2m | [m[32mINFO [m[2m | [m[2mApprovalSelector[m[2m | [m[32mOPS_APPROVAL_TIMING {"tx":"0x521ff98061131c2d00175b749cc2f10de4c2e8d6f2c66a66c9bc1462c545a2ae","mode":3,"calls":1,"gate_ns":10125}
[m[2m2026-09-14 22:52:46.915+0200[m[2m | [m[2mEthScheduler-BlockCreation-1-4[m[2m | [m[32mINFO [m[2m | [m[2mApprovalSelector[m[2m | [m[32mOPS_APPROVAL_DECISION allow tx=0x5308b19346a7a65f6e32e918216dab4da12d5c00542f2e4d190ac5cf302d628e calls=1
[m[2m2026-09-14 22:52:46.915+0200[m[2m | [m[2mEthScheduler-BlockCreation-1-4[m[2m | [m[32mINFO [m[2m | [m[2mApprovalSelector[m[2m | [m[32mOPS_APPROVAL_TIMING {"tx":"0x5308b19346a7a65f6e32e918216dab4da12d5c00542f2e4d190ac5cf302d628e","mode":3,"calls":1,"gate_ns":10291}
[m[2m2026-09-14 22:52:46.915+0200[m[2m | [m[2mEthScheduler-BlockCreation-1-4[m[2m | [m[32mINFO [m[2m | [m[2mApprovalSelector[m[2m | [m[32mOPS_APPROVAL_DECISION allow tx=0xf2b4dfcc5e4f5d02d0dda7cac873d1d56495423aa1f6e3e2e29cf45cc829472b calls=1
[m[2m2026-09-14 22:52:46.915+0200[m[2m | [m[2mEthScheduler-BlockCreation-1-4[m[2m | [m[32mINFO [m[2m | [m[2mApprovalSelector[m[2m | [m[32mOPS_APPROVAL_TIMING {"tx":"0xf2b4dfcc5e4f5d02d0dda7cac873d1d56495423aa1f6e3e2e29cf45cc829472b","mode":3,"calls":1,"gate_ns":10000}
[m[2m2026-09-14 22:52:46.916+0200[m[2m | [m[2mEthScheduler-BlockCreation-1-4[m[2m | [m[32mINFO [m[2m | [m[2mApprovalSelector[m[2m | [m[32mOPS_APPROVAL_DECISION allow tx=0xedf497b5be24e0e2a238e8c97f30fb6423cc44edd926e7e1a52ff11b3851ebe6 calls=1
[m[2m2026-09-14 22:52:46.916+0200[m[2m | [m[2mEthScheduler-BlockCreation-1-4[m[2m | [m[32mINFO [m[2m | [m[2mApprovalSelector[m[2m | [m[32mOPS_APPROVAL_TIMING {"tx":"0xedf497b5be24e0e2a238e8c97f30fb6423cc44edd926e7e1a52ff11b3851ebe6","mode":3,"calls":1,"gate_ns":11250}
[m[2m2026-09-14 22:52:46.916+0200[m[2m | [m[2mEthScheduler-BlockCreation-1-4[m[2m | [m[32mINFO [m[2m | [m[2mApprovalSelector[m[2m | [m[32mOPS_APPROVAL_DECISION allow tx=0xacc12e6d90aa4263429fb1415fd343364d1f43618ce8d089d204577891e22b53 calls=1
[m[2m2026-09-14 22:52:46.916+0200[m[2m | [m[2mEthScheduler-BlockCreation-1-4[m[2m | [m[32mINFO [m[2m | [m[2mApprovalSelector[m[2m | [m[32mOPS_APPROVAL_TIMING {"tx":"0xacc12e6d90aa4263429fb1415fd343364d1f43618ce8d089d204577891e22b53","mode":3,"calls":1,"gate_ns":10166}
[m[2m2026-09-14 22:52:46.916+0200[m[2m | [m[2mEthScheduler-BlockCreation-1-4[m[2m | [m[32mINFO [m[2m | [m[2mApprovalSelector[m[2m | [m[32mOPS_APPROVAL_DECISION allow tx=0xb9e24302b3bab4bd106fa10ca9732d44fa9bb7bd4da71f790da3d3a73488f32e calls=1
[m[2m2026-09-14 22:52:46.916+0200[m[2m | [m[2mEthScheduler-BlockCreation-1-4[m[2m | [m[32mINFO [m[2m | [m[2mApprovalSelector[m[2m | [m[32mOPS_APPROVAL_TIMING {"tx":"0xb9e24302b3bab4bd106fa10ca9732d44fa9bb7bd4da71f790da3d3a73488f32e","mode":3,"calls":1,"gate_ns":9959}
[m[2m2026-09-14 22:52:46.916+0200[m[2m | [m[2mEthScheduler-BlockCreation-1-4[m[2m | [m[32mINFO [m[2m | [m[2mApprovalSelector[m[2m | [m[32mOPS_APPROVAL_DECISION allow tx=0xefdf9790b5f162831b97d967eeb45009e72bf1bb5ad24229ad9c63ecb56db621 calls=1
[m[2m2026-09-14 22:52:46.916+0200[m[2m | [m[2mEthScheduler-BlockCreation-1-4[m[2m | [m[32mINFO [m[2m | [m[2mApprovalSelector[m[2m | [m[32mOPS_APPROVAL_TIMING {"tx":"0xefdf9790b5f162831b97d967eeb45009e72bf1bb5ad24229ad9c63ecb56db621","mode":3,"calls":1,"gate_ns":20583}
[m[2m2026-09-14 22:52:46.916+0200[m[2m | [m[2mEthScheduler-BlockCreation-1-4[m[2m | [m[32mINFO [m[2m | [m[2mApprovalSelector[m[2m | [m[32mOPS_APPROVAL_DECISION allow tx=0x7c1df864f96a373c81cae655d02a5741e8073a4bdfc171ee85d535aeab7eb045 calls=1
[m[2m2026-09-14 22:52:46.916+0200[m[2m | [m[2mEthScheduler-BlockCreation-1-4[m[2m | [m[32mINFO [m[2m | [m[2mApprovalSelector[m[2m | [m[32mOPS_APPROVAL_TIMING {"tx":"0x7c1df864f96a373c81cae655d02a5741e8073a4bdfc171ee85d535aeab7eb045","mode":3,"calls":1,"gate_ns":10167}
[m[2m2026-09-14 22:52:46.916+0200[m[2m | [m[2mEthScheduler-BlockCreation-1-4[m[2m | [m[32mINFO [m[2m | [m[2mApprovalSelector[m[2m | [m[32mOPS_APPROVAL_DECISION allow tx=0x8acd10e1039c0d07384d2e18afcca99d6a00eaa12ad7dbbeb71424c25282008b calls=1
[m[2m2026-09-14 22:52:46.916+0200[m[2m | [m[2mEthScheduler-BlockCreation-1-4[m[2m | [m[32mINFO [m[2m | [m[2mApprovalSelector[m[2m | [m[32mOPS_APPROVAL_TIMING {"tx":"0x8acd10e1039c0d07384d2e18afcca99d6a00eaa12ad7dbbeb71424c25282008b","mode":3,"calls":1,"gate_ns":16792}
[m[2m2026-09-14 22:52:46.916+0200[m[2m | [m[2mEthScheduler-BlockCreation-1-4[m[2m | [m[32mINFO [m[2m | [m[2mApprovalSelector[m[2m | [m[32mOPS_APPROVAL_DECISION allow tx=0xfcd0501627e4678d99296c84b8c683fda963475efb2419295d83e9fe6f965873 calls=1
[m[2m2026-09-14 22:52:46.916+0200[m[2m | [m[2mEthScheduler-BlockCreation-1-4[m[2m | [m[32mINFO [m[2m | [m[2mApprovalSelector[m[2m | [m[32mOPS_APPROVAL_TIMING {"tx":"0xfcd0501627e4678d99296c84b8c683fda963475efb2419295d83e9fe6f965873","mode":3,"calls":1,"gate_ns":11125}
[m[2m2026-09-14 22:52:46.916+0200[m[2m | [m[2mEthScheduler-BlockCreation-1-4[m[2m | [m[32mINFO [m[2m | [m[2mApprovalSelector[m[2m | [m[32mOPS_APPROVAL_DECISION allow tx=0x110c7e1fe794741a3d88a59cdcba626ba6954d99792bb4f83b2c92ca56fd0343 calls=1
[m[2m2026-09-14 22:52:46.916+0200[m[2m | [m[2mEthScheduler-BlockCreation-1-4[m[2m | [m[32mINFO [m[2m | [m[2mApprovalSelector[m[2m | [m[32mOPS_APPROVAL_TIMING {"tx":"0x110c7e1fe794741a3d88a59cdcba626ba6954d99792bb4f83b2c92ca56fd0343","mode":3,"calls":1,"gate_ns":10875}
[m[2m2026-09-14 22:52:46.916+0200[m[2m | [m[2mEthScheduler-BlockCreation-1-4[m[2m | [m[32mINFO [m[2m | [m[2mApprovalSelector[m[2m | [m[32mOPS_APPROVAL_DECISION allow tx=0xb65afca47931c26acad410aa61664eefab04d09b6f20282d479fa9cce813c850 calls=1
[m[2m2026-09-14 22:52:46.916+0200[m[2m | [m[2mEthScheduler-BlockCreation-1-4[m[2m | [m[32mINFO [m[2m | [m[2mApprovalSelector[m[2m | [m[32mOPS_APPROVAL_TIMING {"tx":"0xb65afca47931c26acad410aa61664eefab04d09b6f20282d479fa9cce813c850","mode":3,"calls":1,"gate_ns":11375}
[m[2m2026-09-14 22:52:46.916+0200[m[2m | [m[2mEthScheduler-BlockCreation-1-4[m[2m | [m[32mINFO [m[2m | [m[2mApprovalSelector[m[2m | [m[32mOPS_APPROVAL_DECISION allow tx=0xb3d202b32526153098d46b542dfb870c74944bde1b5b97f2a8bedf8b8711df8c calls=1
[m[2m2026-09-14 22:52:46.916+0200[m[2m | [m[2mEthScheduler-BlockCreation-1-4[m[2m | [m[32mINFO [m[2m | [m[2mApprovalSelector[m[2m | [m[32mOPS_APPROVAL_TIMING {"tx":"0xb3d202b32526153098d46b542dfb870c74944bde1b5b97f2a8bedf8b8711df8c","mode":3,"calls":1,"gate_ns":47333}
[m[2m2026-09-14 22:52:46.916+0200[m[2m | [m[2mEthScheduler-BlockCreation-1-4[m[2m | [m[32mINFO [m[2m | [m[2mApprovalSelector[m[2m | [m[32mOPS_APPROVAL_DECISION allow tx=0xa7b684653e3e96dbcaab92f282e5f1660ddf46a34b953bb37104af912b554136 calls=1
[m[2m2026-09-14 22:52:46.916+0200[m[2m | [m[2mEthScheduler-BlockCreation-1-4[m[2m | [m[32mINFO [m[2m | [m[2mApprovalSelector[m[2m | [m[32mOPS_APPROVAL_TIMING {"tx":"0xa7b684653e3e96dbcaab92f282e5f1660ddf46a34b953bb37104af912b554136","mode":3,"calls":1,"gate_ns":17291}
[m[2m2026-09-14 22:52:46.916+0200[m[2m | [m[2mEthScheduler-BlockCreation-1-4[m[2m | [m[32mINFO [m[2m | [m[2mApprovalSelector[m[2m | [m[32mOPS_APPROVAL_DECISION allow tx=0x9f035fb45df20e6d27ac0c2c1415832e90c400f52745eff0ffd6765156e0452e calls=1
[m[2m2026-09-14 22:52:46.916+0200[m[2m | [m[2mEthScheduler-BlockCreation-1-4[m[2m | [m[32mINFO [m[2m | [m[2mApprovalSelector[m[2m | [m[32mOPS_APPROVAL_TIMING {"tx":"0x9f035fb45df20e6d27ac0c2c1415832e90c400f52745eff0ffd6765156e0452e","mode":3,"calls":1,"gate_ns":15251}
[m[2m2026-09-14 22:52:46.916+0200[m[2m | [m[2mEthScheduler-BlockCreation-1-4[m[2m | [m[32mINFO [m[2m | [m[2mApprovalSelector[m[2m | [m[32mOPS_APPROVAL_DECISION allow tx=0xd773d20983f1a7d6d31e3de6086f6b092083ec99d53f45a2fe96e8ebbb93e0de calls=1
[m[2m2026-09-14 22:52:46.916+0200[m[2m | [m[2mEthScheduler-BlockCreation-1-4[m[2m | [m[32mINFO [m[2m | [m[2mApprovalSelector[m[2m | [m[32mOPS_APPROVAL_TIMING {"tx":"0xd773d20983f1a7d6d31e3de6086f6b092083ec99d53f45a2fe96e8ebbb93e0de","mode":3,"calls":1,"gate_ns":12334}
[m[2m2026-09-14 22:52:46.916+0200[m[2m | [m[2mEthScheduler-BlockCreation-1-4[m[2m | [m[32mINFO [m[2m | [m[2mApprovalSelector[m[2m | [m[32mOPS_APPROVAL_DECISION allow tx=0x51984b6e32cd544d2f4eaca6d04c79173aca7c4eabff57b70d5ccbd876ed7761 calls=1
[m[2m2026-09-14 22:52:46.916+0200[m[2m | [m[2mEthScheduler-BlockCreation-1-4[m[2m | [m[32mINFO [m[2m | [m[2mApprovalSelector[m[2m | [m[32mOPS_APPROVAL_TIMING {"tx":"0x51984b6e32cd544d2f4eaca6d04c79173aca7c4eabff57b70d5ccbd876ed7761","mode":3,"calls":1,"gate_ns":11667}
[m[2m2026-09-14 22:52:46.916+0200[m[2m | [m[2mEthScheduler-BlockCreation-1-4[m[2m | [m[32mINFO [m[2m | [m[2mApprovalSelector[m[2m | [m[32mOPS_APPROVAL_DECISION allow tx=0x6a737f912475ec6274ba305f8f0c4291fdcd355b33a63bf71668063c5d123828 calls=1
[m[2m2026-09-14 22:52:46.916+0200[m[2m | [m[2mEthScheduler-BlockCreation-1-4[m[2m | [m[32mINFO [m[2m | [m[2mApprovalSelector[m[2m | [m[32mOPS_APPROVAL_TIMING {"tx":"0x6a737f912475ec6274ba305f8f0c4291fdcd355b33a63bf71668063c5d123828","mode":3,"calls":1,"gate_ns":13083}
[m[2m2026-09-14 22:52:46.917+0200[m[2m | [m[2mEthScheduler-BlockCreation-1-4[m[2m | [m[32mINFO [m[2m | [m[2mApprovalSelector[m[2m | [m[32mOPS_APPROVAL_DECISION allow tx=0x733dae73c2ca15b0652afdf6d919fbb76edbc7cf46b87b152fc38270aa269b40 calls=1
[m[2m2026-09-14 22:52:46.917+0200[m[2m | [m[2mEthScheduler-BlockCreation-1-4[m[2m | [m[32mINFO [m[2m | [m[2mApprovalSelector[m[2m | [m[32mOPS_APPROVAL_TIMING {"tx":"0x733dae73c2ca15b0652afdf6d919fbb76edbc7cf46b87b152fc38270aa269b40","mode":3,"calls":1,"gate_ns":16374}
[m[2m2026-09-14 22:52:46.917+0200[m[2m | [m[2mEthScheduler-BlockCreation-1-4[m[2m | [m[32mINFO [m[2m | [m[2mApprovalSelector[m[2m | [m[32mOPS_APPROVAL_DECISION allow tx=0x0280dcbd7755961c5e3a71ddac2c37a3f1156de69fd79e35464b22542fd35075 calls=1
[m[2m2026-09-14 22:52:46.917+0200[m[2m | [m[2mEthScheduler-BlockCreation-1-4[m[2m | [m[32mINFO [m[2m | [m[2mApprovalSelector[m[2m | [m[32mOPS_APPROVAL_TIMING {"tx":"0x0280dcbd7755961c5e3a71ddac2c37a3f1156de69fd79e35464b22542fd35075","mode":3,"calls":1,"gate_ns":11166}
[m[2m2026-09-14 22:52:46.917+0200[m[2m | [m[2mEthScheduler-BlockCreation-1-4[m[2m | [m[32mINFO [m[2m | [m[2mApprovalSelector[m[2m | [m[32mOPS_APPROVAL_DECISION allow tx=0x6d6899957be30dec224202cd24372cd8960650d58514a3cd221639e8e0e514a2 calls=1
[m[2m2026-09-14 22:52:46.917+0200[m[2m | [m[2mEthScheduler-BlockCreation-1-4[m[2m | [m[32mINFO [m[2m | [m[2mApprovalSelector[m[2m | [m[32mOPS_APPROVAL_TIMING {"tx":"0x6d6899957be30dec224202cd24372cd8960650d58514a3cd221639e8e0e514a2","mode":3,"calls":1,"gate_ns":11166}
[m[2m2026-09-14 22:52:46.926+0200[m[2m | [m[2mEthScheduler-BlockCreation-0-4[m[2m | [m[32mINFO [m[2m | [m[2mPostMergeContext[m[2m | [m[32mNew proposal for payloadId 0x0094b646bb8fd2fc block 4 (0xf92ffa076fb9eae8a5c8a310f2cdf48fa0e89ca8f0760a3dbcecb7191ad965a0) gas used 3391104 transactions 128 reward 4,60 finney is better than the previous one by 4,60 finney
[m[2m2026-09-14 22:52:47.414+0200[m[2m | [m[2mEthScheduler-BlockCreation-1-4[m[2m | [m[32mINFO [m[2m | [m[2mApprovalSelector[m[2m | [m[32mOPS_APPROVAL_DECISION allow tx=0xcb56daf42311c8c2ac86477f7f868584f3bf8c7a176822807175b72a69e829cd calls=1
[m[2m2026-09-14 22:52:47.414+0200[m[2m | [m[2mEthScheduler-BlockCreation-1-4[m[2m | [m[32mINFO [m[2m | [m[2mApprovalSelector[m[2m | [m[32mOPS_APPROVAL_TIMING {"tx":"0xcb56daf42311c8c2ac86477f7f868584f3bf8c7a176822807175b72a69e829cd","mode":3,"calls":1,"gate_ns":232917}
[m[2m2026-09-14 22:52:47.414+0200[m[2m | [m[2mEthScheduler-BlockCreation-1-4[m[2m | [m[32mINFO [m[2m | [m[2mApprovalSelector[m[2m | [m[32mOPS_APPROVAL_DECISION allow tx=0xbf67637a382090799dace5292000dffbf50790b048263e076f7b231b92f10542 calls=1
[m[2m2026-09-14 22:52:47.414+0200[m[2m | [m[2mEthScheduler-BlockCreation-1-4[m[2m | [m[32mINFO [m[2m | [m[2mApprovalSelector[m[2m | [m[32mOPS_APPROVAL_TIMING {"tx":"0xbf67637a382090799dace5292000dffbf50790b048263e076f7b231b92f10542","mode":3,"calls":1,"gate_ns":22541}
[m[2m2026-09-14 22:52:47.414+0200[m[2m | [m[2mEthScheduler-BlockCreation-1-4[m[2m | [m[32mINFO [m[2m | [m[2mApprovalSelector[m[2m | [m[32mOPS_APPROVAL_DECISION allow tx=0x4245928d2bedbd95a503de2597dc5a8f0a2523efe5979e9499c140e36339d5fa calls=1
[m[2m2026-09-14 22:52:47.414+0200[m[2m | [m[2mEthScheduler-BlockCreation-1-4[m[2m | [m[32mINFO [m[2m | [m[2mApprovalSelector[m[2m | [m[32mOPS_APPROVAL_TIMING {"tx":"0x4245928d2bedbd95a503de2597dc5a8f0a2523efe5979e9499c140e36339d5fa","mode":3,"calls":1,"gate_ns":14459}
[m[2m2026-09-14 22:52:47.414+0200[m[2m | [m[2mEthScheduler-BlockCreation-1-4[m[2m | [m[32mINFO [m[2m | [m[2mApprovalSelector[m[2m | [m[32mOPS_APPROVAL_DECISION allow tx=0x06baaa6c672a2dc47f2b6f7f217b028d54866165d4a11f5c0a071be64a4edd21 calls=1
[m[2m2026-09-14 22:52:47.414+0200[m[2m | [m[2mEthScheduler-BlockCreation-1-4[m[2m | [m[32mINFO [m[2m | [m[2mApprovalSelector[m[2m | [m[32mOPS_APPROVAL_TIMING {"tx":"0x06baaa6c672a2dc47f2b6f7f217b028d54866165d4a11f5c0a071be64a4edd21","mode":3,"calls":1,"gate_ns":12708}
[m[2m2026-09-14 22:52:47.414+0200[m[2m | [m[2mEthScheduler-BlockCreation-1-4[m[2m | [m[32mINFO [m[2m | [m[2mApprovalSelector[m[2m | [m[32mOPS_APPROVAL_DECISION allow tx=0xef8907412a619545018487f239db970c5d574e90e8ddc73407474031fd6eccb3 calls=1
[m[2m2026-09-14 22:52:47.414+0200[m[2m | [m[2mEthScheduler-BlockCreation-1-4[m[2m | [m[32mINFO [m[2m | [m[2mApprovalSelector[m[2m | [m[32mOPS_APPROVAL_TIMING {"tx":"0xef8907412a619545018487f239db970c5d574e90e8ddc73407474031fd6eccb3","mode":3,"calls":1,"gate_ns":12458}
[m[2m2026-09-14 22:52:47.414+0200[m[2m | [m[2mEthScheduler-BlockCreation-1-4[m[2m | [m[32mINFO [m[2m | [m[2mApprovalSelector[m[2m | [m[32mOPS_APPROVAL_DECISION allow tx=0x34e0e5a40cad33ccd59c31c77912a457a20f44711c8394fd6aeaf639d09ab72f calls=1
[m[2m2026-09-14 22:52:47.414+0200[m[2m | [m[2mEthScheduler-BlockCreation-1-4[m[2m | [m[32mINFO [m[2m | [m[2mApprovalSelector[m[2m | [m[32mOPS_APPROVAL_TIMING {"tx":"0x34e0e5a40cad33ccd59c31c77912a457a20f44711c8394fd6aeaf639d09ab72f","mode":3,"calls":1,"gate_ns":12000}
[m[2m2026-09-14 22:52:47.414+0200[m[2m | [m[2mEthScheduler-BlockCreation-1-4[m[2m | [m[32mINFO [m[2m | [m[2mApprovalSelector[m[2m | [m[32mOPS_APPROVAL_DECISION allow tx=0xc24e1d269ea3a3b249085028114ea86666c8751b1eb605eeb078842bd42539e7 calls=1
[m[2m2026-09-14 22:52:47.414+0200[m[2m | [m[2mEthScheduler-BlockCreation-1-4[m[2m | [m[32mINFO [m[2m | [m[2mApprovalSelector[m[2m | [m[32mOPS_APPROVAL_TIMING {"tx":"0xc24e1d269ea3a3b249085028114ea86666c8751b1eb605eeb078842bd42539e7","mode":3,"calls":1,"gate_ns":12709}
[m[2m2026-09-14 22:52:47.414+0200[m[2m | [m[2mEthScheduler-BlockCreation-1-4[m[2m | [m[32mINFO [m[2m | [m[2mApprovalSelector[m[2m | [m[32mOPS_APPROVAL_DECISION allow tx=0xb045ea6728a4927a3daead2289d5f2eb78d11cd51ddc5bba4c3eb2d41ca946a5 calls=1
[m[2m2026-09-14 22:52:47.415+0200[m[2m | [m[2mEthScheduler-BlockCreation-1-4[m[2m | [m[32mINFO [m[2m | [m[2mApprovalSelector[m[2m | [m[32mOPS_APPROVAL_TIMING {"tx":"0xb045ea6728a4927a3daead2289d5f2eb78d11cd51ddc5bba4c3eb2d41ca946a5","mode":3,"calls":1,"gate_ns":13458}
[m[2m2026-09-14 22:52:47.415+0200[m[2m | [m[2mEthScheduler-BlockCreation-1-4[m[2m | [m[32mINFO [m[2m | [m[2mApprovalSelector[m[2m | [m[32mOPS_APPROVAL_DECISION allow tx=0x080646c5eed2bc72c3a3d1f7ec5d6009abbd013ae95e15581947947e618cce90 calls=1
[m[2m2026-09-14 22:52:47.415+0200[m[2m | [m[2mEthScheduler-BlockCreation-1-4[m[2m | [m[32mINFO [m[2m | [m[2mApprovalSelector[m[2m | [m[32mOPS_APPROVAL_TIMING {"tx":"0x080646c5eed2bc72c3a3d1f7ec5d6009abbd013ae95e15581947947e618cce90","mode":3,"calls":1,"gate_ns":11042}
[m[2m2026-09-14 22:52:47.415+0200[m[2m | [m[2mEthScheduler-BlockCreation-1-4[m[2m | [m[32mINFO [m[2m | [m[2mApprovalSelector[m[2m | [m[32mOPS_APPROVAL_DECISION allow tx=0x6c66caa577216861fa93b14c6e3051f3a2ed00f79f7f68990e3f1c2feead9002 calls=1
[m[2m2026-09-14 22:52:47.415+0200[m[2m | [m[2mEthScheduler-BlockCreation-1-4[m[2m | [m[32mINFO [m[2m | [m[2mApprovalSelector[m[2m | [m[32mOPS_APPROVAL_TIMING {"tx":"0x6c66caa577216861fa93b14c6e3051f3a2ed00f79f7f68990e3f1c2feead9002","mode":3,"calls":1,"gate_ns":10959}
[m[2m2026-09-14 22:52:47.415+0200[m[2m | [m[2mEthScheduler-BlockCreation-1-4[m[2m | [m[32mINFO [m[2m | [m[2mApprovalSelector[m[2m | [m[32mOPS_APPROVAL_DECISION allow tx=0xa57abf19c966e121d130d620534309a0d1f3e5f6ecd068d82dff6d09f50d15fd calls=1
[m[2m2026-09-14 22:52:47.415+0200[m[2m | [m[2mEthScheduler-BlockCreation-1-4[m[2m | [m[32mINFO [m[2m | [m[2mApprovalSelector[m[2m | [m[32mOPS_APPROVAL_TIMING {"tx":"0xa57abf19c966e121d130d620534309a0d1f3e5f6ecd068d82dff6d09f50d15fd","mode":3,"calls":1,"gate_ns":10541}
[m[2m2026-09-14 22:52:47.415+0200[m[2m | [m[2mEthScheduler-BlockCreation-1-4[m[2m | [m[32mINFO [m[2m | [m[2mApprovalSelector[m[2m | [m[32mOPS_APPROVAL_DECISION allow tx=0x76397915bc16e0be31c3a99621ef2c409608a2809a8d924fc5148e3bf4a87a57 calls=1
[m[2m2026-09-14 22:52:47.415+0200[m[2m | [m[2mEthScheduler-BlockCreation-1-4[m[2m | [m[32mINFO [m[2m | [m[2mApprovalSelector[m[2m | [m[32mOPS_APPROVAL_TIMING {"tx":"0x76397915bc16e0be31c3a99621ef2c409608a2809a8d924fc5148e3bf4a87a57","mode":3,"calls":1,"gate_ns":10959}
[m[2m2026-09-14 22:52:47.415+0200[m[2m | [m[2mEthScheduler-BlockCreation-1-4[m[2m | [m[32mINFO [m[2m | [m[2mApprovalSelector[m[2m | [m[32mOPS_APPROVAL_DECISION allow tx=0x77950335dbf2e2cf0120da4b7f124e77b82690fe4cde61d9344642ae2e935ca4 calls=1
[m[2m2026-09-14 22:52:47.415+0200[m[2m | [m[2mEthScheduler-BlockCreation-1-4[m[2m | [m[32mINFO [m[2m | [m[2mApprovalSelector[m[2m | [m[32mOPS_APPROVAL_TIMING {"tx":"0x77950335dbf2e2cf0120da4b7f124e77b82690fe4cde61d9344642ae2e935ca4","mode":3,"calls":1,"gate_ns":10833}
[m[2m2026-09-14 22:52:47.415+0200[m[2m | [m[2mEthScheduler-BlockCreation-1-4[m[2m | [m[32mINFO [m[2m | [m[2mApprovalSelector[m[2m | [m[32mOPS_APPROVAL_DECISION allow tx=0x02249d29b9945e1a5a40a6c2486d324986572cc1c24e9abc924e613f50e4c9cb calls=1
[m[2m2026-09-14 22:52:47.415+0200[m[2m | [m[2mEthScheduler-BlockCreation-1-4[m[2m | [m[32mINFO [m[2m | [m[2mApprovalSelector[m[2m | [m[32mOPS_APPROVAL_TIMING {"tx":"0x02249d29b9945e1a5a40a6c2486d324986572cc1c24e9abc924e613f50e4c9cb","mode":3,"calls":1,"gate_ns":10792}
[m[2m2026-09-14 22:52:47.415+0200[m[2m | [m[2mEthScheduler-BlockCreation-1-4[m[2m | [m[32mINFO [m[2m | [m[2mApprovalSelector[m[2m | [m[32mOPS_APPROVAL_DECISION allow tx=0xecfd107270b6209f523bfca3785f174b3e911ac76829a281633dd75887985ba0 calls=1
[m[2m2026-09-14 22:52:47.415+0200[m[2m | [m[2mEthScheduler-BlockCreation-1-4[m[2m | [m[32mINFO [m[2m | [m[2mApprovalSelector[m[2m | [m[32mOPS_APPROVAL_TIMING {"tx":"0xecfd107270b6209f523bfca3785f174b3e911ac76829a281633dd75887985ba0","mode":3,"calls":1,"gate_ns":10333}
[m[2m2026-09-14 22:52:47.415+0200[m[2m | [m[2mEthScheduler-BlockCreation-1-4[m[2m | [m[32mINFO [m[2m | [m[2mApprovalSelector[m[2m | [m[32mOPS_APPROVAL_DECISION allow tx=0x1dcb860fd44df6aa5a26b2b39ccfec3ca25d8a2921f6993e1d39d1b3c3abef8b calls=1
[m[2m2026-09-14 22:52:47.415+0200[m[2m | [m[2mEthScheduler-BlockCreation-1-4[m[2m | [m[32mINFO [m[2m | [m[2mApprovalSelector[m[2m | [m[32mOPS_APPROVAL_TIMING {"tx":"0x1dcb860fd44df6aa5a26b2b39ccfec3ca25d8a2921f6993e1d39d1b3c3abef8b","mode":3,"calls":1,"gate_ns":11583}
[m[2m2026-09-14 22:52:47.415+0200[m[2m | [m[2mEthScheduler-BlockCreation-1-4[m[2m | [m[32mINFO [m[2m | [m[2mApprovalSelector[m[2m | [m[32mOPS_APPROVAL_DECISION allow tx=0x0ab203d563e05edba6d9bd6d75acc535a46e65dc997b42121766cb2ed3bcd7f4 calls=1
[m[2m2026-09-14 22:52:47.415+0200[m[2m | [m[2mEthScheduler-BlockCreation-1-4[m[2m | [m[32mINFO [m[2m | [m[2mApprovalSelector[m[2m | [m[32mOPS_APPROVAL_TIMING {"tx":"0x0ab203d563e05edba6d9bd6d75acc535a46e65dc997b42121766cb2ed3bcd7f4","mode":3,"calls":1,"gate_ns":10792}
[m[2m2026-09-14 22:52:47.415+0200[m[2m | [m[2mEthScheduler-BlockCreation-1-4[m[2m | [m[32mINFO [m[2m | [m[2mApprovalSelector[m[2m | [m[32mOPS_APPROVAL_DECISION allow tx=0x4215a517cb20e8ced747d8fa0399adec25472d11cf11a922943874ec5b704d2f calls=1
[m[2m2026-09-14 22:52:47.415+0200[m[2m | [m[2mEthScheduler-BlockCreation-1-4[m[2m | [m[32mINFO [m[2m | [m[2mApprovalSelector[m[2m | [m[32mOPS_APPROVAL_TIMING {"tx":"0x4215a517cb20e8ced747d8fa0399adec25472d11cf11a922943874ec5b704d2f","mode":3,"calls":1,"gate_ns":11458}
[m[2m2026-09-14 22:52:47.415+0200[m[2m | [m[2mEthScheduler-BlockCreation-1-4[m[2m | [m[32mINFO [m[2m | [m[2mApprovalSelector[m[2m | [m[32mOPS_APPROVAL_DECISION allow tx=0xbd23c03e4f34da3bf5f32d519e748aaa91a3a03e332a5692077aed4173a2adf8 calls=1
[m[2m2026-09-14 22:52:47.415+0200[m[2m | [m[2mEthScheduler-BlockCreation-1-4[m[2m | [m[32mINFO [m[2m | [m[2mApprovalSelector[m[2m | [m[32mOPS_APPROVAL_TIMING {"tx":"0xbd23c03e4f34da3bf5f32d519e748aaa91a3a03e332a5692077aed4173a2adf8","mode":3,"calls":1,"gate_ns":10543}
[m[2m2026-09-14 22:52:47.415+0200[m[2m | [m[2mEthScheduler-BlockCreation-1-4[m[2m | [m[32mINFO [m[2m | [m[2mApprovalSelector[m[2m | [m[32mOPS_APPROVAL_DECISION allow tx=0x75b6ebc56653e40e4a924b65fb7a7e8640835324960700650beef03fe3d216a7 calls=1
[m[2m2026-09-14 22:52:47.415+0200[m[2m | [m[2mEthScheduler-BlockCreation-1-4[m[2m | [m[32mINFO [m[2m | [m[2mApprovalSelector[m[2m | [m[32mOPS_APPROVAL_TIMING {"tx":"0x75b6ebc56653e40e4a924b65fb7a7e8640835324960700650beef03fe3d216a7","mode":3,"calls":1,"gate_ns":10416}
[m[2m2026-09-14 22:52:47.415+0200[m[2m | [m[2mEthScheduler-BlockCreation-1-4[m[2m | [m[32mINFO [m[2m | [m[2mApprovalSelector[m[2m | [m[32mOPS_APPROVAL_DECISION allow tx=0x1bc7156305ae9c96f5f2711256f50d6ed5ef9e4b74ce3ef372eeffa458841520 calls=1
[m[2m2026-09-14 22:52:47.415+0200[m[2m | [m[2mEthScheduler-BlockCreation-1-4[m[2m | [m[32mINFO [m[2m | [m[2mApprovalSelector[m[2m | [m[32mOPS_APPROVAL_TIMING {"tx":"0x1bc7156305ae9c96f5f2711256f50d6ed5ef9e4b74ce3ef372eeffa458841520","mode":3,"calls":1,"gate_ns":10292}
[m[2m2026-09-14 22:52:47.415+0200[m[2m | [m[2mEthScheduler-BlockCreation-1-4[m[2m | [m[32mINFO [m[2m | [m[2mApprovalSelector[m[2m | [m[32mOPS_APPROVAL_DECISION allow tx=0xb1160e9341f6e930f6f61816ef437d02ebfa40c2a597c51086e5f6b82c134e7f calls=1
[m[2m2026-09-14 22:52:47.415+0200[m[2m | [m[2mEthScheduler-BlockCreation-1-4[m[2m | [m[32mINFO [m[2m | [m[2mApprovalSelector[m[2m | [m[32mOPS_APPROVAL_TIMING {"tx":"0xb1160e9341f6e930f6f61816ef437d02ebfa40c2a597c51086e5f6b82c134e7f","mode":3,"calls":1,"gate_ns":11041}
[m[2m2026-09-14 22:52:47.415+0200[m[2m | [m[2mEthScheduler-BlockCreation-1-4[m[2m | [m[32mINFO [m[2m | [m[2mApprovalSelector[m[2m | [m[32mOPS_APPROVAL_DECISION allow tx=0x5d7424b9bb9c90d5839e73132cf1ad162e575229068b6781e25b468b1ac1a1b6 calls=1
[m[2m2026-09-14 22:52:47.415+0200[m[2m | [m[2mEthScheduler-BlockCreation-1-4[m[2m | [m[32mINFO [m[2m | [m[2mApprovalSelector[m[2m | [m[32mOPS_APPROVAL_TIMING {"tx":"0x5d7424b9bb9c90d5839e73132cf1ad162e575229068b6781e25b468b1ac1a1b6","mode":3,"calls":1,"gate_ns":10083}
[m[2m2026-09-14 22:52:47.415+0200[m[2m | [m[2mEthScheduler-BlockCreation-1-4[m[2m | [m[32mINFO [m[2m | [m[2mApprovalSelector[m[2m | [m[32mOPS_APPROVAL_DECISION allow tx=0x9cb9375d3e840c80966789b277fe4586617ddd5ae1733be4842d4f004c771179 calls=1
[m[2m2026-09-14 22:52:47.415+0200[m[2m | [m[2mEthScheduler-BlockCreation-1-4[m[2m | [m[32mINFO [m[2m | [m[2mApprovalSelector[m[2m | [m[32mOPS_APPROVAL_TIMING {"tx":"0x9cb9375d3e840c80966789b277fe4586617ddd5ae1733be4842d4f004c771179","mode":3,"calls":1,"gate_ns":11666}
[m[2m2026-09-14 22:52:47.415+0200[m[2m | [m[2mEthScheduler-BlockCreation-1-4[m[2m | [m[32mINFO [m[2m | [m[2mApprovalSelector[m[2m | [m[32mOPS_APPROVAL_DECISION allow tx=0x88a92b50c3d1a788933b1b1f685608a0ca83d241dcace46af8f2f0861af8d59a calls=1
[m[2m2026-09-14 22:52:47.415+0200[m[2m | [m[2mEthScheduler-BlockCreation-1-4[m[2m | [m[32mINFO [m[2m | [m[2mApprovalSelector[m[2m | [m[32mOPS_APPROVAL_TIMING {"tx":"0x88a92b50c3d1a788933b1b1f685608a0ca83d241dcace46af8f2f0861af8d59a","mode":3,"calls":1,"gate_ns":10626}
[m[2m2026-09-14 22:52:47.415+0200[m[2m | [m[2mEthScheduler-BlockCreation-1-4[m[2m | [m[32mINFO [m[2m | [m[2mApprovalSelector[m[2m | [m[32mOPS_APPROVAL_DECISION allow tx=0x699efdf5e5cbc5ab1a6f0434c76e9e2fdaa95c52e6cffc94761fe45fad75286a calls=1
[m[2m2026-09-14 22:52:47.415+0200[m[2m | [m[2mEthScheduler-BlockCreation-1-4[m[2m | [m[32mINFO [m[2m | [m[2mApprovalSelector[m[2m | [m[32mOPS_APPROVAL_TIMING {"tx":"0x699efdf5e5cbc5ab1a6f0434c76e9e2fdaa95c52e6cffc94761fe45fad75286a","mode":3,"calls":1,"gate_ns":10125}
[m[2m2026-09-14 22:52:47.416+0200[m[2m | [m[2mEthScheduler-BlockCreation-1-4[m[2m | [m[32mINFO [m[2m | [m[2mApprovalSelector[m[2m | [m[32mOPS_APPROVAL_DECISION allow tx=0x876aef1c9dcbad11a235756f60ee3d70bfa3b85e87c0cc67f7f18a1f2af855c3 calls=1
[m[2m2026-09-14 22:52:47.416+0200[m[2m | [m[2mEthScheduler-BlockCreation-1-4[m[2m | [m[32mINFO [m[2m | [m[2mApprovalSelector[m[2m | [m[32mOPS_APPROVAL_TIMING {"tx":"0x876aef1c9dcbad11a235756f60ee3d70bfa3b85e87c0cc67f7f18a1f2af855c3","mode":3,"calls":1,"gate_ns":12751}
[m[2m2026-09-14 22:52:47.416+0200[m[2m | [m[2mEthScheduler-BlockCreation-1-4[m[2m | [m[32mINFO [m[2m | [m[2mApprovalSelector[m[2m | [m[32mOPS_APPROVAL_DECISION allow tx=0x2d1346d09c34440f145084ad783e3a561337566370e1de989b9e2116229d72cc calls=1
[m[2m2026-09-14 22:52:47.416+0200[m[2m | [m[2mEthScheduler-BlockCreation-1-4[m[2m | [m[32mINFO [m[2m | [m[2mApprovalSelector[m[2m | [m[32mOPS_APPROVAL_TIMING {"tx":"0x2d1346d09c34440f145084ad783e3a561337566370e1de989b9e2116229d72cc","mode":3,"calls":1,"gate_ns":10250}
[m[2m2026-09-14 22:52:47.416+0200[m[2m | [m[2mEthScheduler-BlockCreation-1-4[m[2m | [m[32mINFO [m[2m | [m[2mApprovalSelector[m[2m | [m[32mOPS_APPROVAL_DECISION allow tx=0xc73bb9956d43f964bb21399713a581f2728f4d62a3769292a12ab1c5ac870687 calls=1
[m[2m2026-09-14 22:52:47.416+0200[m[2m | [m[2mEthScheduler-BlockCreation-1-4[m[2m | [m[32mINFO [m[2m | [m[2mApprovalSelector[m[2m | [m[32mOPS_APPROVAL_TIMING {"tx":"0xc73bb9956d43f964bb21399713a581f2728f4d62a3769292a12ab1c5ac870687","mode":3,"calls":1,"gate_ns":10500}
[m[2m2026-09-14 22:52:47.416+0200[m[2m | [m[2mEthScheduler-BlockCreation-1-4[m[2m | [m[32mINFO [m[2m | [m[2mApprovalSelector[m[2m | [m[32mOPS_APPROVAL_DECISION allow tx=0x89f5d43f11a0b9c6e8f843a14fcd93155f8a9c1de0dc26c880d923327d54dbca calls=1
[m[2m2026-09-14 22:52:47.416+0200[m[2m | [m[2mEthScheduler-BlockCreation-1-4[m[2m | [m[32mINFO [m[2m | [m[2mApprovalSelector[m[2m | [m[32mOPS_APPROVAL_TIMING {"tx":"0x89f5d43f11a0b9c6e8f843a14fcd93155f8a9c1de0dc26c880d923327d54dbca","mode":3,"calls":1,"gate_ns":10625}
[m[2m2026-09-14 22:52:47.416+0200[m[2m | [m[2mEthScheduler-BlockCreation-1-4[m[2m | [m[32mINFO [m[2m | [m[2mApprovalSelector[m[2m | [m[32mOPS_APPROVAL_DECISION allow tx=0xd4a38a96fa49d81909a4e4de3c56c9436dff2a7692abc49d4f00090e9bfa99cc calls=1
[m[2m2026-09-14 22:52:47.416+0200[m[2m | [m[2mEthScheduler-BlockCreation-1-4[m[2m | [m[32mINFO [m[2m | [m[2mApprovalSelector[m[2m | [m[32mOPS_APPROVAL_TIMING {"tx":"0xd4a38a96fa49d81909a4e4de3c56c9436dff2a7692abc49d4f00090e9bfa99cc","mode":3,"calls":1,"gate_ns":10582}
[m[2m2026-09-14 22:52:47.416+0200[m[2m | [m[2mEthScheduler-BlockCreation-1-4[m[2m | [m[32mINFO [m[2m | [m[2mApprovalSelector[m[2m | [m[32mOPS_APPROVAL_DECISION allow tx=0x589f958c22cdf684c84bceed787c791b7edf474a654df201578c950545d0f854 calls=1
[m[2m2026-09-14 22:52:47.416+0200[m[2m | [m[2mEthScheduler-BlockCreation-1-4[m[2m | [m[32mINFO [m[2m | [m[2mApprovalSelector[m[2m | [m[32mOPS_APPROVAL_TIMING {"tx":"0x589f958c22cdf684c84bceed787c791b7edf474a654df201578c950545d0f854","mode":3,"calls":1,"gate_ns":10208}
[m[2m2026-09-14 22:52:47.416+0200[m[2m | [m[2mEthScheduler-BlockCreation-1-4[m[2m | [m[32mINFO [m[2m | [m[2mApprovalSelector[m[2m | [m[32mOPS_APPROVAL_DECISION allow tx=0xf07cfa8e6bc1eea584da5c91ba54980a1ac2231d14335d73b583927976aa4a6e calls=1
[m[2m2026-09-14 22:52:47.416+0200[m[2m | [m[2mEthScheduler-BlockCreation-1-4[m[2m | [m[32mINFO [m[2m | [m[2mApprovalSelector[m[2m | [m[32mOPS_APPROVAL_TIMING {"tx":"0xf07cfa8e6bc1eea584da5c91ba54980a1ac2231d14335d73b583927976aa4a6e","mode":3,"calls":1,"gate_ns":10458}
[m[2m2026-09-14 22:52:47.416+0200[m[2m | [m[2mEthScheduler-BlockCreation-1-4[m[2m | [m[32mINFO [m[2m | [m[2mApprovalSelector[m[2m | [m[32mOPS_APPROVAL_DECISION allow tx=0x90aa2edd23daa8f93af811db791917f21317473b4b01c1543f0d23c5ee508680 calls=1
[m[2m2026-09-14 22:52:47.416+0200[m[2m | [m[2mEthScheduler-BlockCreation-1-4[m[2m | [m[32mINFO [m[2m | [m[2mApprovalSelector[m[2m | [m[32mOPS_APPROVAL_TIMING {"tx":"0x90aa2edd23daa8f93af811db791917f21317473b4b01c1543f0d23c5ee508680","mode":3,"calls":1,"gate_ns":10125}
[m[2m2026-09-14 22:52:47.416+0200[m[2m | [m[2mEthScheduler-BlockCreation-1-4[m[2m | [m[32mINFO [m[2m | [m[2mApprovalSelector[m[2m | [m[32mOPS_APPROVAL_DECISION allow tx=0x7e03b59e699c6d8ec08f9fcdf9032733cdae40ef789074f15942b717872e95f9 calls=1
[m[2m2026-09-14 22:52:47.416+0200[m[2m | [m[2mEthScheduler-BlockCreation-1-4[m[2m | [m[32mINFO [m[2m | [m[2mApprovalSelector[m[2m | [m[32mOPS_APPROVAL_TIMING {"tx":"0x7e03b59e699c6d8ec08f9fcdf9032733cdae40ef789074f15942b717872e95f9","mode":3,"calls":1,"gate_ns":10334}
[m[2m2026-09-14 22:52:47.416+0200[m[2m | [m[2mEthScheduler-BlockCreation-1-4[m[2m | [m[32mINFO [m[2m | [m[2mApprovalSelector[m[2m | [m[32mOPS_APPROVAL_DECISION allow tx=0x3382281846905560f145a04a73f71ab3e0d3fde4f33fe688042cdde41b978e58 calls=1
[m[2m2026-09-14 22:52:47.416+0200[m[2m | [m[2mEthScheduler-BlockCreation-1-4[m[2m | [m[32mINFO [m[2m | [m[2mApprovalSelector[m[2m | [m[32mOPS_APPROVAL_TIMING {"tx":"0x3382281846905560f145a04a73f71ab3e0d3fde4f33fe688042cdde41b978e58","mode":3,"calls":1,"gate_ns":10250}
[m[2m2026-09-14 22:52:47.416+0200[m[2m | [m[2mEthScheduler-BlockCreation-1-4[m[2m | [m[32mINFO [m[2m | [m[2mApprovalSelector[m[2m | [m[32mOPS_APPROVAL_DECISION allow tx=0x893a72a984ee9dfc23d527311eeb96a4a70a7f91b22f72ebbacfa0d5f8e62f29 calls=1
[m[2m2026-09-14 22:52:47.416+0200[m[2m | [m[2mEthScheduler-BlockCreation-1-4[m[2m | [m[32mINFO [m[2m | [m[2mApprovalSelector[m[2m | [m[32mOPS_APPROVAL_TIMING {"tx":"0x893a72a984ee9dfc23d527311eeb96a4a70a7f91b22f72ebbacfa0d5f8e62f29","mode":3,"calls":1,"gate_ns":10542}
[m[2m2026-09-14 22:52:47.416+0200[m[2m | [m[2mEthScheduler-BlockCreation-1-4[m[2m | [m[32mINFO [m[2m | [m[2mApprovalSelector[m[2m | [m[32mOPS_APPROVAL_DECISION allow tx=0x109e606141d98e757318213a2526a2bd00a70ac0139a7542d562b9f7aab5a62e calls=1
[m[2m2026-09-14 22:52:47.416+0200[m[2m | [m[2mEthScheduler-BlockCreation-1-4[m[2m | [m[32mINFO [m[2m | [m[2mApprovalSelector[m[2m | [m[32mOPS_APPROVAL_TIMING {"tx":"0x109e606141d98e757318213a2526a2bd00a70ac0139a7542d562b9f7aab5a62e","mode":3,"calls":1,"gate_ns":10500}
[m[2m2026-09-14 22:52:47.416+0200[m[2m | [m[2mEthScheduler-BlockCreation-1-4[m[2m | [m[32mINFO [m[2m | [m[2mApprovalSelector[m[2m | [m[32mOPS_APPROVAL_DECISION allow tx=0xb50666a1b97188177bd68acf7a8ba81564f90d826eff9e7d34eb667a9eb458c2 calls=1
[m[2m2026-09-14 22:52:47.416+0200[m[2m | [m[2mEthScheduler-BlockCreation-1-4[m[2m | [m[32mINFO [m[2m | [m[2mApprovalSelector[m[2m | [m[32mOPS_APPROVAL_TIMING {"tx":"0xb50666a1b97188177bd68acf7a8ba81564f90d826eff9e7d34eb667a9eb458c2","mode":3,"calls":1,"gate_ns":11000}
[m[2m2026-09-14 22:52:47.416+0200[m[2m | [m[2mEthScheduler-BlockCreation-1-4[m[2m | [m[32mINFO [m[2m | [m[2mApprovalSelector[m[2m | [m[32mOPS_APPROVAL_DECISION allow tx=0x46831cb7882abbe119de4aecc6c04d9ffe7f924b99510b682273f55566334a20 calls=1
[m[2m2026-09-14 22:52:47.416+0200[m[2m | [m[2mEthScheduler-BlockCreation-1-4[m[2m | [m[32mINFO [m[2m | [m[2mApprovalSelector[m[2m | [m[32mOPS_APPROVAL_TIMING {"tx":"0x46831cb7882abbe119de4aecc6c04d9ffe7f924b99510b682273f55566334a20","mode":3,"calls":1,"gate_ns":10501}
[m[2m2026-09-14 22:52:47.416+0200[m[2m | [m[2mEthScheduler-BlockCreation-1-4[m[2m | [m[32mINFO [m[2m | [m[2mApprovalSelector[m[2m | [m[32mOPS_APPROVAL_DECISION allow tx=0x1194384b6a198d2aa3bc371b3f978d22739d24f620091a321c5bfec2ff4bdc7d calls=1
[m[2m2026-09-14 22:52:47.416+0200[m[2m | [m[2mEthScheduler-BlockCreation-1-4[m[2m | [m[32mINFO [m[2m | [m[2mApprovalSelector[m[2m | [m[32mOPS_APPROVAL_TIMING {"tx":"0x1194384b6a198d2aa3bc371b3f978d22739d24f620091a321c5bfec2ff4bdc7d","mode":3,"calls":1,"gate_ns":10167}
[m[2m2026-09-14 22:52:47.416+0200[m[2m | [m[2mEthScheduler-BlockCreation-1-4[m[2m | [m[32mINFO [m[2m | [m[2mApprovalSelector[m[2m | [m[32mOPS_APPROVAL_DECISION allow tx=0x0333dfb271680412c167ec53444f8e9d1f1b97659ffefcc1293f9d23d9d6b745 calls=1
[m[2m2026-09-14 22:52:47.416+0200[m[2m | [m[2mEthScheduler-BlockCreation-1-4[m[2m | [m[32mINFO [m[2m | [m[2mApprovalSelector[m[2m | [m[32mOPS_APPROVAL_TIMING {"tx":"0x0333dfb271680412c167ec53444f8e9d1f1b97659ffefcc1293f9d23d9d6b745","mode":3,"calls":1,"gate_ns":10500}
[m[2m2026-09-14 22:52:47.416+0200[m[2m | [m[2mEthScheduler-BlockCreation-1-4[m[2m | [m[32mINFO [m[2m | [m[2mApprovalSelector[m[2m | [m[32mOPS_APPROVAL_DECISION allow tx=0xea7685ffcb4f70af139a49a1e07d55b8bfc8a48dd8a2fcc7ee5c16a89208c517 calls=1
[m[2m2026-09-14 22:52:47.416+0200[m[2m | [m[2mEthScheduler-BlockCreation-1-4[m[2m | [m[32mINFO [m[2m | [m[2mApprovalSelector[m[2m | [m[32mOPS_APPROVAL_TIMING {"tx":"0xea7685ffcb4f70af139a49a1e07d55b8bfc8a48dd8a2fcc7ee5c16a89208c517","mode":3,"calls":1,"gate_ns":10207}
[m[2m2026-09-14 22:52:47.416+0200[m[2m | [m[2mEthScheduler-BlockCreation-1-4[m[2m | [m[32mINFO [m[2m | [m[2mApprovalSelector[m[2m | [m[32mOPS_APPROVAL_DECISION allow tx=0x69030ffa60c792e34239ed58c54ef4f4a61e2963d729e79e20a88dfc1461488a calls=1
[m[2m2026-09-14 22:52:47.416+0200[m[2m | [m[2mEthScheduler-BlockCreation-1-4[m[2m | [m[32mINFO [m[2m | [m[2mApprovalSelector[m[2m | [m[32mOPS_APPROVAL_TIMING {"tx":"0x69030ffa60c792e34239ed58c54ef4f4a61e2963d729e79e20a88dfc1461488a","mode":3,"calls":1,"gate_ns":10583}
[m[2m2026-09-14 22:52:47.416+0200[m[2m | [m[2mEthScheduler-BlockCreation-1-4[m[2m | [m[32mINFO [m[2m | [m[2mApprovalSelector[m[2m | [m[32mOPS_APPROVAL_DECISION allow tx=0x34f8d36c0c5ece0baaa52384f7d5972bb35ab618c61f2e4f3a09cce5515901fa calls=1
[m[2m2026-09-14 22:52:47.416+0200[m[2m | [m[2mEthScheduler-BlockCreation-1-4[m[2m | [m[32mINFO [m[2m | [m[2mApprovalSelector[m[2m | [m[32mOPS_APPROVAL_TIMING {"tx":"0x34f8d36c0c5ece0baaa52384f7d5972bb35ab618c61f2e4f3a09cce5515901fa","mode":3,"calls":1,"gate_ns":13667}
[m[2m2026-09-14 22:52:47.416+0200[m[2m | [m[2mEthScheduler-BlockCreation-1-4[m[2m | [m[32mINFO [m[2m | [m[2mApprovalSelector[m[2m | [m[32mOPS_APPROVAL_DECISION allow tx=0x5e045d1a57b9e34cbb8f85c3efe42be1af90411d66ae852a70895fd5837c455e calls=1
[m[2m2026-09-14 22:52:47.416+0200[m[2m | [m[2mEthScheduler-BlockCreation-1-4[m[2m | [m[32mINFO [m[2m | [m[2mApprovalSelector[m[2m | [m[32mOPS_APPROVAL_TIMING {"tx":"0x5e045d1a57b9e34cbb8f85c3efe42be1af90411d66ae852a70895fd5837c455e","mode":3,"calls":1,"gate_ns":10875}
[m[2m2026-09-14 22:52:47.417+0200[m[2m | [m[2mEthScheduler-BlockCreation-1-4[m[2m | [m[32mINFO [m[2m | [m[2mApprovalSelector[m[2m | [m[32mOPS_APPROVAL_DECISION allow tx=0x2ab453958f614950d57ec6b1acc2680f5d68a45e178640ae08ff90a3c19f34ed calls=1
[m[2m2026-09-14 22:52:47.417+0200[m[2m | [m[2mEthScheduler-BlockCreation-1-4[m[2m | [m[32mINFO [m[2m | [m[2mApprovalSelector[m[2m | [m[32mOPS_APPROVAL_TIMING {"tx":"0x2ab453958f614950d57ec6b1acc2680f5d68a45e178640ae08ff90a3c19f34ed","mode":3,"calls":1,"gate_ns":12001}
[m[2m2026-09-14 22:52:47.417+0200[m[2m | [m[2mEthScheduler-BlockCreation-1-4[m[2m | [m[32mINFO [m[2m | [m[2mApprovalSelector[m[2m | [m[32mOPS_APPROVAL_DECISION allow tx=0x7a46c6b5920abecc4f01ce20e9c0d34a4fef1a7326684b9ea1d6be957627c5a5 calls=1
[m[2m2026-09-14 22:52:47.417+0200[m[2m | [m[2mEthScheduler-BlockCreation-1-4[m[2m | [m[32mINFO [m[2m | [m[2mApprovalSelector[m[2m | [m[32mOPS_APPROVAL_TIMING {"tx":"0x7a46c6b5920abecc4f01ce20e9c0d34a4fef1a7326684b9ea1d6be957627c5a5","mode":3,"calls":1,"gate_ns":10458}
[m[2m2026-09-14 22:52:47.417+0200[m[2m | [m[2mEthScheduler-BlockCreation-1-4[m[2m | [m[32mINFO [m[2m | [m[2mApprovalSelector[m[2m | [m[32mOPS_APPROVAL_DECISION allow tx=0x15e02e310efa834b4d468f5b2660d00368b62bad20eb7da19bed8897968c15dc calls=1
[m[2m2026-09-14 22:52:47.417+0200[m[2m | [m[2mEthScheduler-BlockCreation-1-4[m[2m | [m[32mINFO [m[2m | [m[2mApprovalSelector[m[2m | [m[32mOPS_APPROVAL_TIMING {"tx":"0x15e02e310efa834b4d468f5b2660d00368b62bad20eb7da19bed8897968c15dc","mode":3,"calls":1,"gate_ns":10208}
[m[2m2026-09-14 22:52:47.417+0200[m[2m | [m[2mEthScheduler-BlockCreation-1-4[m[2m | [m[32mINFO [m[2m | [m[2mApprovalSelector[m[2m | [m[32mOPS_APPROVAL_DECISION allow tx=0xe98a3a5a004585652d42ccf003038c1a8cdc83d2928d45de8649fb153f42da69 calls=1
[m[2m2026-09-14 22:52:47.417+0200[m[2m | [m[2mEthScheduler-BlockCreation-1-4[m[2m | [m[32mINFO [m[2m | [m[2mApprovalSelector[m[2m | [m[32mOPS_APPROVAL_TIMING {"tx":"0xe98a3a5a004585652d42ccf003038c1a8cdc83d2928d45de8649fb153f42da69","mode":3,"calls":1,"gate_ns":10834}
[m[2m2026-09-14 22:52:47.417+0200[m[2m | [m[2mEthScheduler-BlockCreation-1-4[m[2m | [m[32mINFO [m[2m | [m[2mApprovalSelector[m[2m | [m[32mOPS_APPROVAL_DECISION allow tx=0x025e8e73dec05938342589f7632b66bcb728b413f3cc7174be43ca17000c7c70 calls=1
[m[2m2026-09-14 22:52:47.417+0200[m[2m | [m[2mEthScheduler-BlockCreation-1-4[m[2m | [m[32mINFO [m[2m | [m[2mApprovalSelector[m[2m | [m[32mOPS_APPROVAL_TIMING {"tx":"0x025e8e73dec05938342589f7632b66bcb728b413f3cc7174be43ca17000c7c70","mode":3,"calls":1,"gate_ns":10499}
[m[2m2026-09-14 22:52:47.417+0200[m[2m | [m[2mEthScheduler-BlockCreation-1-4[m[2m | [m[32mINFO [m[2m | [m[2mApprovalSelector[m[2m | [m[32mOPS_APPROVAL_DECISION allow tx=0xe66b05d1a5d0d5ca2e2c53b97dba4dcb67ad7f81ae22f9faf4711956a4a54d0d calls=1
[m[2m2026-09-14 22:52:47.417+0200[m[2m | [m[2mEthScheduler-BlockCreation-1-4[m[2m | [m[32mINFO [m[2m | [m[2mApprovalSelector[m[2m | [m[32mOPS_APPROVAL_TIMING {"tx":"0xe66b05d1a5d0d5ca2e2c53b97dba4dcb67ad7f81ae22f9faf4711956a4a54d0d","mode":3,"calls":1,"gate_ns":11250}
[m[2m2026-09-14 22:52:47.417+0200[m[2m | [m[2mEthScheduler-BlockCreation-1-4[m[2m | [m[32mINFO [m[2m | [m[2mApprovalSelector[m[2m | [m[32mOPS_APPROVAL_DECISION allow tx=0x3ffe2389a752161b30b0f120519311a85fcf28c7425d17ddb60a1b8c51a8d783 calls=1
[m[2m2026-09-14 22:52:47.417+0200[m[2m | [m[2mEthScheduler-BlockCreation-1-4[m[2m | [m[32mINFO [m[2m | [m[2mApprovalSelector[m[2m | [m[32mOPS_APPROVAL_TIMING {"tx":"0x3ffe2389a752161b30b0f120519311a85fcf28c7425d17ddb60a1b8c51a8d783","mode":3,"calls":1,"gate_ns":11542}
[m[2m2026-09-14 22:52:47.417+0200[m[2m | [m[2mEthScheduler-BlockCreation-1-4[m[2m | [m[32mINFO [m[2m | [m[2mApprovalSelector[m[2m | [m[32mOPS_APPROVAL_DECISION allow tx=0x2a8aa64b700893f82913a50a53094aa4e580445219cae92a3c5bdbec51f5f50d calls=1
[m[2m2026-09-14 22:52:47.417+0200[m[2m | [m[2mEthScheduler-BlockCreation-1-4[m[2m | [m[32mINFO [m[2m | [m[2mApprovalSelector[m[2m | [m[32mOPS_APPROVAL_TIMING {"tx":"0x2a8aa64b700893f82913a50a53094aa4e580445219cae92a3c5bdbec51f5f50d","mode":3,"calls":1,"gate_ns":10667}
[m[2m2026-09-14 22:52:47.417+0200[m[2m | [m[2mEthScheduler-BlockCreation-1-4[m[2m | [m[32mINFO [m[2m | [m[2mApprovalSelector[m[2m | [m[32mOPS_APPROVAL_DECISION allow tx=0x09b987aeb528ea67757878a0c573bb7b32c3878b36a91333ca68b01b1b5c3dc1 calls=1
[m[2m2026-09-14 22:52:47.417+0200[m[2m | [m[2mEthScheduler-BlockCreation-1-4[m[2m | [m[32mINFO [m[2m | [m[2mApprovalSelector[m[2m | [m[32mOPS_APPROVAL_TIMING {"tx":"0x09b987aeb528ea67757878a0c573bb7b32c3878b36a91333ca68b01b1b5c3dc1","mode":3,"calls":1,"gate_ns":10291}
[m[2m2026-09-14 22:52:47.417+0200[m[2m | [m[2mEthScheduler-BlockCreation-1-4[m[2m | [m[32mINFO [m[2m | [m[2mApprovalSelector[m[2m | [m[32mOPS_APPROVAL_DECISION allow tx=0x857fad58e8ea8491d74b8f035ff631ecd752ab893a3c9d099ea6908dd8771c1b calls=1
[m[2m2026-09-14 22:52:47.417+0200[m[2m | [m[2mEthScheduler-BlockCreation-1-4[m[2m | [m[32mINFO [m[2m | [m[2mApprovalSelector[m[2m | [m[32mOPS_APPROVAL_TIMING {"tx":"0x857fad58e8ea8491d74b8f035ff631ecd752ab893a3c9d099ea6908dd8771c1b","mode":3,"calls":1,"gate_ns":10292}
[m[2m2026-09-14 22:52:47.417+0200[m[2m | [m[2mEthScheduler-BlockCreation-1-4[m[2m | [m[32mINFO [m[2m | [m[2mApprovalSelector[m[2m | [m[32mOPS_APPROVAL_DECISION allow tx=0xdfc063d2794f957ce0faf536bf0cbb49d6e5e8485049143328ee4087f7576cc7 calls=1
[m[2m2026-09-14 22:52:47.417+0200[m[2m | [m[2mEthScheduler-BlockCreation-1-4[m[2m | [m[32mINFO [m[2m | [m[2mApprovalSelector[m[2m | [m[32mOPS_APPROVAL_TIMING {"tx":"0xdfc063d2794f957ce0faf536bf0cbb49d6e5e8485049143328ee4087f7576cc7","mode":3,"calls":1,"gate_ns":10292}
[m[2m2026-09-14 22:52:47.417+0200[m[2m | [m[2mEthScheduler-BlockCreation-1-4[m[2m | [m[32mINFO [m[2m | [m[2mApprovalSelector[m[2m | [m[32mOPS_APPROVAL_DECISION allow tx=0x7f06d065ff9e84d722167678b7f4085cbf044818e0f86ef94ecacfece3b149e4 calls=1
[m[2m2026-09-14 22:52:47.417+0200[m[2m | [m[2mEthScheduler-BlockCreation-1-4[m[2m | [m[32mINFO [m[2m | [m[2mApprovalSelector[m[2m | [m[32mOPS_APPROVAL_TIMING {"tx":"0x7f06d065ff9e84d722167678b7f4085cbf044818e0f86ef94ecacfece3b149e4","mode":3,"calls":1,"gate_ns":10042}
[m[2m2026-09-14 22:52:47.417+0200[m[2m | [m[2mEthScheduler-BlockCreation-1-4[m[2m | [m[32mINFO [m[2m | [m[2mApprovalSelector[m[2m | [m[32mOPS_APPROVAL_DECISION allow tx=0x6030ec655d5be12e502ea3a607256460564b7568ee300f26f633cc53bbe695ff calls=1
[m[2m2026-09-14 22:52:47.417+0200[m[2m | [m[2mEthScheduler-BlockCreation-1-4[m[2m | [m[32mINFO [m[2m | [m[2mApprovalSelector[m[2m | [m[32mOPS_APPROVAL_TIMING {"tx":"0x6030ec655d5be12e502ea3a607256460564b7568ee300f26f633cc53bbe695ff","mode":3,"calls":1,"gate_ns":10042}
[m[2m2026-09-14 22:52:47.417+0200[m[2m | [m[2mEthScheduler-BlockCreation-1-4[m[2m | [m[32mINFO [m[2m | [m[2mApprovalSelector[m[2m | [m[32mOPS_APPROVAL_DECISION allow tx=0x189b5e9a30be1938814c12bd73022c37824ccc21142be317e4f97d7d65bb00b8 calls=1
[m[2m2026-09-14 22:52:47.417+0200[m[2m | [m[2mEthScheduler-BlockCreation-1-4[m[2m | [m[32mINFO [m[2m | [m[2mApprovalSelector[m[2m | [m[32mOPS_APPROVAL_TIMING {"tx":"0x189b5e9a30be1938814c12bd73022c37824ccc21142be317e4f97d7d65bb00b8","mode":3,"calls":1,"gate_ns":10709}
[m[2m2026-09-14 22:52:47.417+0200[m[2m | [m[2mEthScheduler-BlockCreation-1-4[m[2m | [m[32mINFO [m[2m | [m[2mApprovalSelector[m[2m | [m[32mOPS_APPROVAL_DECISION allow tx=0x33c7627cfe0040e9ff92334b903a27551aa3f2df1da0662fea61405578e6f402 calls=1
[m[2m2026-09-14 22:52:47.417+0200[m[2m | [m[2mEthScheduler-BlockCreation-1-4[m[2m | [m[32mINFO [m[2m | [m[2mApprovalSelector[m[2m | [m[32mOPS_APPROVAL_TIMING {"tx":"0x33c7627cfe0040e9ff92334b903a27551aa3f2df1da0662fea61405578e6f402","mode":3,"calls":1,"gate_ns":11000}
[m[2m2026-09-14 22:52:47.417+0200[m[2m | [m[2mEthScheduler-BlockCreation-1-4[m[2m | [m[32mINFO [m[2m | [m[2mApprovalSelector[m[2m | [m[32mOPS_APPROVAL_DECISION allow tx=0xf09c300163b059636a71d4379b9306ca4bd2e91f5276fb26f1a1535a75f3eb29 calls=1
[m[2m2026-09-14 22:52:47.417+0200[m[2m | [m[2mEthScheduler-BlockCreation-1-4[m[2m | [m[32mINFO [m[2m | [m[2mApprovalSelector[m[2m | [m[32mOPS_APPROVAL_TIMING {"tx":"0xf09c300163b059636a71d4379b9306ca4bd2e91f5276fb26f1a1535a75f3eb29","mode":3,"calls":1,"gate_ns":10291}
[m[2m2026-09-14 22:52:47.417+0200[m[2m | [m[2mEthScheduler-BlockCreation-1-4[m[2m | [m[32mINFO [m[2m | [m[2mApprovalSelector[m[2m | [m[32mOPS_APPROVAL_DECISION allow tx=0x3e669cacc31a740f3cc4f4b9a85be722ced5c20bf4efde92a18d5df627450ad3 calls=1
[m[2m2026-09-14 22:52:47.417+0200[m[2m | [m[2mEthScheduler-BlockCreation-1-4[m[2m | [m[32mINFO [m[2m | [m[2mApprovalSelector[m[2m | [m[32mOPS_APPROVAL_TIMING {"tx":"0x3e669cacc31a740f3cc4f4b9a85be722ced5c20bf4efde92a18d5df627450ad3","mode":3,"calls":1,"gate_ns":11042}
[m[2m2026-09-14 22:52:47.417+0200[m[2m | [m[2mEthScheduler-BlockCreation-1-4[m[2m | [m[32mINFO [m[2m | [m[2mApprovalSelector[m[2m | [m[32mOPS_APPROVAL_DECISION allow tx=0xe7b9191cbc732c96e39ce4c35d301e83a28c5861cc00ea468408ff8dae5c83e0 calls=1
[m[2m2026-09-14 22:52:47.417+0200[m[2m | [m[2mEthScheduler-BlockCreation-1-4[m[2m | [m[32mINFO [m[2m | [m[2mApprovalSelector[m[2m | [m[32mOPS_APPROVAL_TIMING {"tx":"0xe7b9191cbc732c96e39ce4c35d301e83a28c5861cc00ea468408ff8dae5c83e0","mode":3,"calls":1,"gate_ns":10667}
[m[2m2026-09-14 22:52:47.417+0200[m[2m | [m[2mEthScheduler-BlockCreation-1-4[m[2m | [m[32mINFO [m[2m | [m[2mApprovalSelector[m[2m | [m[32mOPS_APPROVAL_DECISION allow tx=0x12e8a0f5de52c98f87470487e3f0923da6ef49da7b5e54a7d94efb39ce102395 calls=1
[m[2m2026-09-14 22:52:47.417+0200[m[2m | [m[2mEthScheduler-BlockCreation-1-4[m[2m | [m[32mINFO [m[2m | [m[2mApprovalSelector[m[2m | [m[32mOPS_APPROVAL_TIMING {"tx":"0x12e8a0f5de52c98f87470487e3f0923da6ef49da7b5e54a7d94efb39ce102395","mode":3,"calls":1,"gate_ns":10334}
[m[2m2026-09-14 22:52:47.418+0200[m[2m | [m[2mEthScheduler-BlockCreation-1-4[m[2m | [m[32mINFO [m[2m | [m[2mApprovalSelector[m[2m | [m[32mOPS_APPROVAL_DECISION allow tx=0x5682b3fc51bb5d008a143f77746b207512f65fc0f8d2c1f73002ec36cd016728 calls=1
[m[2m2026-09-14 22:52:47.418+0200[m[2m | [m[2mEthScheduler-BlockCreation-1-4[m[2m | [m[32mINFO [m[2m | [m[2mApprovalSelector[m[2m | [m[32mOPS_APPROVAL_TIMING {"tx":"0x5682b3fc51bb5d008a143f77746b207512f65fc0f8d2c1f73002ec36cd016728","mode":3,"calls":1,"gate_ns":11583}
[m[2m2026-09-14 22:52:47.418+0200[m[2m | [m[2mEthScheduler-BlockCreation-1-4[m[2m | [m[32mINFO [m[2m | [m[2mApprovalSelector[m[2m | [m[32mOPS_APPROVAL_DECISION allow tx=0x8ce69cdd3483f1c97c4468f0e7e31d3cd03e23bc424429998862a367d99ed67e calls=1
[m[2m2026-09-14 22:52:47.418+0200[m[2m | [m[2mEthScheduler-BlockCreation-1-4[m[2m | [m[32mINFO [m[2m | [m[2mApprovalSelector[m[2m | [m[32mOPS_APPROVAL_TIMING {"tx":"0x8ce69cdd3483f1c97c4468f0e7e31d3cd03e23bc424429998862a367d99ed67e","mode":3,"calls":1,"gate_ns":10583}
[m[2m2026-09-14 22:52:47.418+0200[m[2m | [m[2mEthScheduler-BlockCreation-1-4[m[2m | [m[32mINFO [m[2m | [m[2mApprovalSelector[m[2m | [m[32mOPS_APPROVAL_DECISION allow tx=0x2fdca66e8aa1a1fa706382caf9df5973cffaec56496c04935b6af88264b8f37f calls=1
[m[2m2026-09-14 22:52:47.418+0200[m[2m | [m[2mEthScheduler-BlockCreation-1-4[m[2m | [m[32mINFO [m[2m | [m[2mApprovalSelector[m[2m | [m[32mOPS_APPROVAL_TIMING {"tx":"0x2fdca66e8aa1a1fa706382caf9df5973cffaec56496c04935b6af88264b8f37f","mode":3,"calls":1,"gate_ns":11083}
[m[2m2026-09-14 22:52:47.418+0200[m[2m | [m[2mEthScheduler-BlockCreation-1-4[m[2m | [m[32mINFO [m[2m | [m[2mApprovalSelector[m[2m | [m[32mOPS_APPROVAL_DECISION allow tx=0xdaa89bf22e953c0514b187858b7daa8cd2af2c9bad9bb1a67132e5308a1e7738 calls=1
[m[2m2026-09-14 22:52:47.418+0200[m[2m | [m[2mEthScheduler-BlockCreation-1-4[m[2m | [m[32mINFO [m[2m | [m[2mApprovalSelector[m[2m | [m[32mOPS_APPROVAL_TIMING {"tx":"0xdaa89bf22e953c0514b187858b7daa8cd2af2c9bad9bb1a67132e5308a1e7738","mode":3,"calls":1,"gate_ns":11792}
[m[2m2026-09-14 22:52:47.418+0200[m[2m | [m[2mEthScheduler-BlockCreation-1-4[m[2m | [m[32mINFO [m[2m | [m[2mApprovalSelector[m[2m | [m[32mOPS_APPROVAL_DECISION allow tx=0xe2cd23c187fc8e8ccfd5660f2c3a715ae3bbb0e90c108a51cb7e538448c166f0 calls=1
[m[2m2026-09-14 22:52:47.418+0200[m[2m | [m[2mEthScheduler-BlockCreation-1-4[m[2m | [m[32mINFO [m[2m | [m[2mApprovalSelector[m[2m | [m[32mOPS_APPROVAL_TIMING {"tx":"0xe2cd23c187fc8e8ccfd5660f2c3a715ae3bbb0e90c108a51cb7e538448c166f0","mode":3,"calls":1,"gate_ns":16208}
[m[2m2026-09-14 22:52:47.418+0200[m[2m | [m[2mEthScheduler-BlockCreation-1-4[m[2m | [m[32mINFO [m[2m | [m[2mApprovalSelector[m[2m | [m[32mOPS_APPROVAL_DECISION allow tx=0x8d95a21ac49e73d3bfec8e5aef978404a9c5d20dd5d4bf2b75dcb0b1e3e1701a calls=1
[m[2m2026-09-14 22:52:47.418+0200[m[2m | [m[2mEthScheduler-BlockCreation-1-4[m[2m | [m[32mINFO [m[2m | [m[2mApprovalSelector[m[2m | [m[32mOPS_APPROVAL_TIMING {"tx":"0x8d95a21ac49e73d3bfec8e5aef978404a9c5d20dd5d4bf2b75dcb0b1e3e1701a","mode":3,"calls":1,"gate_ns":10459}
[m[2m2026-09-14 22:52:47.418+0200[m[2m | [m[2mEthScheduler-BlockCreation-1-4[m[2m | [m[32mINFO [m[2m | [m[2mApprovalSelector[m[2m | [m[32mOPS_APPROVAL_DECISION allow tx=0x8e4945aaabeec26d0f2bb0e6e97c7fc5405dae38b4184022888431ff9d7ffee4 calls=1
[m[2m2026-09-14 22:52:47.418+0200[m[2m | [m[2mEthScheduler-BlockCreation-1-4[m[2m | [m[32mINFO [m[2m | [m[2mApprovalSelector[m[2m | [m[32mOPS_APPROVAL_TIMING {"tx":"0x8e4945aaabeec26d0f2bb0e6e97c7fc5405dae38b4184022888431ff9d7ffee4","mode":3,"calls":1,"gate_ns":10125}
[m[2m2026-09-14 22:52:47.418+0200[m[2m | [m[2mEthScheduler-BlockCreation-1-4[m[2m | [m[32mINFO [m[2m | [m[2mApprovalSelector[m[2m | [m[32mOPS_APPROVAL_DECISION allow tx=0x55f4ef1e871594243685969c2a4d95b0297da1b827581ef5eb942828c7b9023f calls=1
[m[2m2026-09-14 22:52:47.418+0200[m[2m | [m[2mEthScheduler-BlockCreation-1-4[m[2m | [m[32mINFO [m[2m | [m[2mApprovalSelector[m[2m | [m[32mOPS_APPROVAL_TIMING {"tx":"0x55f4ef1e871594243685969c2a4d95b0297da1b827581ef5eb942828c7b9023f","mode":3,"calls":1,"gate_ns":10583}
[m[2m2026-09-14 22:52:47.418+0200[m[2m | [m[2mEthScheduler-BlockCreation-1-4[m[2m | [m[32mINFO [m[2m | [m[2mApprovalSelector[m[2m | [m[32mOPS_APPROVAL_DECISION allow tx=0xd02ae19b5274b473416e1b8fc6364a99b7756919d87d4e01ef23c3f012a66c8b calls=1
[m[2m2026-09-14 22:52:47.418+0200[m[2m | [m[2mEthScheduler-BlockCreation-1-4[m[2m | [m[32mINFO [m[2m | [m[2mApprovalSelector[m[2m | [m[32mOPS_APPROVAL_TIMING {"tx":"0xd02ae19b5274b473416e1b8fc6364a99b7756919d87d4e01ef23c3f012a66c8b","mode":3,"calls":1,"gate_ns":10708}
[m[2m2026-09-14 22:52:47.418+0200[m[2m | [m[2mEthScheduler-BlockCreation-1-4[m[2m | [m[32mINFO [m[2m | [m[2mApprovalSelector[m[2m | [m[32mOPS_APPROVAL_DECISION allow tx=0x994dd1a90a40c034a223aff6ee77b446adece5192628b65bab61e67667d2618f calls=1
[m[2m2026-09-14 22:52:47.418+0200[m[2m | [m[2mEthScheduler-BlockCreation-1-4[m[2m | [m[32mINFO [m[2m | [m[2mApprovalSelector[m[2m | [m[32mOPS_APPROVAL_TIMING {"tx":"0x994dd1a90a40c034a223aff6ee77b446adece5192628b65bab61e67667d2618f","mode":3,"calls":1,"gate_ns":10041}
[m[2m2026-09-14 22:52:47.418+0200[m[2m | [m[2mEthScheduler-BlockCreation-1-4[m[2m | [m[32mINFO [m[2m | [m[2mApprovalSelector[m[2m | [m[32mOPS_APPROVAL_DECISION allow tx=0xff796f5338e81049c05cd80908e55bf24723b221e68fd84b168d1d5a6dcd15d5 calls=1
[m[2m2026-09-14 22:52:47.418+0200[m[2m | [m[2mEthScheduler-BlockCreation-1-4[m[2m | [m[32mINFO [m[2m | [m[2mApprovalSelector[m[2m | [m[32mOPS_APPROVAL_TIMING {"tx":"0xff796f5338e81049c05cd80908e55bf24723b221e68fd84b168d1d5a6dcd15d5","mode":3,"calls":1,"gate_ns":10374}
[m[2m2026-09-14 22:52:47.418+0200[m[2m | [m[2mEthScheduler-BlockCreation-1-4[m[2m | [m[32mINFO [m[2m | [m[2mApprovalSelector[m[2m | [m[32mOPS_APPROVAL_DECISION allow tx=0x4919343124ad83b62ba916a70eee32388214a54fd47d61638adfe63f16087c94 calls=1
[m[2m2026-09-14 22:52:47.418+0200[m[2m | [m[2mEthScheduler-BlockCreation-1-4[m[2m | [m[32mINFO [m[2m | [m[2mApprovalSelector[m[2m | [m[32mOPS_APPROVAL_TIMING {"tx":"0x4919343124ad83b62ba916a70eee32388214a54fd47d61638adfe63f16087c94","mode":3,"calls":1,"gate_ns":10249}
[m[2m2026-09-14 22:52:47.418+0200[m[2m | [m[2mEthScheduler-BlockCreation-1-4[m[2m | [m[32mINFO [m[2m | [m[2mApprovalSelector[m[2m | [m[32mOPS_APPROVAL_DECISION allow tx=0xe98eb265e2003f940842d417bbd3dee80064224648632104a7bc39ef8240ea9a calls=1
[m[2m2026-09-14 22:52:47.418+0200[m[2m | [m[2mEthScheduler-BlockCreation-1-4[m[2m | [m[32mINFO [m[2m | [m[2mApprovalSelector[m[2m | [m[32mOPS_APPROVAL_TIMING {"tx":"0xe98eb265e2003f940842d417bbd3dee80064224648632104a7bc39ef8240ea9a","mode":3,"calls":1,"gate_ns":9959}
[m[2m2026-09-14 22:52:47.418+0200[m[2m | [m[2mEthScheduler-BlockCreation-1-4[m[2m | [m[32mINFO [m[2m | [m[2mApprovalSelector[m[2m | [m[32mOPS_APPROVAL_DECISION allow tx=0x09e92bf14729b5a91cd9652defa0a2a88a39e9124f94b405fb10013d5da4b389 calls=1
[m[2m2026-09-14 22:52:47.418+0200[m[2m | [m[2mEthScheduler-BlockCreation-1-4[m[2m | [m[32mINFO [m[2m | [m[2mApprovalSelector[m[2m | [m[32mOPS_APPROVAL_TIMING {"tx":"0x09e92bf14729b5a91cd9652defa0a2a88a39e9124f94b405fb10013d5da4b389","mode":3,"calls":1,"gate_ns":10125}
[m[2m2026-09-14 22:52:47.418+0200[m[2m | [m[2mEthScheduler-BlockCreation-1-4[m[2m | [m[32mINFO [m[2m | [m[2mApprovalSelector[m[2m | [m[32mOPS_APPROVAL_DECISION allow tx=0x8c39b2b099298bfa190405a83ae0b92ac342f10adcd3966ebab8391b0a53f647 calls=1
[m[2m2026-09-14 22:52:47.418+0200[m[2m | [m[2mEthScheduler-BlockCreation-1-4[m[2m | [m[32mINFO [m[2m | [m[2mApprovalSelector[m[2m | [m[32mOPS_APPROVAL_TIMING {"tx":"0x8c39b2b099298bfa190405a83ae0b92ac342f10adcd3966ebab8391b0a53f647","mode":3,"calls":1,"gate_ns":10375}
[m[2m2026-09-14 22:52:47.418+0200[m[2m | [m[2mEthScheduler-BlockCreation-1-4[m[2m | [m[32mINFO [m[2m | [m[2mApprovalSelector[m[2m | [m[32mOPS_APPROVAL_DECISION allow tx=0xd4cb35521d8bceb977acd8034ce926f21851442635713742cec5f9f84b57d6d6 calls=1
[m[2m2026-09-14 22:52:47.418+0200[m[2m | [m[2mEthScheduler-BlockCreation-1-4[m[2m | [m[32mINFO [m[2m | [m[2mApprovalSelector[m[2m | [m[32mOPS_APPROVAL_TIMING {"tx":"0xd4cb35521d8bceb977acd8034ce926f21851442635713742cec5f9f84b57d6d6","mode":3,"calls":1,"gate_ns":10250}
[m[2m2026-09-14 22:52:47.418+0200[m[2m | [m[2mEthScheduler-BlockCreation-1-4[m[2m | [m[32mINFO [m[2m | [m[2mApprovalSelector[m[2m | [m[32mOPS_APPROVAL_DECISION allow tx=0xd9f9c7132391119045736307189584490739483b5042b94158eb68122fdb7e18 calls=1
[m[2m2026-09-14 22:52:47.418+0200[m[2m | [m[2mEthScheduler-BlockCreation-1-4[m[2m | [m[32mINFO [m[2m | [m[2mApprovalSelector[m[2m | [m[32mOPS_APPROVAL_TIMING {"tx":"0xd9f9c7132391119045736307189584490739483b5042b94158eb68122fdb7e18","mode":3,"calls":1,"gate_ns":10250}
[m[2m2026-09-14 22:52:47.418+0200[m[2m | [m[2mEthScheduler-BlockCreation-1-4[m[2m | [m[32mINFO [m[2m | [m[2mApprovalSelector[m[2m | [m[32mOPS_APPROVAL_DECISION allow tx=0x39555c143c3fde3a21a616100b3b9eab738fcdaa21c5f16dc058ea1c6e1f0483 calls=1
[m[2m2026-09-14 22:52:47.418+0200[m[2m | [m[2mEthScheduler-BlockCreation-1-4[m[2m | [m[32mINFO [m[2m | [m[2mApprovalSelector[m[2m | [m[32mOPS_APPROVAL_TIMING {"tx":"0x39555c143c3fde3a21a616100b3b9eab738fcdaa21c5f16dc058ea1c6e1f0483","mode":3,"calls":1,"gate_ns":10376}
[m[2m2026-09-14 22:52:47.418+0200[m[2m | [m[2mEthScheduler-BlockCreation-1-4[m[2m | [m[32mINFO [m[2m | [m[2mApprovalSelector[m[2m | [m[32mOPS_APPROVAL_DECISION allow tx=0xc97d8788b79ca08ce71d42851a561279dc38ae27dbb9bc9667011f84152427ca calls=1
[m[2m2026-09-14 22:52:47.418+0200[m[2m | [m[2mEthScheduler-BlockCreation-1-4[m[2m | [m[32mINFO [m[2m | [m[2mApprovalSelector[m[2m | [m[32mOPS_APPROVAL_TIMING {"tx":"0xc97d8788b79ca08ce71d42851a561279dc38ae27dbb9bc9667011f84152427ca","mode":3,"calls":1,"gate_ns":10292}
[m[2m2026-09-14 22:52:47.418+0200[m[2m | [m[2mEthScheduler-BlockCreation-1-4[m[2m | [m[32mINFO [m[2m | [m[2mApprovalSelector[m[2m | [m[32mOPS_APPROVAL_DECISION allow tx=0x15d3dfacaf12b5f25060c364f87dbafab02c7f292e56f1fad19bb6d0de76629a calls=1
[m[2m2026-09-14 22:52:47.418+0200[m[2m | [m[2mEthScheduler-BlockCreation-1-4[m[2m | [m[32mINFO [m[2m | [m[2mApprovalSelector[m[2m | [m[32mOPS_APPROVAL_TIMING {"tx":"0x15d3dfacaf12b5f25060c364f87dbafab02c7f292e56f1fad19bb6d0de76629a","mode":3,"calls":1,"gate_ns":12375}
[m[2m2026-09-14 22:52:47.419+0200[m[2m | [m[2mEthScheduler-BlockCreation-1-4[m[2m | [m[32mINFO [m[2m | [m[2mApprovalSelector[m[2m | [m[32mOPS_APPROVAL_DECISION allow tx=0x45d7076a03b13679ac9ae961cc01ae25288ea9ee60905ed76344899e2b31dfcb calls=1
[m[2m2026-09-14 22:52:47.419+0200[m[2m | [m[2mEthScheduler-BlockCreation-1-4[m[2m | [m[32mINFO [m[2m | [m[2mApprovalSelector[m[2m | [m[32mOPS_APPROVAL_TIMING {"tx":"0x45d7076a03b13679ac9ae961cc01ae25288ea9ee60905ed76344899e2b31dfcb","mode":3,"calls":1,"gate_ns":11416}
[m[2m2026-09-14 22:52:47.419+0200[m[2m | [m[2mEthScheduler-BlockCreation-1-4[m[2m | [m[32mINFO [m[2m | [m[2mApprovalSelector[m[2m | [m[32mOPS_APPROVAL_DECISION allow tx=0x3f45fdfdcd062fbb73e97f4d91316cbfd900cf36d27892d4e9f17c2589f62fe5 calls=1
[m[2m2026-09-14 22:52:47.419+0200[m[2m | [m[2mEthScheduler-BlockCreation-1-4[m[2m | [m[32mINFO [m[2m | [m[2mApprovalSelector[m[2m | [m[32mOPS_APPROVAL_TIMING {"tx":"0x3f45fdfdcd062fbb73e97f4d91316cbfd900cf36d27892d4e9f17c2589f62fe5","mode":3,"calls":1,"gate_ns":14167}
[m[2m2026-09-14 22:52:47.419+0200[m[2m | [m[2mEthScheduler-BlockCreation-1-4[m[2m | [m[32mINFO [m[2m | [m[2mApprovalSelector[m[2m | [m[32mOPS_APPROVAL_DECISION allow tx=0x97553626f4197b2a9ff60993e1ed2cfac2dcbd6b1f874fe554bd98a9c4aba31c calls=1
[m[2m2026-09-14 22:52:47.419+0200[m[2m | [m[2mEthScheduler-BlockCreation-1-4[m[2m | [m[32mINFO [m[2m | [m[2mApprovalSelector[m[2m | [m[32mOPS_APPROVAL_TIMING {"tx":"0x97553626f4197b2a9ff60993e1ed2cfac2dcbd6b1f874fe554bd98a9c4aba31c","mode":3,"calls":1,"gate_ns":10166}
[m[2m2026-09-14 22:52:47.420+0200[m[2m | [m[2mEthScheduler-BlockCreation-1-4[m[2m | [m[32mINFO [m[2m | [m[2mApprovalSelector[m[2m | [m[32mOPS_APPROVAL_DECISION allow tx=0x5c9b7cee09a8501d317d68c24eddaa884978669982b8cf05f01b29d5c18924d3 calls=1
[m[2m2026-09-14 22:52:47.420+0200[m[2m | [m[2mEthScheduler-BlockCreation-1-4[m[2m | [m[32mINFO [m[2m | [m[2mApprovalSelector[m[2m | [m[32mOPS_APPROVAL_TIMING {"tx":"0x5c9b7cee09a8501d317d68c24eddaa884978669982b8cf05f01b29d5c18924d3","mode":3,"calls":1,"gate_ns":87083}
[m[2m2026-09-14 22:52:47.420+0200[m[2m | [m[2mEthScheduler-BlockCreation-1-4[m[2m | [m[32mINFO [m[2m | [m[2mApprovalSelector[m[2m | [m[32mOPS_APPROVAL_DECISION allow tx=0xb4b8e630ef3161473994582ffc813adb8d40efcf64197864b8a201b4198ad374 calls=1
[m[2m2026-09-14 22:52:47.420+0200[m[2m | [m[2mEthScheduler-BlockCreation-1-4[m[2m | [m[32mINFO [m[2m | [m[2mApprovalSelector[m[2m | [m[32mOPS_APPROVAL_TIMING {"tx":"0xb4b8e630ef3161473994582ffc813adb8d40efcf64197864b8a201b4198ad374","mode":3,"calls":1,"gate_ns":22041}
[m[2m2026-09-14 22:52:47.420+0200[m[2m | [m[2mEthScheduler-BlockCreation-1-4[m[2m | [m[32mINFO [m[2m | [m[2mApprovalSelector[m[2m | [m[32mOPS_APPROVAL_DECISION allow tx=0xfb2fccf9ba91ba14b7a62021d85fa8e548c9b78ce2e1bb3873938c108ff5a235 calls=1
[m[2m2026-09-14 22:52:47.420+0200[m[2m | [m[2mEthScheduler-BlockCreation-1-4[m[2m | [m[32mINFO [m[2m | [m[2mApprovalSelector[m[2m | [m[32mOPS_APPROVAL_TIMING {"tx":"0xfb2fccf9ba91ba14b7a62021d85fa8e548c9b78ce2e1bb3873938c108ff5a235","mode":3,"calls":1,"gate_ns":14250}
[m[2m2026-09-14 22:52:47.420+0200[m[2m | [m[2mEthScheduler-BlockCreation-1-4[m[2m | [m[32mINFO [m[2m | [m[2mApprovalSelector[m[2m | [m[32mOPS_APPROVAL_DECISION allow tx=0x83c778d7215925f7e8ed9ecd364477103b8733e2e8cab58a17093f9438f91344 calls=1
[m[2m2026-09-14 22:52:47.420+0200[m[2m | [m[2mEthScheduler-BlockCreation-1-4[m[2m | [m[32mINFO [m[2m | [m[2mApprovalSelector[m[2m | [m[32mOPS_APPROVAL_TIMING {"tx":"0x83c778d7215925f7e8ed9ecd364477103b8733e2e8cab58a17093f9438f91344","mode":3,"calls":1,"gate_ns":12124}
[m[2m2026-09-14 22:52:47.420+0200[m[2m | [m[2mEthScheduler-BlockCreation-1-4[m[2m | [m[32mINFO [m[2m | [m[2mApprovalSelector[m[2m | [m[32mOPS_APPROVAL_DECISION allow tx=0x6e664791947324b85c6a8b1f690b38ae468ec8eea726b7005df856864cd2e01e calls=1
[m[2m2026-09-14 22:52:47.420+0200[m[2m | [m[2mEthScheduler-BlockCreation-1-4[m[2m | [m[32mINFO [m[2m | [m[2mApprovalSelector[m[2m | [m[32mOPS_APPROVAL_TIMING {"tx":"0x6e664791947324b85c6a8b1f690b38ae468ec8eea726b7005df856864cd2e01e","mode":3,"calls":1,"gate_ns":11167}
[m[2m2026-09-14 22:52:47.420+0200[m[2m | [m[2mEthScheduler-BlockCreation-1-4[m[2m | [m[32mINFO [m[2m | [m[2mApprovalSelector[m[2m | [m[32mOPS_APPROVAL_DECISION allow tx=0xbc9b545c59a2cdcf2d74aa16a9808ec29531192ad566056de9e8a333444b5946 calls=1
[m[2m2026-09-14 22:52:47.420+0200[m[2m | [m[2mEthScheduler-BlockCreation-1-4[m[2m | [m[32mINFO [m[2m | [m[2mApprovalSelector[m[2m | [m[32mOPS_APPROVAL_TIMING {"tx":"0xbc9b545c59a2cdcf2d74aa16a9808ec29531192ad566056de9e8a333444b5946","mode":3,"calls":1,"gate_ns":10750}
[m[2m2026-09-14 22:52:47.420+0200[m[2m | [m[2mEthScheduler-BlockCreation-1-4[m[2m | [m[32mINFO [m[2m | [m[2mApprovalSelector[m[2m | [m[32mOPS_APPROVAL_DECISION allow tx=0xcb923367b4f6859ae1ec067b41e6d454ddb6018a8109b86e51981db330d190e2 calls=1
[m[2m2026-09-14 22:52:47.420+0200[m[2m | [m[2mEthScheduler-BlockCreation-1-4[m[2m | [m[32mINFO [m[2m | [m[2mApprovalSelector[m[2m | [m[32mOPS_APPROVAL_TIMING {"tx":"0xcb923367b4f6859ae1ec067b41e6d454ddb6018a8109b86e51981db330d190e2","mode":3,"calls":1,"gate_ns":10667}
[m[2m2026-09-14 22:52:47.420+0200[m[2m | [m[2mEthScheduler-BlockCreation-1-4[m[2m | [m[32mINFO [m[2m | [m[2mApprovalSelector[m[2m | [m[32mOPS_APPROVAL_DECISION allow tx=0x9c07ce039611bbe7dff5b16bcba69a69a5a5823025a665e91e2f73851991576a calls=1
[m[2m2026-09-14 22:52:47.421+0200[m[2m | [m[2mEthScheduler-BlockCreation-1-4[m[2m | [m[32mINFO [m[2m | [m[2mApprovalSelector[m[2m | [m[32mOPS_APPROVAL_TIMING {"tx":"0x9c07ce039611bbe7dff5b16bcba69a69a5a5823025a665e91e2f73851991576a","mode":3,"calls":1,"gate_ns":11166}
[m[2m2026-09-14 22:52:47.421+0200[m[2m | [m[2mEthScheduler-BlockCreation-1-4[m[2m | [m[32mINFO [m[2m | [m[2mApprovalSelector[m[2m | [m[32mOPS_APPROVAL_DECISION allow tx=0xfd79207b18040c63e93e7a61f954fe88edbc6ed13acda3581fa0f1f1d30bbaca calls=1
[m[2m2026-09-14 22:52:47.421+0200[m[2m | [m[2mEthScheduler-BlockCreation-1-4[m[2m | [m[32mINFO [m[2m | [m[2mApprovalSelector[m[2m | [m[32mOPS_APPROVAL_TIMING {"tx":"0xfd79207b18040c63e93e7a61f954fe88edbc6ed13acda3581fa0f1f1d30bbaca","mode":3,"calls":1,"gate_ns":11250}
[m[2m2026-09-14 22:52:47.421+0200[m[2m | [m[2mEthScheduler-BlockCreation-1-4[m[2m | [m[32mINFO [m[2m | [m[2mApprovalSelector[m[2m | [m[32mOPS_APPROVAL_DECISION allow tx=0x7fe58e8ca838e1c4f2d65a442755fbc67d8f9f41cd8b08f3aafd1af357d7596e calls=1
[m[2m2026-09-14 22:52:47.421+0200[m[2m | [m[2mEthScheduler-BlockCreation-1-4[m[2m | [m[32mINFO [m[2m | [m[2mApprovalSelector[m[2m | [m[32mOPS_APPROVAL_TIMING {"tx":"0x7fe58e8ca838e1c4f2d65a442755fbc67d8f9f41cd8b08f3aafd1af357d7596e","mode":3,"calls":1,"gate_ns":14834}
[m[2m2026-09-14 22:52:47.421+0200[m[2m | [m[2mEthScheduler-BlockCreation-1-4[m[2m | [m[32mINFO [m[2m | [m[2mApprovalSelector[m[2m | [m[32mOPS_APPROVAL_DECISION allow tx=0xf2de92788369507d4e0629927ac59e970340482fb045a614cd01bb45f9bba520 calls=1
[m[2m2026-09-14 22:52:47.421+0200[m[2m | [m[2mEthScheduler-BlockCreation-1-4[m[2m | [m[32mINFO [m[2m | [m[2mApprovalSelector[m[2m | [m[32mOPS_APPROVAL_TIMING {"tx":"0xf2de92788369507d4e0629927ac59e970340482fb045a614cd01bb45f9bba520","mode":3,"calls":1,"gate_ns":11042}
[m[2m2026-09-14 22:52:47.421+0200[m[2m | [m[2mEthScheduler-BlockCreation-1-4[m[2m | [m[32mINFO [m[2m | [m[2mApprovalSelector[m[2m | [m[32mOPS_APPROVAL_DECISION allow tx=0x8f517bd2e082a1bb99737693132f52fbf4660472ba026007d9472635a2db0059 calls=1
[m[2m2026-09-14 22:52:47.421+0200[m[2m | [m[2mEthScheduler-BlockCreation-1-4[m[2m | [m[32mINFO [m[2m | [m[2mApprovalSelector[m[2m | [m[32mOPS_APPROVAL_TIMING {"tx":"0x8f517bd2e082a1bb99737693132f52fbf4660472ba026007d9472635a2db0059","mode":3,"calls":1,"gate_ns":10959}
[m[2m2026-09-14 22:52:47.421+0200[m[2m | [m[2mEthScheduler-BlockCreation-1-4[m[2m | [m[32mINFO [m[2m | [m[2mApprovalSelector[m[2m | [m[32mOPS_APPROVAL_DECISION allow tx=0x96d88c4a43fe2ddeb59ee00759872544b9c826f58c5197e1debddd914abaf1ad calls=1
[m[2m2026-09-14 22:52:47.421+0200[m[2m | [m[2mEthScheduler-BlockCreation-1-4[m[2m | [m[32mINFO [m[2m | [m[2mApprovalSelector[m[2m | [m[32mOPS_APPROVAL_TIMING {"tx":"0x96d88c4a43fe2ddeb59ee00759872544b9c826f58c5197e1debddd914abaf1ad","mode":3,"calls":1,"gate_ns":11124}
[m[2m2026-09-14 22:52:47.421+0200[m[2m | [m[2mEthScheduler-BlockCreation-1-4[m[2m | [m[32mINFO [m[2m | [m[2mApprovalSelector[m[2m | [m[32mOPS_APPROVAL_DECISION allow tx=0x2736d8c8838f0269aa630c21cd206ae1b5764b635487aae9e20102e2579a831e calls=1
[m[2m2026-09-14 22:52:47.421+0200[m[2m | [m[2mEthScheduler-BlockCreation-1-4[m[2m | [m[32mINFO [m[2m | [m[2mApprovalSelector[m[2m | [m[32mOPS_APPROVAL_TIMING {"tx":"0x2736d8c8838f0269aa630c21cd206ae1b5764b635487aae9e20102e2579a831e","mode":3,"calls":1,"gate_ns":11083}
[m[2m2026-09-14 22:52:47.421+0200[m[2m | [m[2mEthScheduler-BlockCreation-1-4[m[2m | [m[32mINFO [m[2m | [m[2mApprovalSelector[m[2m | [m[32mOPS_APPROVAL_DECISION allow tx=0x5f068b04ed090c593bb0550aa49570fcd66d83f689c00ab2f5acd953dd12d03e calls=1
[m[2m2026-09-14 22:52:47.421+0200[m[2m | [m[2mEthScheduler-BlockCreation-1-4[m[2m | [m[32mINFO [m[2m | [m[2mApprovalSelector[m[2m | [m[32mOPS_APPROVAL_TIMING {"tx":"0x5f068b04ed090c593bb0550aa49570fcd66d83f689c00ab2f5acd953dd12d03e","mode":3,"calls":1,"gate_ns":10667}
[m[2m2026-09-14 22:52:47.421+0200[m[2m | [m[2mEthScheduler-BlockCreation-1-4[m[2m | [m[32mINFO [m[2m | [m[2mApprovalSelector[m[2m | [m[32mOPS_APPROVAL_DECISION allow tx=0x62553f0a186d7aa2d9e23ed16fb4586c1d412dbd54c31917b426c82282a69d7a calls=1
[m[2m2026-09-14 22:52:47.421+0200[m[2m | [m[2mEthScheduler-BlockCreation-1-4[m[2m | [m[32mINFO [m[2m | [m[2mApprovalSelector[m[2m | [m[32mOPS_APPROVAL_TIMING {"tx":"0x62553f0a186d7aa2d9e23ed16fb4586c1d412dbd54c31917b426c82282a69d7a","mode":3,"calls":1,"gate_ns":11375}
[m[2m2026-09-14 22:52:47.421+0200[m[2m | [m[2mEthScheduler-BlockCreation-1-4[m[2m | [m[32mINFO [m[2m | [m[2mApprovalSelector[m[2m | [m[32mOPS_APPROVAL_DECISION allow tx=0xbdc97cbf89d6aaff42baf27a9b826f6f9747e1b2ee41506b82e14b5d0b3f06b8 calls=1
[m[2m2026-09-14 22:52:47.421+0200[m[2m | [m[2mEthScheduler-BlockCreation-1-4[m[2m | [m[32mINFO [m[2m | [m[2mApprovalSelector[m[2m | [m[32mOPS_APPROVAL_TIMING {"tx":"0xbdc97cbf89d6aaff42baf27a9b826f6f9747e1b2ee41506b82e14b5d0b3f06b8","mode":3,"calls":1,"gate_ns":21709}
[m[2m2026-09-14 22:52:47.421+0200[m[2m | [m[2mEthScheduler-BlockCreation-1-4[m[2m | [m[32mINFO [m[2m | [m[2mApprovalSelector[m[2m | [m[32mOPS_APPROVAL_DECISION allow tx=0x95e6bc690f6f761cb144c39079c41b3ea46d616d1cf98e314b1a950fe2882c88 calls=1
[m[2m2026-09-14 22:52:47.421+0200[m[2m | [m[2mEthScheduler-BlockCreation-1-4[m[2m | [m[32mINFO [m[2m | [m[2mApprovalSelector[m[2m | [m[32mOPS_APPROVAL_TIMING {"tx":"0x95e6bc690f6f761cb144c39079c41b3ea46d616d1cf98e314b1a950fe2882c88","mode":3,"calls":1,"gate_ns":11666}
[m[2m2026-09-14 22:52:47.421+0200[m[2m | [m[2mEthScheduler-BlockCreation-1-4[m[2m | [m[32mINFO [m[2m | [m[2mApprovalSelector[m[2m | [m[32mOPS_APPROVAL_DECISION allow tx=0xf24199f25e0ee69ae02a71fc0f2c1926e05518e9e25a1a71f22eb3f6ebb8241a calls=1
[m[2m2026-09-14 22:52:47.421+0200[m[2m | [m[2mEthScheduler-BlockCreation-1-4[m[2m | [m[32mINFO [m[2m | [m[2mApprovalSelector[m[2m | [m[32mOPS_APPROVAL_TIMING {"tx":"0xf24199f25e0ee69ae02a71fc0f2c1926e05518e9e25a1a71f22eb3f6ebb8241a","mode":3,"calls":1,"gate_ns":10291}
[m[2m2026-09-14 22:52:47.421+0200[m[2m | [m[2mEthScheduler-BlockCreation-1-4[m[2m | [m[32mINFO [m[2m | [m[2mApprovalSelector[m[2m | [m[32mOPS_APPROVAL_DECISION allow tx=0x521ff98061131c2d00175b749cc2f10de4c2e8d6f2c66a66c9bc1462c545a2ae calls=1
[m[2m2026-09-14 22:52:47.421+0200[m[2m | [m[2mEthScheduler-BlockCreation-1-4[m[2m | [m[32mINFO [m[2m | [m[2mApprovalSelector[m[2m | [m[32mOPS_APPROVAL_TIMING {"tx":"0x521ff98061131c2d00175b749cc2f10de4c2e8d6f2c66a66c9bc1462c545a2ae","mode":3,"calls":1,"gate_ns":9999}
[m[2m2026-09-14 22:52:47.421+0200[m[2m | [m[2mEthScheduler-BlockCreation-1-4[m[2m | [m[32mINFO [m[2m | [m[2mApprovalSelector[m[2m | [m[32mOPS_APPROVAL_DECISION allow tx=0x5308b19346a7a65f6e32e918216dab4da12d5c00542f2e4d190ac5cf302d628e calls=1
[m[2m2026-09-14 22:52:47.421+0200[m[2m | [m[2mEthScheduler-BlockCreation-1-4[m[2m | [m[32mINFO [m[2m | [m[2mApprovalSelector[m[2m | [m[32mOPS_APPROVAL_TIMING {"tx":"0x5308b19346a7a65f6e32e918216dab4da12d5c00542f2e4d190ac5cf302d628e","mode":3,"calls":1,"gate_ns":10458}
[m[2m2026-09-14 22:52:47.421+0200[m[2m | [m[2mEthScheduler-BlockCreation-1-4[m[2m | [m[32mINFO [m[2m | [m[2mApprovalSelector[m[2m | [m[32mOPS_APPROVAL_DECISION allow tx=0xf2b4dfcc5e4f5d02d0dda7cac873d1d56495423aa1f6e3e2e29cf45cc829472b calls=1
[m[2m2026-09-14 22:52:47.421+0200[m[2m | [m[2mEthScheduler-BlockCreation-1-4[m[2m | [m[32mINFO [m[2m | [m[2mApprovalSelector[m[2m | [m[32mOPS_APPROVAL_TIMING {"tx":"0xf2b4dfcc5e4f5d02d0dda7cac873d1d56495423aa1f6e3e2e29cf45cc829472b","mode":3,"calls":1,"gate_ns":11042}
[m[2m2026-09-14 22:52:47.421+0200[m[2m | [m[2mEthScheduler-BlockCreation-1-4[m[2m | [m[32mINFO [m[2m | [m[2mApprovalSelector[m[2m | [m[32mOPS_APPROVAL_DECISION allow tx=0xedf497b5be24e0e2a238e8c97f30fb6423cc44edd926e7e1a52ff11b3851ebe6 calls=1
[m[2m2026-09-14 22:52:47.421+0200[m[2m | [m[2mEthScheduler-BlockCreation-1-4[m[2m | [m[32mINFO [m[2m | [m[2mApprovalSelector[m[2m | [m[32mOPS_APPROVAL_TIMING {"tx":"0xedf497b5be24e0e2a238e8c97f30fb6423cc44edd926e7e1a52ff11b3851ebe6","mode":3,"calls":1,"gate_ns":12041}
[m[2m2026-09-14 22:52:47.421+0200[m[2m | [m[2mEthScheduler-BlockCreation-1-4[m[2m | [m[32mINFO [m[2m | [m[2mApprovalSelector[m[2m | [m[32mOPS_APPROVAL_DECISION allow tx=0xacc12e6d90aa4263429fb1415fd343364d1f43618ce8d089d204577891e22b53 calls=1
[m[2m2026-09-14 22:52:47.421+0200[m[2m | [m[2mEthScheduler-BlockCreation-1-4[m[2m | [m[32mINFO [m[2m | [m[2mApprovalSelector[m[2m | [m[32mOPS_APPROVAL_TIMING {"tx":"0xacc12e6d90aa4263429fb1415fd343364d1f43618ce8d089d204577891e22b53","mode":3,"calls":1,"gate_ns":10750}
[m[2m2026-09-14 22:52:47.421+0200[m[2m | [m[2mEthScheduler-BlockCreation-1-4[m[2m | [m[32mINFO [m[2m | [m[2mApprovalSelector[m[2m | [m[32mOPS_APPROVAL_DECISION allow tx=0xb9e24302b3bab4bd106fa10ca9732d44fa9bb7bd4da71f790da3d3a73488f32e calls=1
[m[2m2026-09-14 22:52:47.421+0200[m[2m | [m[2mEthScheduler-BlockCreation-1-4[m[2m | [m[32mINFO [m[2m | [m[2mApprovalSelector[m[2m | [m[32mOPS_APPROVAL_TIMING {"tx":"0xb9e24302b3bab4bd106fa10ca9732d44fa9bb7bd4da71f790da3d3a73488f32e","mode":3,"calls":1,"gate_ns":11000}
[m[2m2026-09-14 22:52:47.422+0200[m[2m | [m[2mEthScheduler-BlockCreation-1-4[m[2m | [m[32mINFO [m[2m | [m[2mApprovalSelector[m[2m | [m[32mOPS_APPROVAL_DECISION allow tx=0xefdf9790b5f162831b97d967eeb45009e72bf1bb5ad24229ad9c63ecb56db621 calls=1
[m[2m2026-09-14 22:52:47.422+0200[m[2m | [m[2mEthScheduler-BlockCreation-1-4[m[2m | [m[32mINFO [m[2m | [m[2mApprovalSelector[m[2m | [m[32mOPS_APPROVAL_TIMING {"tx":"0xefdf9790b5f162831b97d967eeb45009e72bf1bb5ad24229ad9c63ecb56db621","mode":3,"calls":1,"gate_ns":12207}
[m[2m2026-09-14 22:52:47.422+0200[m[2m | [m[2mEthScheduler-BlockCreation-1-4[m[2m | [m[32mINFO [m[2m | [m[2mApprovalSelector[m[2m | [m[32mOPS_APPROVAL_DECISION allow tx=0x7c1df864f96a373c81cae655d02a5741e8073a4bdfc171ee85d535aeab7eb045 calls=1
[m[2m2026-09-14 22:52:47.422+0200[m[2m | [m[2mEthScheduler-BlockCreation-1-4[m[2m | [m[32mINFO [m[2m | [m[2mApprovalSelector[m[2m | [m[32mOPS_APPROVAL_TIMING {"tx":"0x7c1df864f96a373c81cae655d02a5741e8073a4bdfc171ee85d535aeab7eb045","mode":3,"calls":1,"gate_ns":10417}
[m[2m2026-09-14 22:52:47.422+0200[m[2m | [m[2mEthScheduler-BlockCreation-1-4[m[2m | [m[32mINFO [m[2m | [m[2mApprovalSelector[m[2m | [m[32mOPS_APPROVAL_DECISION allow tx=0x8acd10e1039c0d07384d2e18afcca99d6a00eaa12ad7dbbeb71424c25282008b calls=1
[m[2m2026-09-14 22:52:47.422+0200[m[2m | [m[2mEthScheduler-BlockCreation-1-4[m[2m | [m[32mINFO [m[2m | [m[2mApprovalSelector[m[2m | [m[32mOPS_APPROVAL_TIMING {"tx":"0x8acd10e1039c0d07384d2e18afcca99d6a00eaa12ad7dbbeb71424c25282008b","mode":3,"calls":1,"gate_ns":10292}
[m[2m2026-09-14 22:52:47.422+0200[m[2m | [m[2mEthScheduler-BlockCreation-1-4[m[2m | [m[32mINFO [m[2m | [m[2mApprovalSelector[m[2m | [m[32mOPS_APPROVAL_DECISION allow tx=0xfcd0501627e4678d99296c84b8c683fda963475efb2419295d83e9fe6f965873 calls=1
[m[2m2026-09-14 22:52:47.422+0200[m[2m | [m[2mEthScheduler-BlockCreation-1-4[m[2m | [m[32mINFO [m[2m | [m[2mApprovalSelector[m[2m | [m[32mOPS_APPROVAL_TIMING {"tx":"0xfcd0501627e4678d99296c84b8c683fda963475efb2419295d83e9fe6f965873","mode":3,"calls":1,"gate_ns":10668}
[m[2m2026-09-14 22:52:47.422+0200[m[2m | [m[2mEthScheduler-BlockCreation-1-4[m[2m | [m[32mINFO [m[2m | [m[2mApprovalSelector[m[2m | [m[32mOPS_APPROVAL_DECISION allow tx=0x110c7e1fe794741a3d88a59cdcba626ba6954d99792bb4f83b2c92ca56fd0343 calls=1
[m[2m2026-09-14 22:52:47.422+0200[m[2m | [m[2mEthScheduler-BlockCreation-1-4[m[2m | [m[32mINFO [m[2m | [m[2mApprovalSelector[m[2m | [m[32mOPS_APPROVAL_TIMING {"tx":"0x110c7e1fe794741a3d88a59cdcba626ba6954d99792bb4f83b2c92ca56fd0343","mode":3,"calls":1,"gate_ns":11917}
[m[2m2026-09-14 22:52:47.422+0200[m[2m | [m[2mEthScheduler-BlockCreation-1-4[m[2m | [m[32mINFO [m[2m | [m[2mApprovalSelector[m[2m | [m[32mOPS_APPROVAL_DECISION allow tx=0xb65afca47931c26acad410aa61664eefab04d09b6f20282d479fa9cce813c850 calls=1
[m[2m2026-09-14 22:52:47.422+0200[m[2m | [m[2mEthScheduler-BlockCreation-1-4[m[2m | [m[32mINFO [m[2m | [m[2mApprovalSelector[m[2m | [m[32mOPS_APPROVAL_TIMING {"tx":"0xb65afca47931c26acad410aa61664eefab04d09b6f20282d479fa9cce813c850","mode":3,"calls":1,"gate_ns":10333}
[m[2m2026-09-14 22:52:47.422+0200[m[2m | [m[2mEthScheduler-BlockCreation-1-4[m[2m | [m[32mINFO [m[2m | [m[2mApprovalSelector[m[2m | [m[32mOPS_APPROVAL_DECISION allow tx=0xb3d202b32526153098d46b542dfb870c74944bde1b5b97f2a8bedf8b8711df8c calls=1
[m[2m2026-09-14 22:52:47.422+0200[m[2m | [m[2mEthScheduler-BlockCreation-1-4[m[2m | [m[32mINFO [m[2m | [m[2mApprovalSelector[m[2m | [m[32mOPS_APPROVAL_TIMING {"tx":"0xb3d202b32526153098d46b542dfb870c74944bde1b5b97f2a8bedf8b8711df8c","mode":3,"calls":1,"gate_ns":10375}
[m[2m2026-09-14 22:52:47.422+0200[m[2m | [m[2mEthScheduler-BlockCreation-1-4[m[2m | [m[32mINFO [m[2m | [m[2mApprovalSelector[m[2m | [m[32mOPS_APPROVAL_DECISION allow tx=0xa7b684653e3e96dbcaab92f282e5f1660ddf46a34b953bb37104af912b554136 calls=1
[m[2m2026-09-14 22:52:47.422+0200[m[2m | [m[2mEthScheduler-BlockCreation-1-4[m[2m | [m[32mINFO [m[2m | [m[2mApprovalSelector[m[2m | [m[32mOPS_APPROVAL_TIMING {"tx":"0xa7b684653e3e96dbcaab92f282e5f1660ddf46a34b953bb37104af912b554136","mode":3,"calls":1,"gate_ns":10791}
[m[2m2026-09-14 22:52:47.422+0200[m[2m | [m[2mEthScheduler-BlockCreation-1-4[m[2m | [m[32mINFO [m[2m | [m[2mApprovalSelector[m[2m | [m[32mOPS_APPROVAL_DECISION allow tx=0x9f035fb45df20e6d27ac0c2c1415832e90c400f52745eff0ffd6765156e0452e calls=1
[m[2m2026-09-14 22:52:47.422+0200[m[2m | [m[2mEthScheduler-BlockCreation-1-4[m[2m | [m[32mINFO [m[2m | [m[2mApprovalSelector[m[2m | [m[32mOPS_APPROVAL_TIMING {"tx":"0x9f035fb45df20e6d27ac0c2c1415832e90c400f52745eff0ffd6765156e0452e","mode":3,"calls":1,"gate_ns":10668}
[m[2m2026-09-14 22:52:47.422+0200[m[2m | [m[2mEthScheduler-BlockCreation-1-4[m[2m | [m[32mINFO [m[2m | [m[2mApprovalSelector[m[2m | [m[32mOPS_APPROVAL_DECISION allow tx=0xd773d20983f1a7d6d31e3de6086f6b092083ec99d53f45a2fe96e8ebbb93e0de calls=1
[m[2m2026-09-14 22:52:47.422+0200[m[2m | [m[2mEthScheduler-BlockCreation-1-4[m[2m | [m[32mINFO [m[2m | [m[2mApprovalSelector[m[2m | [m[32mOPS_APPROVAL_TIMING {"tx":"0xd773d20983f1a7d6d31e3de6086f6b092083ec99d53f45a2fe96e8ebbb93e0de","mode":3,"calls":1,"gate_ns":11541}
[m[2m2026-09-14 22:52:47.422+0200[m[2m | [m[2mEthScheduler-BlockCreation-1-4[m[2m | [m[32mINFO [m[2m | [m[2mApprovalSelector[m[2m | [m[32mOPS_APPROVAL_DECISION allow tx=0x51984b6e32cd544d2f4eaca6d04c79173aca7c4eabff57b70d5ccbd876ed7761 calls=1
[m[2m2026-09-14 22:52:47.422+0200[m[2m | [m[2mEthScheduler-BlockCreation-1-4[m[2m | [m[32mINFO [m[2m | [m[2mApprovalSelector[m[2m | [m[32mOPS_APPROVAL_TIMING {"tx":"0x51984b6e32cd544d2f4eaca6d04c79173aca7c4eabff57b70d5ccbd876ed7761","mode":3,"calls":1,"gate_ns":10041}
[m[2m2026-09-14 22:52:47.422+0200[m[2m | [m[2mEthScheduler-BlockCreation-1-4[m[2m | [m[32mINFO [m[2m | [m[2mApprovalSelector[m[2m | [m[32mOPS_APPROVAL_DECISION allow tx=0x6a737f912475ec6274ba305f8f0c4291fdcd355b33a63bf71668063c5d123828 calls=1
[m[2m2026-09-14 22:52:47.422+0200[m[2m | [m[2mEthScheduler-BlockCreation-1-4[m[2m | [m[32mINFO [m[2m | [m[2mApprovalSelector[m[2m | [m[32mOPS_APPROVAL_TIMING {"tx":"0x6a737f912475ec6274ba305f8f0c4291fdcd355b33a63bf71668063c5d123828","mode":3,"calls":1,"gate_ns":10292}
[m[2m2026-09-14 22:52:47.422+0200[m[2m | [m[2mEthScheduler-BlockCreation-1-4[m[2m | [m[32mINFO [m[2m | [m[2mApprovalSelector[m[2m | [m[32mOPS_APPROVAL_DECISION allow tx=0x733dae73c2ca15b0652afdf6d919fbb76edbc7cf46b87b152fc38270aa269b40 calls=1
[m[2m2026-09-14 22:52:47.422+0200[m[2m | [m[2mEthScheduler-BlockCreation-1-4[m[2m | [m[32mINFO [m[2m | [m[2mApprovalSelector[m[2m | [m[32mOPS_APPROVAL_TIMING {"tx":"0x733dae73c2ca15b0652afdf6d919fbb76edbc7cf46b87b152fc38270aa269b40","mode":3,"calls":1,"gate_ns":12000}
[m[2m2026-09-14 22:52:47.422+0200[m[2m | [m[2mEthScheduler-BlockCreation-1-4[m[2m | [m[32mINFO [m[2m | [m[2mApprovalSelector[m[2m | [m[32mOPS_APPROVAL_DECISION allow tx=0x0280dcbd7755961c5e3a71ddac2c37a3f1156de69fd79e35464b22542fd35075 calls=1
[m[2m2026-09-14 22:52:47.422+0200[m[2m | [m[2mEthScheduler-BlockCreation-1-4[m[2m | [m[32mINFO [m[2m | [m[2mApprovalSelector[m[2m | [m[32mOPS_APPROVAL_TIMING {"tx":"0x0280dcbd7755961c5e3a71ddac2c37a3f1156de69fd79e35464b22542fd35075","mode":3,"calls":1,"gate_ns":11959}
[m[2m2026-09-14 22:52:47.422+0200[m[2m | [m[2mEthScheduler-BlockCreation-1-4[m[2m | [m[32mINFO [m[2m | [m[2mApprovalSelector[m[2m | [m[32mOPS_APPROVAL_DECISION allow tx=0x6d6899957be30dec224202cd24372cd8960650d58514a3cd221639e8e0e514a2 calls=1
[m[2m2026-09-14 22:52:47.422+0200[m[2m | [m[2mEthScheduler-BlockCreation-1-4[m[2m | [m[32mINFO [m[2m | [m[2mApprovalSelector[m[2m | [m[32mOPS_APPROVAL_TIMING {"tx":"0x6d6899957be30dec224202cd24372cd8960650d58514a3cd221639e8e0e514a2","mode":3,"calls":1,"gate_ns":10876}
[m[2m2026-09-14 22:52:47.918+0200[m[2m | [m[2mEthScheduler-BlockCreation-1-4[m[2m | [m[32mINFO [m[2m | [m[2mApprovalSelector[m[2m | [m[32mOPS_APPROVAL_DECISION allow tx=0xcb56daf42311c8c2ac86477f7f868584f3bf8c7a176822807175b72a69e829cd calls=1
[m[2m2026-09-14 22:52:47.919+0200[m[2m | [m[2mEthScheduler-BlockCreation-1-4[m[2m | [m[32mINFO [m[2m | [m[2mApprovalSelector[m[2m | [m[32mOPS_APPROVAL_TIMING {"tx":"0xcb56daf42311c8c2ac86477f7f868584f3bf8c7a176822807175b72a69e829cd","mode":3,"calls":1,"gate_ns":1560708}
[m[2m2026-09-14 22:52:47.919+0200[m[2m | [m[2mEthScheduler-BlockCreation-1-4[m[2m | [m[32mINFO [m[2m | [m[2mApprovalSelector[m[2m | [m[32mOPS_APPROVAL_DECISION allow tx=0xbf67637a382090799dace5292000dffbf50790b048263e076f7b231b92f10542 calls=1
[m[2m2026-09-14 22:52:47.919+0200[m[2m | [m[2mEthScheduler-BlockCreation-1-4[m[2m | [m[32mINFO [m[2m | [m[2mApprovalSelector[m[2m | [m[32mOPS_APPROVAL_TIMING {"tx":"0xbf67637a382090799dace5292000dffbf50790b048263e076f7b231b92f10542","mode":3,"calls":1,"gate_ns":40499}
[m[2m2026-09-14 22:52:47.920+0200[m[2m | [m[2mEthScheduler-BlockCreation-1-4[m[2m | [m[32mINFO [m[2m | [m[2mApprovalSelector[m[2m | [m[32mOPS_APPROVAL_DECISION allow tx=0x4245928d2bedbd95a503de2597dc5a8f0a2523efe5979e9499c140e36339d5fa calls=1
[m[2m2026-09-14 22:52:47.920+0200[m[2m | [m[2mEthScheduler-BlockCreation-1-4[m[2m | [m[32mINFO [m[2m | [m[2mApprovalSelector[m[2m | [m[32mOPS_APPROVAL_TIMING {"tx":"0x4245928d2bedbd95a503de2597dc5a8f0a2523efe5979e9499c140e36339d5fa","mode":3,"calls":1,"gate_ns":20875}
[m[2m2026-09-14 22:52:47.920+0200[m[2m | [m[2mEthScheduler-BlockCreation-1-4[m[2m | [m[32mINFO [m[2m | [m[2mApprovalSelector[m[2m | [m[32mOPS_APPROVAL_DECISION allow tx=0x06baaa6c672a2dc47f2b6f7f217b028d54866165d4a11f5c0a071be64a4edd21 calls=1
[m[2m2026-09-14 22:52:47.920+0200[m[2m | [m[2mEthScheduler-BlockCreation-1-4[m[2m | [m[32mINFO [m[2m | [m[2mApprovalSelector[m[2m | [m[32mOPS_APPROVAL_TIMING {"tx":"0x06baaa6c672a2dc47f2b6f7f217b028d54866165d4a11f5c0a071be64a4edd21","mode":3,"calls":1,"gate_ns":14500}
[m[2m2026-09-14 22:52:47.920+0200[m[2m | [m[2mEthScheduler-BlockCreation-1-4[m[2m | [m[32mINFO [m[2m | [m[2mApprovalSelector[m[2m | [m[32mOPS_APPROVAL_DECISION allow tx=0xef8907412a619545018487f239db970c5d574e90e8ddc73407474031fd6eccb3 calls=1
[m[2m2026-09-14 22:52:47.920+0200[m[2m | [m[2mEthScheduler-BlockCreation-1-4[m[2m | [m[32mINFO [m[2m | [m[2mApprovalSelector[m[2m | [m[32mOPS_APPROVAL_TIMING {"tx":"0xef8907412a619545018487f239db970c5d574e90e8ddc73407474031fd6eccb3","mode":3,"calls":1,"gate_ns":12084}
[m[2m2026-09-14 22:52:47.920+0200[m[2m | [m[2mEthScheduler-BlockCreation-1-4[m[2m | [m[32mINFO [m[2m | [m[2mApprovalSelector[m[2m | [m[32mOPS_APPROVAL_DECISION allow tx=0x34e0e5a40cad33ccd59c31c77912a457a20f44711c8394fd6aeaf639d09ab72f calls=1
[m[2m2026-09-14 22:52:47.920+0200[m[2m | [m[2mEthScheduler-BlockCreation-1-4[m[2m | [m[32mINFO [m[2m | [m[2mApprovalSelector[m[2m | [m[32mOPS_APPROVAL_TIMING {"tx":"0x34e0e5a40cad33ccd59c31c77912a457a20f44711c8394fd6aeaf639d09ab72f","mode":3,"calls":1,"gate_ns":11207}
[m[2m2026-09-14 22:52:47.920+0200[m[2m | [m[2mEthScheduler-BlockCreation-1-4[m[2m | [m[32mINFO [m[2m | [m[2mApprovalSelector[m[2m | [m[32mOPS_APPROVAL_DECISION allow tx=0xc24e1d269ea3a3b249085028114ea86666c8751b1eb605eeb078842bd42539e7 calls=1
[m[2m2026-09-14 22:52:47.920+0200[m[2m | [m[2mEthScheduler-BlockCreation-1-4[m[2m | [m[32mINFO [m[2m | [m[2mApprovalSelector[m[2m | [m[32mOPS_APPROVAL_TIMING {"tx":"0xc24e1d269ea3a3b249085028114ea86666c8751b1eb605eeb078842bd42539e7","mode":3,"calls":1,"gate_ns":11542}
[m[2m2026-09-14 22:52:47.920+0200[m[2m | [m[2mEthScheduler-BlockCreation-1-4[m[2m | [m[32mINFO [m[2m | [m[2mApprovalSelector[m[2m | [m[32mOPS_APPROVAL_DECISION allow tx=0xb045ea6728a4927a3daead2289d5f2eb78d11cd51ddc5bba4c3eb2d41ca946a5 calls=1
[m[2m2026-09-14 22:52:47.920+0200[m[2m | [m[2mEthScheduler-BlockCreation-1-4[m[2m | [m[32mINFO [m[2m | [m[2mApprovalSelector[m[2m | [m[32mOPS_APPROVAL_TIMING {"tx":"0xb045ea6728a4927a3daead2289d5f2eb78d11cd51ddc5bba4c3eb2d41ca946a5","mode":3,"calls":1,"gate_ns":10499}
[m[2m2026-09-14 22:52:47.920+0200[m[2m | [m[2mEthScheduler-BlockCreation-1-4[m[2m | [m[32mINFO [m[2m | [m[2mApprovalSelector[m[2m | [m[32mOPS_APPROVAL_DECISION allow tx=0x080646c5eed2bc72c3a3d1f7ec5d6009abbd013ae95e15581947947e618cce90 calls=1
[m[2m2026-09-14 22:52:47.920+0200[m[2m | [m[2mEthScheduler-BlockCreation-1-4[m[2m | [m[32mINFO [m[2m | [m[2mApprovalSelector[m[2m | [m[32mOPS_APPROVAL_TIMING {"tx":"0x080646c5eed2bc72c3a3d1f7ec5d6009abbd013ae95e15581947947e618cce90","mode":3,"calls":1,"gate_ns":10708}
[m[2m2026-09-14 22:52:47.920+0200[m[2m | [m[2mEthScheduler-BlockCreation-1-4[m[2m | [m[32mINFO [m[2m | [m[2mApprovalSelector[m[2m | [m[32mOPS_APPROVAL_DECISION allow tx=0x6c66caa577216861fa93b14c6e3051f3a2ed00f79f7f68990e3f1c2feead9002 calls=1
[m[2m2026-09-14 22:52:47.920+0200[m[2m | [m[2mEthScheduler-BlockCreation-1-4[m[2m | [m[32mINFO [m[2m | [m[2mApprovalSelector[m[2m | [m[32mOPS_APPROVAL_TIMING {"tx":"0x6c66caa577216861fa93b14c6e3051f3a2ed00f79f7f68990e3f1c2feead9002","mode":3,"calls":1,"gate_ns":11916}
[m[2m2026-09-14 22:52:47.920+0200[m[2m | [m[2mEthScheduler-BlockCreation-1-4[m[2m | [m[32mINFO [m[2m | [m[2mApprovalSelector[m[2m | [m[32mOPS_APPROVAL_DECISION allow tx=0xa57abf19c966e121d130d620534309a0d1f3e5f6ecd068d82dff6d09f50d15fd calls=1
[m[2m2026-09-14 22:52:47.920+0200[m[2m | [m[2mEthScheduler-BlockCreation-1-4[m[2m | [m[32mINFO [m[2m | [m[2mApprovalSelector[m[2m | [m[32mOPS_APPROVAL_TIMING {"tx":"0xa57abf19c966e121d130d620534309a0d1f3e5f6ecd068d82dff6d09f50d15fd","mode":3,"calls":1,"gate_ns":12958}
[m[2m2026-09-14 22:52:47.920+0200[m[2m | [m[2mEthScheduler-BlockCreation-1-4[m[2m | [m[32mINFO [m[2m | [m[2mApprovalSelector[m[2m | [m[32mOPS_APPROVAL_DECISION allow tx=0x76397915bc16e0be31c3a99621ef2c409608a2809a8d924fc5148e3bf4a87a57 calls=1
[m[2m2026-09-14 22:52:47.920+0200[m[2m | [m[2mEthScheduler-BlockCreation-1-4[m[2m | [m[32mINFO [m[2m | [m[2mApprovalSelector[m[2m | [m[32mOPS_APPROVAL_TIMING {"tx":"0x76397915bc16e0be31c3a99621ef2c409608a2809a8d924fc5148e3bf4a87a57","mode":3,"calls":1,"gate_ns":11209}
[m[2m2026-09-14 22:52:47.920+0200[m[2m | [m[2mEthScheduler-BlockCreation-1-4[m[2m | [m[32mINFO [m[2m | [m[2mApprovalSelector[m[2m | [m[32mOPS_APPROVAL_DECISION allow tx=0x77950335dbf2e2cf0120da4b7f124e77b82690fe4cde61d9344642ae2e935ca4 calls=1
[m[2m2026-09-14 22:52:47.920+0200[m[2m | [m[2mEthScheduler-BlockCreation-1-4[m[2m | [m[32mINFO [m[2m | [m[2mApprovalSelector[m[2m | [m[32mOPS_APPROVAL_TIMING {"tx":"0x77950335dbf2e2cf0120da4b7f124e77b82690fe4cde61d9344642ae2e935ca4","mode":3,"calls":1,"gate_ns":10791}
[m[2m2026-09-14 22:52:47.920+0200[m[2m | [m[2mEthScheduler-BlockCreation-1-4[m[2m | [m[32mINFO [m[2m | [m[2mApprovalSelector[m[2m | [m[32mOPS_APPROVAL_DECISION allow tx=0x02249d29b9945e1a5a40a6c2486d324986572cc1c24e9abc924e613f50e4c9cb calls=1
[m[2m2026-09-14 22:52:47.920+0200[m[2m | [m[2mEthScheduler-BlockCreation-1-4[m[2m | [m[32mINFO [m[2m | [m[2mApprovalSelector[m[2m | [m[32mOPS_APPROVAL_TIMING {"tx":"0x02249d29b9945e1a5a40a6c2486d324986572cc1c24e9abc924e613f50e4c9cb","mode":3,"calls":1,"gate_ns":10625}
[m[2m2026-09-14 22:52:47.920+0200[m[2m | [m[2mEthScheduler-BlockCreation-1-4[m[2m | [m[32mINFO [m[2m | [m[2mApprovalSelector[m[2m | [m[32mOPS_APPROVAL_DECISION allow tx=0xecfd107270b6209f523bfca3785f174b3e911ac76829a281633dd75887985ba0 calls=1
[m[2m2026-09-14 22:52:47.920+0200[m[2m | [m[2mEthScheduler-BlockCreation-1-4[m[2m | [m[32mINFO [m[2m | [m[2mApprovalSelector[m[2m | [m[32mOPS_APPROVAL_TIMING {"tx":"0xecfd107270b6209f523bfca3785f174b3e911ac76829a281633dd75887985ba0","mode":3,"calls":1,"gate_ns":10250}
[m[2m2026-09-14 22:52:47.920+0200[m[2m | [m[2mEthScheduler-BlockCreation-1-4[m[2m | [m[32mINFO [m[2m | [m[2mApprovalSelector[m[2m | [m[32mOPS_APPROVAL_DECISION allow tx=0x1dcb860fd44df6aa5a26b2b39ccfec3ca25d8a2921f6993e1d39d1b3c3abef8b calls=1
[m[2m2026-09-14 22:52:47.920+0200[m[2m | [m[2mEthScheduler-BlockCreation-1-4[m[2m | [m[32mINFO [m[2m | [m[2mApprovalSelector[m[2m | [m[32mOPS_APPROVAL_TIMING {"tx":"0x1dcb860fd44df6aa5a26b2b39ccfec3ca25d8a2921f6993e1d39d1b3c3abef8b","mode":3,"calls":1,"gate_ns":12709}
[m[2m2026-09-14 22:52:47.920+0200[m[2m | [m[2mEthScheduler-BlockCreation-1-4[m[2m | [m[32mINFO [m[2m | [m[2mApprovalSelector[m[2m | [m[32mOPS_APPROVAL_DECISION allow tx=0x0ab203d563e05edba6d9bd6d75acc535a46e65dc997b42121766cb2ed3bcd7f4 calls=1
[m[2m2026-09-14 22:52:47.920+0200[m[2m | [m[2mEthScheduler-BlockCreation-1-4[m[2m | [m[32mINFO [m[2m | [m[2mApprovalSelector[m[2m | [m[32mOPS_APPROVAL_TIMING {"tx":"0x0ab203d563e05edba6d9bd6d75acc535a46e65dc997b42121766cb2ed3bcd7f4","mode":3,"calls":1,"gate_ns":11666}
[m[2m2026-09-14 22:52:47.920+0200[m[2m | [m[2mEthScheduler-BlockCreation-1-4[m[2m | [m[32mINFO [m[2m | [m[2mApprovalSelector[m[2m | [m[32mOPS_APPROVAL_DECISION allow tx=0x4215a517cb20e8ced747d8fa0399adec25472d11cf11a922943874ec5b704d2f calls=1
[m[2m2026-09-14 22:52:47.920+0200[m[2m | [m[2mEthScheduler-BlockCreation-1-4[m[2m | [m[32mINFO [m[2m | [m[2mApprovalSelector[m[2m | [m[32mOPS_APPROVAL_TIMING {"tx":"0x4215a517cb20e8ced747d8fa0399adec25472d11cf11a922943874ec5b704d2f","mode":3,"calls":1,"gate_ns":11750}
[m[2m2026-09-14 22:52:47.920+0200[m[2m | [m[2mEthScheduler-BlockCreation-1-4[m[2m | [m[32mINFO [m[2m | [m[2mApprovalSelector[m[2m | [m[32mOPS_APPROVAL_DECISION allow tx=0xbd23c03e4f34da3bf5f32d519e748aaa91a3a03e332a5692077aed4173a2adf8 calls=1
[m[2m2026-09-14 22:52:47.921+0200[m[2m | [m[2mEthScheduler-BlockCreation-1-4[m[2m | [m[32mINFO [m[2m | [m[2mApprovalSelector[m[2m | [m[32mOPS_APPROVAL_TIMING {"tx":"0xbd23c03e4f34da3bf5f32d519e748aaa91a3a03e332a5692077aed4173a2adf8","mode":3,"calls":1,"gate_ns":11875}
[m[2m2026-09-14 22:52:47.921+0200[m[2m | [m[2mEthScheduler-BlockCreation-1-4[m[2m | [m[32mINFO [m[2m | [m[2mApprovalSelector[m[2m | [m[32mOPS_APPROVAL_DECISION allow tx=0x75b6ebc56653e40e4a924b65fb7a7e8640835324960700650beef03fe3d216a7 calls=1
[m[2m2026-09-14 22:52:47.921+0200[m[2m | [m[2mEthScheduler-BlockCreation-1-4[m[2m | [m[32mINFO [m[2m | [m[2mApprovalSelector[m[2m | [m[32mOPS_APPROVAL_TIMING {"tx":"0x75b6ebc56653e40e4a924b65fb7a7e8640835324960700650beef03fe3d216a7","mode":3,"calls":1,"gate_ns":10667}
[m[2m2026-09-14 22:52:47.921+0200[m[2m | [m[2mEthScheduler-BlockCreation-1-4[m[2m | [m[32mINFO [m[2m | [m[2mApprovalSelector[m[2m | [m[32mOPS_APPROVAL_DECISION allow tx=0x1bc7156305ae9c96f5f2711256f50d6ed5ef9e4b74ce3ef372eeffa458841520 calls=1
[m[2m2026-09-14 22:52:47.921+0200[m[2m | [m[2mEthScheduler-BlockCreation-1-4[m[2m | [m[32mINFO [m[2m | [m[2mApprovalSelector[m[2m | [m[32mOPS_APPROVAL_TIMING {"tx":"0x1bc7156305ae9c96f5f2711256f50d6ed5ef9e4b74ce3ef372eeffa458841520","mode":3,"calls":1,"gate_ns":11749}
[m[2m2026-09-14 22:52:47.921+0200[m[2m | [m[2mEthScheduler-BlockCreation-1-4[m[2m | [m[32mINFO [m[2m | [m[2mApprovalSelector[m[2m | [m[32mOPS_APPROVAL_DECISION allow tx=0xb1160e9341f6e930f6f61816ef437d02ebfa40c2a597c51086e5f6b82c134e7f calls=1
[m[2m2026-09-14 22:52:47.921+0200[m[2m | [m[2mEthScheduler-BlockCreation-1-4[m[2m | [m[32mINFO [m[2m | [m[2mApprovalSelector[m[2m | [m[32mOPS_APPROVAL_TIMING {"tx":"0xb1160e9341f6e930f6f61816ef437d02ebfa40c2a597c51086e5f6b82c134e7f","mode":3,"calls":1,"gate_ns":9999}
[m[2m2026-09-14 22:52:47.921+0200[m[2m | [m[2mEthScheduler-BlockCreation-1-4[m[2m | [m[32mINFO [m[2m | [m[2mApprovalSelector[m[2m | [m[32mOPS_APPROVAL_DECISION allow tx=0x5d7424b9bb9c90d5839e73132cf1ad162e575229068b6781e25b468b1ac1a1b6 calls=1
[m[2m2026-09-14 22:52:47.921+0200[m[2m | [m[2mEthScheduler-BlockCreation-1-4[m[2m | [m[32mINFO [m[2m | [m[2mApprovalSelector[m[2m | [m[32mOPS_APPROVAL_TIMING {"tx":"0x5d7424b9bb9c90d5839e73132cf1ad162e575229068b6781e25b468b1ac1a1b6","mode":3,"calls":1,"gate_ns":10917}
[m[2m2026-09-14 22:52:47.921+0200[m[2m | [m[2mEthScheduler-BlockCreation-1-4[m[2m | [m[32mINFO [m[2m | [m[2mApprovalSelector[m[2m | [m[32mOPS_APPROVAL_DECISION allow tx=0x9cb9375d3e840c80966789b277fe4586617ddd5ae1733be4842d4f004c771179 calls=1
[m[2m2026-09-14 22:52:47.921+0200[m[2m | [m[2mEthScheduler-BlockCreation-1-4[m[2m | [m[32mINFO [m[2m | [m[2mApprovalSelector[m[2m | [m[32mOPS_APPROVAL_TIMING {"tx":"0x9cb9375d3e840c80966789b277fe4586617ddd5ae1733be4842d4f004c771179","mode":3,"calls":1,"gate_ns":10875}
[m[2m2026-09-14 22:52:47.921+0200[m[2m | [m[2mEthScheduler-BlockCreation-1-4[m[2m | [m[32mINFO [m[2m | [m[2mApprovalSelector[m[2m | [m[32mOPS_APPROVAL_DECISION allow tx=0x88a92b50c3d1a788933b1b1f685608a0ca83d241dcace46af8f2f0861af8d59a calls=1
[m[2m2026-09-14 22:52:47.921+0200[m[2m | [m[2mEthScheduler-BlockCreation-1-4[m[2m | [m[32mINFO [m[2m | [m[2mApprovalSelector[m[2m | [m[32mOPS_APPROVAL_TIMING {"tx":"0x88a92b50c3d1a788933b1b1f685608a0ca83d241dcace46af8f2f0861af8d59a","mode":3,"calls":1,"gate_ns":11875}
[m[2m2026-09-14 22:52:47.921+0200[m[2m | [m[2mEthScheduler-BlockCreation-1-4[m[2m | [m[32mINFO [m[2m | [m[2mApprovalSelector[m[2m | [m[32mOPS_APPROVAL_DECISION allow tx=0x699efdf5e5cbc5ab1a6f0434c76e9e2fdaa95c52e6cffc94761fe45fad75286a calls=1
[m[2m2026-09-14 22:52:47.921+0200[m[2m | [m[2mEthScheduler-BlockCreation-1-4[m[2m | [m[32mINFO [m[2m | [m[2mApprovalSelector[m[2m | [m[32mOPS_APPROVAL_TIMING {"tx":"0x699efdf5e5cbc5ab1a6f0434c76e9e2fdaa95c52e6cffc94761fe45fad75286a","mode":3,"calls":1,"gate_ns":10958}
[m[2m2026-09-14 22:52:47.921+0200[m[2m | [m[2mEthScheduler-BlockCreation-1-4[m[2m | [m[32mINFO [m[2m | [m[2mApprovalSelector[m[2m | [m[32mOPS_APPROVAL_DECISION allow tx=0x876aef1c9dcbad11a235756f60ee3d70bfa3b85e87c0cc67f7f18a1f2af855c3 calls=1
[m[2m2026-09-14 22:52:47.921+0200[m[2m | [m[2mEthScheduler-BlockCreation-1-4[m[2m | [m[32mINFO [m[2m | [m[2mApprovalSelector[m[2m | [m[32mOPS_APPROVAL_TIMING {"tx":"0x876aef1c9dcbad11a235756f60ee3d70bfa3b85e87c0cc67f7f18a1f2af855c3","mode":3,"calls":1,"gate_ns":11333}
[m[2m2026-09-14 22:52:47.921+0200[m[2m | [m[2mEthScheduler-BlockCreation-1-4[m[2m | [m[32mINFO [m[2m | [m[2mApprovalSelector[m[2m | [m[32mOPS_APPROVAL_DECISION allow tx=0x2d1346d09c34440f145084ad783e3a561337566370e1de989b9e2116229d72cc calls=1
[m[2m2026-09-14 22:52:47.921+0200[m[2m | [m[2mEthScheduler-BlockCreation-1-4[m[2m | [m[32mINFO [m[2m | [m[2mApprovalSelector[m[2m | [m[32mOPS_APPROVAL_TIMING {"tx":"0x2d1346d09c34440f145084ad783e3a561337566370e1de989b9e2116229d72cc","mode":3,"calls":1,"gate_ns":10416}
[m[2m2026-09-14 22:52:47.921+0200[m[2m | [m[2mEthScheduler-BlockCreation-1-4[m[2m | [m[32mINFO [m[2m | [m[2mApprovalSelector[m[2m | [m[32mOPS_APPROVAL_DECISION allow tx=0xc73bb9956d43f964bb21399713a581f2728f4d62a3769292a12ab1c5ac870687 calls=1
[m[2m2026-09-14 22:52:47.921+0200[m[2m | [m[2mEthScheduler-BlockCreation-1-4[m[2m | [m[32mINFO [m[2m | [m[2mApprovalSelector[m[2m | [m[32mOPS_APPROVAL_TIMING {"tx":"0xc73bb9956d43f964bb21399713a581f2728f4d62a3769292a12ab1c5ac870687","mode":3,"calls":1,"gate_ns":13916}
[m[2m2026-09-14 22:52:47.921+0200[m[2m | [m[2mEthScheduler-BlockCreation-1-4[m[2m | [m[32mINFO [m[2m | [m[2mApprovalSelector[m[2m | [m[32mOPS_APPROVAL_DECISION allow tx=0x89f5d43f11a0b9c6e8f843a14fcd93155f8a9c1de0dc26c880d923327d54dbca calls=1
[m[2m2026-09-14 22:52:47.921+0200[m[2m | [m[2mEthScheduler-BlockCreation-1-4[m[2m | [m[32mINFO [m[2m | [m[2mApprovalSelector[m[2m | [m[32mOPS_APPROVAL_TIMING {"tx":"0x89f5d43f11a0b9c6e8f843a14fcd93155f8a9c1de0dc26c880d923327d54dbca","mode":3,"calls":1,"gate_ns":10167}
[m[2m2026-09-14 22:52:47.921+0200[m[2m | [m[2mEthScheduler-BlockCreation-1-4[m[2m | [m[32mINFO [m[2m | [m[2mApprovalSelector[m[2m | [m[32mOPS_APPROVAL_DECISION allow tx=0xd4a38a96fa49d81909a4e4de3c56c9436dff2a7692abc49d4f00090e9bfa99cc calls=1
[m[2m2026-09-14 22:52:47.921+0200[m[2m | [m[2mEthScheduler-BlockCreation-1-4[m[2m | [m[32mINFO [m[2m | [m[2mApprovalSelector[m[2m | [m[32mOPS_APPROVAL_TIMING {"tx":"0xd4a38a96fa49d81909a4e4de3c56c9436dff2a7692abc49d4f00090e9bfa99cc","mode":3,"calls":1,"gate_ns":10042}
[m[2m2026-09-14 22:52:47.921+0200[m[2m | [m[2mEthScheduler-BlockCreation-1-4[m[2m | [m[32mINFO [m[2m | [m[2mApprovalSelector[m[2m | [m[32mOPS_APPROVAL_DECISION allow tx=0x589f958c22cdf684c84bceed787c791b7edf474a654df201578c950545d0f854 calls=1
[m[2m2026-09-14 22:52:47.921+0200[m[2m | [m[2mEthScheduler-BlockCreation-1-4[m[2m | [m[32mINFO [m[2m | [m[2mApprovalSelector[m[2m | [m[32mOPS_APPROVAL_TIMING {"tx":"0x589f958c22cdf684c84bceed787c791b7edf474a654df201578c950545d0f854","mode":3,"calls":1,"gate_ns":9917}
[m[2m2026-09-14 22:52:47.921+0200[m[2m | [m[2mEthScheduler-BlockCreation-1-4[m[2m | [m[32mINFO [m[2m | [m[2mApprovalSelector[m[2m | [m[32mOPS_APPROVAL_DECISION allow tx=0xf07cfa8e6bc1eea584da5c91ba54980a1ac2231d14335d73b583927976aa4a6e calls=1
[m[2m2026-09-14 22:52:47.921+0200[m[2m | [m[2mEthScheduler-BlockCreation-1-4[m[2m | [m[32mINFO [m[2m | [m[2mApprovalSelector[m[2m | [m[32mOPS_APPROVAL_TIMING {"tx":"0xf07cfa8e6bc1eea584da5c91ba54980a1ac2231d14335d73b583927976aa4a6e","mode":3,"calls":1,"gate_ns":10126}
[m[2m2026-09-14 22:52:47.921+0200[m[2m | [m[2mEthScheduler-BlockCreation-1-4[m[2m | [m[32mINFO [m[2m | [m[2mApprovalSelector[m[2m | [m[32mOPS_APPROVAL_DECISION allow tx=0x90aa2edd23daa8f93af811db791917f21317473b4b01c1543f0d23c5ee508680 calls=1
[m[2m2026-09-14 22:52:47.921+0200[m[2m | [m[2mEthScheduler-BlockCreation-1-4[m[2m | [m[32mINFO [m[2m | [m[2mApprovalSelector[m[2m | [m[32mOPS_APPROVAL_TIMING {"tx":"0x90aa2edd23daa8f93af811db791917f21317473b4b01c1543f0d23c5ee508680","mode":3,"calls":1,"gate_ns":10416}
[m[2m2026-09-14 22:52:47.921+0200[m[2m | [m[2mEthScheduler-BlockCreation-1-4[m[2m | [m[32mINFO [m[2m | [m[2mApprovalSelector[m[2m | [m[32mOPS_APPROVAL_DECISION allow tx=0x7e03b59e699c6d8ec08f9fcdf9032733cdae40ef789074f15942b717872e95f9 calls=1
[m[2m2026-09-14 22:52:47.921+0200[m[2m | [m[2mEthScheduler-BlockCreation-1-4[m[2m | [m[32mINFO [m[2m | [m[2mApprovalSelector[m[2m | [m[32mOPS_APPROVAL_TIMING {"tx":"0x7e03b59e699c6d8ec08f9fcdf9032733cdae40ef789074f15942b717872e95f9","mode":3,"calls":1,"gate_ns":11167}
[m[2m2026-09-14 22:52:47.921+0200[m[2m | [m[2mEthScheduler-BlockCreation-1-4[m[2m | [m[32mINFO [m[2m | [m[2mApprovalSelector[m[2m | [m[32mOPS_APPROVAL_DECISION allow tx=0x3382281846905560f145a04a73f71ab3e0d3fde4f33fe688042cdde41b978e58 calls=1
[m[2m2026-09-14 22:52:47.921+0200[m[2m | [m[2mEthScheduler-BlockCreation-1-4[m[2m | [m[32mINFO [m[2m | [m[2mApprovalSelector[m[2m | [m[32mOPS_APPROVAL_TIMING {"tx":"0x3382281846905560f145a04a73f71ab3e0d3fde4f33fe688042cdde41b978e58","mode":3,"calls":1,"gate_ns":10875}
[m[2m2026-09-14 22:52:47.921+0200[m[2m | [m[2mEthScheduler-BlockCreation-1-4[m[2m | [m[32mINFO [m[2m | [m[2mApprovalSelector[m[2m | [m[32mOPS_APPROVAL_DECISION allow tx=0x893a72a984ee9dfc23d527311eeb96a4a70a7f91b22f72ebbacfa0d5f8e62f29 calls=1
[m[2m2026-09-14 22:52:47.921+0200[m[2m | [m[2mEthScheduler-BlockCreation-1-4[m[2m | [m[32mINFO [m[2m | [m[2mApprovalSelector[m[2m | [m[32mOPS_APPROVAL_TIMING {"tx":"0x893a72a984ee9dfc23d527311eeb96a4a70a7f91b22f72ebbacfa0d5f8e62f29","mode":3,"calls":1,"gate_ns":10208}
[m[2m2026-09-14 22:52:47.921+0200[m[2m | [m[2mEthScheduler-BlockCreation-1-4[m[2m | [m[32mINFO [m[2m | [m[2mApprovalSelector[m[2m | [m[32mOPS_APPROVAL_DECISION allow tx=0x109e606141d98e757318213a2526a2bd00a70ac0139a7542d562b9f7aab5a62e calls=1
[m[2m2026-09-14 22:52:47.921+0200[m[2m | [m[2mEthScheduler-BlockCreation-1-4[m[2m | [m[32mINFO [m[2m | [m[2mApprovalSelector[m[2m | [m[32mOPS_APPROVAL_TIMING {"tx":"0x109e606141d98e757318213a2526a2bd00a70ac0139a7542d562b9f7aab5a62e","mode":3,"calls":1,"gate_ns":10083}
[m[2m2026-09-14 22:52:47.922+0200[m[2m | [m[2mEthScheduler-BlockCreation-1-4[m[2m | [m[32mINFO [m[2m | [m[2mApprovalSelector[m[2m | [m[32mOPS_APPROVAL_DECISION allow tx=0xb50666a1b97188177bd68acf7a8ba81564f90d826eff9e7d34eb667a9eb458c2 calls=1
[m[2m2026-09-14 22:52:47.922+0200[m[2m | [m[2mEthScheduler-BlockCreation-1-4[m[2m | [m[32mINFO [m[2m | [m[2mApprovalSelector[m[2m | [m[32mOPS_APPROVAL_TIMING {"tx":"0xb50666a1b97188177bd68acf7a8ba81564f90d826eff9e7d34eb667a9eb458c2","mode":3,"calls":1,"gate_ns":11583}
[m[2m2026-09-14 22:52:47.922+0200[m[2m | [m[2mEthScheduler-BlockCreation-1-4[m[2m | [m[32mINFO [m[2m | [m[2mApprovalSelector[m[2m | [m[32mOPS_APPROVAL_DECISION allow tx=0x46831cb7882abbe119de4aecc6c04d9ffe7f924b99510b682273f55566334a20 calls=1
[m[2m2026-09-14 22:52:47.922+0200[m[2m | [m[2mEthScheduler-BlockCreation-1-4[m[2m | [m[32mINFO [m[2m | [m[2mApprovalSelector[m[2m | [m[32mOPS_APPROVAL_TIMING {"tx":"0x46831cb7882abbe119de4aecc6c04d9ffe7f924b99510b682273f55566334a20","mode":3,"calls":1,"gate_ns":10707}
[m[2m2026-09-14 22:52:47.922+0200[m[2m | [m[2mEthScheduler-BlockCreation-1-4[m[2m | [m[32mINFO [m[2m | [m[2mApprovalSelector[m[2m | [m[32mOPS_APPROVAL_DECISION allow tx=0x1194384b6a198d2aa3bc371b3f978d22739d24f620091a321c5bfec2ff4bdc7d calls=1
[m[2m2026-09-14 22:52:47.922+0200[m[2m | [m[2mEthScheduler-BlockCreation-1-4[m[2m | [m[32mINFO [m[2m | [m[2mApprovalSelector[m[2m | [m[32mOPS_APPROVAL_TIMING {"tx":"0x1194384b6a198d2aa3bc371b3f978d22739d24f620091a321c5bfec2ff4bdc7d","mode":3,"calls":1,"gate_ns":11292}
[m[2m2026-09-14 22:52:47.922+0200[m[2m | [m[2mEthScheduler-BlockCreation-1-4[m[2m | [m[32mINFO [m[2m | [m[2mApprovalSelector[m[2m | [m[32mOPS_APPROVAL_DECISION allow tx=0x0333dfb271680412c167ec53444f8e9d1f1b97659ffefcc1293f9d23d9d6b745 calls=1
[m[2m2026-09-14 22:52:47.922+0200[m[2m | [m[2mEthScheduler-BlockCreation-1-4[m[2m | [m[32mINFO [m[2m | [m[2mApprovalSelector[m[2m | [m[32mOPS_APPROVAL_TIMING {"tx":"0x0333dfb271680412c167ec53444f8e9d1f1b97659ffefcc1293f9d23d9d6b745","mode":3,"calls":1,"gate_ns":11459}
[m[2m2026-09-14 22:52:47.922+0200[m[2m | [m[2mEthScheduler-BlockCreation-1-4[m[2m | [m[32mINFO [m[2m | [m[2mApprovalSelector[m[2m | [m[32mOPS_APPROVAL_DECISION allow tx=0xea7685ffcb4f70af139a49a1e07d55b8bfc8a48dd8a2fcc7ee5c16a89208c517 calls=1
[m[2m2026-09-14 22:52:47.922+0200[m[2m | [m[2mEthScheduler-BlockCreation-1-4[m[2m | [m[32mINFO [m[2m | [m[2mApprovalSelector[m[2m | [m[32mOPS_APPROVAL_TIMING {"tx":"0xea7685ffcb4f70af139a49a1e07d55b8bfc8a48dd8a2fcc7ee5c16a89208c517","mode":3,"calls":1,"gate_ns":10458}
[m[2m2026-09-14 22:52:47.922+0200[m[2m | [m[2mEthScheduler-BlockCreation-1-4[m[2m | [m[32mINFO [m[2m | [m[2mApprovalSelector[m[2m | [m[32mOPS_APPROVAL_DECISION allow tx=0x69030ffa60c792e34239ed58c54ef4f4a61e2963d729e79e20a88dfc1461488a calls=1
[m[2m2026-09-14 22:52:47.922+0200[m[2m | [m[2mEthScheduler-BlockCreation-1-4[m[2m | [m[32mINFO [m[2m | [m[2mApprovalSelector[m[2m | [m[32mOPS_APPROVAL_TIMING {"tx":"0x69030ffa60c792e34239ed58c54ef4f4a61e2963d729e79e20a88dfc1461488a","mode":3,"calls":1,"gate_ns":10166}
[m[2m2026-09-14 22:52:47.922+0200[m[2m | [m[2mEthScheduler-BlockCreation-1-4[m[2m | [m[32mINFO [m[2m | [m[2mApprovalSelector[m[2m | [m[32mOPS_APPROVAL_DECISION allow tx=0x34f8d36c0c5ece0baaa52384f7d5972bb35ab618c61f2e4f3a09cce5515901fa calls=1
[m[2m2026-09-14 22:52:47.922+0200[m[2m | [m[2mEthScheduler-BlockCreation-1-4[m[2m | [m[32mINFO [m[2m | [m[2mApprovalSelector[m[2m | [m[32mOPS_APPROVAL_TIMING {"tx":"0x34f8d36c0c5ece0baaa52384f7d5972bb35ab618c61f2e4f3a09cce5515901fa","mode":3,"calls":1,"gate_ns":10249}
[m[2m2026-09-14 22:52:47.922+0200[m[2m | [m[2mEthScheduler-BlockCreation-1-4[m[2m | [m[32mINFO [m[2m | [m[2mApprovalSelector[m[2m | [m[32mOPS_APPROVAL_DECISION allow tx=0x5e045d1a57b9e34cbb8f85c3efe42be1af90411d66ae852a70895fd5837c455e calls=1
[m[2m2026-09-14 22:52:47.922+0200[m[2m | [m[2mEthScheduler-BlockCreation-1-4[m[2m | [m[32mINFO [m[2m | [m[2mApprovalSelector[m[2m | [m[32mOPS_APPROVAL_TIMING {"tx":"0x5e045d1a57b9e34cbb8f85c3efe42be1af90411d66ae852a70895fd5837c455e","mode":3,"calls":1,"gate_ns":10250}
[m[2m2026-09-14 22:52:47.922+0200[m[2m | [m[2mEthScheduler-BlockCreation-1-4[m[2m | [m[32mINFO [m[2m | [m[2mApprovalSelector[m[2m | [m[32mOPS_APPROVAL_DECISION allow tx=0x2ab453958f614950d57ec6b1acc2680f5d68a45e178640ae08ff90a3c19f34ed calls=1
[m[2m2026-09-14 22:52:47.922+0200[m[2m | [m[2mEthScheduler-BlockCreation-1-4[m[2m | [m[32mINFO [m[2m | [m[2mApprovalSelector[m[2m | [m[32mOPS_APPROVAL_TIMING {"tx":"0x2ab453958f614950d57ec6b1acc2680f5d68a45e178640ae08ff90a3c19f34ed","mode":3,"calls":1,"gate_ns":11583}
[m[2m2026-09-14 22:52:47.922+0200[m[2m | [m[2mEthScheduler-BlockCreation-1-4[m[2m | [m[32mINFO [m[2m | [m[2mApprovalSelector[m[2m | [m[32mOPS_APPROVAL_DECISION allow tx=0x7a46c6b5920abecc4f01ce20e9c0d34a4fef1a7326684b9ea1d6be957627c5a5 calls=1
[m[2m2026-09-14 22:52:47.922+0200[m[2m | [m[2mEthScheduler-BlockCreation-1-4[m[2m | [m[32mINFO [m[2m | [m[2mApprovalSelector[m[2m | [m[32mOPS_APPROVAL_TIMING {"tx":"0x7a46c6b5920abecc4f01ce20e9c0d34a4fef1a7326684b9ea1d6be957627c5a5","mode":3,"calls":1,"gate_ns":10083}
[m[2m2026-09-14 22:52:47.922+0200[m[2m | [m[2mEthScheduler-BlockCreation-1-4[m[2m | [m[32mINFO [m[2m | [m[2mApprovalSelector[m[2m | [m[32mOPS_APPROVAL_DECISION allow tx=0x15e02e310efa834b4d468f5b2660d00368b62bad20eb7da19bed8897968c15dc calls=1
[m[2m2026-09-14 22:52:47.922+0200[m[2m | [m[2mEthScheduler-BlockCreation-1-4[m[2m | [m[32mINFO [m[2m | [m[2mApprovalSelector[m[2m | [m[32mOPS_APPROVAL_TIMING {"tx":"0x15e02e310efa834b4d468f5b2660d00368b62bad20eb7da19bed8897968c15dc","mode":3,"calls":1,"gate_ns":10666}
[m[2m2026-09-14 22:52:47.922+0200[m[2m | [m[2mEthScheduler-BlockCreation-1-4[m[2m | [m[32mINFO [m[2m | [m[2mApprovalSelector[m[2m | [m[32mOPS_APPROVAL_DECISION allow tx=0xe98a3a5a004585652d42ccf003038c1a8cdc83d2928d45de8649fb153f42da69 calls=1
[m[2m2026-09-14 22:52:47.922+0200[m[2m | [m[2mEthScheduler-BlockCreation-1-4[m[2m | [m[32mINFO [m[2m | [m[2mApprovalSelector[m[2m | [m[32mOPS_APPROVAL_TIMING {"tx":"0xe98a3a5a004585652d42ccf003038c1a8cdc83d2928d45de8649fb153f42da69","mode":3,"calls":1,"gate_ns":10166}
[m[2m2026-09-14 22:52:47.922+0200[m[2m | [m[2mEthScheduler-BlockCreation-1-4[m[2m | [m[32mINFO [m[2m | [m[2mApprovalSelector[m[2m | [m[32mOPS_APPROVAL_DECISION allow tx=0x025e8e73dec05938342589f7632b66bcb728b413f3cc7174be43ca17000c7c70 calls=1
[m[2m2026-09-14 22:52:47.922+0200[m[2m | [m[2mEthScheduler-BlockCreation-1-4[m[2m | [m[32mINFO [m[2m | [m[2mApprovalSelector[m[2m | [m[32mOPS_APPROVAL_TIMING {"tx":"0x025e8e73dec05938342589f7632b66bcb728b413f3cc7174be43ca17000c7c70","mode":3,"calls":1,"gate_ns":9958}
[m[2m2026-09-14 22:52:47.922+0200[m[2m | [m[2mEthScheduler-BlockCreation-1-4[m[2m | [m[32mINFO [m[2m | [m[2mApprovalSelector[m[2m | [m[32mOPS_APPROVAL_DECISION allow tx=0xe66b05d1a5d0d5ca2e2c53b97dba4dcb67ad7f81ae22f9faf4711956a4a54d0d calls=1
[m[2m2026-09-14 22:52:47.922+0200[m[2m | [m[2mEthScheduler-BlockCreation-1-4[m[2m | [m[32mINFO [m[2m | [m[2mApprovalSelector[m[2m | [m[32mOPS_APPROVAL_TIMING {"tx":"0xe66b05d1a5d0d5ca2e2c53b97dba4dcb67ad7f81ae22f9faf4711956a4a54d0d","mode":3,"calls":1,"gate_ns":10208}
[m[2m2026-09-14 22:52:47.922+0200[m[2m | [m[2mEthScheduler-BlockCreation-1-4[m[2m | [m[32mINFO [m[2m | [m[2mApprovalSelector[m[2m | [m[32mOPS_APPROVAL_DECISION allow tx=0x3ffe2389a752161b30b0f120519311a85fcf28c7425d17ddb60a1b8c51a8d783 calls=1
[m[2m2026-09-14 22:52:47.922+0200[m[2m | [m[2mEthScheduler-BlockCreation-1-4[m[2m | [m[32mINFO [m[2m | [m[2mApprovalSelector[m[2m | [m[32mOPS_APPROVAL_TIMING {"tx":"0x3ffe2389a752161b30b0f120519311a85fcf28c7425d17ddb60a1b8c51a8d783","mode":3,"calls":1,"gate_ns":10209}
[m[2m2026-09-14 22:52:47.922+0200[m[2m | [m[2mEthScheduler-BlockCreation-1-4[m[2m | [m[32mINFO [m[2m | [m[2mApprovalSelector[m[2m | [m[32mOPS_APPROVAL_DECISION allow tx=0x2a8aa64b700893f82913a50a53094aa4e580445219cae92a3c5bdbec51f5f50d calls=1
[m[2m2026-09-14 22:52:47.922+0200[m[2m | [m[2mEthScheduler-BlockCreation-1-4[m[2m | [m[32mINFO [m[2m | [m[2mApprovalSelector[m[2m | [m[32mOPS_APPROVAL_TIMING {"tx":"0x2a8aa64b700893f82913a50a53094aa4e580445219cae92a3c5bdbec51f5f50d","mode":3,"calls":1,"gate_ns":9791}
[m[2m2026-09-14 22:52:47.922+0200[m[2m | [m[2mEthScheduler-BlockCreation-1-4[m[2m | [m[32mINFO [m[2m | [m[2mApprovalSelector[m[2m | [m[32mOPS_APPROVAL_DECISION allow tx=0x09b987aeb528ea67757878a0c573bb7b32c3878b36a91333ca68b01b1b5c3dc1 calls=1
[m[2m2026-09-14 22:52:47.922+0200[m[2m | [m[2mEthScheduler-BlockCreation-1-4[m[2m | [m[32mINFO [m[2m | [m[2mApprovalSelector[m[2m | [m[32mOPS_APPROVAL_TIMING {"tx":"0x09b987aeb528ea67757878a0c573bb7b32c3878b36a91333ca68b01b1b5c3dc1","mode":3,"calls":1,"gate_ns":9958}
[m[2m2026-09-14 22:52:47.922+0200[m[2m | [m[2mEthScheduler-BlockCreation-1-4[m[2m | [m[32mINFO [m[2m | [m[2mApprovalSelector[m[2m | [m[32mOPS_APPROVAL_DECISION allow tx=0x857fad58e8ea8491d74b8f035ff631ecd752ab893a3c9d099ea6908dd8771c1b calls=1
[m[2m2026-09-14 22:52:47.922+0200[m[2m | [m[2mEthScheduler-BlockCreation-1-4[m[2m | [m[32mINFO [m[2m | [m[2mApprovalSelector[m[2m | [m[32mOPS_APPROVAL_TIMING {"tx":"0x857fad58e8ea8491d74b8f035ff631ecd752ab893a3c9d099ea6908dd8771c1b","mode":3,"calls":1,"gate_ns":10125}
[m[2m2026-09-14 22:52:47.922+0200[m[2m | [m[2mEthScheduler-BlockCreation-1-4[m[2m | [m[32mINFO [m[2m | [m[2mApprovalSelector[m[2m | [m[32mOPS_APPROVAL_DECISION allow tx=0xdfc063d2794f957ce0faf536bf0cbb49d6e5e8485049143328ee4087f7576cc7 calls=1
[m[2m2026-09-14 22:52:47.922+0200[m[2m | [m[2mEthScheduler-BlockCreation-1-4[m[2m | [m[32mINFO [m[2m | [m[2mApprovalSelector[m[2m | [m[32mOPS_APPROVAL_TIMING {"tx":"0xdfc063d2794f957ce0faf536bf0cbb49d6e5e8485049143328ee4087f7576cc7","mode":3,"calls":1,"gate_ns":10000}
[m[2m2026-09-14 22:52:47.923+0200[m[2m | [m[2mEthScheduler-BlockCreation-1-4[m[2m | [m[32mINFO [m[2m | [m[2mApprovalSelector[m[2m | [m[32mOPS_APPROVAL_DECISION allow tx=0x7f06d065ff9e84d722167678b7f4085cbf044818e0f86ef94ecacfece3b149e4 calls=1
[m[2m2026-09-14 22:52:47.923+0200[m[2m | [m[2mEthScheduler-BlockCreation-1-4[m[2m | [m[32mINFO [m[2m | [m[2mApprovalSelector[m[2m | [m[32mOPS_APPROVAL_TIMING {"tx":"0x7f06d065ff9e84d722167678b7f4085cbf044818e0f86ef94ecacfece3b149e4","mode":3,"calls":1,"gate_ns":21750}
[m[2m2026-09-14 22:52:47.923+0200[m[2m | [m[2mEthScheduler-BlockCreation-1-4[m[2m | [m[32mINFO [m[2m | [m[2mApprovalSelector[m[2m | [m[32mOPS_APPROVAL_DECISION allow tx=0x6030ec655d5be12e502ea3a607256460564b7568ee300f26f633cc53bbe695ff calls=1
[m[2m2026-09-14 22:52:47.923+0200[m[2m | [m[2mEthScheduler-BlockCreation-1-4[m[2m | [m[32mINFO [m[2m | [m[2mApprovalSelector[m[2m | [m[32mOPS_APPROVAL_TIMING {"tx":"0x6030ec655d5be12e502ea3a607256460564b7568ee300f26f633cc53bbe695ff","mode":3,"calls":1,"gate_ns":12125}
[m[2m2026-09-14 22:52:47.923+0200[m[2m | [m[2mEthScheduler-BlockCreation-1-4[m[2m | [m[32mINFO [m[2m | [m[2mApprovalSelector[m[2m | [m[32mOPS_APPROVAL_DECISION allow tx=0x189b5e9a30be1938814c12bd73022c37824ccc21142be317e4f97d7d65bb00b8 calls=1
[m[2m2026-09-14 22:52:47.923+0200[m[2m | [m[2mEthScheduler-BlockCreation-1-4[m[2m | [m[32mINFO [m[2m | [m[2mApprovalSelector[m[2m | [m[32mOPS_APPROVAL_TIMING {"tx":"0x189b5e9a30be1938814c12bd73022c37824ccc21142be317e4f97d7d65bb00b8","mode":3,"calls":1,"gate_ns":9958}
[m[2m2026-09-14 22:52:47.923+0200[m[2m | [m[2mEthScheduler-BlockCreation-1-4[m[2m | [m[32mINFO [m[2m | [m[2mApprovalSelector[m[2m | [m[32mOPS_APPROVAL_DECISION allow tx=0x33c7627cfe0040e9ff92334b903a27551aa3f2df1da0662fea61405578e6f402 calls=1
[m[2m2026-09-14 22:52:47.923+0200[m[2m | [m[2mEthScheduler-BlockCreation-1-4[m[2m | [m[32mINFO [m[2m | [m[2mApprovalSelector[m[2m | [m[32mOPS_APPROVAL_TIMING {"tx":"0x33c7627cfe0040e9ff92334b903a27551aa3f2df1da0662fea61405578e6f402","mode":3,"calls":1,"gate_ns":10125}
[m[2m2026-09-14 22:52:47.923+0200[m[2m | [m[2mEthScheduler-BlockCreation-1-4[m[2m | [m[32mINFO [m[2m | [m[2mApprovalSelector[m[2m | [m[32mOPS_APPROVAL_DECISION allow tx=0xf09c300163b059636a71d4379b9306ca4bd2e91f5276fb26f1a1535a75f3eb29 calls=1
[m[2m2026-09-14 22:52:47.923+0200[m[2m | [m[2mEthScheduler-BlockCreation-1-4[m[2m | [m[32mINFO [m[2m | [m[2mApprovalSelector[m[2m | [m[32mOPS_APPROVAL_TIMING {"tx":"0xf09c300163b059636a71d4379b9306ca4bd2e91f5276fb26f1a1535a75f3eb29","mode":3,"calls":1,"gate_ns":9875}
[m[2m2026-09-14 22:52:47.923+0200[m[2m | [m[2mEthScheduler-BlockCreation-1-4[m[2m | [m[32mINFO [m[2m | [m[2mApprovalSelector[m[2m | [m[32mOPS_APPROVAL_DECISION allow tx=0x3e669cacc31a740f3cc4f4b9a85be722ced5c20bf4efde92a18d5df627450ad3 calls=1
[m[2m2026-09-14 22:52:47.923+0200[m[2m | [m[2mEthScheduler-BlockCreation-1-4[m[2m | [m[32mINFO [m[2m | [m[2mApprovalSelector[m[2m | [m[32mOPS_APPROVAL_TIMING {"tx":"0x3e669cacc31a740f3cc4f4b9a85be722ced5c20bf4efde92a18d5df627450ad3","mode":3,"calls":1,"gate_ns":9916}
[m[2m2026-09-14 22:52:47.923+0200[m[2m | [m[2mEthScheduler-BlockCreation-1-4[m[2m | [m[32mINFO [m[2m | [m[2mApprovalSelector[m[2m | [m[32mOPS_APPROVAL_DECISION allow tx=0xe7b9191cbc732c96e39ce4c35d301e83a28c5861cc00ea468408ff8dae5c83e0 calls=1
[m[2m2026-09-14 22:52:47.923+0200[m[2m | [m[2mEthScheduler-BlockCreation-1-4[m[2m | [m[32mINFO [m[2m | [m[2mApprovalSelector[m[2m | [m[32mOPS_APPROVAL_TIMING {"tx":"0xe7b9191cbc732c96e39ce4c35d301e83a28c5861cc00ea468408ff8dae5c83e0","mode":3,"calls":1,"gate_ns":10083}
[m[2m2026-09-14 22:52:47.923+0200[m[2m | [m[2mEthScheduler-BlockCreation-1-4[m[2m | [m[32mINFO [m[2m | [m[2mApprovalSelector[m[2m | [m[32mOPS_APPROVAL_DECISION allow tx=0x12e8a0f5de52c98f87470487e3f0923da6ef49da7b5e54a7d94efb39ce102395 calls=1
[m[2m2026-09-14 22:52:47.923+0200[m[2m | [m[2mEthScheduler-BlockCreation-1-4[m[2m | [m[32mINFO [m[2m | [m[2mApprovalSelector[m[2m | [m[32mOPS_APPROVAL_TIMING {"tx":"0x12e8a0f5de52c98f87470487e3f0923da6ef49da7b5e54a7d94efb39ce102395","mode":3,"calls":1,"gate_ns":9918}
[m[2m2026-09-14 22:52:47.923+0200[m[2m | [m[2mEthScheduler-BlockCreation-1-4[m[2m | [m[32mINFO [m[2m | [m[2mApprovalSelector[m[2m | [m[32mOPS_APPROVAL_DECISION allow tx=0x5682b3fc51bb5d008a143f77746b207512f65fc0f8d2c1f73002ec36cd016728 calls=1
[m[2m2026-09-14 22:52:47.923+0200[m[2m | [m[2mEthScheduler-BlockCreation-1-4[m[2m | [m[32mINFO [m[2m | [m[2mApprovalSelector[m[2m | [m[32mOPS_APPROVAL_TIMING {"tx":"0x5682b3fc51bb5d008a143f77746b207512f65fc0f8d2c1f73002ec36cd016728","mode":3,"calls":1,"gate_ns":10667}
[m[2m2026-09-14 22:52:47.923+0200[m[2m | [m[2mEthScheduler-BlockCreation-1-4[m[2m | [m[32mINFO [m[2m | [m[2mApprovalSelector[m[2m | [m[32mOPS_APPROVAL_DECISION allow tx=0x8ce69cdd3483f1c97c4468f0e7e31d3cd03e23bc424429998862a367d99ed67e calls=1
[m[2m2026-09-14 22:52:47.923+0200[m[2m | [m[2mEthScheduler-BlockCreation-1-4[m[2m | [m[32mINFO [m[2m | [m[2mApprovalSelector[m[2m | [m[32mOPS_APPROVAL_TIMING {"tx":"0x8ce69cdd3483f1c97c4468f0e7e31d3cd03e23bc424429998862a367d99ed67e","mode":3,"calls":1,"gate_ns":9959}
[m[2m2026-09-14 22:52:47.923+0200[m[2m | [m[2mEthScheduler-BlockCreation-1-4[m[2m | [m[32mINFO [m[2m | [m[2mApprovalSelector[m[2m | [m[32mOPS_APPROVAL_DECISION allow tx=0x2fdca66e8aa1a1fa706382caf9df5973cffaec56496c04935b6af88264b8f37f calls=1
[m[2m2026-09-14 22:52:47.923+0200[m[2m | [m[2mEthScheduler-BlockCreation-1-4[m[2m | [m[32mINFO [m[2m | [m[2mApprovalSelector[m[2m | [m[32mOPS_APPROVAL_TIMING {"tx":"0x2fdca66e8aa1a1fa706382caf9df5973cffaec56496c04935b6af88264b8f37f","mode":3,"calls":1,"gate_ns":10917}
[m[2m2026-09-14 22:52:47.923+0200[m[2m | [m[2mEthScheduler-BlockCreation-1-4[m[2m | [m[32mINFO [m[2m | [m[2mApprovalSelector[m[2m | [m[32mOPS_APPROVAL_DECISION allow tx=0xdaa89bf22e953c0514b187858b7daa8cd2af2c9bad9bb1a67132e5308a1e7738 calls=1
[m[2m2026-09-14 22:52:47.923+0200[m[2m | [m[2mEthScheduler-BlockCreation-1-4[m[2m | [m[32mINFO [m[2m | [m[2mApprovalSelector[m[2m | [m[32mOPS_APPROVAL_TIMING {"tx":"0xdaa89bf22e953c0514b187858b7daa8cd2af2c9bad9bb1a67132e5308a1e7738","mode":3,"calls":1,"gate_ns":10042}
[m[2m2026-09-14 22:52:47.923+0200[m[2m | [m[2mEthScheduler-BlockCreation-1-4[m[2m | [m[32mINFO [m[2m | [m[2mApprovalSelector[m[2m | [m[32mOPS_APPROVAL_DECISION allow tx=0xe2cd23c187fc8e8ccfd5660f2c3a715ae3bbb0e90c108a51cb7e538448c166f0 calls=1
[m[2m2026-09-14 22:52:47.923+0200[m[2m | [m[2mEthScheduler-BlockCreation-1-4[m[2m | [m[32mINFO [m[2m | [m[2mApprovalSelector[m[2m | [m[32mOPS_APPROVAL_TIMING {"tx":"0xe2cd23c187fc8e8ccfd5660f2c3a715ae3bbb0e90c108a51cb7e538448c166f0","mode":3,"calls":1,"gate_ns":9875}
[m[2m2026-09-14 22:52:47.923+0200[m[2m | [m[2mEthScheduler-BlockCreation-1-4[m[2m | [m[32mINFO [m[2m | [m[2mApprovalSelector[m[2m | [m[32mOPS_APPROVAL_DECISION allow tx=0x8d95a21ac49e73d3bfec8e5aef978404a9c5d20dd5d4bf2b75dcb0b1e3e1701a calls=1
[m[2m2026-09-14 22:52:47.923+0200[m[2m | [m[2mEthScheduler-BlockCreation-1-4[m[2m | [m[32mINFO [m[2m | [m[2mApprovalSelector[m[2m | [m[32mOPS_APPROVAL_TIMING {"tx":"0x8d95a21ac49e73d3bfec8e5aef978404a9c5d20dd5d4bf2b75dcb0b1e3e1701a","mode":3,"calls":1,"gate_ns":10208}
[m[2m2026-09-14 22:52:47.923+0200[m[2m | [m[2mEthScheduler-BlockCreation-1-4[m[2m | [m[32mINFO [m[2m | [m[2mApprovalSelector[m[2m | [m[32mOPS_APPROVAL_DECISION allow tx=0x8e4945aaabeec26d0f2bb0e6e97c7fc5405dae38b4184022888431ff9d7ffee4 calls=1
[m[2m2026-09-14 22:52:47.923+0200[m[2m | [m[2mEthScheduler-BlockCreation-1-4[m[2m | [m[32mINFO [m[2m | [m[2mApprovalSelector[m[2m | [m[32mOPS_APPROVAL_TIMING {"tx":"0x8e4945aaabeec26d0f2bb0e6e97c7fc5405dae38b4184022888431ff9d7ffee4","mode":3,"calls":1,"gate_ns":9876}
[m[2m2026-09-14 22:52:47.923+0200[m[2m | [m[2mEthScheduler-BlockCreation-1-4[m[2m | [m[32mINFO [m[2m | [m[2mApprovalSelector[m[2m | [m[32mOPS_APPROVAL_DECISION allow tx=0x55f4ef1e871594243685969c2a4d95b0297da1b827581ef5eb942828c7b9023f calls=1
[m[2m2026-09-14 22:52:47.923+0200[m[2m | [m[2mEthScheduler-BlockCreation-1-4[m[2m | [m[32mINFO [m[2m | [m[2mApprovalSelector[m[2m | [m[32mOPS_APPROVAL_TIMING {"tx":"0x55f4ef1e871594243685969c2a4d95b0297da1b827581ef5eb942828c7b9023f","mode":3,"calls":1,"gate_ns":9708}
[m[2m2026-09-14 22:52:47.923+0200[m[2m | [m[2mEthScheduler-BlockCreation-1-4[m[2m | [m[32mINFO [m[2m | [m[2mApprovalSelector[m[2m | [m[32mOPS_APPROVAL_DECISION allow tx=0xd02ae19b5274b473416e1b8fc6364a99b7756919d87d4e01ef23c3f012a66c8b calls=1
[m[2m2026-09-14 22:52:47.923+0200[m[2m | [m[2mEthScheduler-BlockCreation-1-4[m[2m | [m[32mINFO [m[2m | [m[2mApprovalSelector[m[2m | [m[32mOPS_APPROVAL_TIMING {"tx":"0xd02ae19b5274b473416e1b8fc6364a99b7756919d87d4e01ef23c3f012a66c8b","mode":3,"calls":1,"gate_ns":9959}
[m[2m2026-09-14 22:52:47.923+0200[m[2m | [m[2mEthScheduler-BlockCreation-1-4[m[2m | [m[32mINFO [m[2m | [m[2mApprovalSelector[m[2m | [m[32mOPS_APPROVAL_DECISION allow tx=0x994dd1a90a40c034a223aff6ee77b446adece5192628b65bab61e67667d2618f calls=1
[m[2m2026-09-14 22:52:47.923+0200[m[2m | [m[2mEthScheduler-BlockCreation-1-4[m[2m | [m[32mINFO [m[2m | [m[2mApprovalSelector[m[2m | [m[32mOPS_APPROVAL_TIMING {"tx":"0x994dd1a90a40c034a223aff6ee77b446adece5192628b65bab61e67667d2618f","mode":3,"calls":1,"gate_ns":9792}
[m[2m2026-09-14 22:52:47.923+0200[m[2m | [m[2mEthScheduler-BlockCreation-1-4[m[2m | [m[32mINFO [m[2m | [m[2mApprovalSelector[m[2m | [m[32mOPS_APPROVAL_DECISION allow tx=0xff796f5338e81049c05cd80908e55bf24723b221e68fd84b168d1d5a6dcd15d5 calls=1
[m[2m2026-09-14 22:52:47.923+0200[m[2m | [m[2mEthScheduler-BlockCreation-1-4[m[2m | [m[32mINFO [m[2m | [m[2mApprovalSelector[m[2m | [m[32mOPS_APPROVAL_TIMING {"tx":"0xff796f5338e81049c05cd80908e55bf24723b221e68fd84b168d1d5a6dcd15d5","mode":3,"calls":1,"gate_ns":10043}
[m[2m2026-09-14 22:52:47.923+0200[m[2m | [m[2mEthScheduler-BlockCreation-1-4[m[2m | [m[32mINFO [m[2m | [m[2mApprovalSelector[m[2m | [m[32mOPS_APPROVAL_DECISION allow tx=0x4919343124ad83b62ba916a70eee32388214a54fd47d61638adfe63f16087c94 calls=1
[m[2m2026-09-14 22:52:47.923+0200[m[2m | [m[2mEthScheduler-BlockCreation-1-4[m[2m | [m[32mINFO [m[2m | [m[2mApprovalSelector[m[2m | [m[32mOPS_APPROVAL_TIMING {"tx":"0x4919343124ad83b62ba916a70eee32388214a54fd47d61638adfe63f16087c94","mode":3,"calls":1,"gate_ns":9874}
[m[2m2026-09-14 22:52:47.924+0200[m[2m | [m[2mEthScheduler-BlockCreation-1-4[m[2m | [m[32mINFO [m[2m | [m[2mApprovalSelector[m[2m | [m[32mOPS_APPROVAL_DECISION allow tx=0xe98eb265e2003f940842d417bbd3dee80064224648632104a7bc39ef8240ea9a calls=1
[m[2m2026-09-14 22:52:47.924+0200[m[2m | [m[2mEthScheduler-BlockCreation-1-4[m[2m | [m[32mINFO [m[2m | [m[2mApprovalSelector[m[2m | [m[32mOPS_APPROVAL_TIMING {"tx":"0xe98eb265e2003f940842d417bbd3dee80064224648632104a7bc39ef8240ea9a","mode":3,"calls":1,"gate_ns":11209}
[m[2m2026-09-14 22:52:47.924+0200[m[2m | [m[2mEthScheduler-BlockCreation-1-4[m[2m | [m[32mINFO [m[2m | [m[2mApprovalSelector[m[2m | [m[32mOPS_APPROVAL_DECISION allow tx=0x09e92bf14729b5a91cd9652defa0a2a88a39e9124f94b405fb10013d5da4b389 calls=1
[m[2m2026-09-14 22:52:47.924+0200[m[2m | [m[2mEthScheduler-BlockCreation-1-4[m[2m | [m[32mINFO [m[2m | [m[2mApprovalSelector[m[2m | [m[32mOPS_APPROVAL_TIMING {"tx":"0x09e92bf14729b5a91cd9652defa0a2a88a39e9124f94b405fb10013d5da4b389","mode":3,"calls":1,"gate_ns":9875}
[m[2m2026-09-14 22:52:47.924+0200[m[2m | [m[2mEthScheduler-BlockCreation-1-4[m[2m | [m[32mINFO [m[2m | [m[2mApprovalSelector[m[2m | [m[32mOPS_APPROVAL_DECISION allow tx=0x8c39b2b099298bfa190405a83ae0b92ac342f10adcd3966ebab8391b0a53f647 calls=1
[m[2m2026-09-14 22:52:47.924+0200[m[2m | [m[2mEthScheduler-BlockCreation-1-4[m[2m | [m[32mINFO [m[2m | [m[2mApprovalSelector[m[2m | [m[32mOPS_APPROVAL_TIMING {"tx":"0x8c39b2b099298bfa190405a83ae0b92ac342f10adcd3966ebab8391b0a53f647","mode":3,"calls":1,"gate_ns":10001}
[m[2m2026-09-14 22:52:47.924+0200[m[2m | [m[2mEthScheduler-BlockCreation-1-4[m[2m | [m[32mINFO [m[2m | [m[2mApprovalSelector[m[2m | [m[32mOPS_APPROVAL_DECISION allow tx=0xd4cb35521d8bceb977acd8034ce926f21851442635713742cec5f9f84b57d6d6 calls=1
[m[2m2026-09-14 22:52:47.924+0200[m[2m | [m[2mEthScheduler-BlockCreation-1-4[m[2m | [m[32mINFO [m[2m | [m[2mApprovalSelector[m[2m | [m[32mOPS_APPROVAL_TIMING {"tx":"0xd4cb35521d8bceb977acd8034ce926f21851442635713742cec5f9f84b57d6d6","mode":3,"calls":1,"gate_ns":10334}
[m[2m2026-09-14 22:52:47.924+0200[m[2m | [m[2mEthScheduler-BlockCreation-1-4[m[2m | [m[32mINFO [m[2m | [m[2mApprovalSelector[m[2m | [m[32mOPS_APPROVAL_DECISION allow tx=0xd9f9c7132391119045736307189584490739483b5042b94158eb68122fdb7e18 calls=1
[m[2m2026-09-14 22:52:47.924+0200[m[2m | [m[2mEthScheduler-BlockCreation-1-4[m[2m | [m[32mINFO [m[2m | [m[2mApprovalSelector[m[2m | [m[32mOPS_APPROVAL_TIMING {"tx":"0xd9f9c7132391119045736307189584490739483b5042b94158eb68122fdb7e18","mode":3,"calls":1,"gate_ns":11542}
[m[2m2026-09-14 22:52:47.924+0200[m[2m | [m[2mEthScheduler-BlockCreation-1-4[m[2m | [m[32mINFO [m[2m | [m[2mApprovalSelector[m[2m | [m[32mOPS_APPROVAL_DECISION allow tx=0x39555c143c3fde3a21a616100b3b9eab738fcdaa21c5f16dc058ea1c6e1f0483 calls=1
[m[2m2026-09-14 22:52:47.924+0200[m[2m | [m[2mEthScheduler-BlockCreation-1-4[m[2m | [m[32mINFO [m[2m | [m[2mApprovalSelector[m[2m | [m[32mOPS_APPROVAL_TIMING {"tx":"0x39555c143c3fde3a21a616100b3b9eab738fcdaa21c5f16dc058ea1c6e1f0483","mode":3,"calls":1,"gate_ns":9792}
[m[2m2026-09-14 22:52:47.924+0200[m[2m | [m[2mEthScheduler-BlockCreation-1-4[m[2m | [m[32mINFO [m[2m | [m[2mApprovalSelector[m[2m | [m[32mOPS_APPROVAL_DECISION allow tx=0xc97d8788b79ca08ce71d42851a561279dc38ae27dbb9bc9667011f84152427ca calls=1
[m[2m2026-09-14 22:52:47.924+0200[m[2m | [m[2mEthScheduler-BlockCreation-1-4[m[2m | [m[32mINFO [m[2m | [m[2mApprovalSelector[m[2m | [m[32mOPS_APPROVAL_TIMING {"tx":"0xc97d8788b79ca08ce71d42851a561279dc38ae27dbb9bc9667011f84152427ca","mode":3,"calls":1,"gate_ns":10041}
[m[2m2026-09-14 22:52:47.924+0200[m[2m | [m[2mEthScheduler-BlockCreation-1-4[m[2m | [m[32mINFO [m[2m | [m[2mApprovalSelector[m[2m | [m[32mOPS_APPROVAL_DECISION allow tx=0x15d3dfacaf12b5f25060c364f87dbafab02c7f292e56f1fad19bb6d0de76629a calls=1
[m[2m2026-09-14 22:52:47.924+0200[m[2m | [m[2mEthScheduler-BlockCreation-1-4[m[2m | [m[32mINFO [m[2m | [m[2mApprovalSelector[m[2m | [m[32mOPS_APPROVAL_TIMING {"tx":"0x15d3dfacaf12b5f25060c364f87dbafab02c7f292e56f1fad19bb6d0de76629a","mode":3,"calls":1,"gate_ns":9917}
[m[2m2026-09-14 22:52:47.924+0200[m[2m | [m[2mEthScheduler-BlockCreation-1-4[m[2m | [m[32mINFO [m[2m | [m[2mApprovalSelector[m[2m | [m[32mOPS_APPROVAL_DECISION allow tx=0x45d7076a03b13679ac9ae961cc01ae25288ea9ee60905ed76344899e2b31dfcb calls=1
[m[2m2026-09-14 22:52:47.924+0200[m[2m | [m[2mEthScheduler-BlockCreation-1-4[m[2m | [m[32mINFO [m[2m | [m[2mApprovalSelector[m[2m | [m[32mOPS_APPROVAL_TIMING {"tx":"0x45d7076a03b13679ac9ae961cc01ae25288ea9ee60905ed76344899e2b31dfcb","mode":3,"calls":1,"gate_ns":10834}
[m[2m2026-09-14 22:52:47.924+0200[m[2m | [m[2mEthScheduler-BlockCreation-1-4[m[2m | [m[32mINFO [m[2m | [m[2mApprovalSelector[m[2m | [m[32mOPS_APPROVAL_DECISION allow tx=0x3f45fdfdcd062fbb73e97f4d91316cbfd900cf36d27892d4e9f17c2589f62fe5 calls=1
[m[2m2026-09-14 22:52:47.924+0200[m[2m | [m[2mEthScheduler-BlockCreation-1-4[m[2m | [m[32mINFO [m[2m | [m[2mApprovalSelector[m[2m | [m[32mOPS_APPROVAL_TIMING {"tx":"0x3f45fdfdcd062fbb73e97f4d91316cbfd900cf36d27892d4e9f17c2589f62fe5","mode":3,"calls":1,"gate_ns":10125}
[m[2m2026-09-14 22:52:47.924+0200[m[2m | [m[2mEthScheduler-BlockCreation-1-4[m[2m | [m[32mINFO [m[2m | [m[2mApprovalSelector[m[2m | [m[32mOPS_APPROVAL_DECISION allow tx=0x97553626f4197b2a9ff60993e1ed2cfac2dcbd6b1f874fe554bd98a9c4aba31c calls=1
[m[2m2026-09-14 22:52:47.924+0200[m[2m | [m[2mEthScheduler-BlockCreation-1-4[m[2m | [m[32mINFO [m[2m | [m[2mApprovalSelector[m[2m | [m[32mOPS_APPROVAL_TIMING {"tx":"0x97553626f4197b2a9ff60993e1ed2cfac2dcbd6b1f874fe554bd98a9c4aba31c","mode":3,"calls":1,"gate_ns":10375}
[m[2m2026-09-14 22:52:47.924+0200[m[2m | [m[2mEthScheduler-BlockCreation-1-4[m[2m | [m[32mINFO [m[2m | [m[2mApprovalSelector[m[2m | [m[32mOPS_APPROVAL_DECISION allow tx=0x5c9b7cee09a8501d317d68c24eddaa884978669982b8cf05f01b29d5c18924d3 calls=1
[m[2m2026-09-14 22:52:47.924+0200[m[2m | [m[2mEthScheduler-BlockCreation-1-4[m[2m | [m[32mINFO [m[2m | [m[2mApprovalSelector[m[2m | [m[32mOPS_APPROVAL_TIMING {"tx":"0x5c9b7cee09a8501d317d68c24eddaa884978669982b8cf05f01b29d5c18924d3","mode":3,"calls":1,"gate_ns":11250}
[m[2m2026-09-14 22:52:47.924+0200[m[2m | [m[2mEthScheduler-BlockCreation-1-4[m[2m | [m[32mINFO [m[2m | [m[2mApprovalSelector[m[2m | [m[32mOPS_APPROVAL_DECISION allow tx=0xb4b8e630ef3161473994582ffc813adb8d40efcf64197864b8a201b4198ad374 calls=1
[m[2m2026-09-14 22:52:47.924+0200[m[2m | [m[2mEthScheduler-BlockCreation-1-4[m[2m | [m[32mINFO [m[2m | [m[2mApprovalSelector[m[2m | [m[32mOPS_APPROVAL_TIMING {"tx":"0xb4b8e630ef3161473994582ffc813adb8d40efcf64197864b8a201b4198ad374","mode":3,"calls":1,"gate_ns":9874}
[m[2m2026-09-14 22:52:47.924+0200[m[2m | [m[2mEthScheduler-BlockCreation-1-4[m[2m | [m[32mINFO [m[2m | [m[2mApprovalSelector[m[2m | [m[32mOPS_APPROVAL_DECISION allow tx=0xfb2fccf9ba91ba14b7a62021d85fa8e548c9b78ce2e1bb3873938c108ff5a235 calls=1
[m[2m2026-09-14 22:52:47.924+0200[m[2m | [m[2mEthScheduler-BlockCreation-1-4[m[2m | [m[32mINFO [m[2m | [m[2mApprovalSelector[m[2m | [m[32mOPS_APPROVAL_TIMING {"tx":"0xfb2fccf9ba91ba14b7a62021d85fa8e548c9b78ce2e1bb3873938c108ff5a235","mode":3,"calls":1,"gate_ns":9958}
[m[2m2026-09-14 22:52:47.924+0200[m[2m | [m[2mEthScheduler-BlockCreation-1-4[m[2m | [m[32mINFO [m[2m | [m[2mApprovalSelector[m[2m | [m[32mOPS_APPROVAL_DECISION allow tx=0x83c778d7215925f7e8ed9ecd364477103b8733e2e8cab58a17093f9438f91344 calls=1
[m[2m2026-09-14 22:52:47.924+0200[m[2m | [m[2mEthScheduler-BlockCreation-1-4[m[2m | [m[32mINFO [m[2m | [m[2mApprovalSelector[m[2m | [m[32mOPS_APPROVAL_TIMING {"tx":"0x83c778d7215925f7e8ed9ecd364477103b8733e2e8cab58a17093f9438f91344","mode":3,"calls":1,"gate_ns":10708}
[m[2m2026-09-14 22:52:47.924+0200[m[2m | [m[2mEthScheduler-BlockCreation-1-4[m[2m | [m[32mINFO [m[2m | [m[2mApprovalSelector[m[2m | [m[32mOPS_APPROVAL_DECISION allow tx=0x6e664791947324b85c6a8b1f690b38ae468ec8eea726b7005df856864cd2e01e calls=1
[m[2m2026-09-14 22:52:47.924+0200[m[2m | [m[2mEthScheduler-BlockCreation-1-4[m[2m | [m[32mINFO [m[2m | [m[2mApprovalSelector[m[2m | [m[32mOPS_APPROVAL_TIMING {"tx":"0x6e664791947324b85c6a8b1f690b38ae468ec8eea726b7005df856864cd2e01e","mode":3,"calls":1,"gate_ns":10416}
[m[2m2026-09-14 22:52:47.924+0200[m[2m | [m[2mEthScheduler-BlockCreation-1-4[m[2m | [m[32mINFO [m[2m | [m[2mApprovalSelector[m[2m | [m[32mOPS_APPROVAL_DECISION allow tx=0xbc9b545c59a2cdcf2d74aa16a9808ec29531192ad566056de9e8a333444b5946 calls=1
[m[2m2026-09-14 22:52:47.924+0200[m[2m | [m[2mEthScheduler-BlockCreation-1-4[m[2m | [m[32mINFO [m[2m | [m[2mApprovalSelector[m[2m | [m[32mOPS_APPROVAL_TIMING {"tx":"0xbc9b545c59a2cdcf2d74aa16a9808ec29531192ad566056de9e8a333444b5946","mode":3,"calls":1,"gate_ns":11624}
[m[2m2026-09-14 22:52:47.924+0200[m[2m | [m[2mEthScheduler-BlockCreation-1-4[m[2m | [m[32mINFO [m[2m | [m[2mApprovalSelector[m[2m | [m[32mOPS_APPROVAL_DECISION allow tx=0xcb923367b4f6859ae1ec067b41e6d454ddb6018a8109b86e51981db330d190e2 calls=1
[m[2m2026-09-14 22:52:47.924+0200[m[2m | [m[2mEthScheduler-BlockCreation-1-4[m[2m | [m[32mINFO [m[2m | [m[2mApprovalSelector[m[2m | [m[32mOPS_APPROVAL_TIMING {"tx":"0xcb923367b4f6859ae1ec067b41e6d454ddb6018a8109b86e51981db330d190e2","mode":3,"calls":1,"gate_ns":11375}
[m[2m2026-09-14 22:52:47.924+0200[m[2m | [m[2mEthScheduler-BlockCreation-1-4[m[2m | [m[32mINFO [m[2m | [m[2mApprovalSelector[m[2m | [m[32mOPS_APPROVAL_DECISION allow tx=0x9c07ce039611bbe7dff5b16bcba69a69a5a5823025a665e91e2f73851991576a calls=1
[m[2m2026-09-14 22:52:47.924+0200[m[2m | [m[2mEthScheduler-BlockCreation-1-4[m[2m | [m[32mINFO [m[2m | [m[2mApprovalSelector[m[2m | [m[32mOPS_APPROVAL_TIMING {"tx":"0x9c07ce039611bbe7dff5b16bcba69a69a5a5823025a665e91e2f73851991576a","mode":3,"calls":1,"gate_ns":24208}
[m[2m2026-09-14 22:52:47.924+0200[m[2m | [m[2mEthScheduler-BlockCreation-1-4[m[2m | [m[32mINFO [m[2m | [m[2mApprovalSelector[m[2m | [m[32mOPS_APPROVAL_DECISION allow tx=0xfd79207b18040c63e93e7a61f954fe88edbc6ed13acda3581fa0f1f1d30bbaca calls=1
[m[2m2026-09-14 22:52:47.924+0200[m[2m | [m[2mEthScheduler-BlockCreation-1-4[m[2m | [m[32mINFO [m[2m | [m[2mApprovalSelector[m[2m | [m[32mOPS_APPROVAL_TIMING {"tx":"0xfd79207b18040c63e93e7a61f954fe88edbc6ed13acda3581fa0f1f1d30bbaca","mode":3,"calls":1,"gate_ns":9959}
[m[2m2026-09-14 22:52:47.925+0200[m[2m | [m[2mEthScheduler-BlockCreation-1-4[m[2m | [m[32mINFO [m[2m | [m[2mApprovalSelector[m[2m | [m[32mOPS_APPROVAL_DECISION allow tx=0x7fe58e8ca838e1c4f2d65a442755fbc67d8f9f41cd8b08f3aafd1af357d7596e calls=1
[m[2m2026-09-14 22:52:47.925+0200[m[2m | [m[2mEthScheduler-BlockCreation-1-4[m[2m | [m[32mINFO [m[2m | [m[2mApprovalSelector[m[2m | [m[32mOPS_APPROVAL_TIMING {"tx":"0x7fe58e8ca838e1c4f2d65a442755fbc67d8f9f41cd8b08f3aafd1af357d7596e","mode":3,"calls":1,"gate_ns":11708}
[m[2m2026-09-14 22:52:47.925+0200[m[2m | [m[2mEthScheduler-BlockCreation-1-4[m[2m | [m[32mINFO [m[2m | [m[2mApprovalSelector[m[2m | [m[32mOPS_APPROVAL_DECISION allow tx=0xf2de92788369507d4e0629927ac59e970340482fb045a614cd01bb45f9bba520 calls=1
[m[2m2026-09-14 22:52:47.925+0200[m[2m | [m[2mEthScheduler-BlockCreation-1-4[m[2m | [m[32mINFO [m[2m | [m[2mApprovalSelector[m[2m | [m[32mOPS_APPROVAL_TIMING {"tx":"0xf2de92788369507d4e0629927ac59e970340482fb045a614cd01bb45f9bba520","mode":3,"calls":1,"gate_ns":10291}
[m[2m2026-09-14 22:52:47.925+0200[m[2m | [m[2mEthScheduler-BlockCreation-1-4[m[2m | [m[32mINFO [m[2m | [m[2mApprovalSelector[m[2m | [m[32mOPS_APPROVAL_DECISION allow tx=0x8f517bd2e082a1bb99737693132f52fbf4660472ba026007d9472635a2db0059 calls=1
[m[2m2026-09-14 22:52:47.925+0200[m[2m | [m[2mEthScheduler-BlockCreation-1-4[m[2m | [m[32mINFO [m[2m | [m[2mApprovalSelector[m[2m | [m[32mOPS_APPROVAL_TIMING {"tx":"0x8f517bd2e082a1bb99737693132f52fbf4660472ba026007d9472635a2db0059","mode":3,"calls":1,"gate_ns":12042}
[m[2m2026-09-14 22:52:47.925+0200[m[2m | [m[2mEthScheduler-BlockCreation-1-4[m[2m | [m[32mINFO [m[2m | [m[2mApprovalSelector[m[2m | [m[32mOPS_APPROVAL_DECISION allow tx=0x96d88c4a43fe2ddeb59ee00759872544b9c826f58c5197e1debddd914abaf1ad calls=1
[m[2m2026-09-14 22:52:47.925+0200[m[2m | [m[2mEthScheduler-BlockCreation-1-4[m[2m | [m[32mINFO [m[2m | [m[2mApprovalSelector[m[2m | [m[32mOPS_APPROVAL_TIMING {"tx":"0x96d88c4a43fe2ddeb59ee00759872544b9c826f58c5197e1debddd914abaf1ad","mode":3,"calls":1,"gate_ns":10042}
[m[2m2026-09-14 22:52:47.925+0200[m[2m | [m[2mEthScheduler-BlockCreation-1-4[m[2m | [m[32mINFO [m[2m | [m[2mApprovalSelector[m[2m | [m[32mOPS_APPROVAL_DECISION allow tx=0x2736d8c8838f0269aa630c21cd206ae1b5764b635487aae9e20102e2579a831e calls=1
[m[2m2026-09-14 22:52:47.925+0200[m[2m | [m[2mEthScheduler-BlockCreation-1-4[m[2m | [m[32mINFO [m[2m | [m[2mApprovalSelector[m[2m | [m[32mOPS_APPROVAL_TIMING {"tx":"0x2736d8c8838f0269aa630c21cd206ae1b5764b635487aae9e20102e2579a831e","mode":3,"calls":1,"gate_ns":9917}
[m[2m2026-09-14 22:52:47.925+0200[m[2m | [m[2mEthScheduler-BlockCreation-1-4[m[2m | [m[32mINFO [m[2m | [m[2mApprovalSelector[m[2m | [m[32mOPS_APPROVAL_DECISION allow tx=0x5f068b04ed090c593bb0550aa49570fcd66d83f689c00ab2f5acd953dd12d03e calls=1
[m[2m2026-09-14 22:52:47.925+0200[m[2m | [m[2mEthScheduler-BlockCreation-1-4[m[2m | [m[32mINFO [m[2m | [m[2mApprovalSelector[m[2m | [m[32mOPS_APPROVAL_TIMING {"tx":"0x5f068b04ed090c593bb0550aa49570fcd66d83f689c00ab2f5acd953dd12d03e","mode":3,"calls":1,"gate_ns":9917}
[m[2m2026-09-14 22:52:47.925+0200[m[2m | [m[2mEthScheduler-BlockCreation-1-4[m[2m | [m[32mINFO [m[2m | [m[2mApprovalSelector[m[2m | [m[32mOPS_APPROVAL_DECISION allow tx=0x62553f0a186d7aa2d9e23ed16fb4586c1d412dbd54c31917b426c82282a69d7a calls=1
[m[2m2026-09-14 22:52:47.925+0200[m[2m | [m[2mEthScheduler-BlockCreation-1-4[m[2m | [m[32mINFO [m[2m | [m[2mApprovalSelector[m[2m | [m[32mOPS_APPROVAL_TIMING {"tx":"0x62553f0a186d7aa2d9e23ed16fb4586c1d412dbd54c31917b426c82282a69d7a","mode":3,"calls":1,"gate_ns":9959}
[m[2m2026-09-14 22:52:47.925+0200[m[2m | [m[2mEthScheduler-BlockCreation-1-4[m[2m | [m[32mINFO [m[2m | [m[2mApprovalSelector[m[2m | [m[32mOPS_APPROVAL_DECISION allow tx=0xbdc97cbf89d6aaff42baf27a9b826f6f9747e1b2ee41506b82e14b5d0b3f06b8 calls=1
[m[2m2026-09-14 22:52:47.925+0200[m[2m | [m[2mEthScheduler-BlockCreation-1-4[m[2m | [m[32mINFO [m[2m | [m[2mApprovalSelector[m[2m | [m[32mOPS_APPROVAL_TIMING {"tx":"0xbdc97cbf89d6aaff42baf27a9b826f6f9747e1b2ee41506b82e14b5d0b3f06b8","mode":3,"calls":1,"gate_ns":9708}
[m[2m2026-09-14 22:52:47.925+0200[m[2m | [m[2mEthScheduler-BlockCreation-1-4[m[2m | [m[32mINFO [m[2m | [m[2mApprovalSelector[m[2m | [m[32mOPS_APPROVAL_DECISION allow tx=0x95e6bc690f6f761cb144c39079c41b3ea46d616d1cf98e314b1a950fe2882c88 calls=1
[m[2m2026-09-14 22:52:47.925+0200[m[2m | [m[2mEthScheduler-BlockCreation-1-4[m[2m | [m[32mINFO [m[2m | [m[2mApprovalSelector[m[2m | [m[32mOPS_APPROVAL_TIMING {"tx":"0x95e6bc690f6f761cb144c39079c41b3ea46d616d1cf98e314b1a950fe2882c88","mode":3,"calls":1,"gate_ns":9874}
[m[2m2026-09-14 22:52:47.925+0200[m[2m | [m[2mEthScheduler-BlockCreation-1-4[m[2m | [m[32mINFO [m[2m | [m[2mApprovalSelector[m[2m | [m[32mOPS_APPROVAL_DECISION allow tx=0xf24199f25e0ee69ae02a71fc0f2c1926e05518e9e25a1a71f22eb3f6ebb8241a calls=1
[m[2m2026-09-14 22:52:47.925+0200[m[2m | [m[2mEthScheduler-BlockCreation-1-4[m[2m | [m[32mINFO [m[2m | [m[2mApprovalSelector[m[2m | [m[32mOPS_APPROVAL_TIMING {"tx":"0xf24199f25e0ee69ae02a71fc0f2c1926e05518e9e25a1a71f22eb3f6ebb8241a","mode":3,"calls":1,"gate_ns":10126}
[m[2m2026-09-14 22:52:47.925+0200[m[2m | [m[2mEthScheduler-BlockCreation-1-4[m[2m | [m[32mINFO [m[2m | [m[2mApprovalSelector[m[2m | [m[32mOPS_APPROVAL_DECISION allow tx=0x521ff98061131c2d00175b749cc2f10de4c2e8d6f2c66a66c9bc1462c545a2ae calls=1
[m[2m2026-09-14 22:52:47.925+0200[m[2m | [m[2mEthScheduler-BlockCreation-1-4[m[2m | [m[32mINFO [m[2m | [m[2mApprovalSelector[m[2m | [m[32mOPS_APPROVAL_TIMING {"tx":"0x521ff98061131c2d00175b749cc2f10de4c2e8d6f2c66a66c9bc1462c545a2ae","mode":3,"calls":1,"gate_ns":9917}
[m[2m2026-09-14 22:52:47.925+0200[m[2m | [m[2mEthScheduler-BlockCreation-1-4[m[2m | [m[32mINFO [m[2m | [m[2mApprovalSelector[m[2m | [m[32mOPS_APPROVAL_DECISION allow tx=0x5308b19346a7a65f6e32e918216dab4da12d5c00542f2e4d190ac5cf302d628e calls=1
[m[2m2026-09-14 22:52:47.925+0200[m[2m | [m[2mEthScheduler-BlockCreation-1-4[m[2m | [m[32mINFO [m[2m | [m[2mApprovalSelector[m[2m | [m[32mOPS_APPROVAL_TIMING {"tx":"0x5308b19346a7a65f6e32e918216dab4da12d5c00542f2e4d190ac5cf302d628e","mode":3,"calls":1,"gate_ns":9708}
[m[2m2026-09-14 22:52:47.925+0200[m[2m | [m[2mEthScheduler-BlockCreation-1-4[m[2m | [m[32mINFO [m[2m | [m[2mApprovalSelector[m[2m | [m[32mOPS_APPROVAL_DECISION allow tx=0xf2b4dfcc5e4f5d02d0dda7cac873d1d56495423aa1f6e3e2e29cf45cc829472b calls=1
[m[2m2026-09-14 22:52:47.925+0200[m[2m | [m[2mEthScheduler-BlockCreation-1-4[m[2m | [m[32mINFO [m[2m | [m[2mApprovalSelector[m[2m | [m[32mOPS_APPROVAL_TIMING {"tx":"0xf2b4dfcc5e4f5d02d0dda7cac873d1d56495423aa1f6e3e2e29cf45cc829472b","mode":3,"calls":1,"gate_ns":10626}
[m[2m2026-09-14 22:52:47.925+0200[m[2m | [m[2mEthScheduler-BlockCreation-1-4[m[2m | [m[32mINFO [m[2m | [m[2mApprovalSelector[m[2m | [m[32mOPS_APPROVAL_DECISION allow tx=0xedf497b5be24e0e2a238e8c97f30fb6423cc44edd926e7e1a52ff11b3851ebe6 calls=1
[m[2m2026-09-14 22:52:47.925+0200[m[2m | [m[2mEthScheduler-BlockCreation-1-4[m[2m | [m[32mINFO [m[2m | [m[2mApprovalSelector[m[2m | [m[32mOPS_APPROVAL_TIMING {"tx":"0xedf497b5be24e0e2a238e8c97f30fb6423cc44edd926e7e1a52ff11b3851ebe6","mode":3,"calls":1,"gate_ns":10459}
[m[2m2026-09-14 22:52:47.925+0200[m[2m | [m[2mEthScheduler-BlockCreation-1-4[m[2m | [m[32mINFO [m[2m | [m[2mApprovalSelector[m[2m | [m[32mOPS_APPROVAL_DECISION allow tx=0xacc12e6d90aa4263429fb1415fd343364d1f43618ce8d089d204577891e22b53 calls=1
[m[2m2026-09-14 22:52:47.925+0200[m[2m | [m[2mEthScheduler-BlockCreation-1-4[m[2m | [m[32mINFO [m[2m | [m[2mApprovalSelector[m[2m | [m[32mOPS_APPROVAL_TIMING {"tx":"0xacc12e6d90aa4263429fb1415fd343364d1f43618ce8d089d204577891e22b53","mode":3,"calls":1,"gate_ns":11125}
[m[2m2026-09-14 22:52:47.925+0200[m[2m | [m[2mEthScheduler-BlockCreation-1-4[m[2m | [m[32mINFO [m[2m | [m[2mApprovalSelector[m[2m | [m[32mOPS_APPROVAL_DECISION allow tx=0xb9e24302b3bab4bd106fa10ca9732d44fa9bb7bd4da71f790da3d3a73488f32e calls=1
[m[2m2026-09-14 22:52:47.925+0200[m[2m | [m[2mEthScheduler-BlockCreation-1-4[m[2m | [m[32mINFO [m[2m | [m[2mApprovalSelector[m[2m | [m[32mOPS_APPROVAL_TIMING {"tx":"0xb9e24302b3bab4bd106fa10ca9732d44fa9bb7bd4da71f790da3d3a73488f32e","mode":3,"calls":1,"gate_ns":11251}
[m[2m2026-09-14 22:52:47.925+0200[m[2m | [m[2mEthScheduler-BlockCreation-1-4[m[2m | [m[32mINFO [m[2m | [m[2mApprovalSelector[m[2m | [m[32mOPS_APPROVAL_DECISION allow tx=0xefdf9790b5f162831b97d967eeb45009e72bf1bb5ad24229ad9c63ecb56db621 calls=1
[m[2m2026-09-14 22:52:47.925+0200[m[2m | [m[2mEthScheduler-BlockCreation-1-4[m[2m | [m[32mINFO [m[2m | [m[2mApprovalSelector[m[2m | [m[32mOPS_APPROVAL_TIMING {"tx":"0xefdf9790b5f162831b97d967eeb45009e72bf1bb5ad24229ad9c63ecb56db621","mode":3,"calls":1,"gate_ns":9875}
[m[2m2026-09-14 22:52:47.925+0200[m[2m | [m[2mEthScheduler-BlockCreation-1-4[m[2m | [m[32mINFO [m[2m | [m[2mApprovalSelector[m[2m | [m[32mOPS_APPROVAL_DECISION allow tx=0x7c1df864f96a373c81cae655d02a5741e8073a4bdfc171ee85d535aeab7eb045 calls=1
[m[2m2026-09-14 22:52:47.925+0200[m[2m | [m[2mEthScheduler-BlockCreation-1-4[m[2m | [m[32mINFO [m[2m | [m[2mApprovalSelector[m[2m | [m[32mOPS_APPROVAL_TIMING {"tx":"0x7c1df864f96a373c81cae655d02a5741e8073a4bdfc171ee85d535aeab7eb045","mode":3,"calls":1,"gate_ns":17541}
[m[2m2026-09-14 22:52:47.925+0200[m[2m | [m[2mEthScheduler-BlockCreation-1-4[m[2m | [m[32mINFO [m[2m | [m[2mApprovalSelector[m[2m | [m[32mOPS_APPROVAL_DECISION allow tx=0x8acd10e1039c0d07384d2e18afcca99d6a00eaa12ad7dbbeb71424c25282008b calls=1
[m[2m2026-09-14 22:52:47.925+0200[m[2m | [m[2mEthScheduler-BlockCreation-1-4[m[2m | [m[32mINFO [m[2m | [m[2mApprovalSelector[m[2m | [m[32mOPS_APPROVAL_TIMING {"tx":"0x8acd10e1039c0d07384d2e18afcca99d6a00eaa12ad7dbbeb71424c25282008b","mode":3,"calls":1,"gate_ns":10292}
[m[2m2026-09-14 22:52:47.925+0200[m[2m | [m[2mEthScheduler-BlockCreation-1-4[m[2m | [m[32mINFO [m[2m | [m[2mApprovalSelector[m[2m | [m[32mOPS_APPROVAL_DECISION allow tx=0xfcd0501627e4678d99296c84b8c683fda963475efb2419295d83e9fe6f965873 calls=1
[m[2m2026-09-14 22:52:47.925+0200[m[2m | [m[2mEthScheduler-BlockCreation-1-4[m[2m | [m[32mINFO [m[2m | [m[2mApprovalSelector[m[2m | [m[32mOPS_APPROVAL_TIMING {"tx":"0xfcd0501627e4678d99296c84b8c683fda963475efb2419295d83e9fe6f965873","mode":3,"calls":1,"gate_ns":9916}
[m[2m2026-09-14 22:52:47.925+0200[m[2m | [m[2mEthScheduler-BlockCreation-1-4[m[2m | [m[32mINFO [m[2m | [m[2mApprovalSelector[m[2m | [m[32mOPS_APPROVAL_DECISION allow tx=0x110c7e1fe794741a3d88a59cdcba626ba6954d99792bb4f83b2c92ca56fd0343 calls=1
[m[2m2026-09-14 22:52:47.926+0200[m[2m | [m[2mEthScheduler-BlockCreation-1-4[m[2m | [m[32mINFO [m[2m | [m[2mApprovalSelector[m[2m | [m[32mOPS_APPROVAL_TIMING {"tx":"0x110c7e1fe794741a3d88a59cdcba626ba6954d99792bb4f83b2c92ca56fd0343","mode":3,"calls":1,"gate_ns":10167}
[m[2m2026-09-14 22:52:47.926+0200[m[2m | [m[2mEthScheduler-BlockCreation-1-4[m[2m | [m[32mINFO [m[2m | [m[2mApprovalSelector[m[2m | [m[32mOPS_APPROVAL_DECISION allow tx=0xb65afca47931c26acad410aa61664eefab04d09b6f20282d479fa9cce813c850 calls=1
[m[2m2026-09-14 22:52:47.926+0200[m[2m | [m[2mEthScheduler-BlockCreation-1-4[m[2m | [m[32mINFO [m[2m | [m[2mApprovalSelector[m[2m | [m[32mOPS_APPROVAL_TIMING {"tx":"0xb65afca47931c26acad410aa61664eefab04d09b6f20282d479fa9cce813c850","mode":3,"calls":1,"gate_ns":9750}
[m[2m2026-09-14 22:52:47.926+0200[m[2m | [m[2mEthScheduler-BlockCreation-1-4[m[2m | [m[32mINFO [m[2m | [m[2mApprovalSelector[m[2m | [m[32mOPS_APPROVAL_DECISION allow tx=0xb3d202b32526153098d46b542dfb870c74944bde1b5b97f2a8bedf8b8711df8c calls=1
[m[2m2026-09-14 22:52:47.926+0200[m[2m | [m[2mEthScheduler-BlockCreation-1-4[m[2m | [m[32mINFO [m[2m | [m[2mApprovalSelector[m[2m | [m[32mOPS_APPROVAL_TIMING {"tx":"0xb3d202b32526153098d46b542dfb870c74944bde1b5b97f2a8bedf8b8711df8c","mode":3,"calls":1,"gate_ns":9958}
[m[2m2026-09-14 22:52:47.926+0200[m[2m | [m[2mEthScheduler-BlockCreation-1-4[m[2m | [m[32mINFO [m[2m | [m[2mApprovalSelector[m[2m | [m[32mOPS_APPROVAL_DECISION allow tx=0xa7b684653e3e96dbcaab92f282e5f1660ddf46a34b953bb37104af912b554136 calls=1
[m[2m2026-09-14 22:52:47.926+0200[m[2m | [m[2mEthScheduler-BlockCreation-1-4[m[2m | [m[32mINFO [m[2m | [m[2mApprovalSelector[m[2m | [m[32mOPS_APPROVAL_TIMING {"tx":"0xa7b684653e3e96dbcaab92f282e5f1660ddf46a34b953bb37104af912b554136","mode":3,"calls":1,"gate_ns":9708}
[m[2m2026-09-14 22:52:47.926+0200[m[2m | [m[2mEthScheduler-BlockCreation-1-4[m[2m | [m[32mINFO [m[2m | [m[2mApprovalSelector[m[2m | [m[32mOPS_APPROVAL_DECISION allow tx=0x9f035fb45df20e6d27ac0c2c1415832e90c400f52745eff0ffd6765156e0452e calls=1
[m[2m2026-09-14 22:52:47.926+0200[m[2m | [m[2mEthScheduler-BlockCreation-1-4[m[2m | [m[32mINFO [m[2m | [m[2mApprovalSelector[m[2m | [m[32mOPS_APPROVAL_TIMING {"tx":"0x9f035fb45df20e6d27ac0c2c1415832e90c400f52745eff0ffd6765156e0452e","mode":3,"calls":1,"gate_ns":12333}
[m[2m2026-09-14 22:52:47.926+0200[m[2m | [m[2mEthScheduler-BlockCreation-1-4[m[2m | [m[32mINFO [m[2m | [m[2mApprovalSelector[m[2m | [m[32mOPS_APPROVAL_DECISION allow tx=0xd773d20983f1a7d6d31e3de6086f6b092083ec99d53f45a2fe96e8ebbb93e0de calls=1
[m[2m2026-09-14 22:52:47.926+0200[m[2m | [m[2mEthScheduler-BlockCreation-1-4[m[2m | [m[32mINFO [m[2m | [m[2mApprovalSelector[m[2m | [m[32mOPS_APPROVAL_TIMING {"tx":"0xd773d20983f1a7d6d31e3de6086f6b092083ec99d53f45a2fe96e8ebbb93e0de","mode":3,"calls":1,"gate_ns":10084}
[m[2m2026-09-14 22:52:47.926+0200[m[2m | [m[2mEthScheduler-BlockCreation-1-4[m[2m | [m[32mINFO [m[2m | [m[2mApprovalSelector[m[2m | [m[32mOPS_APPROVAL_DECISION allow tx=0x51984b6e32cd544d2f4eaca6d04c79173aca7c4eabff57b70d5ccbd876ed7761 calls=1
[m[2m2026-09-14 22:52:47.926+0200[m[2m | [m[2mEthScheduler-BlockCreation-1-4[m[2m | [m[32mINFO [m[2m | [m[2mApprovalSelector[m[2m | [m[32mOPS_APPROVAL_TIMING {"tx":"0x51984b6e32cd544d2f4eaca6d04c79173aca7c4eabff57b70d5ccbd876ed7761","mode":3,"calls":1,"gate_ns":10083}
[m[2m2026-09-14 22:52:47.926+0200[m[2m | [m[2mEthScheduler-BlockCreation-1-4[m[2m | [m[32mINFO [m[2m | [m[2mApprovalSelector[m[2m | [m[32mOPS_APPROVAL_DECISION allow tx=0x6a737f912475ec6274ba305f8f0c4291fdcd355b33a63bf71668063c5d123828 calls=1
[m[2m2026-09-14 22:52:47.926+0200[m[2m | [m[2mEthScheduler-BlockCreation-1-4[m[2m | [m[32mINFO [m[2m | [m[2mApprovalSelector[m[2m | [m[32mOPS_APPROVAL_TIMING {"tx":"0x6a737f912475ec6274ba305f8f0c4291fdcd355b33a63bf71668063c5d123828","mode":3,"calls":1,"gate_ns":10126}
[m[2m2026-09-14 22:52:47.926+0200[m[2m | [m[2mEthScheduler-BlockCreation-1-4[m[2m | [m[32mINFO [m[2m | [m[2mApprovalSelector[m[2m | [m[32mOPS_APPROVAL_DECISION allow tx=0x733dae73c2ca15b0652afdf6d919fbb76edbc7cf46b87b152fc38270aa269b40 calls=1
[m[2m2026-09-14 22:52:47.926+0200[m[2m | [m[2mEthScheduler-BlockCreation-1-4[m[2m | [m[32mINFO [m[2m | [m[2mApprovalSelector[m[2m | [m[32mOPS_APPROVAL_TIMING {"tx":"0x733dae73c2ca15b0652afdf6d919fbb76edbc7cf46b87b152fc38270aa269b40","mode":3,"calls":1,"gate_ns":10542}
[m[2m2026-09-14 22:52:47.926+0200[m[2m | [m[2mEthScheduler-BlockCreation-1-4[m[2m | [m[32mINFO [m[2m | [m[2mApprovalSelector[m[2m | [m[32mOPS_APPROVAL_DECISION allow tx=0x0280dcbd7755961c5e3a71ddac2c37a3f1156de69fd79e35464b22542fd35075 calls=1
[m[2m2026-09-14 22:52:47.926+0200[m[2m | [m[2mEthScheduler-BlockCreation-1-4[m[2m | [m[32mINFO [m[2m | [m[2mApprovalSelector[m[2m | [m[32mOPS_APPROVAL_TIMING {"tx":"0x0280dcbd7755961c5e3a71ddac2c37a3f1156de69fd79e35464b22542fd35075","mode":3,"calls":1,"gate_ns":11583}
[m[2m2026-09-14 22:52:47.926+0200[m[2m | [m[2mEthScheduler-BlockCreation-1-4[m[2m | [m[32mINFO [m[2m | [m[2mApprovalSelector[m[2m | [m[32mOPS_APPROVAL_DECISION allow tx=0x6d6899957be30dec224202cd24372cd8960650d58514a3cd221639e8e0e514a2 calls=1
[m[2m2026-09-14 22:52:47.926+0200[m[2m | [m[2mEthScheduler-BlockCreation-1-4[m[2m | [m[32mINFO [m[2m | [m[2mApprovalSelector[m[2m | [m[32mOPS_APPROVAL_TIMING {"tx":"0x6d6899957be30dec224202cd24372cd8960650d58514a3cd221639e8e0e514a2","mode":3,"calls":1,"gate_ns":10250}
[m[2m2026-09-14 22:52:47.937+0200[m[2m | [m[2mvert.x-worker-thread-13[m[2m | [m[32mINFO [m[2m | [m[2mEngineGetPayloadV2[m[2m | [m[32mProduced #4  (f92ff.....965a0)|  128 tx | 0 ws | 3.391.104 (11,3%) gas in 1,028s | Timing(started at 2026-09-14T20:52:46.908907Z, duplicateWorldState=0ms, preTxsSelection=0ms, txsSelection=8ms, selectedTxsEvaluation=6ms, blockAssembled=0ms, awaitingRetrieval=1019ms) | PayloadId 0x0094b646bb8fd2fc
[m[2m2026-09-14 22:52:47.947+0200[m[2m | [m[2mengine-ordered-execution-0[m[2m | [m[32mINFO [m[2m | [m[2mEngineNewPayloadV2[m[2m | [m[32mImported #4  (f92ff.....965a0)|  128 tx|  0 ws| 644,93 mwei bfee|   3.391.104 ( 11,3%) gas used| 7,3ms exec| 465,28 Mgas/s|  0 peers
[m[2m2026-09-14 22:52:47.951+0200[m[2m | [m[2mengine-ordered-execution-0[m[2m | [m[32mINFO [m[2m | [m[2mEngineForkchoiceUpdatedV2[m[2m | [m[32mFCU(VALID) | head: f92ff.....965a0 | safe: f92ff.....965a0 | finalized: f92ff.....965a0
[m[2m2026-09-14 22:52:48.078+0200[m[2m | [m[2mBesuCommand-Shutdown-Hook[m[2m | [m[32mINFO [m[2m | [m[2mNetworkRunner[m[2m | [m[32mStopping Network.
[m[2m2026-09-14 22:52:48.078+0200[m[2m | [m[2mBesuCommand-Shutdown-Hook[m[2m | [m[32mINFO [m[2m | [m[2mEthProtocolManager[m[2m | [m[32mStopping eth Subprotocol.
[m[2m2026-09-14 22:52:48.079+0200[m[2m | [m[2mBesuCommand-Shutdown-Hook[m[2m | [m[32mINFO [m[2m | [m[2mEthProtocolManager[m[2m | [m[32meth Subprotocol stopped.
[m[2m2026-09-14 22:52:48.079+0200[m[2m | [m[2mBesuCommand-Shutdown-Hook[m[2m | [m[32mINFO [m[2m | [m[2mNetworkRunner[m[2m | [m[32mNetwork stopped.
[m[2m2026-09-14 22:52:48.079+0200[m[2m | [m[2mBesuCommand-Shutdown-Hook[m[2m | [m[32mINFO [m[2m | [m[2mAutoTransactionLogBloomCachingService[m[2m | [m[32mShutting down Auto transaction logs caching service.
[m[2m2026-09-14 22:52:48.079+0200[m[2m | [m[2mBesuCommand-Shutdown-Hook[m[2m | [m[32mINFO [m[2m | [m[2mNatService[m[2m | [m[32mNo NAT environment detected so no service could be stopped
[m