Setting logging level to INFO
[2m2026-09-14 23:22:52.055+0200[m[2m | [m[2mmain[m[2m | [m[32mINFO [m[2m | [m[2mBesu[m[2m | [m[32mStarting Besu
[m[2m2026-09-14 23:22:55.709+0200[m[2m | [m[2mmain[m[2m | [m[33mWARN [m[2m | [m[2mBesu[m[2m | [m[33m--discovery-enabled has been ignored because --p2p-enabled was not defined on the command line.
[m[2m2026-09-14 23:22:56.674+0200[m[2m | [m[2mmain[m[2m | [m[32mINFO [m[2m | [m[2mBesu[m[2m | [m[32mRPC HTTP JSON-RPC config: JsonRpcConfiguration{enabled=true, port=55938, host=127.0.0.1, corsAllowedDomains=[], hostsAllowlist=[localhost, 127.0.0.1], rpcApis=[ETH, NET, WEB3, DEBUG, TXPOOL, ADMIN], authenticationEnabled=false, authenticationCredentialsFile=null, authenticationPublicKeyFile=null, tlsConfiguration=Optional.empty, httpTimeoutSec=30, maxActiveConnections=80, maxBatchSize=1024}
[m[2m2026-09-14 23:22:56.675+0200[m[2m | [m[2mmain[m[2m | [m[32mINFO [m[2m | [m[2mBesu[m[2m | [m[32mEngine JSON-RPC config: JsonRpcConfiguration{enabled=true, port=55939, host=127.0.0.1, corsAllowedDomains=[], hostsAllowlist=[*], rpcApis=[ENGINE, ETH], authenticationEnabled=true, authenticationCredentialsFile=null, authenticationPublicKeyFile=<repo>/.tmp/besu-approval-runs/gate-off-35681-1789420970/jwt.hex, tlsConfiguration=Optional.empty, httpTimeoutSec=30, maxActiveConnections=80, maxBatchSize=1024}
[m[2m2026-09-14 23:22:56.681+0200[m[2m | [m[2mmain[m[2m | [m[33mWARN [m[2m | [m[2mBesu[m[2m | [m[33mForcing --bonsai-limit-trie-logs-enabled=false, since it cannot be enabled with --sync-mode=FULL and --data-storage-format=BONSAI.
[m[2m2026-09-14 23:22:56.681+0200[m[2m | [m[2mmain[m[2m | [m[32mINFO [m[2m | [m[2mBesu[m[2m | [m[32mConnecting to 0 static nodes.
[m[2m2026-09-14 23:22:56.689+0200[m[2m | [m[2mmain[m[2m | [m[33mWARN [m[2m | [m[2mBesu[m[2m | [m[33mForcing price bump for transaction replacement to 0, since min-gas-price is set to 0
[m[2m2026-09-14 23:22:56.690+0200[m[2m | [m[2mmain[m[2m | [m[33mWARN [m[2m | [m[2mBesu[m[2m | [m[33mForcing tx-pool-min-gas-price=0, since it cannot be greater than the value of min-gas-price
[m[2m2026-09-14 23:22:56.731+0200[m[2m | [m[2mmain[m[2m | [m[32mINFO [m[2m | [m[2mBesu[m[2m | [m[32m
####################################################################################################
#                                                                                                  #
# Besu version 26.8.1                                                                              #
#                                                                                                  #
# Configuration:                                                                                   #
# Network: Custom genesis file                                                                     #
# <repo>/.tmp/worktrees/ops-besu-signed-appr                     #
# ovals/poc/besu-signed-approvals/evidence/genesis.json                                            #
# Network Id: 31337                                                                                #
# Data storage: Bonsai                                                                             #
# RocksDB max open files: 1024 (derived from available resources)                                  #
# Sync mode: Full                                                                                  #
# Sync min peers: 5                                                                                #
# P2P Discovery: disabled                                                                          #
# RPC HTTP APIs: ETH,NET,WEB3,DEBUG,TXPOOL,ADMIN                                                   #
# RPC HTTP port: 55938                                                                             #
# Engine APIs: ENGINE,ETH                                                                          #
# Engine port: 55939                                                                               #
# Engine JWT: <repo>/.tmp/worktrees/ops-besu                     #
# -signed-approvals/.tmp/besu-approval-runs/gate-off-35681-1789420970/jwt.hex                      #
# Using LAYERED transaction pool implementation                                                    #
# Using STACKED worldstate update mode                                                             #
# Opcode optimizations enabled                                                                     #
# Parallel transaction processing enabled                                                          #
# BAL pruning enabled (retained BALs: 113056)                                                      #
#                                                                                                  #
# Host:                                                                                            #
# Java: openjdk-java-25                                                                            #
# Maximum heap size: 2,00 GB                                                                       #
# OS: osx-aarch_64                                                                                 #
# Total memory: 32,00 GB                                                                           #
# CPU cores: 12                                                                                    #
#                                                                                                  #
# Plugin Registration Summary:                                                                     #
# No plugins have been registered.                                                                 #
# TOTAL = 0 of 0 plugins successfully registered.                                                  #
#                                                                                                  #
####################################################################################################
[m[2m2026-09-14 23:22:56.732+0200[m[2m | [m[2mmain[m[2m | [m[32mINFO [m[2m | [m[2mBesu[m[2m | [m[32mSecurity Module: localfile
[m[2m2026-09-14 23:22:56.732+0200[m[2m | [m[2mmain[m[2m | [m[32mINFO [m[2m | [m[2mVersionMetadata[m[2m | [m[32mLookup version metadata file in data directory: <repo>/.tmp/besu-approval-runs/gate-off-35681-1789420970/data
[m[2m2026-09-14 23:22:56.732+0200[m[2m | [m[2mmain[m[2m | [m[32mINFO [m[2m | [m[2mVersionMetadata[m[2m | [m[32mData directory <repo>/.tmp/besu-approval-runs/gate-off-35681-1789420970/data does not exist - creating it
[m[2m2026-09-14 23:22:56.733+0200[m[2m | [m[2mmain[m[2m | [m[32mINFO [m[2m | [m[2mVersionMetadata[m[2m | [m[32mNo version data detected. Writing Besu version 26.8.1 to metadata file
[m[2m2026-09-14 23:22:56.978+0200[m[2m | [m[2mmain[m[2m | [m[32mINFO [m[2m | [m[2mBesu[m[2m | [m[32mUsing the native implementation of alt bn128
[m[2m2026-09-14 23:22:56.979+0200[m[2m | [m[2mmain[m[2m | [m[32mINFO [m[2m | [m[2mBesu[m[2m | [m[32mUsing the Java implementation of modexp
[m[2m2026-09-14 23:22:56.985+0200[m[2m | [m[2mmain[m[2m | [m[32mINFO [m[2m | [m[2mBesu[m[2m | [m[32mUsing the native implementation of the signature algorithm
[m[2m2026-09-14 23:22:56.988+0200[m[2m | [m[2mmain[m[2m | [m[32mINFO [m[2m | [m[2mBesu[m[2m | [m[32mUsing the Java implementation of the blake2bf algorithm
[m[2m2026-09-14 23:22:57.985+0200[m[2m | [m[2mmain[m[2m | [m[32mINFO [m[2m | [m[2mBesu[m[2m | [m[32mUsing the native BoringSSL implementation of p256verify
[m[2m2026-09-14 23:22:58.030+0200[m[2m | [m[2mmain[m[2m | [m[33mWARN [m[2m | [m[2mBesuController[m[2m | [m[33mNo consensus mechanism detected in genesis config, using PoS
[m[2m2026-09-14 23:22:58.039+0200[m[2m | [m[2mmain[m[2m | [m[33mWARN [m[2m | [m[2mBesu[m[2m | [m[33mForcing price bump for transaction replacement to 0, since min-gas-price is set to 0
[m[2m2026-09-14 23:22:58.040+0200[m[2m | [m[2mmain[m[2m | [m[33mWARN [m[2m | [m[2mBesu[m[2m | [m[33mForcing tx-pool-min-gas-price=0, since it cannot be greater than the value of min-gas-price
[m[2m2026-09-14 23:22:58.041+0200[m[2m | [m[2mmain[m[2m | [m[32mINFO [m[2m | [m[2mKeyPairUtil[m[2m | [m[32mAttempting to load public key from <repo>/.tmp/besu-approval-runs/gate-off-35681-1789420970/key
[m[2m2026-09-14 23:22:58.047+0200[m[2m | [m[2mmain[m[2m | [m[32mINFO [m[2m | [m[2mKeyPairUtil[m[2m | [m[32mLoaded public key 0x8318535b54105d4a7aae60c08fc45f9687181b4fdfc625bd1a753fa7397fed753547f11ca8696646f2f3acb08e31016afac23e630c5d11f59f61fef57b0d2aa5 from <repo>/.tmp/besu-approval-runs/gate-off-35681-1789420970/key
[m[2m2026-09-14 23:22:58.101+0200[m[2m | [m[2mmain[m[2m | [m[32mINFO [m[2m | [m[2mProtocolScheduleBuilder[m[2m | [m[32mProtocol schedule created with milestones: [Shanghai:0]
[m[2m2026-09-14 23:22:58.102+0200[m[2m | [m[2mmain[m[2m | [m[32mINFO [m[2m | [m[2mRocksDBKeyValueStorageFactory[m[2m | [m[32mNo existing database at <repo>/.tmp/besu-approval-runs/gate-off-35681-1789420970/data. Using default metadata for new db versionedStorageFormat=BaseVersionedStorageFormat{format=BONSAI, version=3}
[m[2m2026-09-14 23:22:58.644+0200[m[2m | [m[2mmain[m[2m | [m[32mINFO [m[2m | [m[2mFlatDbStrategyProvider[m[2m | [m[32mFlat db mode found FULL
[m[2m2026-09-14 23:22:58.645+0200[m[2m | [m[2mmain[m[2m | [m[32mINFO [m[2m | [m[2mFlatDbStrategyProvider[m[2m | [m[32mDB mode with code stored using code hash enabled = true
[m[2m2026-09-14 23:22:58.652+0200[m[2m | [m[2mmain[m[2m | [m[32mINFO [m[2m | [m[2mFlatDbStrategyProvider[m[2m | [m[32mFlat db mode found FULL
[m[2m2026-09-14 23:22:58.652+0200[m[2m | [m[2mmain[m[2m | [m[32mINFO [m[2m | [m[2mFlatDbStrategyProvider[m[2m | [m[32mDB mode with code stored using code hash enabled = true
[m[2m2026-09-14 23:22:58.704+0200[m[2m | [m[2mmain[m[2m | [m[32mINFO [m[2m | [m[2mBesuControllerBuilder[m[2m | [m[32mAdding ChainDataPruner to observe block added events
[m[2m2026-09-14 23:22:58.705+0200[m[2m | [m[2mmain[m[2m | [m[32mINFO [m[2m | [m[2mBesuControllerBuilder[m[2m | [m[32mBAL pruning enabled | BALs retained: 113056 | Frequency: 256
[m[2m2026-09-14 23:22:58.720+0200[m[2m | [m[2mmain[m[2m | [m[32mINFO [m[2m | [m[2mTransactionPoolFactory[m[2m | [m[32mEnabling transaction pool
[m[2m2026-09-14 23:22:58.727+0200[m[2m | [m[2mmain[m[2m | [m[32mINFO [m[2m | [m[2mEthPeers[m[2m | [m[32mUpdating the default best peer comparator
[m[2m2026-09-14 23:22:58.730+0200[m[2m | [m[2mmain[m[2m | [m[32mINFO [m[2m | [m[2mBesuControllerBuilder[m[2m | [m[32mTTD difficulty is present, creating initial sync for PoS
[m[2m2026-09-14 23:22:58.746+0200[m[2m | [m[2mmain[m[2m | [m[32mINFO [m[2m | [m[2mRunnerBuilder[m[2m | [m[32mDetecting NAT service.
[m[2m2026-09-14 23:22:58.837+0200[m[2m | [m[2mmain[m[2m | [m[32mINFO [m[2m | [m[2mRunner[m[2m | [m[32mStarting external services ... 
[m[2m2026-09-14 23:22:58.837+0200[m[2m | [m[2mmain[m[2m | [m[32mINFO [m[2m | [m[2mJsonRpcHttpService[m[2m | [m[32mStarting JSON-RPC service on 127.0.0.1:55938
[m[2m2026-09-14 23:22:58.874+0200[m[2m | [m[2mvert.x-eventloop-thread-1[m[2m | [m[32mINFO [m[2m | [m[2mJsonRpcHttpService[m[2m | [m[32mJSON-RPC service started and listening on 127.0.0.1:55938
[m[2m2026-09-14 23:22:58.874+0200[m[2m | [m[2mmain[m[2m | [m[32mINFO [m[2m | [m[2mEngineJsonRpcService[m[2m | [m[32mStarting JSON-RPC service on 127.0.0.1:55939
[m[2m2026-09-14 23:22:58.876+0200[m[2m | [m[2mvert.x-eventloop-thread-1[m[2m | [m[32mINFO [m[2m | [m[2mEngineJsonRpcService[m[2m | [m[32mJSON-RPC service started and listening on 127.0.0.1:55939
[m[2m2026-09-14 23:22:58.877+0200[m[2m | [m[2mmain[m[2m | [m[32mINFO [m[2m | [m[2mAutoTransactionLogBloomCachingService[m[2m | [m[32mStarting auto transaction log bloom caching service.
[m[2m2026-09-14 23:22:58.877+0200[m[2m | [m[2mmain[m[2m | [m[32mINFO [m[2m | [m[2mLogBloomCacheMetadata[m[2m | [m[32mLookup cache metadata file in data directory: <repo>/.tmp/besu-approval-runs/gate-off-35681-1789420970/data/caches
[m[2m2026-09-14 23:22:58.882+0200[m[2m | [m[2mmain[m[2m | [m[32mINFO [m[2m | [m[2mRunner[m[2m | [m[32mStarting Ethereum main loop ... 
[m[2m2026-09-14 23:22:58.882+0200[m[2m | [m[2mmain[m[2m | [m[32mINFO [m[2m | [m[2mNatService[m[2m | [m[32mNo NAT environment detected so no service could be started
[m[2m2026-09-14 23:22:58.882+0200[m[2m | [m[2mmain[m[2m | [m[32mINFO [m[2m | [m[2mNetworkRunner[m[2m | [m[32mStarting Network.
[m[2m2026-09-14 23:22:58.885+0200[m[2m | [m[2mmain[m[2m | [m[32mINFO [m[2m | [m[2mNetworkRunner[m[2m | [m[32mSupported capabilities: [eth/68, eth/69, eth/70, eth/71], [snap/1]
[m[2m2026-09-14 23:22:58.886+0200[m[2m | [m[2mmain[m[2m | [m[32mINFO [m[2m | [m[2mRunner[m[2m | [m[32mEthereum main loop is up.
[m[2m2026-09-14 23:23:00.625+0200[m[2m | [m[2mengine-ordered-execution-0[m[2m | [m[32mINFO [m[2m | [m[2mMergeCoordinator[m[2m | [m[32mStart building proposals for block 1 identified by 0x0094b6180f370fb4
[m[2m2026-09-14 23:23:00.627+0200[m[2m | [m[2mengine-ordered-execution-0[m[2m | [m[32mINFO [m[2m | [m[2mEngineForkchoiceUpdatedV2[m[2m | [m[32mFCU(VALID) | head: d95fb.....462a9 | safe: d95fb.....462a9 | finalized: d95fb.....462a9
[m[2m2026-09-14 23:23:01.634+0200[m[2m | [m[2mvert.x-worker-thread-4[m[2m | [m[32mINFO [m[2m | [m[2mEngineGetPayloadV2[m[2m | [m[32mProduced #1  (5f6d1.....35ce2)|    0 tx | 0 ws | 0 (0,0%) gas in 0,000s | Timing(started at 2026-09-14T21:23:00.611849Z, empty-block-created=0ms, awaitingRetrieval=0ms) | PayloadId 0x0094b6180f370fb4
[m[2m2026-09-14 23:23:01.651+0200[m[2m | [m[2mengine-ordered-execution-0[m[2m | [m[32mINFO [m[2m | [m[2mEngineNewPayloadV2[m[2m | [m[32mImported #1  (5f6d1.....35ce2)|    0 tx|  0 ws| 875,00 mwei bfee|           0 (  0,0%) gas used| 4,4ms exec|   0,00 Mgas/s|  0 peers
[m[2m2026-09-14 23:23:01.658+0200[m[2m | [m[2mengine-ordered-execution-0[m[2m | [m[32mINFO [m[2m | [m[2mEngineForkchoiceUpdatedV2[m[2m | [m[32mFCU(VALID) | head: 5f6d1.....35ce2 | safe: 5f6d1.....35ce2 | finalized: 5f6d1.....35ce2
[m[2m2026-09-14 23:23:01.663+0200[m[2m | [m[2mengine-ordered-execution-0[m[2m | [m[32mINFO [m[2m | [m[2mMergeCoordinator[m[2m | [m[32mStart building proposals for block 2 identified by 0x0094b655217e804b
[m[2m2026-09-14 23:23:01.663+0200[m[2m | [m[2mengine-ordered-execution-0[m[2m | [m[32mINFO [m[2m | [m[2mEngineForkchoiceUpdatedV2[m[2m | [m[32mFCU(VALID) | head: 5f6d1.....35ce2 | safe: 5f6d1.....35ce2 | finalized: 5f6d1.....35ce2
[m[2m2026-09-14 23:23:02.225+0200[m[2m | [m[2mEthScheduler-BlockCreation-0-2[m[2m | [m[32mINFO [m[2m | [m[2mPostMergeContext[m[2m | [m[32mNew proposal for payloadId 0x0094b655217e804b block 2 (0x3c4ddaef74576ca1cf088acb70891cc61aa2e4e6e7e83e50569e4b10d6484b9a) gas used 1260000 transactions 60 reward 1,26 szabo is better than the previous one by 1,26 szabo
[m[2m2026-09-14 23:23:02.469+0200[m[2m | [m[2mvert.x-worker-thread-17[m[2m | [m[32mINFO [m[2m | [m[2mEngineGetPayloadV2[m[2m | [m[32mProduced #2  (3c4dd.....84b9a)|   60 tx | 0 ws | 1.260.000 (4,2%) gas in 0,300s | Timing(started at 2026-09-14T21:23:02.169031Z, duplicateWorldState=0ms, preTxsSelection=0ms, txsSelection=29ms, selectedTxsEvaluation=22ms, blockAssembled=6ms, awaitingRetrieval=263ms) | PayloadId 0x0094b655217e804b
[m[2m2026-09-14 23:23:02.491+0200[m[2m | [m[2mengine-ordered-execution-0[m[2m | [m[32mINFO [m[2m | [m[2mEngineNewPayloadV2[m[2m | [m[32mImported #2  (3c4dd.....84b9a)|   60 tx|  0 ws| 765,63 mwei bfee|   1.260.000 (  4,2%) gas used| 9,0ms exec| 139,31 Mgas/s|  0 peers
[m[2m2026-09-14 23:23:02.506+0200[m[2m | [m[2mengine-ordered-execution-0[m[2m | [m[32mINFO [m[2m | [m[2mEngineForkchoiceUpdatedV2[m[2m | [m[32mFCU(VALID) | head: 3c4dd.....84b9a | safe: 3c4dd.....84b9a | finalized: 3c4dd.....84b9a
[m[2m2026-09-14 23:23:02.667+0200[m[2m | [m[2mengine-ordered-execution-0[m[2m | [m[33mWARN [m[2m | [m[2mMergeCoordinator[m[2m | [m[33mNew payloadId 0x0094b6227bd742b6 received so cancelling block creation tasks for the following payloadIds: 0x0094b655217e804b
[m[2m2026-09-14 23:23:02.675+0200[m[2m | [m[2mengine-ordered-execution-0[m[2m | [m[32mINFO [m[2m | [m[2mMergeCoordinator[m[2m | [m[32mStart building proposals for block 3 identified by 0x0094b6227bd742b6
[m[2m2026-09-14 23:23:02.675+0200[m[2m | [m[2mengine-ordered-execution-0[m[2m | [m[32mINFO [m[2m | [m[2mEngineForkchoiceUpdatedV2[m[2m | [m[32mFCU(VALID) | head: 3c4dd.....84b9a | safe: 3c4dd.....84b9a | finalized: 3c4dd.....84b9a
[m[2m2026-09-14 23:23:02.688+0200[m[2m | [m[2mEthScheduler-BlockCreation-0-3[m[2m | [m[32mINFO [m[2m | [m[2mPostMergeContext[m[2m | [m[32mNew proposal for payloadId 0x0094b6227bd742b6 block 3 (0x98249cc5f241a3649a2480c00648ef18be7e4cb0f169b4d385e5616db414bc38) gas used 924000 transactions 44 reward 924,00 gwei is better than the previous one by 924,00 gwei
[m[2m2026-09-14 23:23:03.203+0200[m[2m | [m[2mEthScheduler-BlockCreation-0-3[m[2m | [m[32mINFO [m[2m | [m[2mPostMergeContext[m[2m | [m[32mNew proposal for payloadId 0x0094b6227bd742b6 block 3 (0x34d11985ef8221e831daa2b3fdf2fc8f4f2a089468e50f6ace98094679527d75) gas used 2100000 transactions 100 reward 2,10 szabo is better than the previous one by 1,18 szabo
[m[2m2026-09-14 23:23:03.480+0200[m[2m | [m[2mvert.x-worker-thread-17[m[2m | [m[32mINFO [m[2m | [m[2mEngineGetPayloadV2[m[2m | [m[32mProduced #3  (34d11.....27d75)|  100 tx | 0 ws | 2.100.000 (7,0%) gas in 0,299s | Timing(started at 2026-09-14T21:23:03.181031Z, duplicateWorldState=0ms, preTxsSelection=0ms, txsSelection=10ms, selectedTxsEvaluation=7ms, blockAssembled=1ms, awaitingRetrieval=286ms) | PayloadId 0x0094b6227bd742b6
[m[2m2026-09-14 23:23:03.501+0200[m[2m | [m[2mengine-ordered-execution-0[m[2m | [m[32mINFO [m[2m | [m[2mEngineNewPayloadV2[m[2m | [m[32mImported #3  (34d11.....27d75)|  100 tx|  0 ws| 677,96 mwei bfee|   2.100.000 (  7,0%) gas used| 14,6ms exec| 143,71 Mgas/s|  0 peers
[m[2m2026-09-14 23:23:03.514+0200[m[2m | [m[2mengine-ordered-execution-0[m[2m | [m[32mINFO [m[2m | [m[2mEngineForkchoiceUpdatedV2[m[2m | [m[32mFCU(VALID) | head: 34d11.....27d75 | safe: 34d11.....27d75 | finalized: 34d11.....27d75
[m[2m2026-09-14 23:23:03.666+0200[m[2m | [m[2mengine-ordered-execution-0[m[2m | [m[33mWARN [m[2m | [m[2mMergeCoordinator[m[2m | [m[33mNew payloadId 0x0094b66369f718b7 received so cancelling block creation tasks for the following payloadIds: 0x0094b6227bd742b6
[m[2m2026-09-14 23:23:03.670+0200[m[2m | [m[2mengine-ordered-execution-0[m[2m | [m[32mINFO [m[2m | [m[2mMergeCoordinator[m[2m | [m[32mStart building proposals for block 4 identified by 0x0094b66369f718b7
[m[2m2026-09-14 23:23:03.670+0200[m[2m | [m[2mengine-ordered-execution-0[m[2m | [m[32mINFO [m[2m | [m[2mEngineForkchoiceUpdatedV2[m[2m | [m[32mFCU(VALID) | head: 34d11.....27d75 | safe: 34d11.....27d75 | finalized: 34d11.....27d75
[m[2m2026-09-14 23:23:03.678+0200[m[2m | [m[2mEthScheduler-BlockCreation-1-4[m[2m | [m[32mINFO [m[2m | [m[2mPostMergeContext[m[2m | [m[32mNew proposal for payloadId 0x0094b66369f718b7 block 4 (0x0cb813d4f4d77c8e62a8cfa153f62667e395069a60f31feece33338ab92af7dc) gas used 924000 transactions 44 reward 924,00 gwei is better than the previous one by 924,00 gwei
[m[2m2026-09-14 23:23:04.189+0200[m[2m | [m[2mEthScheduler-BlockCreation-1-4[m[2m | [m[32mINFO [m[2m | [m[2mPostMergeContext[m[2m | [m[32mNew proposal for payloadId 0x0094b66369f718b7 block 4 (0x251e21193f13fcdeb9b1a0284df12bf53280285abd3ab7daa5cdfe7f4b77719f) gas used 2100000 transactions 100 reward 2,10 szabo is better than the previous one by 1,18 szabo
[m[2m2026-09-14 23:23:04.475+0200[m[2m | [m[2mvert.x-worker-thread-12[m[2m | [m[32mINFO [m[2m | [m[2mEngineGetPayloadV2[m[2m | [m[32mProduced #4  (251e2.....7719f)|  100 tx | 0 ws | 2.100.000 (7,0%) gas in 0,299s | Timing(started at 2026-09-14T21:23:04.174822Z, duplicateWorldState=0ms, preTxsSelection=0ms, txsSelection=6ms, selectedTxsEvaluation=3ms, blockAssembled=1ms, awaitingRetrieval=292ms) | PayloadId 0x0094b66369f718b7
[m[2m2026-09-14 23:23:04.490+0200[m[2m | [m[2mengine-ordered-execution-0[m[2m | [m[32mINFO [m[2m | [m[2mEngineNewPayloadV2[m[2m | [m[32mImported #4  (251e2.....7719f)|  100 tx|  0 ws| 605,08 mwei bfee|   2.100.000 (  7,0%) gas used| 8,3ms exec| 253,44 Mgas/s|  0 peers
[m[2m2026-09-14 23:23:04.497+0200[m[2m | [m[2mengine-ordered-execution-0[m[2m | [m[32mINFO [m[2m | [m[2mEngineForkchoiceUpdatedV2[m[2m | [m[32mFCU(VALID) | head: 251e2.....7719f | safe: 251e2.....7719f | finalized: 251e2.....7719f
[m[2m2026-09-14 23:23:04.668+0200[m[2m | [m[2mengine-ordered-execution-0[m[2m | [m[33mWARN [m[2m | [m[2mMergeCoordinator[m[2m | [m[33mNew payloadId 0x0094b6201ef50348 received so cancelling block creation tasks for the following payloadIds: 0x0094b66369f718b7
[m[2m2026-09-14 23:23:04.672+0200[m[2m | [m[2mengine-ordered-execution-0[m[2m | [m[32mINFO [m[2m | [m[2mMergeCoordinator[m[2m | [m[32mStart building proposals for block 5 identified by 0x0094b6201ef50348
[m[2m2026-09-14 23:23:04.672+0200[m[2m | [m[2mengine-ordered-execution-0[m[2m | [m[32mINFO [m[2m | [m[2mEngineForkchoiceUpdatedV2[m[2m | [m[32mFCU(VALID) | head: 251e2.....7719f | safe: 251e2.....7719f | finalized: 251e2.....7719f
[m[2m2026-09-14 23:23:04.678+0200[m[2m | [m[2mEthScheduler-BlockCreation-0-5[m[2m | [m[32mINFO [m[2m | [m[2mPostMergeContext[m[2m | [m[32mNew proposal for payloadId 0x0094b6201ef50348 block 5 (0x8db829e51abe6ef549c470971e6d384e8901c131f0dae88cee89552957ea08fd) gas used 924000 transactions 44 reward 924,00 gwei is better than the previous one by 924,00 gwei
[m[2m2026-09-14 23:23:05.189+0200[m[2m | [m[2mEthScheduler-BlockCreation-0-5[m[2m | [m[32mINFO [m[2m | [m[2mPostMergeContext[m[2m | [m[32mNew proposal for payloadId 0x0094b6201ef50348 block 5 (0x6a92825b20cbfec8636c4a501f55faf46ed9d4a08b6497422fdfd356e2728074) gas used 2100000 transactions 100 reward 2,10 szabo is better than the previous one by 1,18 szabo
[m[2m2026-09-14 23:23:05.478+0200[m[2m | [m[2mvert.x-worker-thread-15[m[2m | [m[32mINFO [m[2m | [m[2mEngineGetPayloadV2[m[2m | [m[32mProduced #5  (6a928.....28074)|  100 tx | 0 ws | 2.100.000 (7,0%) gas in 0,300s | Timing(started at 2026-09-14T21:23:05.178061Z, duplicateWorldState=0ms, preTxsSelection=0ms, txsSelection=4ms, selectedTxsEvaluation=2ms, blockAssembled=1ms, awaitingRetrieval=294ms) | PayloadId 0x0094b6201ef50348
[m[2m2026-09-14 23:23:05.491+0200[m[2m | [m[2mengine-ordered-execution-0[m[2m | [m[32mINFO [m[2m | [m[2mEngineNewPayloadV2[m[2m | [m[32mImported #5  (6a928.....28074)|  100 tx|  0 ws| 540,03 mwei bfee|   2.100.000 (  7,0%) gas used| 9,8ms exec| 214,47 Mgas/s|  0 peers
[m[2m2026-09-14 23:23:05.499+0200[m[2m | [m[2mengine-ordered-execution-0[m[2m | [m[32mINFO [m[2m | [m[2mEngineForkchoiceUpdatedV2[m[2m | [m[32mFCU(VALID) | head: 6a928.....28074 | safe: 6a928.....28074 | finalized: 6a928.....28074
[m[2m2026-09-14 23:23:05.669+0200[m[2m | [m[2mengine-ordered-execution-0[m[2m | [m[33mWARN [m[2m | [m[2mMergeCoordinator[m[2m | [m[33mNew payloadId 0x0094b61996a2cdb9 received so cancelling block creation tasks for the following payloadIds: 0x0094b6201ef50348
[m[2m2026-09-14 23:23:05.673+0200[m[2m | [m[2mengine-ordered-execution-0[m[2m | [m[32mINFO [m[2m | [m[2mMergeCoordinator[m[2m | [m[32mStart building proposals for block 6 identified by 0x0094b61996a2cdb9
[m[2m2026-09-14 23:23:05.673+0200[m[2m | [m[2mengine-ordered-execution-0[m[2m | [m[32mINFO [m[2m | [m[2mEngineForkchoiceUpdatedV2[m[2m | [m[32mFCU(VALID) | head: 6a928.....28074 | safe: 6a928.....28074 | finalized: 6a928.....28074
[m[2m2026-09-14 23:23:05.686+0200[m[2m | [m[2mEthScheduler-BlockCreation-1-6[m[2m | [m[32mINFO [m[2m | [m[2mPostMergeContext[m[2m | [m[32mNew proposal for payloadId 0x0094b61996a2cdb9 block 6 (0xc2f872b7b51a745eeac2f17c72054dd089e047b23efd6592460d083d6cbfbd83) gas used 924000 transactions 44 reward 924,00 gwei is better than the previous one by 924,00 gwei
[m[2m2026-09-14 23:23:06.189+0200[m[2m | [m[2mEthScheduler-BlockCreation-1-6[m[2m | [m[32mINFO [m[2m | [m[2mPostMergeContext[m[2m | [m[32mNew proposal for payloadId 0x0094b61996a2cdb9 block 6 (0x42c7dc018ca0143fd92d82b4e49ff1deb8562345163a525cad246509ba4b1657) gas used 2100000 transactions 100 reward 2,10 szabo is better than the previous one by 1,18 szabo
[m[2m2026-09-14 23:23:06.480+0200[m[2m | [m[2mvert.x-worker-thread-15[m[2m | [m[32mINFO [m[2m | [m[2mEngineGetPayloadV2[m[2m | [m[32mProduced #6  (42c7d.....b1657)|  100 tx | 0 ws | 2.100.000 (7,0%) gas in 0,301s | Timing(started at 2026-09-14T21:23:06.178668Z, duplicateWorldState=0ms, preTxsSelection=0ms, txsSelection=4ms, selectedTxsEvaluation=2ms, blockAssembled=1ms, awaitingRetrieval=295ms) | PayloadId 0x0094b61996a2cdb9
[m[2m2026-09-14 23:23:06.495+0200[m[2m | [m[2mengine-ordered-execution-0[m[2m | [m[32mINFO [m[2m | [m[2mEngineNewPayloadV2[m[2m | [m[32mImported #6  (42c7d.....b1657)|  100 tx|  0 ws| 481,98 mwei bfee|   2.100.000 (  7,0%) gas used| 9,9ms exec| 212,64 Mgas/s|  0 peers
[m[2m2026-09-14 23:23:06.499+0200[m[2m | [m[2mengine-ordered-execution-0[m[2m | [m[32mINFO [m[2m | [m[2mEngineForkchoiceUpdatedV2[m[2m | [m[32mFCU(VALID) | head: 42c7d.....b1657 | safe: 42c7d.....b1657 | finalized: 42c7d.....b1657
[m[2m2026-09-14 23:23:06.669+0200[m[2m | [m[2mengine-ordered-execution-0[m[2m | [m[33mWARN [m[2m | [m[2mMergeCoordinator[m[2m | [m[33mNew payloadId 0x0094b627649036ba received so cancelling block creation tasks for the following payloadIds: 0x0094b61996a2cdb9
[m[2m2026-09-14 23:23:06.672+0200[m[2m | [m[2mengine-ordered-execution-0[m[2m | [m[32mINFO [m[2m | [m[2mMergeCoordinator[m[2m | [m[32mStart building proposals for block 7 identified by 0x0094b627649036ba
[m[2m2026-09-14 23:23:06.672+0200[m[2m | [m[2mengine-ordered-execution-0[m[2m | [m[32mINFO [m[2m | [m[2mEngineForkchoiceUpdatedV2[m[2m | [m[32mFCU(VALID) | head: 42c7d.....b1657 | safe: 42c7d.....b1657 | finalized: 42c7d.....b1657
[m[2m2026-09-14 23:23:06.679+0200[m[2m | [m[2mEthScheduler-BlockCreation-0-7[m[2m | [m[32mINFO [m[2m | [m[2mPostMergeContext[m[2m | [m[32mNew proposal for payloadId 0x0094b627649036ba block 7 (0x4aeb790a492115034bb000e7cfbc99d67e8517b645714a781ca84e8ac6e8c651) gas used 924000 transactions 44 reward 924,00 gwei is better than the previous one by 924,00 gwei
[m[2m2026-09-14 23:23:07.184+0200[m[2m | [m[2mEthScheduler-BlockCreation-0-7[m[2m | [m[32mINFO [m[2m | [m[2mPostMergeContext[m[2m | [m[32mNew proposal for payloadId 0x0094b627649036ba block 7 (0x406b3551f3613dbe4f34c7a6dd51358f4df3fa81191da419807ab785422cd1e3) gas used 2100000 transactions 100 reward 2,10 szabo is better than the previous one by 1,18 szabo
[m[2m2026-09-14 23:23:07.478+0200[m[2m | [m[2mvert.x-worker-thread-12[m[2m | [m[32mINFO [m[2m | [m[2mEngineGetPayloadV2[m[2m | [m[32mProduced #7  (406b3.....cd1e3)|  100 tx | 0 ws | 2.100.000 (7,0%) gas in 0,304s | Timing(started at 2026-09-14T21:23:07.173698Z, duplicateWorldState=0ms, preTxsSelection=0ms, txsSelection=3ms, selectedTxsEvaluation=2ms, blockAssembled=0ms, awaitingRetrieval=299ms) | PayloadId 0x0094b627649036ba
[m[2m2026-09-14 23:23:07.487+0200[m[2m | [m[2mengine-ordered-execution-0[m[2m | [m[32mINFO [m[2m | [m[2mEngineNewPayloadV2[m[2m | [m[32mImported #7  (406b3.....cd1e3)|  100 tx|  0 ws| 430,17 mwei bfee|   2.100.000 (  7,0%) gas used| 6,2ms exec| 338,82 Mgas/s|  0 peers
[m[2m2026-09-14 23:23:07.496+0200[m[2m | [m[2mengine-ordered-execution-0[m[2m | [m[32mINFO [m[2m | [m[2mEngineForkchoiceUpdatedV2[m[2m | [m[32mFCU(VALID) | head: 406b3.....cd1e3 | safe: 406b3.....cd1e3 | finalized: 406b3.....cd1e3
[m[2m2026-09-14 23:23:07.668+0200[m[2m | [m[2mengine-ordered-execution-0[m[2m | [m[33mWARN [m[2m | [m[2mMergeCoordinator[m[2m | [m[33mNew payloadId 0x0094b650891d0945 received so cancelling block creation tasks for the following payloadIds: 0x0094b627649036ba
[m[2m2026-09-14 23:23:07.669+0200[m[2m | [m[2mengine-ordered-execution-0[m[2m | [m[32mINFO [m[2m | [m[2mMergeCoordinator[m[2m | [m[32mStart building proposals for block 8 identified by 0x0094b650891d0945
[m[2m2026-09-14 23:23:07.669+0200[m[2m | [m[2mengine-ordered-execution-0[m[2m | [m[32mINFO [m[2m | [m[2mEngineForkchoiceUpdatedV2[m[2m | [m[32mFCU(VALID) | head: 406b3.....cd1e3 | safe: 406b3.....cd1e3 | finalized: 406b3.....cd1e3
[m[2m2026-09-14 23:23:07.674+0200[m[2m | [m[2mEthScheduler-BlockCreation-1-8[m[2m | [m[32mINFO [m[2m | [m[2mPostMergeContext[m[2m | [m[32mNew proposal for payloadId 0x0094b650891d0945 block 8 (0xb16f2fecf52f9f90483f94593f1c3e1b92c67d0c4056f7ecfe438b84591246bf) gas used 924000 transactions 44 reward 924,00 gwei is better than the previous one by 924,00 gwei
[m[2m2026-09-14 23:23:08.180+0200[m[2m | [m[2mEthScheduler-BlockCreation-1-8[m[2m | [m[32mINFO [m[2m | [m[2mPostMergeContext[m[2m | [m[32mNew proposal for payloadId 0x0094b650891d0945 block 8 (0xe41583673b262da2e1c13f3c44ce15fa89230ad4ec9f6a97ec19ff6aa3cd5438) gas used 2100000 transactions 100 reward 2,10 szabo is better than the previous one by 1,18 szabo
[m[2m2026-09-14 23:23:08.476+0200[m[2m | [m[2mvert.x-worker-thread-11[m[2m | [m[32mINFO [m[2m | [m[2mEngineGetPayloadV2[m[2m | [m[32mProduced #8  (e4158.....d5438)|  100 tx | 0 ws | 2.100.000 (7,0%) gas in 0,302s | Timing(started at 2026-09-14T21:23:08.173218Z, duplicateWorldState=0ms, preTxsSelection=0ms, txsSelection=2ms, selectedTxsEvaluation=1ms, blockAssembled=0ms, awaitingRetrieval=298ms) | PayloadId 0x0094b650891d0945
[m[2m2026-09-14 23:23:08.488+0200[m[2m | [m[2mengine-ordered-execution-0[m[2m | [m[32mINFO [m[2m | [m[2mEngineNewPayloadV2[m[2m | [m[32mImported #8  (e4158.....d5438)|  100 tx|  0 ws| 383,92 mwei bfee|   2.100.000 (  7,0%) gas used| 9,2ms exec| 227,18 Mgas/s|  0 peers
[m[2m2026-09-14 23:23:08.505+0200[m[2m | [m[2mengine-ordered-execution-0[m[2m | [m[32mINFO [m[2m | [m[2mEngineForkchoiceUpdatedV2[m[2m | [m[32mFCU(VALID) | head: e4158.....d5438 | safe: e4158.....d5438 | finalized: e4158.....d5438
[m[2m2026-09-14 23:23:08.675+0200[m[2m | [m[2mengine-ordered-execution-0[m[2m | [m[33mWARN [m[2m | [m[2mMergeCoordinator[m[2m | [m[33mNew payloadId 0x0094b641e6d0e9bc received so cancelling block creation tasks for the following payloadIds: 0x0094b650891d0945
[m[2m2026-09-14 23:23:08.676+0200[m[2m | [m[2mengine-ordered-execution-0[m[2m | [m[32mINFO [m[2m | [m[2mMergeCoordinator[m[2m | [m[32mStart building proposals for block 9 identified by 0x0094b641e6d0e9bc
[m[2m2026-09-14 23:23:08.676+0200[m[2m | [m[2mengine-ordered-execution-0[m[2m | [m[32mINFO [m[2m | [m[2mEngineForkchoiceUpdatedV2[m[2m | [m[32mFCU(VALID) | head: e4158.....d5438 | safe: e4158.....d5438 | finalized: e4158.....d5438
[m[2m2026-09-14 23:23:08.682+0200[m[2m | [m[2mEthScheduler-BlockCreation-0-9[m[2m | [m[32mINFO [m[2m | [m[2mPostMergeContext[m[2m | [m[32mNew proposal for payloadId 0x0094b641e6d0e9bc block 9 (0xa821d0191afdfa6788529dcd319ea41589e86dc3bd5e540de614fc77b7f97b64) gas used 924000 transactions 44 reward 924,00 gwei is better than the previous one by 924,00 gwei
[m[2m2026-09-14 23:23:09.191+0200[m[2m | [m[2mEthScheduler-BlockCreation-0-9[m[2m | [m[32mINFO [m[2m | [m[2mPostMergeContext[m[2m | [m[32mNew proposal for payloadId 0x0094b641e6d0e9bc block 9 (0xc854abd2987fe2644fb76dd9100ee680fad49f6103bc925735bbd0266df15a1a) gas used 2100000 transactions 100 reward 2,10 szabo is better than the previous one by 1,18 szabo
[m[2m2026-09-14 23:23:09.482+0200[m[2m | [m[2mvert.x-worker-thread-19[m[2m | [m[32mINFO [m[2m | [m[2mEngineGetPayloadV2[m[2m | [m[32mProduced #9  (c854a.....15a1a)|  100 tx | 0 ws | 2.100.000 (7,0%) gas in 0,302s | Timing(started at 2026-09-14T21:23:09.180195Z, duplicateWorldState=0ms, preTxsSelection=0ms, txsSelection=3ms, selectedTxsEvaluation=2ms, blockAssembled=0ms, awaitingRetrieval=297ms) | PayloadId 0x0094b641e6d0e9bc
[m[2m2026-09-14 23:23:09.496+0200[m[2m | [m[2mengine-ordered-execution-0[m[2m | [m[32mINFO [m[2m | [m[2mEngineNewPayloadV2[m[2m | [m[32mImported #9  (c854a.....15a1a)|  100 tx|  0 ws| 342,65 mwei bfee|   2.100.000 (  7,0%) gas used| 9,7ms exec| 217,51 Mgas/s|  0 peers
[m[2m2026-09-14 23:23:09.507+0200[m[2m | [m[2mengine-ordered-execution-0[m[2m | [m[32mINFO [m[2m | [m[2mEngineForkchoiceUpdatedV2[m[2m | [m[32mFCU(VALID) | head: c854a.....15a1a | safe: c854a.....15a1a | finalized: c854a.....15a1a
[m[2m2026-09-14 23:23:09.676+0200[m[2m | [m[2mengine-ordered-execution-0[m[2m | [m[33mWARN [m[2m | [m[2mMergeCoordinator[m[2m | [m[33mNew payloadId 0x0094b61fea5a7943 received so cancelling block creation tasks for the following payloadIds: 0x0094b641e6d0e9bc
[m[2m2026-09-14 23:23:09.677+0200[m[2m | [m[2mengine-ordered-execution-0[m[2m | [m[32mINFO [m[2m | [m[2mMergeCoordinator[m[2m | [m[32mStart building proposals for block 10 identified by 0x0094b61fea5a7943
[m[2m2026-09-14 23:23:09.681+0200[m[2m | [m[2mengine-ordered-execution-0[m[2m | [m[32mINFO [m[2m | [m[2mEngineForkchoiceUpdatedV2[m[2m | [m[32mFCU(VALID) | head: c854a.....15a1a | safe: c854a.....15a1a | finalized: c854a.....15a1a
[m[2m2026-09-14 23:23:09.685+0200[m[2m | [m[2mEthScheduler-BlockCreation-1-10[m[2m | [m[32mINFO [m[2m | [m[2mPostMergeContext[m[2m | [m[32mNew proposal for payloadId 0x0094b61fea5a7943 block 10 (0x0f9173b4b9cf2022a4407ed992a9f557d3009a9dd7ff4e9db50e8fa22a0a50d5) gas used 966000 transactions 46 reward 966,00 gwei is better than the previous one by 966,00 gwei
[m[2m2026-09-14 23:23:10.197+0200[m[2m | [m[2mEthScheduler-BlockCreation-1-10[m[2m | [m[32mINFO [m[2m | [m[2mPostMergeContext[m[2m | [m[32mNew proposal for payloadId 0x0094b61fea5a7943 block 10 (0xbdfd48d358619a7af1c6f23406a126058fdac7ecc0885c2ce08fc5de2e6d3ee7) gas used 2100000 transactions 100 reward 2,10 szabo is better than the previous one by 1,13 szabo
[m[2m2026-09-14 23:23:10.484+0200[m[2m | [m[2mvert.x-worker-thread-13[m[2m | [m[32mINFO [m[2m | [m[2mEngineGetPayloadV2[m[2m | [m[32mProduced #10  (bdfd4.....d3ee7)|  100 tx | 0 ws | 2.100.000 (7,0%) gas in 0,296s | Timing(started at 2026-09-14T21:23:10.186897Z, duplicateWorldState=0ms, preTxsSelection=0ms, txsSelection=3ms, selectedTxsEvaluation=2ms, blockAssembled=0ms, awaitingRetrieval=292ms) | PayloadId 0x0094b61fea5a7943
[m[2m2026-09-14 23:23:10.495+0200[m[2m | [m[2mengine-ordered-execution-0[m[2m | [m[32mINFO [m[2m | [m[2mEngineNewPayloadV2[m[2m | [m[32mImported #10  (bdfd4.....d3ee7)|  100 tx|  0 ws| 305,82 mwei bfee|   2.100.000 (  7,0%) gas used| 8,0ms exec| 261,33 Mgas/s|  0 peers
[m[2m2026-09-14 23:23:10.506+0200[m[2m | [m[2mengine-ordered-execution-0[m[2m | [m[32mINFO [m[2m | [m[2mEngineForkchoiceUpdatedV2[m[2m | [m[32mFCU(VALID) | head: bdfd4.....d3ee7 | safe: bdfd4.....d3ee7 | finalized: bdfd4.....d3ee7
[m[2m2026-09-14 23:23:10.681+0200[m[2m | [m[2mengine-ordered-execution-0[m[2m | [m[33mWARN [m[2m | [m[2mMergeCoordinator[m[2m | [m[33mNew payloadId 0x0094b66e6c02fbbe received so cancelling block creation tasks for the following payloadIds: 0x0094b61fea5a7943
[m[2m2026-09-14 23:23:10.682+0200[m[2m | [m[2mengine-ordered-execution-0[m[2m | [m[32mINFO [m[2m | [m[2mMergeCoordinator[m[2m | [m[32mStart building proposals for block 11 identified by 0x0094b66e6c02fbbe
[m[2m2026-09-14 23:23:10.682+0200[m[2m | [m[2mengine-ordered-execution-0[m[2m | [m[32mINFO [m[2m | [m[2mEngineForkchoiceUpdatedV2[m[2m | [m[32mFCU(VALID) | head: bdfd4.....d3ee7 | safe: bdfd4.....d3ee7 | finalized: bdfd4.....d3ee7
[m[2m2026-09-14 23:23:10.686+0200[m[2m | [m[2mEthScheduler-BlockCreation-2-11[m[2m | [m[32mINFO [m[2m | [m[2mPostMergeContext[m[2m | [m[32mNew proposal for payloadId 0x0094b66e6c02fbbe block 11 (0xf7d9e293e6c61f60f365567adebc1cac4e864214cd1eca22b71d3d66442e4b43) gas used 966000 transactions 46 reward 966,00 gwei is better than the previous one by 966,00 gwei
[m[2m2026-09-14 23:23:11.193+0200[m[2m | [m[2mEthScheduler-BlockCreation-2-11[m[2m | [m[32mINFO [m[2m | [m[2mPostMergeContext[m[2m | [m[32mNew proposal for payloadId 0x0094b66e6c02fbbe block 11 (0x0836f530f3bbb982c57b883dc4f2b3664ab11c71362e75b81d805c8b62e08f5f) gas used 2100000 transactions 100 reward 2,10 szabo is better than the previous one by 1,13 szabo
[m[2m2026-09-14 23:23:11.488+0200[m[2m | [m[2mvert.x-worker-thread-8[m[2m | [m[32mINFO [m[2m | [m[2mEngineGetPayloadV2[m[2m | [m[32mProduced #11  (0836f.....08f5f)|  100 tx | 0 ws | 2.100.000 (7,0%) gas in 0,303s | Timing(started at 2026-09-14T21:23:11.185240Z, duplicateWorldState=0ms, preTxsSelection=0ms, txsSelection=2ms, selectedTxsEvaluation=1ms, blockAssembled=0ms, awaitingRetrieval=299ms) | PayloadId 0x0094b66e6c02fbbe
[m[2m2026-09-14 23:23:11.497+0200[m[2m | [m[2mengine-ordered-execution-0[m[2m | [m[32mINFO [m[2m | [m[2mEngineNewPayloadV2[m[2m | [m[32mImported #11  (0836f.....08f5f)|  100 tx|  0 ws| 272,94 mwei bfee|   2.100.000 (  7,0%) gas used| 4,0ms exec| 528,63 Mgas/s|  0 peers
[m[2m2026-09-14 23:23:11.513+0200[m[2m | [m[2mengine-ordered-execution-0[m[2m | [m[32mINFO [m[2m | [m[2mEngineForkchoiceUpdatedV2[m[2m | [m[32mFCU(VALID) | head: 0836f.....08f5f | safe: 0836f.....08f5f | finalized: 0836f.....08f5f
[m[2m2026-09-14 23:23:11.685+0200[m[2m | [m[2mengine-ordered-execution-0[m[2m | [m[33mWARN [m[2m | [m[2mMergeCoordinator[m[2m | [m[33mNew payloadId 0x0094b618f6d20441 received so cancelling block creation tasks for the following payloadIds: 0x0094b66e6c02fbbe
[m[2m2026-09-14 23:23:11.686+0200[m[2m | [m[2mengine-ordered-execution-0[m[2m | [m[32mINFO [m[2m | [m[2mMergeCoordinator[m[2m | [m[32mStart building proposals for block 12 identified by 0x0094b618f6d20441
[m[2m2026-09-14 23:23:11.686+0200[m[2m | [m[2mengine-ordered-execution-0[m[2m | [m[32mINFO [m[2m | [m[2mEngineForkchoiceUpdatedV2[m[2m | [m[32mFCU(VALID) | head: 0836f.....08f5f | safe: 0836f.....08f5f | finalized: 0836f.....08f5f
[m[2m2026-09-14 23:23:11.692+0200[m[2m | [m[2mEthScheduler-BlockCreation-1-12[m[2m | [m[32mINFO [m[2m | [m[2mPostMergeContext[m[2m | [m[32mNew proposal for payloadId 0x0094b618f6d20441 block 12 (0xc1b3d2019ce122fd29b57397a6dcb03a4de918f1b50ff4ccbb165625b2090d70) gas used 966000 transactions 46 reward 966,00 gwei is better than the previous one by 966,00 gwei
[m[2m2026-09-14 23:23:12.199+0200[m[2m | [m[2mEthScheduler-BlockCreation-1-12[m[2m | [m[32mINFO [m[2m | [m[2mPostMergeContext[m[2m | [m[32mNew proposal for payloadId 0x0094b618f6d20441 block 12 (0xa6459802af52ead07125d6f642a8f01d4618b4c4f6bea7eb426f867251013f83) gas used 2100000 transactions 100 reward 2,10 szabo is better than the previous one by 1,13 szabo
[m[2m2026-09-14 23:23:12.491+0200[m[2m | [m[2mvert.x-worker-thread-0[m[2m | [m[32mINFO [m[2m | [m[2mEngineGetPayloadV2[m[2m | [m[32mProduced #12  (a6459.....13f83)|  100 tx | 0 ws | 2.100.000 (7,0%) gas in 0,300s | Timing(started at 2026-09-14T21:23:12.191267Z, duplicateWorldState=0ms, preTxsSelection=0ms, txsSelection=3ms, selectedTxsEvaluation=1ms, blockAssembled=0ms, awaitingRetrieval=296ms) | PayloadId 0x0094b618f6d20441
[m[2m2026-09-14 23:23:12.499+0200[m[2m | [m[2mengine-ordered-execution-0[m[2m | [m[32mINFO [m[2m | [m[2mEngineNewPayloadV2[m[2m | [m[32mImported #12  (a6459.....13f83)|  100 tx|  0 ws| 243,60 mwei bfee|   2.100.000 (  7,0%) gas used| 3,9ms exec| 543,26 Mgas/s|  0 peers
[m[2m2026-09-14 23:23:12.510+0200[m[2m | [m[2mengine-ordered-execution-0[m[2m | [m[32mINFO [m[2m | [m[2mEngineForkchoiceUpdatedV2[m[2m | [m[32mFCU(VALID) | head: a6459.....13f83 | safe: a6459.....13f83 | finalized: a6459.....13f83
[m[2m2026-09-14 23:23:12.685+0200[m[2m | [m[2mengine-ordered-execution-0[m[2m | [m[33mWARN [m[2m | [m[2mMergeCoordinator[m[2m | [m[33mNew payloadId 0x0094b64343408f40 received so cancelling block creation tasks for the following payloadIds: 0x0094b618f6d20441
[m[2m2026-09-14 23:23:12.685+0200[m[2m | [m[2mengine-ordered-execution-0[m[2m | [m[32mINFO [m[2m | [m[2mMergeCoordinator[m[2m | [m[32mStart building proposals for block 13 identified by 0x0094b64343408f40
[m[2m2026-09-14 23:23:12.685+0200[m[2m | [m[2mengine-ordered-execution-0[m[2m | [m[32mINFO [m[2m | [m[2mEngineForkchoiceUpdatedV2[m[2m | [m[32mFCU(VALID) | head: a6459.....13f83 | safe: a6459.....13f83 | finalized: a6459.....13f83
[m[2m2026-09-14 23:23:12.693+0200[m[2m | [m[2mEthScheduler-BlockCreation-0-13[m[2m | [m[32mINFO [m[2m | [m[2mPostMergeContext[m[2m | [m[32mNew proposal for payloadId 0x0094b64343408f40 block 13 (0x703690ac6dedb7e3f0bf13945be2ae5af2fd50684943c3ce911b4d1bd36c29ba) gas used 966000 transactions 46 reward 966,00 gwei is better than the previous one by 966,00 gwei
[m[2m2026-09-14 23:23:13.197+0200[m[2m | [m[2mEthScheduler-BlockCreation-0-13[m[2m | [m[32mINFO [m[2m | [m[2mPostMergeContext[m[2m | [m[32mNew proposal for payloadId 0x0094b64343408f40 block 13 (0xb21328cd91dc8048873369f7389b17017d1fa5fea7c754c34e33144c8dd09060) gas used 2100000 transactions 100 reward 2,10 szabo is better than the previous one by 1,13 szabo
[m[2m2026-09-14 23:23:13.487+0200[m[2m | [m[2mvert.x-worker-thread-7[m[2m | [m[32mINFO [m[2m | [m[2mEngineGetPayloadV2[m[2m | [m[32mProduced #13  (b2132.....09060)|  100 tx | 0 ws | 2.100.000 (7,0%) gas in 0,297s | Timing(started at 2026-09-14T21:23:13.189571Z, duplicateWorldState=0ms, preTxsSelection=0ms, txsSelection=2ms, selectedTxsEvaluation=1ms, blockAssembled=0ms, awaitingRetrieval=293ms) | PayloadId 0x0094b64343408f40
[m[2m2026-09-14 23:23:13.502+0200[m[2m | [m[2mengine-ordered-execution-0[m[2m | [m[32mINFO [m[2m | [m[2mEngineNewPayloadV2[m[2m | [m[32mImported #13  (b2132.....09060)|  100 tx|  0 ws| 217,41 mwei bfee|   2.100.000 (  7,0%) gas used| 12,9ms exec| 162,80 Mgas/s|  0 peers
[m[2m2026-09-14 23:23:13.509+0200[m[2m | [m[2mengine-ordered-execution-0[m[2m | [m[32mINFO [m[2m | [m[2mEngineForkchoiceUpdatedV2[m[2m | [m[32mFCU(VALID) | head: b2132.....09060 | safe: b2132.....09060 | finalized: b2132.....09060
[m[2m2026-09-14 23:23:13.686+0200[m[2m | [m[2mengine-ordered-execution-0[m[2m | [m[33mWARN [m[2m | [m[2mMergeCoordinator[m[2m | [m[33mNew payloadId 0x0094b605afcf413f received so cancelling block creation tasks for the following payloadIds: 0x0094b64343408f40
[m[2m2026-09-14 23:23:13.686+0200[m[2m | [m[2mengine-ordered-execution-0[m[2m | [m[32mINFO [m[2m | [m[2mMergeCoordinator[m[2m | [m[32mStart building proposals for block 14 identified by 0x0094b605afcf413f
[m[2m2026-09-14 23:23:13.687+0200[m[2m | [m[2mengine-ordered-execution-0[m[2m | [m[32mINFO [m[2m | [m[2mEngineForkchoiceUpdatedV2[m[2m | [m[32mFCU(VALID) | head: b2132.....09060 | safe: b2132.....09060 | finalized: b2132.....09060
[m[2m2026-09-14 23:23:13.692+0200[m[2m | [m[2mEthScheduler-BlockCreation-1-14[m[2m | [m[32mINFO [m[2m | [m[2mPostMergeContext[m[2m | [m[32mNew proposal for payloadId 0x0094b605afcf413f block 14 (0xfad01d1c641ffbf45fe55eedfe0bc8631a85dca48531eb210d12b4e4bc405ed0) gas used 966000 transactions 46 reward 966,00 gwei is better than the previous one by 966,00 gwei
[m[2m2026-09-14 23:23:14.196+0200[m[2m | [m[2mEthScheduler-BlockCreation-1-14[m[2m | [m[32mINFO [m[2m | [m[2mPostMergeContext[m[2m | [m[32mNew proposal for payloadId 0x0094b605afcf413f block 14 (0x68e348adc8799cce849c1c6e62c7976ec6a7c30f8e6108ccdedfabc05423cbe2) gas used 2100000 transactions 100 reward 2,10 szabo is better than the previous one by 1,13 szabo
[m[2m2026-09-14 23:23:14.490+0200[m[2m | [m[2mvert.x-worker-thread-1[m[2m | [m[32mINFO [m[2m | [m[2mEngineGetPayloadV2[m[2m | [m[32mProduced #14  (68e34.....3cbe2)|  100 tx | 0 ws | 2.100.000 (7,0%) gas in 0,300s | Timing(started at 2026-09-14T21:23:14.189136Z, duplicateWorldState=0ms, preTxsSelection=0ms, txsSelection=2ms, selectedTxsEvaluation=1ms, blockAssembled=0ms, awaitingRetrieval=297ms) | PayloadId 0x0094b605afcf413f
[m[2m2026-09-14 23:23:14.496+0200[m[2m | [m[2mengine-ordered-execution-0[m[2m | [m[32mINFO [m[2m | [m[2mEngineNewPayloadV2[m[2m | [m[32mImported #14  (68e34.....3cbe2)|  100 tx|  0 ws| 194,04 mwei bfee|   2.100.000 (  7,0%) gas used| 3,0ms exec| 695,53 Mgas/s|  0 peers
[m[2m2026-09-14 23:23:14.499+0200[m[2m | [m[2mengine-ordered-execution-0[m[2m | [m[32mINFO [m[2m | [m[2mEngineForkchoiceUpdatedV2[m[2m | [m[32mFCU(VALID) | head: 68e34.....3cbe2 | safe: 68e34.....3cbe2 | finalized: 68e34.....3cbe2
[m[2m2026-09-14 23:23:14.692+0200[m[2m | [m[2mengine-ordered-execution-0[m[2m | [m[33mWARN [m[2m | [m[2mMergeCoordinator[m[2m | [m[33mNew payloadId 0x0094b66ef56a703e received so cancelling block creation tasks for the following payloadIds: 0x0094b605afcf413f
[m[2m2026-09-14 23:23:14.696+0200[m[2m | [m[2mengine-ordered-execution-0[m[2m | [m[32mINFO [m[2m | [m[2mMergeCoordinator[m[2m | [m[32mStart building proposals for block 15 identified by 0x0094b66ef56a703e
[m[2m2026-09-14 23:23:14.696+0200[m[2m | [m[2mengine-ordered-execution-0[m[2m | [m[32mINFO [m[2m | [m[2mEngineForkchoiceUpdatedV2[m[2m | [m[32mFCU(VALID) | head: 68e34.....3cbe2 | safe: 68e34.....3cbe2 | finalized: 68e34.....3cbe2
[m[2m2026-09-14 23:23:14.702+0200[m[2m | [m[2mEthScheduler-BlockCreation-1-15[m[2m | [m[32mINFO [m[2m | [m[2mPostMergeContext[m[2m | [m[32mNew proposal for payloadId 0x0094b66ef56a703e block 15 (0x58861fe74243ec4b20940f9052b4cf7f1bcc748c52f6dbb07cde793aa8a7ab84) gas used 1008000 transactions 48 reward 1,01 szabo is better than the previous one by 1,01 szabo
[m[2m2026-09-14 23:23:15.207+0200[m[2m | [m[2mEthScheduler-BlockCreation-1-15[m[2m | [m[32mINFO [m[2m | [m[2mPostMergeContext[m[2m | [m[32mNew proposal for payloadId 0x0094b66ef56a703e block 15 (0xb0c7c9f967551d753f01c3052e440e11a0b09ee5b9ee8719fb6a60d243be8970) gas used 2100000 transactions 100 reward 2,10 szabo is better than the previous one by 1,09 szabo
[m[2m2026-09-14 23:23:15.502+0200[m[2m | [m[2mvert.x-worker-thread-7[m[2m | [m[32mINFO [m[2m | [m[2mEngineGetPayloadV2[m[2m | [m[32mProduced #15  (b0c7c.....e8970)|  100 tx | 0 ws | 2.100.000 (7,0%) gas in 0,301s | Timing(started at 2026-09-14T21:23:15.200902Z, duplicateWorldState=0ms, preTxsSelection=0ms, txsSelection=2ms, selectedTxsEvaluation=1ms, blockAssembled=0ms, awaitingRetrieval=297ms) | PayloadId 0x0094b66ef56a703e
[m[2m2026-09-14 23:23:15.508+0200[m[2m | [m[2mengine-ordered-execution-0[m[2m | [m[32mINFO [m[2m | [m[2mEngineNewPayloadV2[m[2m | [m[32mImported #15  (b0c7c.....e8970)|  100 tx|  0 ws| 173,18 mwei bfee|   2.100.000 (  7,0%) gas used| 3,5ms exec| 593,51 Mgas/s|  0 peers
[m[2m2026-09-14 23:23:15.524+0200[m[2m | [m[2mengine-ordered-execution-0[m[2m | [m[32mINFO [m[2m | [m[2mEngineForkchoiceUpdatedV2[m[2m | [m[32mFCU(VALID) | head: b0c7c.....e8970 | safe: b0c7c.....e8970 | finalized: b0c7c.....e8970
[m[2m2026-09-14 23:23:15.695+0200[m[2m | [m[2mengine-ordered-execution-0[m[2m | [m[33mWARN [m[2m | [m[2mMergeCoordinator[m[2m | [m[33mNew payloadId 0x0094b65dbff0163d received so cancelling block creation tasks for the following payloadIds: 0x0094b66ef56a703e
[m[2m2026-09-14 23:23:15.696+0200[m[2m | [m[2mengine-ordered-execution-0[m[2m | [m[32mINFO [m[2m | [m[2mMergeCoordinator[m[2m | [m[32mStart building proposals for block 16 identified by 0x0094b65dbff0163d
[m[2m2026-09-14 23:23:15.696+0200[m[2m | [m[2mengine-ordered-execution-0[m[2m | [m[32mINFO [m[2m | [m[2mEngineForkchoiceUpdatedV2[m[2m | [m[32mFCU(VALID) | head: b0c7c.....e8970 | safe: b0c7c.....e8970 | finalized: b0c7c.....e8970
[m[2m2026-09-14 23:23:15.704+0200[m[2m | [m[2mEthScheduler-BlockCreation-0-16[m[2m | [m[32mINFO [m[2m | [m[2mPostMergeContext[m[2m | [m[32mNew proposal for payloadId 0x0094b65dbff0163d block 16 (0x16aef9e29e83b94f6b855c212675e6c52fad79a170ebb63a426b91cfebfde082) gas used 1008000 transactions 48 reward 1,01 szabo is better than the previous one by 1,01 szabo
[m[2m2026-09-14 23:23:16.210+0200[m[2m | [m[2mEthScheduler-BlockCreation-0-16[m[2m | [m[32mINFO [m[2m | [m[2mPostMergeContext[m[2m | [m[32mNew proposal for payloadId 0x0094b65dbff0163d block 16 (0x1184e6462f637e02833b78b28c1fa10bf10b8c6e0d08c7800da0edaa56389606) gas used 2100000 transactions 100 reward 2,10 szabo is better than the previous one by 1,09 szabo
[m[2m2026-09-14 23:23:16.502+0200[m[2m | [m[2mvert.x-worker-thread-11[m[2m | [m[32mINFO [m[2m | [m[2mEngineGetPayloadV2[m[2m | [m[32mProduced #16  (1184e.....89606)|  100 tx | 0 ws | 2.100.000 (7,0%) gas in 0,300s | Timing(started at 2026-09-14T21:23:16.201594Z, duplicateWorldState=0ms, preTxsSelection=0ms, txsSelection=2ms, selectedTxsEvaluation=1ms, blockAssembled=0ms, awaitingRetrieval=297ms) | PayloadId 0x0094b65dbff0163d
[m[2m2026-09-14 23:23:16.508+0200[m[2m | [m[2mengine-ordered-execution-0[m[2m | [m[32mINFO [m[2m | [m[2mEngineNewPayloadV2[m[2m | [m[32mImported #16  (1184e.....89606)|  100 tx|  0 ws| 154,57 mwei bfee|   2.100.000 (  7,0%) gas used| 3,7ms exec| 563,73 Mgas/s|  0 peers
[m[2m2026-09-14 23:23:16.519+0200[m[2m | [m[2mengine-ordered-execution-0[m[2m | [m[32mINFO [m[2m | [m[2mEngineForkchoiceUpdatedV2[m[2m | [m[32mFCU(VALID) | head: 1184e.....89606 | safe: 1184e.....89606 | finalized: 1184e.....89606
[m[2m2026-09-14 23:23:16.701+0200[m[2m | [m[2mengine-ordered-execution-0[m[2m | [m[33mWARN [m[2m | [m[2mMergeCoordinator[m[2m | [m[33mNew payloadId 0x0094b61c6378373c received so cancelling block creation tasks for the following payloadIds: 0x0094b65dbff0163d
[m[2m2026-09-14 23:23:16.702+0200[m[2m | [m[2mengine-ordered-execution-0[m[2m | [m[32mINFO [m[2m | [m[2mMergeCoordinator[m[2m | [m[32mStart building proposals for block 17 identified by 0x0094b61c6378373c
[m[2m2026-09-14 23:23:16.702+0200[m[2m | [m[2mengine-ordered-execution-0[m[2m | [m[32mINFO [m[2m | [m[2mEngineForkchoiceUpdatedV2[m[2m | [m[32mFCU(VALID) | head: 1184e.....89606 | safe: 1184e.....89606 | finalized: 1184e.....89606
[m[2m2026-09-14 23:23:16.707+0200[m[2m | [m[2mEthScheduler-BlockCreation-0-17[m[2m | [m[32mINFO [m[2m | [m[2mPostMergeContext[m[2m | [m[32mNew proposal for payloadId 0x0094b61c6378373c block 17 (0xd26260b39b9ddc0dca0dd85055f58c5efe03c9db4ee6ac5e53bf37a87a1e71a8) gas used 1050000 transactions 50 reward 1,05 szabo is better than the previous one by 1,05 szabo
[m[2m2026-09-14 23:23:17.208+0200[m[2m | [m[2mEthScheduler-BlockCreation-0-17[m[2m | [m[32mINFO [m[2m | [m[2mPostMergeContext[m[2m | [m[32mNew proposal for payloadId 0x0094b61c6378373c block 17 (0xec36b9d4038e76de4859a1e58c8b98b35ddbb2b111fbc3457e0152b8c6d048eb) gas used 2100000 transactions 100 reward 2,10 szabo is better than the previous one by 1,05 szabo
[m[2m2026-09-14 23:23:17.507+0200[m[2m | [m[2mvert.x-worker-thread-19[m[2m | [m[32mINFO [m[2m | [m[2mEngineGetPayloadV2[m[2m | [m[32mProduced #17  (ec36b.....048eb)|  100 tx | 0 ws | 2.100.000 (7,0%) gas in 0,304s | Timing(started at 2026-09-14T21:23:17.202187Z, duplicateWorldState=0ms, preTxsSelection=0ms, txsSelection=2ms, selectedTxsEvaluation=1ms, blockAssembled=0ms, awaitingRetrieval=301ms) | PayloadId 0x0094b61c6378373c
[m[2m2026-09-14 23:23:17.516+0200[m[2m | [m[2mengine-ordered-execution-0[m[2m | [m[32mINFO [m[2m | [m[2mEngineNewPayloadV2[m[2m | [m[32mImported #17  (ec36b.....048eb)|  100 tx|  0 ws| 137,95 mwei bfee|   2.100.000 (  7,0%) gas used| 4,6ms exec| 455,61 Mgas/s|  0 peers
[m[2m2026-09-14 23:23:17.526+0200[m[2m | [m[2mengine-ordered-execution-0[m[2m | [m[32mINFO [m[2m | [m[2mEngineForkchoiceUpdatedV2[m[2m | [m[32mFCU(VALID) | head: ec36b.....048eb | safe: ec36b.....048eb | finalized: ec36b.....048eb
[m[2m2026-09-14 23:23:17.699+0200[m[2m | [m[2mengine-ordered-execution-0[m[2m | [m[33mWARN [m[2m | [m[2mMergeCoordinator[m[2m | [m[33mNew payloadId 0x0094b607f7ab22c5 received so cancelling block creation tasks for the following payloadIds: 0x0094b61c6378373c
[m[2m2026-09-14 23:23:17.703+0200[m[2m | [m[2mengine-ordered-execution-0[m[2m | [m[32mINFO [m[2m | [m[2mMergeCoordinator[m[2m | [m[32mStart building proposals for block 18 identified by 0x0094b607f7ab22c5
[m[2m2026-09-14 23:23:17.703+0200[m[2m | [m[2mengine-ordered-execution-0[m[2m | [m[32mINFO [m[2m | [m[2mEngineForkchoiceUpdatedV2[m[2m | [m[32mFCU(VALID) | head: ec36b.....048eb | safe: ec36b.....048eb | finalized: ec36b.....048eb
[m[2m2026-09-14 23:23:17.707+0200[m[2m | [m[2mEthScheduler-BlockCreation-0-18[m[2m | [m[32mINFO [m[2m | [m[2mPostMergeContext[m[2m | [m[32mNew proposal for payloadId 0x0094b607f7ab22c5 block 18 (0xd0ccd50e4efcb200bf9088621ecb2bfb5423c574d860ff9cda4045f61190b048) gas used 1050000 transactions 50 reward 1,05 szabo is better than the previous one by 1,05 szabo
[m[2m2026-09-14 23:23:18.212+0200[m[2m | [m[2mEthScheduler-BlockCreation-0-18[m[2m | [m[32mINFO [m[2m | [m[2mPostMergeContext[m[2m | [m[32mNew proposal for payloadId 0x0094b607f7ab22c5 block 18 (0x1618e58d761e4c3be33ee9e9fe3713b40cc325628f28dc7dd7c7ae519cabcf97) gas used 2100000 transactions 100 reward 2,10 szabo is better than the previous one by 1,05 szabo
[m[2m2026-09-14 23:23:18.505+0200[m[2m | [m[2mvert.x-worker-thread-13[m[2m | [m[32mINFO [m[2m | [m[2mEngineGetPayloadV2[m[2m | [m[32mProduced #18  (1618e.....bcf97)|  100 tx | 0 ws | 2.100.000 (7,0%) gas in 0,300s | Timing(started at 2026-09-14T21:23:18.204362Z, duplicateWorldState=0ms, preTxsSelection=0ms, txsSelection=2ms, selectedTxsEvaluation=1ms, blockAssembled=0ms, awaitingRetrieval=297ms) | PayloadId 0x0094b607f7ab22c5
[m[2m2026-09-14 23:23:18.513+0200[m[2m | [m[2mengine-ordered-execution-0[m[2m | [m[32mINFO [m[2m | [m[2mEngineNewPayloadV2[m[2m | [m[32mImported #18  (1618e.....bcf97)|  100 tx|  0 ws| 123,12 mwei bfee|   2.100.000 (  7,0%) gas used| 5,2ms exec| 404,63 Mgas/s|  0 peers
[m[2m2026-09-14 23:23:18.524+0200[m[2m | [m[2mengine-ordered-execution-0[m[2m | [m[32mINFO [m[2m | [m[2mEngineForkchoiceUpdatedV2[m[2m | [m[32mFCU(VALID) | head: 1618e.....bcf97 | safe: 1618e.....bcf97 | finalized: 1618e.....bcf97
[m[2m2026-09-14 23:23:18.712+0200[m[2m | [m[2mengine-ordered-execution-0[m[2m | [m[32mINFO [m[2m | [m[2mMergeCoordinator[m[2m | [m[32mStart building proposals for block 19 identified by 0x0094b625e590eac6
[m[2m2026-09-14 23:23:18.712+0200[m[2m | [m[2mengine-ordered-execution-0[m[2m | [m[32mINFO [m[2m | [m[2mEngineForkchoiceUpdatedV2[m[2m | [m[32mFCU(VALID) | head: 1618e.....bcf97 | safe: 1618e.....bcf97 | finalized: 1618e.....bcf97
[m[2m2026-09-14 23:23:18.715+0200[m[2m | [m[2mEthScheduler-BlockCreation-0-19[m[2m | [m[32mINFO [m[2m | [m[2mPostMergeContext[m[2m | [m[32mNew proposal for payloadId 0x0094b625e590eac6 block 19 (0x5ea8aa2265745a57dfc1eefaf2722005707dac1b369f71119636d2257e163c32) gas used 1092000 transactions 52 reward 1,09 szabo is better than the previous one by 1,09 szabo
[m[2m2026-09-14 23:23:19.223+0200[m[2m | [m[2mEthScheduler-BlockCreation-0-19[m[2m | [m[32mINFO [m[2m | [m[2mPostMergeContext[m[2m | [m[32mNew proposal for payloadId 0x0094b625e590eac6 block 19 (0xcdfe236654d09837ed3e45914f4c51c56cff14642289ff2ace34f28476e0fa9f) gas used 2100000 transactions 100 reward 2,10 szabo is better than the previous one by 1,01 szabo
[m[2m2026-09-14 23:23:19.518+0200[m[2m | [m[2mvert.x-worker-thread-18[m[2m | [m[32mINFO [m[2m | [m[2mEngineGetPayloadV2[m[2m | [m[32mProduced #19  (cdfe2.....0fa9f)|  100 tx | 0 ws | 2.100.000 (7,0%) gas in 0,300s | Timing(started at 2026-09-14T21:23:19.217348Z, duplicateWorldState=0ms, preTxsSelection=0ms, txsSelection=2ms, selectedTxsEvaluation=1ms, blockAssembled=0ms, awaitingRetrieval=297ms) | PayloadId 0x0094b625e590eac6
[m[2m2026-09-14 23:23:19.526+0200[m[2m | [m[2mengine-ordered-execution-0[m[2m | [m[32mINFO [m[2m | [m[2mEngineNewPayloadV2[m[2m | [m[32mImported #19  (cdfe2.....0fa9f)|  100 tx|  0 ws| 109,88 mwei bfee|   2.100.000 (  7,0%) gas used| 4,7ms exec| 448,45 Mgas/s|  0 peers
[m[2m2026-09-14 23:23:19.534+0200[m[2m | [m[2mengine-ordered-execution-0[m[2m | [m[32mINFO [m[2m | [m[2mEngineForkchoiceUpdatedV2[m[2m | [m[32mFCU(VALID) | head: cdfe2.....0fa9f | safe: cdfe2.....0fa9f | finalized: cdfe2.....0fa9f
[m[2m2026-09-14 23:23:19.706+0200[m[2m | [m[2mengine-ordered-execution-0[m[2m | [m[33mWARN [m[2m | [m[2mMergeCoordinator[m[2m | [m[33mNew payloadId 0x0094b6510c162039 received so cancelling block creation tasks for the following payloadIds: 0x0094b625e590eac6
[m[2m2026-09-14 23:23:19.707+0200[m[2m | [m[2mengine-ordered-execution-0[m[2m | [m[32mINFO [m[2m | [m[2mMergeCoordinator[m[2m | [m[32mStart building proposals for block 20 identified by 0x0094b6510c162039
[m[2m2026-09-14 23:23:19.707+0200[m[2m | [m[2mengine-ordered-execution-0[m[2m | [m[32mINFO [m[2m | [m[2mEngineForkchoiceUpdatedV2[m[2m | [m[32mFCU(VALID) | head: cdfe2.....0fa9f | safe: cdfe2.....0fa9f | finalized: cdfe2.....0fa9f
[m[2m2026-09-14 23:23:19.713+0200[m[2m | [m[2mEthScheduler-BlockCreation-1-20[m[2m | [m[32mINFO [m[2m | [m[2mPostMergeContext[m[2m | [m[32mNew proposal for payloadId 0x0094b6510c162039 block 20 (0x01759f0c6f90e2c5c1d9c77ca84bd138bd1d6959c485e18d7cabb8703f97138d) gas used 1050000 transactions 50 reward 1,05 szabo is better than the previous one by 1,05 szabo
[m[2m2026-09-14 23:23:20.216+0200[m[2m | [m[2mEthScheduler-BlockCreation-1-20[m[2m | [m[32mINFO [m[2m | [m[2mPostMergeContext[m[2m | [m[32mNew proposal for payloadId 0x0094b6510c162039 block 20 (0x6d01a74b34b307cce2b8bde0c2b486d20eef4b8e01d4d3dc8164dc0c8744adf3) gas used 2100000 transactions 100 reward 2,10 szabo is better than the previous one by 1,05 szabo
[m[2m2026-09-14 23:23:20.509+0200[m[2m | [m[2mvert.x-worker-thread-7[m[2m | [m[32mINFO [m[2m | [m[2mEngineGetPayloadV2[m[2m | [m[32mProduced #20  (6d01a.....4adf3)|  100 tx | 0 ws | 2.100.000 (7,0%) gas in 0,300s | Timing(started at 2026-09-14T21:23:20.208413Z, duplicateWorldState=0ms, preTxsSelection=0ms, txsSelection=2ms, selectedTxsEvaluation=1ms, blockAssembled=0ms, awaitingRetrieval=297ms) | PayloadId 0x0094b6510c162039
[m[2m2026-09-14 23:23:20.523+0200[m[2m | [m[2mengine-ordered-execution-0[m[2m | [m[32mINFO [m[2m | [m[2mEngineNewPayloadV2[m[2m | [m[32mImported #20  (6d01a.....4adf3)|  100 tx|  0 ws|  98,07 mwei bfee|   2.100.000 (  7,0%) gas used| 11,2ms exec| 187,71 Mgas/s|  0 peers
[m[2m2026-09-14 23:23:20.530+0200[m[2m | [m[2mengine-ordered-execution-0[m[2m | [m[32mINFO [m[2m | [m[2mEngineForkchoiceUpdatedV2[m[2m | [m[32mFCU(VALID) | head: 6d01a.....4adf3 | safe: 6d01a.....4adf3 | finalized: 6d01a.....4adf3
[m[2m2026-09-14 23:23:20.706+0200[m[2m | [m[2mengine-ordered-execution-0[m[2m | [m[33mWARN [m[2m | [m[2mMergeCoordinator[m[2m | [m[33mNew payloadId 0x0094b6032fecefc8 received so cancelling block creation tasks for the following payloadIds: 0x0094b6510c162039
[m[2m2026-09-14 23:23:20.707+0200[m[2m | [m[2mengine-ordered-execution-0[m[2m | [m[32mINFO [m[2m | [m[2mMergeCoordinator[m[2m | [m[32mStart building proposals for block 21 identified by 0x0094b6032fecefc8
[m[2m2026-09-14 23:23:20.707+0200[m[2m | [m[2mengine-ordered-execution-0[m[2m | [m[32mINFO [m[2m | [m[2mEngineForkchoiceUpdatedV2[m[2m | [m[32mFCU(VALID) | head: 6d01a.....4adf3 | safe: 6d01a.....4adf3 | finalized: 6d01a.....4adf3
[m[2m2026-09-14 23:23:20.712+0200[m[2m | [m[2mEthScheduler-BlockCreation-0-21[m[2m | [m[32mINFO [m[2m | [m[2mPostMergeContext[m[2m | [m[32mNew proposal for payloadId 0x0094b6032fecefc8 block 21 (0xddb3cd3a607e67c8149bf837bfb46e5863c3a54203363d950c7dcdb7f9686e90) gas used 1050000 transactions 50 reward 1,05 szabo is better than the previous one by 1,05 szabo
[m[2m2026-09-14 23:23:21.218+0200[m[2m | [m[2mEthScheduler-BlockCreation-0-21[m[2m | [m[32mINFO [m[2m | [m[2mPostMergeContext[m[2m | [m[32mNew proposal for payloadId 0x0094b6032fecefc8 block 21 (0xe4672f4b8f526b896c1be1f627e5c55712fa3d1bb18ee98bbb2310b447804472) gas used 2100000 transactions 100 reward 2,10 szabo is better than the previous one by 1,05 szabo
[m[2m2026-09-14 23:23:21.508+0200[m[2m | [m[2mvert.x-worker-thread-14[m[2m | [m[32mINFO [m[2m | [m[2mEngineGetPayloadV2[m[2m | [m[32mProduced #21  (e4672.....04472)|  100 tx | 0 ws | 2.100.000 (7,0%) gas in 0,297s | Timing(started at 2026-09-14T21:23:21.210592Z, duplicateWorldState=0ms, preTxsSelection=0ms, txsSelection=2ms, selectedTxsEvaluation=1ms, blockAssembled=0ms, awaitingRetrieval=294ms) | PayloadId 0x0094b6032fecefc8
[m[2m2026-09-14 23:23:21.518+0200[m[2m | [m[2mengine-ordered-execution-0[m[2m | [m[32mINFO [m[2m | [m[2mEngineNewPayloadV2[m[2m | [m[32mImported #21  (e4672.....04472)|  100 tx|  0 ws|  87,53 mwei bfee|   2.100.000 (  7,0%) gas used| 7,5ms exec| 278,71 Mgas/s|  0 peers
[m[2m2026-09-14 23:23:21.529+0200[m[2m | [m[2mengine-ordered-execution-0[m[2m | [m[32mINFO [m[2m | [m[2mEngineForkchoiceUpdatedV2[m[2m | [m[32mFCU(VALID) | head: e4672.....04472 | safe: e4672.....04472 | finalized: e4672.....04472
[m[2m2026-09-14 23:23:21.710+0200[m[2m | [m[2mengine-ordered-execution-0[m[2m | [m[33mWARN [m[2m | [m[2mMergeCoordinator[m[2m | [m[33mNew payloadId 0x0094b60f1144b737 received so cancelling block creation tasks for the following payloadIds: 0x0094b6032fecefc8
[m[2m2026-09-14 23:23:21.711+0200[m[2m | [m[2mengine-ordered-execution-0[m[2m | [m[32mINFO [m[2m | [m[2mMergeCoordinator[m[2m | [m[32mStart building proposals for block 22 identified by 0x0094b60f1144b737
[m[2m2026-09-14 23:23:21.711+0200[m[2m | [m[2mengine-ordered-execution-0[m[2m | [m[32mINFO [m[2m | [m[2mEngineForkchoiceUpdatedV2[m[2m | [m[32mFCU(VALID) | head: e4672.....04472 | safe: e4672.....04472 | finalized: e4672.....04472
[m[2m2026-09-14 23:23:21.715+0200[m[2m | [m[2mEthScheduler-BlockCreation-1-22[m[2m | [m[32mINFO [m[2m | [m[2mPostMergeContext[m[2m | [m[32mNew proposal for payloadId 0x0094b60f1144b737 block 22 (0x906aa7c0cd38e91eb29c21d053e9e4e6be993eb7e46e7d8bb4e952b4306e4087) gas used 840000 transactions 40 reward 840,00 gwei is better than the previous one by 840,00 gwei
[m[2m2026-09-14 23:23:22.518+0200[m[2m | [m[2mvert.x-worker-thread-0[m[2m | [m[32mINFO [m[2m | [m[2mEngineGetPayloadV2[m[2m | [m[32mProduced #22  (906aa.....e4087)|   40 tx | 0 ws | 840.000 (2,8%) gas in 0,806s | Timing(started at 2026-09-14T21:23:21.711756Z, duplicateWorldState=0ms, preTxsSelection=0ms, txsSelection=1ms, selectedTxsEvaluation=0ms, blockAssembled=0ms, awaitingRetrieval=804ms) | PayloadId 0x0094b60f1144b737
[m[2m2026-09-14 23:23:22.523+0200[m[2m | [m[2mengine-ordered-execution-0[m[2m | [m[32mINFO [m[2m | [m[2mEngineNewPayloadV2[m[2m | [m[32mImported #22  (906aa.....e4087)|   40 tx|  0 ws|  78,12 mwei bfee|     840.000 (  2,8%) gas used| 2,1ms exec| 392,59 Mgas/s|  0 peers
[m[2m2026-09-14 23:23:22.526+0200[m[2m | [m[2mengine-ordered-execution-0[m[2m | [m[32mINFO [m[2m | [m[2mEngineForkchoiceUpdatedV2[m[2m | [m[32mFCU(VALID) | head: 906aa.....e4087 | safe: 906aa.....e4087 | finalized: 906aa.....e4087
[m[2m2026-09-14 23:23:22.716+0200[m[2m | [m[2mengine-ordered-execution-0[m[2m | [m[33mWARN [m[2m | [m[2mMergeCoordinator[m[2m | [m[33mNew payloadId 0x0094b6571260d736 received so cancelling block creation tasks for the following payloadIds: 0x0094b60f1144b737
[m[2m2026-09-14 23:23:22.717+0200[m[2m | [m[2mengine-ordered-execution-0[m[2m | [m[32mINFO [m[2m | [m[2mMergeCoordinator[m[2m | [m[32mStart building proposals for block 23 identified by 0x0094b6571260d736
[m[2m2026-09-14 23:23:22.717+0200[m[2m | [m[2mengine-ordered-execution-0[m[2m | [m[32mINFO [m[2m | [m[2mEngineForkchoiceUpdatedV2[m[2m | [m[32mFCU(VALID) | head: 906aa.....e4087 | safe: 906aa.....e4087 | finalized: 906aa.....e4087
[m[2m2026-09-14 23:23:23.723+0200[m[2m | [m[2mvert.x-worker-thread-8[m[2m | [m[32mINFO [m[2m | [m[2mEngineGetPayloadV2[m[2m | [m[32mProduced #23  (c93cd.....e8566)|    0 tx | 0 ws | 0 (0,0%) gas in 0,000s | Timing(started at 2026-09-14T21:23:00.611849Z, empty-block-created=0ms, awaitingRetrieval=0ms) | PayloadId 0x0094b6571260d736
[m[2m2026-09-14 23:23:23.725+0200[m[2m | [m[2mengine-ordered-execution-0[m[2m | [m[32mINFO [m[2m | [m[2mEngineNewPayloadV2[m[2m | [m[32mImported #23  (c93cd.....e8566)|    0 tx|  0 ws|  68,90 mwei bfee|           0 (  0,0%) gas used| 0,5ms exec|   0,00 Mgas/s|  0 peers
[m[2m2026-09-14 23:23:23.726+0200[m[2m | [m[2mengine-ordered-execution-0[m[2m | [m[32mINFO [m[2m | [m[2mEngineForkchoiceUpdatedV2[m[2m | [m[32mFCU(VALID) | head: c93cd.....e8566 | safe: c93cd.....e8566 | finalized: c93cd.....e8566
[m[2m2026-09-14 23:23:23.728+0200[m[2m | [m[2mengine-ordered-execution-0[m[2m | [m[32mINFO [m[2m | [m[2mMergeCoordinator[m[2m | [m[32mStart building proposals for block 24 identified by 0x0094b61df51c3e35
[m[2m2026-09-14 23:23:23.728+0200[m[2m | [m[2mengine-ordered-execution-0[m[2m | [m[32mINFO [m[2m | [m[2mEngineForkchoiceUpdatedV2[m[2m | [m[32mFCU(VALID) | head: c93cd.....e8566 | safe: c93cd.....e8566 | finalized: c93cd.....e8566
[m[2m2026-09-14 23:23:24.738+0200[m[2m | [m[2mvert.x-worker-thread-3[m[2m | [m[32mINFO [m[2m | [m[2mEngineGetPayloadV2[m[2m | [m[32mProduced #24  (78362.....46790)|    0 tx | 0 ws | 0 (0,0%) gas in 0,000s | Timing(started at 2026-09-14T21:23:00.611849Z, empty-block-created=0ms, awaitingRetrieval=0ms) | PayloadId 0x0094b61df51c3e35
[m[2m2026-09-14 23:23:24.740+0200[m[2m | [m[2mengine-ordered-execution-0[m[2m | [m[32mINFO [m[2m | [m[2mEngineNewPayloadV2[m[2m | [m[32mImported #24  (78362.....46790)|    0 tx|  0 ws|  60,29 mwei bfee|           0 (  0,0%) gas used| 0,5ms exec|   0,00 Mgas/s|  0 peers
[m[2m2026-09-14 23:23:24.741+0200[m[2m | [m[2mengine-ordered-execution-0[m[2m | [m[32mINFO [m[2m | [m[2mEngineForkchoiceUpdatedV2[m[2m | [m[32mFCU(VALID) | head: 78362.....46790 | safe: 78362.....46790 | finalized: 78362.....46790
[m[2m2026-09-14 23:23:24.743+0200[m[2m | [m[2mengine-ordered-execution-0[m[2m | [m[32mINFO [m[2m | [m[2mMergeCoordinator[m[2m | [m[32mStart building proposals for block 25 identified by 0x0094b65dfdb3bacc
[m[2m2026-09-14 23:23:24.743+0200[m[2m | [m[2mengine-ordered-execution-0[m[2m | [m[32mINFO [m[2m | [m[2mEngineForkchoiceUpdatedV2[m[2m | [m[32mFCU(VALID) | head: 78362.....46790 | safe: 78362.....46790 | finalized: 78362.....46790
[m[2m2026-09-14 23:23:25.753+0200[m[2m | [m[2mvert.x-worker-thread-15[m[2m | [m[32mINFO [m[2m | [m[2mEngineGetPayloadV2[m[2m | [m[32mProduced #25  (a6ff7.....f5ddf)|    0 tx | 0 ws | 0 (0,0%) gas in 0,000s | Timing(started at 2026-09-14T21:23:00.611849Z, empty-block-created=0ms, awaitingRetrieval=0ms) | PayloadId 0x0094b65dfdb3bacc
[m[2m2026-09-14 23:23:25.756+0200[m[2m | [m[2mengine-ordered-execution-0[m[2m | [m[32mINFO [m[2m | [m[2mEngineNewPayloadV2[m[2m | [m[32mImported #25  (a6ff7.....f5ddf)|    0 tx|  0 ws|  52,75 mwei bfee|           0 (  0,0%) gas used| 0,6ms exec|   0,00 Mgas/s|  0 peers
[m[2m2026-09-14 23:23:25.758+0200[m[2m | [m[2mengine-ordered-execution-0[m[2m | [m[32mINFO [m[2m | [m[2mEngineForkchoiceUpdatedV2[m[2m | [m[32mFCU(VALID) | head: a6ff7.....f5ddf | safe: a6ff7.....f5ddf | finalized: a6ff7.....f5ddf
[m[2m2026-09-14 23:23:25.760+0200[m[2m | [m[2mengine-ordered-execution-0[m[2m | [m[32mINFO [m[2m | [m[2mMergeCoordinator[m[2m | [m[32mStart building proposals for block 26 identified by 0x0094b6413ba4da33
[m[2m2026-09-14 23:23:25.760+0200[m[2m | [m[2mengine-ordered-execution-0[m[2m | [m[32mINFO [m[2m | [m[2mEngineForkchoiceUpdatedV2[m[2m | [m[32mFCU(VALID) | head: a6ff7.....f5ddf | safe: a6ff7.....f5ddf | finalized: a6ff7.....f5ddf
[m[2m2026-09-14 23:23:26.771+0200[m[2m | [m[2mvert.x-worker-thread-0[m[2m | [m[32mINFO [m[2m | [m[2mEngineGetPayloadV2[m[2m | [m[32mProduced #26  (58ee8.....0679b)|    0 tx | 0 ws | 0 (0,0%) gas in 0,000s | Timing(started at 2026-09-14T21:23:00.611849Z, empty-block-created=0ms, awaitingRetrieval=0ms) | PayloadId 0x0094b6413ba4da33
[m[2m2026-09-14 23:23:26.774+0200[m[2m | [m[2mengine-ordered-execution-0[m[2m | [m[32mINFO [m[2m | [m[2mEngineNewPayloadV2[m[2m | [m[32mImported #26  (58ee8.....0679b)|    0 tx|  0 ws|  46,16 mwei bfee|           0 (  0,0%) gas used| 0,7ms exec|   0,00 Mgas/s|  0 peers
[m[2m2026-09-14 23:23:26.776+0200[m[2m | [m[2mengine-ordered-execution-0[m[2m | [m[32mINFO [m[2m | [m[2mEngineForkchoiceUpdatedV2[m[2m | [m[32mFCU(VALID) | head: 58ee8.....0679b | safe: 58ee8.....0679b | finalized: 58ee8.....0679b
[m[2m2026-09-14 23:23:26.778+0200[m[2m | [m[2mengine-ordered-execution-0[m[2m | [m[32mINFO [m[2m | [m[2mMergeCoordinator[m[2m | [m[32mStart building proposals for block 27 identified by 0x0094b65c2e41f1ce
[m[2m2026-09-14 23:23:26.778+0200[m[2m | [m[2mengine-ordered-execution-0[m[2m | [m[32mINFO [m[2m | [m[2mEngineForkchoiceUpdatedV2[m[2m | [m[32mFCU(VALID) | head: 58ee8.....0679b | safe: 58ee8.....0679b | finalized: 58ee8.....0679b
[m[2m2026-09-14 23:23:27.782+0200[m[2m | [m[2mvert.x-worker-thread-8[m[2m | [m[32mINFO [m[2m | [m[2mEngineGetPayloadV2[m[2m | [m[32mProduced #27  (2207f.....988b6)|    0 tx | 0 ws | 0 (0,0%) gas in 0,000s | Timing(started at 2026-09-14T21:23:00.611849Z, empty-block-created=0ms, awaitingRetrieval=0ms) | PayloadId 0x0094b65c2e41f1ce
[m[2m2026-09-14 23:23:27.789+0200[m[2m | [m[2mengine-ordered-execution-0[m[2m | [m[32mINFO [m[2m | [m[2mEngineNewPayloadV2[m[2m | [m[32mImported #27  (2207f.....988b6)|    0 tx|  0 ws|  40,39 mwei bfee|           0 (  0,0%) gas used| 3,0ms exec|   0,00 Mgas/s|  0 peers
[m[2m2026-09-14 23:23:27.802+0200[m[2m | [m[2mengine-ordered-execution-0[m[2m | [m[32mINFO [m[2m | [m[2mEngineForkchoiceUpdatedV2[m[2m | [m[32mFCU(VALID) | head: 2207f.....988b6 | safe: 2207f.....988b6 | finalized: 2207f.....988b6
[m[2m2026-09-14 23:23:27.811+0200[m[2m | [m[2mengine-ordered-execution-0[m[2m | [m[32mINFO [m[2m | [m[2mMergeCoordinator[m[2m | [m[32mStart building proposals for block 28 identified by 0x0094b61a9af27bcf
[m[2m2026-09-14 23:23:27.811+0200[m[2m | [m[2mengine-ordered-execution-0[m[2m | [m[32mINFO [m[2m | [m[2mEngineForkchoiceUpdatedV2[m[2m | [m[32mFCU(VALID) | head: 2207f.....988b6 | safe: 2207f.....988b6 | finalized: 2207f.....988b6
[m[2m2026-09-14 23:23:28.821+0200[m[2m | [m[2mvert.x-worker-thread-5[m[2m | [m[32mINFO [m[2m | [m[2mEngineGetPayloadV2[m[2m | [m[32mProduced #28  (dc25f.....bf399)|    0 tx | 0 ws | 0 (0,0%) gas in 0,000s | Timing(started at 2026-09-14T21:23:00.611849Z, empty-block-created=0ms, awaitingRetrieval=0ms) | PayloadId 0x0094b61a9af27bcf
[m[2m2026-09-14 23:23:28.822+0200[m[2m | [m[2mengine-ordered-execution-0[m[2m | [m[32mINFO [m[2m | [m[2mEngineNewPayloadV2[m[2m | [m[32mImported #28  (dc25f.....bf399)|    0 tx|  0 ws|  35,34 mwei bfee|           0 (  0,0%) gas used| 0,4ms exec|   0,00 Mgas/s|  0 peers
[m[2m2026-09-14 23:23:28.823+0200[m[2m | [m[2mengine-ordered-execution-0[m[2m | [m[32mINFO [m[2m | [m[2mEngineForkchoiceUpdatedV2[m[2m | [m[32mFCU(VALID) | head: dc25f.....bf399 | safe: dc25f.....bf399 | finalized: dc25f.....bf399
[m[2m2026-09-14 23:23:28.824+0200[m[2m | [m[2mengine-ordered-execution-0[m[2m | [m[32mINFO [m[2m | [m[2mMergeCoordinator[m[2m | [m[32mStart building proposals for block 29 identified by 0x0094b6579fa5b4d0
[m[2m2026-09-14 23:23:28.824+0200[m[2m | [m[2mengine-ordered-execution-0[m[2m | [m[32mINFO [m[2m | [m[2mEngineForkchoiceUpdatedV2[m[2m | [m[32mFCU(VALID) | head: dc25f.....bf399 | safe: dc25f.....bf399 | finalized: dc25f.....bf399
[m[2m2026-09-14 23:23:29.833+0200[m[2m | [m[2mvert.x-worker-thread-12[m[2m | [m[32mINFO [m[2m | [m[2mEngineGetPayloadV2[m[2m | [m[32mProduced #29  (e5b37.....3dc1f)|    0 tx | 0 ws | 0 (0,0%) gas in 0,000s | Timing(started at 2026-09-14T21:23:00.611849Z, empty-block-created=0ms, awaitingRetrieval=0ms) | PayloadId 0x0094b6579fa5b4d0
[m[2m2026-09-14 23:23:29.836+0200[m[2m | [m[2mengine-ordered-execution-0[m[2m | [m[32mINFO [m[2m | [m[2mEngineNewPayloadV2[m[2m | [m[32mImported #29  (e5b37.....3dc1f)|    0 tx|  0 ws|  30,92 mwei bfee|           0 (  0,0%) gas used| 0,6ms exec|   0,00 Mgas/s|  0 peers
[m[2m2026-09-14 23:23:29.837+0200[m[2m | [m[2mengine-ordered-execution-0[m[2m | [m[32mINFO [m[2m | [m[2mEngineForkchoiceUpdatedV2[m[2m | [m[32mFCU(VALID) | head: e5b37.....3dc1f | safe: e5b37.....3dc1f | finalized: e5b37.....3dc1f
[m[2m2026-09-14 23:23:29.839+0200[m[2m | [m[2mengine-ordered-execution-0[m[2m | [m[32mINFO [m[2m | [m[2mMergeCoordinator[m[2m | [m[32mStart building proposals for block 30 identified by 0x0094b6338f45312f
[m[2m2026-09-14 23:23:29.839+0200[m[2m | [m[2mengine-ordered-execution-0[m[2m | [m[32mINFO [m[2m | [m[2mEngineForkchoiceUpdatedV2[m[2m | [m[32mFCU(VALID) | head: e5b37.....3dc1f | safe: e5b37.....3dc1f | finalized: e5b37.....3dc1f
[m[2m2026-09-14 23:23:30.845+0200[m[2m | [m[2mvert.x-worker-thread-7[m[2m | [m[32mINFO [m[2m | [m[2mEngineGetPayloadV2[m[2m | [m[32mProduced #30  (1635e.....af56f)|    0 tx | 0 ws | 0 (0,0%) gas in 0,000s | Timing(started at 2026-09-14T21:23:00.611849Z, empty-block-created=0ms, awaitingRetrieval=0ms) | PayloadId 0x0094b6338f45312f
[m[2m2026-09-14 23:23:30.847+0200[m[2m | [m[2mengine-ordered-execution-0[m[2m | [m[32mINFO [m[2m | [m[2mEngineNewPayloadV2[m[2m | [m[32mImported #30  (1635e.....af56f)|    0 tx|  0 ws|  27,06 mwei bfee|           0 (  0,0%) gas used| 0,5ms exec|   0,00 Mgas/s|  0 peers
[m[2m2026-09-14 23:23:30.849+0200[m[2m | [m[2mengine-ordered-execution-0[m[2m | [m[32mINFO [m[2m | [m[2mEngineForkchoiceUpdatedV2[m[2m | [m[32mFCU(VALID) | head: 1635e.....af56f | safe: 1635e.....af56f | finalized: 1635e.....af56f
[m[2m2026-09-14 23:23:30.850+0200[m[2m | [m[2mengine-ordered-execution-0[m[2m | [m[32mINFO [m[2m | [m[2mMergeCoordinator[m[2m | [m[32mStart building proposals for block 31 identified by 0x0094b622176442d2
[m[2m2026-09-14 23:23:30.850+0200[m[2m | [m[2mengine-ordered-execution-0[m[2m | [m[32mINFO [m[2m | [m[2mEngineForkchoiceUpdatedV2[m[2m | [m[32mFCU(VALID) | head: 1635e.....af56f | safe: 1635e.....af56f | finalized: 1635e.....af56f
[m[2m2026-09-14 23:23:31.860+0200[m[2m | [m[2mvert.x-worker-thread-19[m[2m | [m[32mINFO [m[2m | [m[2mEngineGetPayloadV2[m[2m | [m[32mProduced #31  (e1d2b.....dd91d)|    0 tx | 0 ws | 0 (0,0%) gas in 0,000s | Timing(started at 2026-09-14T21:23:00.611849Z, empty-block-created=0ms, awaitingRetrieval=0ms) | PayloadId 0x0094b622176442d2
[m[2m2026-09-14 23:23:31.862+0200[m[2m | [m[2mengine-ordered-execution-0[m[2m | [m[32mINFO [m[2m | [m[2mEngineNewPayloadV2[m[2m | [m[32mImported #31  (e1d2b.....dd91d)|    0 tx|  0 ws|  23,68 mwei bfee|           0 (  0,0%) gas used| 0,6ms exec|   0,00 Mgas/s|  0 peers
[m[2m2026-09-14 23:23:31.864+0200[m[2m | [m[2mengine-ordered-execution-0[m[2m | [m[32mINFO [m[2m | [m[2mEngineForkchoiceUpdatedV2[m[2m | [m[32mFCU(VALID) | head: e1d2b.....dd91d | safe: e1d2b.....dd91d | finalized: e1d2b.....dd91d
[m[2m2026-09-14 23:23:31.866+0200[m[2m | [m[2mengine-ordered-execution-0[m[2m | [m[32mINFO [m[2m | [m[2mMergeCoordinator[m[2m | [m[32mStart building proposals for block 32 identified by 0x0094b63c956191d3
[m[2m2026-09-14 23:23:31.866+0200[m[2m | [m[2mengine-ordered-execution-0[m[2m | [m[32mINFO [m[2m | [m[2mEngineForkchoiceUpdatedV2[m[2m | [m[32mFCU(VALID) | head: e1d2b.....dd91d | safe: e1d2b.....dd91d | finalized: e1d2b.....dd91d
[m[2m2026-09-14 23:23:32.873+0200[m[2m | [m[2mvert.x-worker-thread-17[m[2m | [m[32mINFO [m[2m | [m[2mEngineGetPayloadV2[m[2m | [m[32mProduced #32  (05e61.....838b8)|    0 tx | 0 ws | 0 (0,0%) gas in 0,000s | Timing(started at 2026-09-14T21:23:00.611849Z, empty-block-created=0ms, awaitingRetrieval=0ms) | PayloadId 0x0094b63c956191d3
[m[2m2026-09-14 23:23:32.875+0200[m[2m | [m[2mengine-ordered-execution-0[m[2m | [m[32mINFO [m[2m | [m[2mEngineNewPayloadV2[m[2m | [m[32mImported #32  (05e61.....838b8)|    0 tx|  0 ws|  20,72 mwei bfee|           0 (  0,0%) gas used| 0,6ms exec|   0,00 Mgas/s|  0 peers
[m[2m2026-09-14 23:23:32.877+0200[m[2m | [m[2mengine-ordered-execution-0[m[2m | [m[32mINFO [m[2m | [m[2mEngineForkchoiceUpdatedV2[m[2m | [m[32mFCU(VALID) | head: 05e61.....838b8 | safe: 05e61.....838b8 | finalized: 05e61.....838b8
[m[2m2026-09-14 23:23:32.878+0200[m[2m | [m[2mengine-ordered-execution-0[m[2m | [m[32mINFO [m[2m | [m[2mMergeCoordinator[m[2m | [m[32mStart building proposals for block 33 identified by 0x0094b63478c24c2c
[m[2m2026-09-14 23:23:32.878+0200[m[2m | [m[2mengine-ordered-execution-0[m[2m | [m[32mINFO [m[2m | [m[2mEngineForkchoiceUpdatedV2[m[2m | [m[32mFCU(VALID) | head: 05e61.....838b8 | safe: 05e61.....838b8 | finalized: 05e61.....838b8
[m[2m2026-09-14 23:23:33.880+0200[m[2m | [m[2mvert.x-worker-thread-14[m[2m | [m[32mINFO [m[2m | [m[2mEngineGetPayloadV2[m[2m | [m[32mProduced #33  (23c8a.....2bfb4)|    0 tx | 0 ws | 0 (0,0%) gas in 0,000s | Timing(started at 2026-09-14T21:23:00.611849Z, empty-block-created=0ms, awaitingRetrieval=0ms) | PayloadId 0x0094b63478c24c2c
[m[2m2026-09-14 23:23:33.888+0200[m[2m | [m[2mengine-ordered-execution-0[m[2m | [m[32mINFO [m[2m | [m[2mEngineNewPayloadV2[m[2m | [m[32mImported #33  (23c8a.....2bfb4)|    0 tx|  0 ws|  18,13 mwei bfee|           0 (  0,0%) gas used| 3,0ms exec|   0,00 Mgas/s|  0 peers
[m[2m2026-09-14 23:23:33.892+0200[m[2m | [m[2mengine-ordered-execution-0[m[2m | [m[32mINFO [m[2m | [m[2mEngineForkchoiceUpdatedV2[m[2m | [m[32mFCU(VALID) | head: 23c8a.....2bfb4 | safe: 23c8a.....2bfb4 | finalized: 23c8a.....2bfb4
[m[2m2026-09-14 23:23:33.896+0200[m[2m | [m[2mengine-ordered-execution-0[m[2m | [m[32mINFO [m[2m | [m[2mMergeCoordinator[m[2m | [m[32mStart building proposals for block 34 identified by 0x0094b62d8bb4bb2b
[m[2m2026-09-14 23:23:33.896+0200[m[2m | [m[2mengine-ordered-execution-0[m[2m | [m[32mINFO [m[2m | [m[2mEngineForkchoiceUpdatedV2[m[2m | [m[32mFCU(VALID) | head: 23c8a.....2bfb4 | safe: 23c8a.....2bfb4 | finalized: 23c8a.....2bfb4
[m[2m2026-09-14 23:23:33.904+0200[m[2m | [m[2mEthScheduler-BlockCreation-0-34[m[2m | [m[32mINFO [m[2m | [m[2mPostMergeContext[m[2m | [m[32mNew proposal for payloadId 0x0094b62d8bb4bb2b block 34 (0x4d474b04a6dbcdf86fbb9455e6fb116a2b9b5118bb5341371d2544158f5172f5) gas used 2898000 transactions 138 reward 2,90 szabo is better than the previous one by 2,90 szabo
[m[2m2026-09-14 23:23:34.411+0200[m[2m | [m[2mEthScheduler-BlockCreation-0-34[m[2m | [m[32mINFO [m[2m | [m[2mPostMergeContext[m[2m | [m[32mNew proposal for payloadId 0x0094b62d8bb4bb2b block 34 (0xa7ca3a86d7c17288875e1a2f50dab0474225553697fa70fa298d6d910f7f386f) gas used 5880000 transactions 280 reward 5,88 szabo is better than the previous one by 2,98 szabo
[m[2m2026-09-14 23:23:34.699+0200[m[2m | [m[2mvert.x-worker-thread-16[m[2m | [m[32mINFO [m[2m | [m[2mEngineGetPayloadV2[m[2m | [m[32mProduced #34  (a7ca3.....f386f)|  280 tx | 0 ws | 5.880.000 (19,6%) gas in 0,301s | Timing(started at 2026-09-14T21:23:34.398084Z, duplicateWorldState=0ms, preTxsSelection=0ms, txsSelection=5ms, selectedTxsEvaluation=2ms, blockAssembled=1ms, awaitingRetrieval=294ms) | PayloadId 0x0094b62d8bb4bb2b
[m[2m2026-09-14 23:23:34.711+0200[m[2m | [m[2mengine-ordered-execution-0[m[2m | [m[32mINFO [m[2m | [m[2mEngineNewPayloadV2[m[2m | [m[32mImported #34  (a7ca3.....f386f)|  280 tx|  0 ws|  15,86 mwei bfee|   5.880.000 ( 19,6%) gas used| 5,8ms exec| 1022,28 Mgas/s|  0 peers
[m[2m2026-09-14 23:23:34.714+0200[m[2m | [m[2mengine-ordered-execution-0[m[2m | [m[32mINFO [m[2m | [m[2mEngineForkchoiceUpdatedV2[m[2m | [m[32mFCU(VALID) | head: a7ca3.....f386f | safe: a7ca3.....f386f | finalized: a7ca3.....f386f
[m[2m2026-09-14 23:23:34.898+0200[m[2m | [m[2mengine-ordered-execution-0[m[2m | [m[33mWARN [m[2m | [m[2mMergeCoordinator[m[2m | [m[33mNew payloadId 0x0094b647024b072a received so cancelling block creation tasks for the following payloadIds: 0x0094b62d8bb4bb2b
[m[2m2026-09-14 23:23:34.899+0200[m[2m | [m[2mengine-ordered-execution-0[m[2m | [m[32mINFO [m[2m | [m[2mMergeCoordinator[m[2m | [m[32mStart building proposals for block 35 identified by 0x0094b647024b072a
[m[2m2026-09-14 23:23:34.899+0200[m[2m | [m[2mengine-ordered-execution-0[m[2m | [m[32mINFO [m[2m | [m[2mEngineForkchoiceUpdatedV2[m[2m | [m[32mFCU(VALID) | head: a7ca3.....f386f | safe: a7ca3.....f386f | finalized: a7ca3.....f386f
[m[2m2026-09-14 23:23:34.905+0200[m[2m | [m[2mEthScheduler-BlockCreation-1-35[m[2m | [m[32mINFO [m[2m | [m[2mPostMergeContext[m[2m | [m[32mNew proposal for payloadId 0x0094b647024b072a block 35 (0x5e87f888e1082da014aac98d06440c6d6a1936a25d0d63241709f0f647af1320) gas used 3360000 transactions 160 reward 3,36 szabo is better than the previous one by 3,36 szabo
[m[2m2026-09-14 23:23:35.416+0200[m[2m | [m[2mEthScheduler-BlockCreation-1-35[m[2m | [m[32mINFO [m[2m | [m[2mPostMergeContext[m[2m | [m[32mNew proposal for payloadId 0x0094b647024b072a block 35 (0x0a030da347987cc60998373bcdae065eb829ee75d77a28d0f9a3a579764389ec) gas used 6720000 transactions 320 reward 6,72 szabo is better than the previous one by 3,36 szabo
[m[2m2026-09-14 23:23:35.705+0200[m[2m | [m[2mvert.x-worker-thread-9[m[2m | [m[32mINFO [m[2m | [m[2mEngineGetPayloadV2[m[2m | [m[32mProduced #35  (0a030.....389ec)|  320 tx | 0 ws | 6.720.000 (22,4%) gas in 0,300s | Timing(started at 2026-09-14T21:23:35.404784Z, duplicateWorldState=0ms, preTxsSelection=0ms, txsSelection=4ms, selectedTxsEvaluation=2ms, blockAssembled=1ms, awaitingRetrieval=294ms) | PayloadId 0x0094b647024b072a
[m[2m2026-09-14 23:23:35.717+0200[m[2m | [m[2mengine-ordered-execution-0[m[2m | [m[32mINFO [m[2m | [m[2mEngineNewPayloadV2[m[2m | [m[32mImported #35  (0a030.....389ec)|  320 tx|  0 ws|  14,66 mwei bfee|   6.720.000 ( 22,4%) gas used| 7,5ms exec| 893,60 Mgas/s|  0 peers
[m[2m2026-09-14 23:23:35.721+0200[m[2m | [m[2mengine-ordered-execution-0[m[2m | [m[32mINFO [m[2m | [m[2mEngineForkchoiceUpdatedV2[m[2m | [m[32mFCU(VALID) | head: 0a030.....389ec | safe: 0a030.....389ec | finalized: 0a030.....389ec
[m[2m2026-09-14 23:23:35.903+0200[m[2m | [m[2mengine-ordered-execution-0[m[2m | [m[33mWARN [m[2m | [m[2mMergeCoordinator[m[2m | [m[33mNew payloadId 0x0094b66011deedd7 received so cancelling block creation tasks for the following payloadIds: 0x0094b647024b072a
[m[2m2026-09-14 23:23:35.906+0200[m[2m | [m[2mengine-ordered-execution-0[m[2m | [m[32mINFO [m[2m | [m[2mMergeCoordinator[m[2m | [m[32mStart building proposals for block 36 identified by 0x0094b66011deedd7
[m[2m2026-09-14 23:23:35.907+0200[m[2m | [m[2mengine-ordered-execution-0[m[2m | [m[32mINFO [m[2m | [m[2mEngineForkchoiceUpdatedV2[m[2m | [m[32mFCU(VALID) | head: 0a030.....389ec | safe: 0a030.....389ec | finalized: 0a030.....389ec
[m[2m2026-09-14 23:23:35.911+0200[m[2m | [m[2mEthScheduler-BlockCreation-0-36[m[2m | [m[32mINFO [m[2m | [m[2mPostMergeContext[m[2m | [m[32mNew proposal for payloadId 0x0094b66011deedd7 block 36 (0xa45a8a45da81ceb4ec52b94919f6529f0dd662fcf874242715c39e902a188fe0) gas used 3276000 transactions 156 reward 3,28 szabo is better than the previous one by 3,28 szabo
[m[2m2026-09-14 23:23:36.420+0200[m[2m | [m[2mEthScheduler-BlockCreation-0-36[m[2m | [m[32mINFO [m[2m | [m[2mPostMergeContext[m[2m | [m[32mNew proposal for payloadId 0x0094b66011deedd7 block 36 (0x08a4de3520b9ea71bda489e9cd13d07cb19cda0443d48cf689ea8ef11c4cb42a) gas used 5964000 transactions 284 reward 5,96 szabo is better than the previous one by 2,69 szabo
[m[2m2026-09-14 23:23:36.711+0200[m[2m | [m[2mvert.x-worker-thread-9[m[2m | [m[32mINFO [m[2m | [m[2mEngineGetPayloadV2[m[2m | [m[32mProduced #36  (08a4d.....cb42a)|  284 tx | 0 ws | 5.964.000 (19,9%) gas in 0,303s | Timing(started at 2026-09-14T21:23:36.408046Z, duplicateWorldState=0ms, preTxsSelection=0ms, txsSelection=3ms, selectedTxsEvaluation=1ms, blockAssembled=1ms, awaitingRetrieval=298ms) | PayloadId 0x0094b66011deedd7
[m[2m2026-09-14 23:23:36.721+0200[m[2m | [m[2mengine-ordered-execution-0[m[2m | [m[32mINFO [m[2m | [m[2mEngineNewPayloadV2[m[2m | [m[32mImported #36  (08a4d.....cb42a)|  284 tx|  0 ws|  13,64 mwei bfee|   5.964.000 ( 19,9%) gas used| 4,3ms exec| 1381,66 Mgas/s|  0 peers
[m[2m2026-09-14 23:23:36.730+0200[m[2m | [m[2mengine-ordered-execution-0[m[2m | [m[32mINFO [m[2m | [m[2mEngineForkchoiceUpdatedV2[m[2m | [m[32mFCU(VALID) | head: 08a4d.....cb42a | safe: 08a4d.....cb42a | finalized: 08a4d.....cb42a
[m[2m2026-09-14 23:23:36.902+0200[m[2m | [m[2mengine-ordered-execution-0[m[2m | [m[33mWARN [m[2m | [m[2mMergeCoordinator[m[2m | [m[33mNew payloadId 0x0094b653775462d8 received so cancelling block creation tasks for the following payloadIds: 0x0094b66011deedd7
[m[2m2026-09-14 23:23:36.903+0200[m[2m | [m[2mengine-ordered-execution-0[m[2m | [m[32mINFO [m[2m | [m[2mMergeCoordinator[m[2m | [m[32mStart building proposals for block 37 identified by 0x0094b653775462d8
[m[2m2026-09-14 23:23:36.903+0200[m[2m | [m[2mengine-ordered-execution-0[m[2m | [m[32mINFO [m[2m | [m[2mEngineForkchoiceUpdatedV2[m[2m | [m[32mFCU(VALID) | head: 08a4d.....cb42a | safe: 08a4d.....cb42a | finalized: 08a4d.....cb42a
[m[2m2026-09-14 23:23:36.909+0200[m[2m | [m[2mEthScheduler-BlockCreation-2-37[m[2m | [m[32mINFO [m[2m | [m[2mPostMergeContext[m[2m | [m[32mNew proposal for payloadId 0x0094b653775462d8 block 37 (0x9fdab12dbaf0770c4e6ae0c4d1d167513db666c854d2d44e283b065797f784e7) gas used 3276000 transactions 156 reward 3,28 szabo is better than the previous one by 3,28 szabo
[m[2m2026-09-14 23:23:37.419+0200[m[2m | [m[2mEthScheduler-BlockCreation-2-37[m[2m | [m[32mINFO [m[2m | [m[2mPostMergeContext[m[2m | [m[32mNew proposal for payloadId 0x0094b653775462d8 block 37 (0x78bf4e2f775dcf1f1f009f6c8885ceb9d1a4b09da6d623c8ca18814022965a93) gas used 6636000 transactions 316 reward 6,64 szabo is better than the previous one by 3,36 szabo
[m[2m2026-09-14 23:23:37.708+0200[m[2m | [m[2mvert.x-worker-thread-3[m[2m | [m[32mINFO [m[2m | [m[2mEngineGetPayloadV2[m[2m | [m[32mProduced #37  (78bf4.....65a93)|  316 tx | 0 ws | 6.636.000 (22,1%) gas in 0,300s | Timing(started at 2026-09-14T21:23:37.407767Z, duplicateWorldState=0ms, preTxsSelection=0ms, txsSelection=4ms, selectedTxsEvaluation=1ms, blockAssembled=1ms, awaitingRetrieval=295ms) | PayloadId 0x0094b653775462d8
[m[2m2026-09-14 23:23:37.716+0200[m[2m | [m[2mengine-ordered-execution-0[m[2m | [m[32mINFO [m[2m | [m[2mEngineNewPayloadV2[m[2m | [m[32mImported #37  (78bf4.....65a93)|  316 tx|  0 ws|  12,62 mwei bfee|   6.636.000 ( 22,1%) gas used| 4,9ms exec| 1361,54 Mgas/s|  0 peers
[m[2m2026-09-14 23:23:37.719+0200[m[2m | [m[2mengine-ordered-execution-0[m[2m | [m[32mINFO [m[2m | [m[2mEngineForkchoiceUpdatedV2[m[2m | [m[32mFCU(VALID) | head: 78bf4.....65a93 | safe: 78bf4.....65a93 | finalized: 78bf4.....65a93
[m[2m2026-09-14 23:23:37.904+0200[m[2m | [m[2mengine-ordered-execution-0[m[2m | [m[33mWARN [m[2m | [m[2mMergeCoordinator[m[2m | [m[33mNew payloadId 0x0094b62686e67e27 received so cancelling block creation tasks for the following payloadIds: 0x0094b653775462d8
[m[2m2026-09-14 23:23:37.912+0200[m[2m | [m[2mengine-ordered-execution-0[m[2m | [m[32mINFO [m[2m | [m[2mMergeCoordinator[m[2m | [m[32mStart building proposals for block 38 identified by 0x0094b62686e67e27
[m[2m2026-09-14 23:23:37.912+0200[m[2m | [m[2mengine-ordered-execution-0[m[2m | [m[32mINFO [m[2m | [m[2mEngineForkchoiceUpdatedV2[m[2m | [m[32mFCU(VALID) | head: 78bf4.....65a93 | safe: 78bf4.....65a93 | finalized: 78bf4.....65a93
[m[2m2026-09-14 23:23:37.917+0200[m[2m | [m[2mEthScheduler-BlockCreation-2-38[m[2m | [m[32mINFO [m[2m | [m[2mPostMergeContext[m[2m | [m[32mNew proposal for payloadId 0x0094b62686e67e27 block 38 (0x0c88d2cfd23ab39a38d04d56294c15dfe9f925e41d40fdc70007732bee35c34b) gas used 3276000 transactions 156 reward 3,28 szabo is better than the previous one by 3,28 szabo
[m[2m2026-09-14 23:23:38.426+0200[m[2m | [m[2mEthScheduler-BlockCreation-2-38[m[2m | [m[32mINFO [m[2m | [m[2mPostMergeContext[m[2m | [m[32mNew proposal for payloadId 0x0094b62686e67e27 block 38 (0x756f7ec33465e1b2f09cda0f9c0ebcfefd44793ced2bee1dad9f1013ba1aed09) gas used 5964000 transactions 284 reward 5,96 szabo is better than the previous one by 2,69 szabo
[m[2m2026-09-14 23:23:38.718+0200[m[2m | [m[2mvert.x-worker-thread-3[m[2m | [m[32mINFO [m[2m | [m[2mEngineGetPayloadV2[m[2m | [m[32mProduced #38  (756f7.....aed09)|  284 tx | 0 ws | 5.964.000 (19,9%) gas in 0,305s | Timing(started at 2026-09-14T21:23:38.412501Z, duplicateWorldState=0ms, preTxsSelection=0ms, txsSelection=5ms, selectedTxsEvaluation=2ms, blockAssembled=1ms, awaitingRetrieval=299ms) | PayloadId 0x0094b62686e67e27
[m[2m2026-09-14 23:23:38.727+0200[m[2m | [m[2mengine-ordered-execution-0[m[2m | [m[32mINFO [m[2m | [m[2mEngineNewPayloadV2[m[2m | [m[32mImported #38  (756f7.....aed09)|  284 tx|  0 ws|  11,74 mwei bfee|   5.964.000 ( 19,9%) gas used| 3,9ms exec| 1520,77 Mgas/s|  0 peers
[m[2m2026-09-14 23:23:38.731+0200[m[2m | [m[2mengine-ordered-execution-0[m[2m | [m[32mINFO [m[2m | [m[2mEngineForkchoiceUpdatedV2[m[2m | [m[32mFCU(VALID) | head: 756f7.....aed09 | safe: 756f7.....aed09 | finalized: 756f7.....aed09
[m[2m2026-09-14 23:23:38.908+0200[m[2m | [m[2mengine-ordered-execution-0[m[2m | [m[33mWARN [m[2m | [m[2mMergeCoordinator[m[2m | [m[33mNew payloadId 0x0094b6301d1c7ada received so cancelling block creation tasks for the following payloadIds: 0x0094b62686e67e27
[m[2m2026-09-14 23:23:38.908+0200[m[2m | [m[2mengine-ordered-execution-0[m[2m | [m[32mINFO [m[2m | [m[2mMergeCoordinator[m[2m | [m[32mStart building proposals for block 39 identified by 0x0094b6301d1c7ada
[m[2m2026-09-14 23:23:38.908+0200[m[2m | [m[2mengine-ordered-execution-0[m[2m | [m[32mINFO [m[2m | [m[2mEngineForkchoiceUpdatedV2[m[2m | [m[32mFCU(VALID) | head: 756f7.....aed09 | safe: 756f7.....aed09 | finalized: 756f7.....aed09
[m[2m2026-09-14 23:23:38.914+0200[m[2m | [m[2mEthScheduler-BlockCreation-0-39[m[2m | [m[32mINFO [m[2m | [m[2mPostMergeContext[m[2m | [m[32mNew proposal for payloadId 0x0094b6301d1c7ada block 39 (0xe8fb9986465b3fa9c10077b632422707dd6f9549144d55acdf2d9a9e3fa54465) gas used 3276000 transactions 156 reward 3,28 szabo is better than the previous one by 3,28 szabo
[m[2m2026-09-14 23:23:39.421+0200[m[2m | [m[2mEthScheduler-BlockCreation-0-39[m[2m | [m[32mINFO [m[2m | [m[2mPostMergeContext[m[2m | [m[32mNew proposal for payloadId 0x0094b6301d1c7ada block 39 (0xef355bd0460afd39eb993747191767015515c24aeb11f017d880167e49ca9ecc) gas used 6636000 transactions 316 reward 6,64 szabo is better than the previous one by 3,36 szabo
[m[2m2026-09-14 23:23:39.712+0200[m[2m | [m[2mvert.x-worker-thread-10[m[2m | [m[32mINFO [m[2m | [m[2mEngineGetPayloadV2[m[2m | [m[32mProduced #39  (ef355.....a9ecc)|  316 tx | 0 ws | 6.636.000 (22,1%) gas in 0,300s | Timing(started at 2026-09-14T21:23:39.411604Z, duplicateWorldState=0ms, preTxsSelection=0ms, txsSelection=4ms, selectedTxsEvaluation=1ms, blockAssembled=1ms, awaitingRetrieval=294ms) | PayloadId 0x0094b6301d1c7ada
[m[2m2026-09-14 23:23:39.720+0200[m[2m | [m[2mengine-ordered-execution-0[m[2m | [m[32mINFO [m[2m | [m[2mEngineNewPayloadV2[m[2m | [m[32mImported #39  (ef355.....a9ecc)|  316 tx|  0 ws|  10,85 mwei bfee|   6.636.000 ( 22,1%) gas used| 5,1ms exec| 1292,10 Mgas/s|  0 peers
[m[2m2026-09-14 23:23:39.724+0200[m[2m | [m[2mengine-ordered-execution-0[m[2m | [m[32mINFO [m[2m | [m[2mEngineForkchoiceUpdatedV2[m[2m | [m[32mFCU(VALID) | head: ef355.....a9ecc | safe: ef355.....a9ecc | finalized: ef355.....a9ecc
[m[2m2026-09-14 23:23:39.913+0200[m[2m | [m[2mengine-ordered-execution-0[m[2m | [m[33mWARN [m[2m | [m[2mMergeCoordinator[m[2m | [m[33mNew payloadId 0x0094b6217e8cfc25 received so cancelling block creation tasks for the following payloadIds: 0x0094b6301d1c7ada
[m[2m2026-09-14 23:23:39.917+0200[m[2m | [m[2mengine-ordered-execution-0[m[2m | [m[32mINFO [m[2m | [m[2mMergeCoordinator[m[2m | [m[32mStart building proposals for block 40 identified by 0x0094b6217e8cfc25
[m[2m2026-09-14 23:23:39.917+0200[m[2m | [m[2mengine-ordered-execution-0[m[2m | [m[32mINFO [m[2m | [m[2mEngineForkchoiceUpdatedV2[m[2m | [m[32mFCU(VALID) | head: ef355.....a9ecc | safe: ef355.....a9ecc | finalized: ef355.....a9ecc
[m[2m2026-09-14 23:23:39.923+0200[m[2m | [m[2mEthScheduler-BlockCreation-0-40[m[2m | [m[32mINFO [m[2m | [m[2mPostMergeContext[m[2m | [m[32mNew proposal for payloadId 0x0094b6217e8cfc25 block 40 (0x5475d9aebc4950d495dac817e20feb1309533059aabc6b258ca6ed72d2b0656d) gas used 3276000 transactions 156 reward 3,28 szabo is better than the previous one by 3,28 szabo
[m[2m2026-09-14 23:23:40.431+0200[m[2m | [m[2mEthScheduler-BlockCreation-0-40[m[2m | [m[32mINFO [m[2m | [m[2mPostMergeContext[m[2m | [m[32mNew proposal for payloadId 0x0094b6217e8cfc25 block 40 (0x8457b24087d62566cbd8fe48e07a6e7e101ff089d004e6ebddb399d0a44160cc) gas used 6132000 transactions 292 reward 6,13 szabo is better than the previous one by 2,86 szabo
[m[2m2026-09-14 23:23:40.723+0200[m[2m | [m[2mvert.x-worker-thread-5[m[2m | [m[32mINFO [m[2m | [m[2mEngineGetPayloadV2[m[2m | [m[32mProduced #40  (8457b.....160cc)|  292 tx | 0 ws | 6.132.000 (20,4%) gas in 0,303s | Timing(started at 2026-09-14T21:23:40.419856Z, duplicateWorldState=0ms, preTxsSelection=0ms, txsSelection=4ms, selectedTxsEvaluation=2ms, blockAssembled=1ms, awaitingRetrieval=297ms) | PayloadId 0x0094b6217e8cfc25
[m[2m2026-09-14 23:23:40.733+0200[m[2m | [m[2mengine-ordered-execution-0[m[2m | [m[32mINFO [m[2m | [m[2mEngineNewPayloadV2[m[2m | [m[32mImported #40  (8457b.....160cc)|  292 tx|  0 ws|  10,10 mwei bfee|   6.132.000 ( 20,4%) gas used| 6,5ms exec| 942,90 Mgas/s|  0 peers
[m[2m2026-09-14 23:23:40.738+0200[m[2m | [m[2mengine-ordered-execution-0[m[2m | [m[32mINFO [m[2m | [m[2mEngineForkchoiceUpdatedV2[m[2m | [m[32mFCU(VALID) | head: 8457b.....160cc | safe: 8457b.....160cc | finalized: 8457b.....160cc
[m[2m2026-09-14 23:23:40.909+0200[m[2m | [m[2mengine-ordered-execution-0[m[2m | [m[33mWARN [m[2m | [m[2mMergeCoordinator[m[2m | [m[33mNew payloadId 0x0094b62bf3caafdc received so cancelling block creation tasks for the following payloadIds: 0x0094b6217e8cfc25
[m[2m2026-09-14 23:23:40.910+0200[m[2m | [m[2mengine-ordered-execution-0[m[2m | [m[32mINFO [m[2m | [m[2mMergeCoordinator[m[2m | [m[32mStart building proposals for block 41 identified by 0x0094b62bf3caafdc
[m[2m2026-09-14 23:23:40.910+0200[m[2m | [m[2mengine-ordered-execution-0[m[2m | [m[32mINFO [m[2m | [m[2mEngineForkchoiceUpdatedV2[m[2m | [m[32mFCU(VALID) | head: 8457b.....160cc | safe: 8457b.....160cc | finalized: 8457b.....160cc
[m[2m2026-09-14 23:23:40.916+0200[m[2m | [m[2mEthScheduler-BlockCreation-2-41[m[2m | [m[32mINFO [m[2m | [m[2mPostMergeContext[m[2m | [m[32mNew proposal for payloadId 0x0094b62bf3caafdc block 41 (0x10e66ab7e75259c5b6f94ceca0df026f55b4ee0335cfd535a42d224bd96cac90) gas used 3108000 transactions 148 reward 3,11 szabo is better than the previous one by 3,11 szabo
[m[2m2026-09-14 23:23:41.421+0200[m[2m | [m[2mEthScheduler-BlockCreation-2-41[m[2m | [m[32mINFO [m[2m | [m[2mPostMergeContext[m[2m | [m[32mNew proposal for payloadId 0x0094b62bf3caafdc block 41 (0xcc3d5f600c117636030ee164830da387ab68cb30ff632ca9fd733cdd896fe81d) gas used 6468000 transactions 308 reward 6,47 szabo is better than the previous one by 3,36 szabo
[m[2m2026-09-14 23:23:41.715+0200[m[2m | [m[2mvert.x-worker-thread-19[m[2m | [m[32mINFO [m[2m | [m[2mEngineGetPayloadV2[m[2m | [m[32mProduced #41  (cc3d5.....fe81d)|  308 tx | 0 ws | 6.468.000 (21,6%) gas in 0,305s | Timing(started at 2026-09-14T21:23:41.410383Z, duplicateWorldState=0ms, preTxsSelection=0ms, txsSelection=4ms, selectedTxsEvaluation=2ms, blockAssembled=1ms, awaitingRetrieval=299ms) | PayloadId 0x0094b62bf3caafdc
[m[2m2026-09-14 23:23:41.726+0200[m[2m | [m[2mengine-ordered-execution-0[m[2m | [m[32mINFO [m[2m | [m[2mEngineNewPayloadV2[m[2m | [m[32mImported #41  (cc3d5.....fe81d)|  308 tx|  0 ws|   9,35 mwei bfee|   6.468.000 ( 21,6%) gas used| 4,5ms exec| 1431,37 Mgas/s|  0 peers
[m[2m2026-09-14 23:23:41.730+0200[m[2m | [m[2mengine-ordered-execution-0[m[2m | [m[32mINFO [m[2m | [m[2mEngineForkchoiceUpdatedV2[m[2m | [m[32mFCU(VALID) | head: cc3d5.....fe81d | safe: cc3d5.....fe81d | finalized: cc3d5.....fe81d
[m[2m2026-09-14 23:23:41.916+0200[m[2m | [m[2mengine-ordered-execution-0[m[2m | [m[32mINFO [m[2m | [m[2mMergeCoordinator[m[2m | [m[32mStart building proposals for block 42 identified by 0x0094b6291a9fb323
[m[2m2026-09-14 23:23:41.916+0200[m[2m | [m[2mengine-ordered-execution-0[m[2m | [m[32mINFO [m[2m | [m[2mEngineForkchoiceUpdatedV2[m[2m | [m[32mFCU(VALID) | head: cc3d5.....fe81d | safe: cc3d5.....fe81d | finalized: cc3d5.....fe81d
[m[2m2026-09-14 23:23:41.922+0200[m[2m | [m[2mEthScheduler-BlockCreation-2-42[m[2m | [m[32mINFO [m[2m | [m[2mPostMergeContext[m[2m | [m[32mNew proposal for payloadId 0x0094b6291a9fb323 block 42 (0x722fbdead7f50a7a862d7753edcaa2d0124731e7b929d4064e624105234bddf2) gas used 3276000 transactions 156 reward 3,28 szabo is better than the previous one by 3,28 szabo
[m[2m2026-09-14 23:23:42.429+0200[m[2m | [m[2mEthScheduler-BlockCreation-2-42[m[2m | [m[32mINFO [m[2m | [m[2mPostMergeContext[m[2m | [m[32mNew proposal for payloadId 0x0094b6291a9fb323 block 42 (0x4c77c2e5008ce9a5ea00eec0b593d81859fadf4dd069f5cf836638c8e3d974d1) gas used 6132000 transactions 292 reward 6,13 szabo is better than the previous one by 2,86 szabo
[m[2m2026-09-14 23:23:42.718+0200[m[2m | [m[2mvert.x-worker-thread-17[m[2m | [m[32mINFO [m[2m | [m[2mEngineGetPayloadV2[m[2m | [m[32mProduced #42  (4c77c.....974d1)|  292 tx | 0 ws | 6.132.000 (20,4%) gas in 0,299s | Timing(started at 2026-09-14T21:23:42.418149Z, duplicateWorldState=0ms, preTxsSelection=0ms, txsSelection=3ms, selectedTxsEvaluation=1ms, blockAssembled=1ms, awaitingRetrieval=295ms) | PayloadId 0x0094b6291a9fb323
[m[2m2026-09-14 23:23:42.727+0200[m[2m | [m[2mengine-ordered-execution-0[m[2m | [m[32mINFO [m[2m | [m[2mEngineNewPayloadV2[m[2m | [m[32mImported #42  (4c77c.....974d1)|  292 tx|  0 ws|   8,69 mwei bfee|   6.132.000 ( 20,4%) gas used| 4,1ms exec| 1493,44 Mgas/s|  0 peers
[m[2m2026-09-14 23:23:42.730+0200[m[2m | [m[2mengine-ordered-execution-0[m[2m | [m[32mINFO [m[2m | [m[2mEngineForkchoiceUpdatedV2[m[2m | [m[32mFCU(VALID) | head: 4c77c.....974d1 | safe: 4c77c.....974d1 | finalized: 4c77c.....974d1
[m[2m2026-09-14 23:23:42.918+0200[m[2m | [m[2mengine-ordered-execution-0[m[2m | [m[33mWARN [m[2m | [m[2mMergeCoordinator[m[2m | [m[33mNew payloadId 0x0094b62730aca0de received so cancelling block creation tasks for the following payloadIds: 0x0094b6291a9fb323
[m[2m2026-09-14 23:23:42.919+0200[m[2m | [m[2mengine-ordered-execution-0[m[2m | [m[32mINFO [m[2m | [m[2mMergeCoordinator[m[2m | [m[32mStart building proposals for block 43 identified by 0x0094b62730aca0de
[m[2m2026-09-14 23:23:42.919+0200[m[2m | [m[2mengine-ordered-execution-0[m[2m | [m[32mINFO [m[2m | [m[2mEngineForkchoiceUpdatedV2[m[2m | [m[32mFCU(VALID) | head: 4c77c.....974d1 | safe: 4c77c.....974d1 | finalized: 4c77c.....974d1
[m[2m2026-09-14 23:23:42.925+0200[m[2m | [m[2mEthScheduler-BlockCreation-0-43[m[2m | [m[32mINFO [m[2m | [m[2mPostMergeContext[m[2m | [m[32mNew proposal for payloadId 0x0094b62730aca0de block 43 (0x555e2ec22d0108833dde8c55152ac709ffea0964b01abf7c6d62e02260dedf8e) gas used 3108000 transactions 148 reward 3,11 szabo is better than the previous one by 3,11 szabo
[m[2m2026-09-14 23:23:43.434+0200[m[2m | [m[2mEthScheduler-BlockCreation-0-43[m[2m | [m[32mINFO [m[2m | [m[2mPostMergeContext[m[2m | [m[32mNew proposal for payloadId 0x0094b62730aca0de block 43 (0xedb55102213e727cdb571e088b7e3b6bd232521f030da2d037793c391cb46bcb) gas used 6468000 transactions 308 reward 6,47 szabo is better than the previous one by 3,36 szabo
[m[2m2026-09-14 23:23:43.725+0200[m[2m | [m[2mvert.x-worker-thread-8[m[2m | [m[32mINFO [m[2m | [m[2mEngineGetPayloadV2[m[2m | [m[32mProduced #43  (edb55.....46bcb)|  308 tx | 0 ws | 6.468.000 (21,6%) gas in 0,302s | Timing(started at 2026-09-14T21:23:43.422855Z, duplicateWorldState=0ms, preTxsSelection=0ms, txsSelection=4ms, selectedTxsEvaluation=1ms, blockAssembled=1ms, awaitingRetrieval=296ms) | PayloadId 0x0094b62730aca0de
[m[2m2026-09-14 23:23:43.732+0200[m[2m | [m[2mengine-ordered-execution-0[m[2m | [m[32mINFO [m[2m | [m[2mEngineNewPayloadV2[m[2m | [m[32mImported #43  (edb55.....46bcb)|  308 tx|  0 ws|   8,04 mwei bfee|   6.468.000 ( 21,6%) gas used| 4,7ms exec| 1380,98 Mgas/s|  0 peers
[m[2m2026-09-14 23:23:43.737+0200[m[2m | [m[2mengine-ordered-execution-0[m[2m | [m[32mINFO [m[2m | [m[2mEngineForkchoiceUpdatedV2[m[2m | [m[32mFCU(VALID) | head: edb55.....46bcb | safe: edb55.....46bcb | finalized: edb55.....46bcb
[m[2m2026-09-14 23:23:43.925+0200[m[2m | [m[2mengine-ordered-execution-0[m[2m | [m[33mWARN [m[2m | [m[2mMergeCoordinator[m[2m | [m[33mNew payloadId 0x0094b65dc2aa3c21 received so cancelling block creation tasks for the following payloadIds: 0x0094b62730aca0de
[m[2m2026-09-14 23:23:43.925+0200[m[2m | [m[2mengine-ordered-execution-0[m[2m | [m[32mINFO [m[2m | [m[2mMergeCoordinator[m[2m | [m[32mStart building proposals for block 44 identified by 0x0094b65dc2aa3c21
[m[2m2026-09-14 23:23:43.925+0200[m[2m | [m[2mengine-ordered-execution-0[m[2m | [m[32mINFO [m[2m | [m[2mEngineForkchoiceUpdatedV2[m[2m | [m[32mFCU(VALID) | head: edb55.....46bcb | safe: edb55.....46bcb | finalized: edb55.....46bcb
[m[2m2026-09-14 23:23:43.930+0200[m[2m | [m[2mEthScheduler-BlockCreation-2-44[m[2m | [m[32mINFO [m[2m | [m[2mPostMergeContext[m[2m | [m[32mNew proposal for payloadId 0x0094b65dc2aa3c21 block 44 (0xe58008509e9f956fd0699696f0fcf3c0529034254a77c8a627aeea74355a870d) gas used 3360000 transactions 160 reward 3,36 szabo is better than the previous one by 3,36 szabo
[m[2m2026-09-14 23:23:44.440+0200[m[2m | [m[2mEthScheduler-BlockCreation-2-44[m[2m | [m[32mINFO [m[2m | [m[2mPostMergeContext[m[2m | [m[32mNew proposal for payloadId 0x0094b65dc2aa3c21 block 44 (0x500dc24d8c66988147a4e9ba07c87d51d855e09dd85051caece7e9516b004325) gas used 6384000 transactions 304 reward 6,38 szabo is better than the previous one by 3,02 szabo
[m[2m2026-09-14 23:23:44.730+0200[m[2m | [m[2mvert.x-worker-thread-6[m[2m | [m[32mINFO [m[2m | [m[2mEngineGetPayloadV2[m[2m | [m[32mProduced #44  (500dc.....04325)|  304 tx | 0 ws | 6.384.000 (21,3%) gas in 0,302s | Timing(started at 2026-09-14T21:23:44.428121Z, duplicateWorldState=0ms, preTxsSelection=0ms, txsSelection=4ms, selectedTxsEvaluation=1ms, blockAssembled=1ms, awaitingRetrieval=297ms) | PayloadId 0x0094b65dc2aa3c21
[m[2m2026-09-14 23:23:44.737+0200[m[2m | [m[2mengine-ordered-execution-0[m[2m | [m[32mINFO [m[2m | [m[2mEngineNewPayloadV2[m[2m | [m[32mImported #44  (500dc.....04325)|  304 tx|  0 ws|   7,47 mwei bfee|   6.384.000 ( 21,3%) gas used| 4,1ms exec| 1541,10 Mgas/s|  0 peers
[m[2m2026-09-14 23:23:44.741+0200[m[2m | [m[2mengine-ordered-execution-0[m[2m | [m[32mINFO [m[2m | [m[2mEngineForkchoiceUpdatedV2[m[2m | [m[32mFCU(VALID) | head: 500dc.....04325 | safe: 500dc.....04325 | finalized: 500dc.....04325
[m[2m2026-09-14 23:23:44.927+0200[m[2m | [m[2mengine-ordered-execution-0[m[2m | [m[33mWARN [m[2m | [m[2mMergeCoordinator[m[2m | [m[33mNew payloadId 0x0094b60e91850e20 received so cancelling block creation tasks for the following payloadIds: 0x0094b65dc2aa3c21
[m[2m2026-09-14 23:23:44.928+0200[m[2m | [m[2mengine-ordered-execution-0[m[2m | [m[32mINFO [m[2m | [m[2mMergeCoordinator[m[2m | [m[32mStart building proposals for block 45 identified by 0x0094b60e91850e20
[m[2m2026-09-14 23:23:44.928+0200[m[2m | [m[2mengine-ordered-execution-0[m[2m | [m[32mINFO [m[2m | [m[2mEngineForkchoiceUpdatedV2[m[2m | [m[32mFCU(VALID) | head: 500dc.....04325 | safe: 500dc.....04325 | finalized: 500dc.....04325
[m[2m2026-09-14 23:23:44.933+0200[m[2m | [m[2mEthScheduler-BlockCreation-1-45[m[2m | [m[32mINFO [m[2m | [m[2mPostMergeContext[m[2m | [m[32mNew proposal for payloadId 0x0094b60e91850e20 block 45 (0x3f8da64b864dad533f2d52898355d244821f800eaf216797a10a15cfa6844be0) gas used 2856000 transactions 136 reward 2,86 szabo is better than the previous one by 2,86 szabo
[m[2m2026-09-14 23:23:45.442+0200[m[2m | [m[2mEthScheduler-BlockCreation-1-45[m[2m | [m[32mINFO [m[2m | [m[2mPostMergeContext[m[2m | [m[32mNew proposal for payloadId 0x0094b60e91850e20 block 45 (0xbebf3e78c487e3d429b2266dad5fbcba382da96666bffaa15a116464d98f3cc8) gas used 6216000 transactions 296 reward 6,22 szabo is better than the previous one by 3,36 szabo
[m[2m2026-09-14 23:23:45.733+0200[m[2m | [m[2mvert.x-worker-thread-18[m[2m | [m[32mINFO [m[2m | [m[2mEngineGetPayloadV2[m[2m | [m[32mProduced #45  (bebf3.....f3cc8)|  296 tx | 0 ws | 6.216.000 (20,7%) gas in 0,302s | Timing(started at 2026-09-14T21:23:45.431153Z, duplicateWorldState=0ms, preTxsSelection=0ms, txsSelection=3ms, selectedTxsEvaluation=1ms, blockAssembled=3ms, awaitingRetrieval=295ms) | PayloadId 0x0094b60e91850e20
[m[2m2026-09-14 23:23:45.740+0200[m[2m | [m[2mengine-ordered-execution-0[m[2m | [m[32mINFO [m[2m | [m[2mEngineNewPayloadV2[m[2m | [m[32mImported #45  (bebf3.....f3cc8)|  296 tx|  0 ws|   6,94 mwei bfee|   6.216.000 ( 20,7%) gas used| 4,9ms exec| 1258,33 Mgas/s|  0 peers
[m[2m2026-09-14 23:23:45.753+0200[m[2m | [m[2mengine-ordered-execution-0[m[2m | [m[32mINFO [m[2m | [m[2mEngineForkchoiceUpdatedV2[m[2m | [m[32mFCU(VALID) | head: bebf3.....f3cc8 | safe: bebf3.....f3cc8 | finalized: bebf3.....f3cc8
[m[2m2026-09-14 23:23:45.928+0200[m[2m | [m[2mengine-ordered-execution-0[m[2m | [m[33mWARN [m[2m | [m[2mMergeCoordinator[m[2m | [m[33mNew payloadId 0x0094b678aef81ee1 received so cancelling block creation tasks for the following payloadIds: 0x0094b60e91850e20
[m[2m2026-09-14 23:23:45.928+0200[m[2m | [m[2mengine-ordered-execution-0[m[2m | [m[32mINFO [m[2m | [m[2mMergeCoordinator[m[2m | [m[32mStart building proposals for block 46 identified by 0x0094b678aef81ee1
[m[2m2026-09-14 23:23:45.928+0200[m[2m | [m[2mengine-ordered-execution-0[m[2m | [m[32mINFO [m[2m | [m[2mEngineForkchoiceUpdatedV2[m[2m | [m[32mFCU(VALID) | head: bebf3.....f3cc8 | safe: bebf3.....f3cc8 | finalized: bebf3.....f3cc8
[m[2m2026-09-14 23:23:45.933+0200[m[2m | [m[2mEthScheduler-BlockCreation-2-46[m[2m | [m[32mINFO [m[2m | [m[2mPostMergeContext[m[2m | [m[32mNew proposal for payloadId 0x0094b678aef81ee1 block 46 (0xf4184c62b32cb529666d3f6c46c8802655da762ef5209d384f77dad69644c704) gas used 3360000 transactions 160 reward 3,36 szabo is better than the previous one by 3,36 szabo
[m[2m2026-09-14 23:23:46.443+0200[m[2m | [m[2mEthScheduler-BlockCreation-2-46[m[2m | [m[32mINFO [m[2m | [m[2mPostMergeContext[m[2m | [m[32mNew proposal for payloadId 0x0094b678aef81ee1 block 46 (0xf2706c4c7e78c3f1e855a40263ee10ae0cd353ba7bc6e9ebae23b841428573f3) gas used 6468000 transactions 308 reward 6,47 szabo is better than the previous one by 3,11 szabo
[m[2m2026-09-14 23:23:46.733+0200[m[2m | [m[2mvert.x-worker-thread-15[m[2m | [m[32mINFO [m[2m | [m[2mEngineGetPayloadV2[m[2m | [m[32mProduced #46  (f2706.....573f3)|  308 tx | 0 ws | 6.468.000 (21,6%) gas in 0,303s | Timing(started at 2026-09-14T21:23:46.430421Z, duplicateWorldState=0ms, preTxsSelection=0ms, txsSelection=3ms, selectedTxsEvaluation=1ms, blockAssembled=1ms, awaitingRetrieval=298ms) | PayloadId 0x0094b678aef81ee1
[m[2m2026-09-14 23:23:46.741+0200[m[2m | [m[2mengine-ordered-execution-0[m[2m | [m[32mINFO [m[2m | [m[2mEngineNewPayloadV2[m[2m | [m[32mImported #46  (f2706.....573f3)|  308 tx|  0 ws|   6,43 mwei bfee|   6.468.000 ( 21,6%) gas used| 4,8ms exec| 1333,93 Mgas/s|  0 peers
[m[2m2026-09-14 23:23:46.745+0200[m[2m | [m[2mengine-ordered-execution-0[m[2m | [m[32mINFO [m[2m | [m[2mEngineForkchoiceUpdatedV2[m[2m | [m[32mFCU(VALID) | head: f2706.....573f3 | safe: f2706.....573f3 | finalized: f2706.....573f3
[m[2m2026-09-14 23:23:46.929+0200[m[2m | [m[2mengine-ordered-execution-0[m[2m | [m[33mWARN [m[2m | [m[2mMergeCoordinator[m[2m | [m[33mNew payloadId 0x0094b63c5ffaad1e received so cancelling block creation tasks for the following payloadIds: 0x0094b678aef81ee1
[m[2m2026-09-14 23:23:46.929+0200[m[2m | [m[2mengine-ordered-execution-0[m[2m | [m[32mINFO [m[2m | [m[2mMergeCoordinator[m[2m | [m[32mStart building proposals for block 47 identified by 0x0094b63c5ffaad1e
[m[2m2026-09-14 23:23:46.929+0200[m[2m | [m[2mengine-ordered-execution-0[m[2m | [m[32mINFO [m[2m | [m[2mEngineForkchoiceUpdatedV2[m[2m | [m[32mFCU(VALID) | head: f2706.....573f3 | safe: f2706.....573f3 | finalized: f2706.....573f3
[m[2m2026-09-14 23:23:46.934+0200[m[2m | [m[2mEthScheduler-BlockCreation-1-47[m[2m | [m[32mINFO [m[2m | [m[2mPostMergeContext[m[2m | [m[32mNew proposal for payloadId 0x0094b63c5ffaad1e block 47 (0x5d3bb5c0599aa805699bd69dcda6bc097726134043fbe046ade3c1c260bd5bf1) gas used 2772000 transactions 132 reward 2,77 szabo is better than the previous one by 2,77 szabo
[m[2m2026-09-14 23:23:47.443+0200[m[2m | [m[2mEthScheduler-BlockCreation-1-47[m[2m | [m[32mINFO [m[2m | [m[2mPostMergeContext[m[2m | [m[32mNew proposal for payloadId 0x0094b63c5ffaad1e block 47 (0x740cd81d58195d6b5f04e9ad91c14d19695b0620162b3eed726f00555fd66769) gas used 6132000 transactions 292 reward 6,13 szabo is better than the previous one by 3,36 szabo
[m[2m2026-09-14 23:23:47.735+0200[m[2m | [m[2mvert.x-worker-thread-16[m[2m | [m[32mINFO [m[2m | [m[2mEngineGetPayloadV2[m[2m | [m[32mProduced #47  (740cd.....66769)|  292 tx | 0 ws | 6.132.000 (20,4%) gas in 0,300s | Timing(started at 2026-09-14T21:23:47.434924Z, duplicateWorldState=0ms, preTxsSelection=0ms, txsSelection=2ms, selectedTxsEvaluation=1ms, blockAssembled=1ms, awaitingRetrieval=296ms) | PayloadId 0x0094b63c5ffaad1e
[m[2m2026-09-14 23:23:47.746+0200[m[2m | [m[2mengine-ordered-execution-0[m[2m | [m[32mINFO [m[2m | [m[2mEngineNewPayloadV2[m[2m | [m[32mImported #47  (740cd.....66769)|  292 tx|  0 ws|   5,97 mwei bfee|   6.132.000 ( 20,4%) gas used| 8,0ms exec| 761,86 Mgas/s|  0 peers
[m[2m2026-09-14 23:23:47.759+0200[m[2m | [m[2mengine-ordered-execution-0[m[2m | [m[32mINFO [m[2m | [m[2mEngineForkchoiceUpdatedV2[m[2m | [m[32mFCU(VALID) | head: 740cd.....66769 | safe: 740cd.....66769 | finalized: 740cd.....66769
[m[2m2026-09-14 23:23:47.932+0200[m[2m | [m[2mengine-ordered-execution-0[m[2m | [m[33mWARN [m[2m | [m[2mMergeCoordinator[m[2m | [m[33mNew payloadId 0x0094b674516e371d received so cancelling block creation tasks for the following payloadIds: 0x0094b63c5ffaad1e
[m[2m2026-09-14 23:23:47.932+0200[m[2m | [m[2mengine-ordered-execution-0[m[2m | [m[32mINFO [m[2m | [m[2mMergeCoordinator[m[2m | [m[32mStart building proposals for block 48 identified by 0x0094b674516e371d
[m[2m2026-09-14 23:23:47.932+0200[m[2m | [m[2mengine-ordered-execution-0[m[2m | [m[32mINFO [m[2m | [m[2mEngineForkchoiceUpdatedV2[m[2m | [m[32mFCU(VALID) | head: 740cd.....66769 | safe: 740cd.....66769 | finalized: 740cd.....66769
[m[2m2026-09-14 23:23:47.938+0200[m[2m | [m[2mEthScheduler-BlockCreation-2-48[m[2m | [m[32mINFO [m[2m | [m[2mPostMergeContext[m[2m | [m[32mNew proposal for payloadId 0x0094b674516e371d block 48 (0x0fe321572b57489b36ea59de299fe4743e5206255e5c90478afae5697f19915f) gas used 3360000 transactions 160 reward 3,36 szabo is better than the previous one by 3,36 szabo
[m[2m2026-09-14 23:23:48.447+0200[m[2m | [m[2mEthScheduler-BlockCreation-2-48[m[2m | [m[32mINFO [m[2m | [m[2mPostMergeContext[m[2m | [m[32mNew proposal for payloadId 0x0094b674516e371d block 48 (0xb79d4d1daa425e61ed9148ecadb9852ed29f6c63b1607429012e5a4202bc9632) gas used 6468000 transactions 308 reward 6,47 szabo is better than the previous one by 3,11 szabo
[m[2m2026-09-14 23:23:48.738+0200[m[2m | [m[2mvert.x-worker-thread-16[m[2m | [m[32mINFO [m[2m | [m[2mEngineGetPayloadV2[m[2m | [m[32mProduced #48  (b79d4.....c9632)|  308 tx | 0 ws | 6.468.000 (21,6%) gas in 0,306s | Timing(started at 2026-09-14T21:23:48.432316Z, duplicateWorldState=0ms, preTxsSelection=0ms, txsSelection=3ms, selectedTxsEvaluation=1ms, blockAssembled=3ms, awaitingRetrieval=299ms) | PayloadId 0x0094b674516e371d
[m[2m2026-09-14 23:23:48.745+0200[m[2m | [m[2mengine-ordered-execution-0[m[2m | [m[32mINFO [m[2m | [m[2mEngineNewPayloadV2[m[2m | [m[32mImported #48  (b79d4.....c9632)|  308 tx|  0 ws|   5,53 mwei bfee|   6.468.000 ( 21,6%) gas used| 4,3ms exec| 1501,90 Mgas/s|  0 peers
[m[2m2026-09-14 23:23:48.749+0200[m[2m | [m[2mengine-ordered-execution-0[m[2m | [m[32mINFO [m[2m | [m[2mEngineForkchoiceUpdatedV2[m[2m | [m[32mFCU(VALID) | head: b79d4.....c9632 | safe: b79d4.....c9632 | finalized: b79d4.....c9632
[m[2m2026-09-14 23:23:48.935+0200[m[2m | [m[2mengine-ordered-execution-0[m[2m | [m[33mWARN [m[2m | [m[2mMergeCoordinator[m[2m | [m[33mNew payloadId 0x0094b60f3a33d81c received so cancelling block creation tasks for the following payloadIds: 0x0094b674516e371d
[m[2m2026-09-14 23:23:48.936+0200[m[2m | [m[2mengine-ordered-execution-0[m[2m | [m[32mINFO [m[2m | [m[2mMergeCoordinator[m[2m | [m[32mStart building proposals for block 49 identified by 0x0094b60f3a33d81c
[m[2m2026-09-14 23:23:48.936+0200[m[2m | [m[2mengine-ordered-execution-0[m[2m | [m[32mINFO [m[2m | [m[2mEngineForkchoiceUpdatedV2[m[2m | [m[32mFCU(VALID) | head: b79d4.....c9632 | safe: b79d4.....c9632 | finalized: b79d4.....c9632
[m[2m2026-09-14 23:23:48.942+0200[m[2m | [m[2mEthScheduler-BlockCreation-1-49[m[2m | [m[32mINFO [m[2m | [m[2mPostMergeContext[m[2m | [m[32mNew proposal for payloadId 0x0094b60f3a33d81c block 49 (0x42c1dd61df591f236712d3a77e7d9159f171c0d165c87cd47bef2fd1f444978f) gas used 2772000 transactions 132 reward 2,77 szabo is better than the previous one by 2,77 szabo
[m[2m2026-09-14 23:23:49.448+0200[m[2m | [m[2mEthScheduler-BlockCreation-1-49[m[2m | [m[32mINFO [m[2m | [m[2mPostMergeContext[m[2m | [m[32mNew proposal for payloadId 0x0094b60f3a33d81c block 49 (0x6737eb507566c4e1507c42982afa71e599a645f2d20b78fcbdba6afa4c5877de) gas used 6132000 transactions 292 reward 6,13 szabo is better than the previous one by 3,36 szabo
[m[2m2026-09-14 23:23:49.740+0200[m[2m | [m[2mvert.x-worker-thread-13[m[2m | [m[32mINFO [m[2m | [m[2mEngineGetPayloadV2[m[2m | [m[32mProduced #49  (6737e.....877de)|  292 tx | 0 ws | 6.132.000 (20,4%) gas in 0,301s | Timing(started at 2026-09-14T21:23:49.438828Z, duplicateWorldState=0ms, preTxsSelection=0ms, txsSelection=3ms, selectedTxsEvaluation=1ms, blockAssembled=1ms, awaitingRetrieval=296ms) | PayloadId 0x0094b60f3a33d81c
[m[2m2026-09-14 23:23:49.811+0200[m[2m | [m[2mengine-ordered-execution-0[m[2m | [m[32mINFO [m[2m | [m[2mEngineNewPayloadV2[m[2m | [m[32mImported #49  (6737e.....877de)|  292 tx|  0 ws|   5,14 mwei bfee|   6.132.000 ( 20,4%) gas used| 68,8ms exec|  89,11 Mgas/s|  0 peers
[m[2m2026-09-14 23:23:49.822+0200[m[2m | [m[2mengine-ordered-execution-0[m[2m | [m[32mINFO [m[2m | [m[2mEngineForkchoiceUpdatedV2[m[2m | [m[32mFCU(VALID) | head: 6737e.....877de | safe: 6737e.....877de | finalized: 6737e.....877de
[m[2m2026-09-14 23:23:49.935+0200[m[2m | [m[2mengine-ordered-execution-0[m[2m | [m[33mWARN [m[2m | [m[2mMergeCoordinator[m[2m | [m[33mNew payloadId 0x0094b62204eda4e5 received so cancelling block creation tasks for the following payloadIds: 0x0094b60f3a33d81c
[m[2m2026-09-14 23:23:49.936+0200[m[2m | [m[2mengine-ordered-execution-0[m[2m | [m[32mINFO [m[2m | [m[2mMergeCoordinator[m[2m | [m[32mStart building proposals for block 50 identified by 0x0094b62204eda4e5
[m[2m2026-09-14 23:23:49.936+0200[m[2m | [m[2mengine-ordered-execution-0[m[2m | [m[32mINFO [m[2m | [m[2mEngineForkchoiceUpdatedV2[m[2m | [m[32mFCU(VALID) | head: 6737e.....877de | safe: 6737e.....877de | finalized: 6737e.....877de
[m[2m2026-09-14 23:23:49.941+0200[m[2m | [m[2mEthScheduler-BlockCreation-0-50[m[2m | [m[32mINFO [m[2m | [m[2mPostMergeContext[m[2m | [m[32mNew proposal for payloadId 0x0094b62204eda4e5 block 50 (0x129304f3deb91f5fbf35c0e9754ff8e5cd21f5d41c44dcb6bd3af2c5658997a1) gas used 3360000 transactions 160 reward 3,36 szabo is better than the previous one by 3,36 szabo
[m[2m2026-09-14 23:23:50.448+0200[m[2m | [m[2mEthScheduler-BlockCreation-0-50[m[2m | [m[32mINFO [m[2m | [m[2mPostMergeContext[m[2m | [m[32mNew proposal for payloadId 0x0094b62204eda4e5 block 50 (0xe220059ce17a6e8e249d111c3e5eaf3b4d1bbd45e957ee442fdc2c76dba660b2) gas used 6489000 transactions 309 reward 6,49 szabo is better than the previous one by 3,13 szabo
[m[2m2026-09-14 23:23:50.738+0200[m[2m | [m[2mvert.x-worker-thread-2[m[2m | [m[32mINFO [m[2m | [m[2mEngineGetPayloadV2[m[2m | [m[32mProduced #50  (e2200.....660b2)|  309 tx | 0 ws | 6.489.000 (21,6%) gas in 0,301s | Timing(started at 2026-09-14T21:23:50.436499Z, duplicateWorldState=0ms, preTxsSelection=0ms, txsSelection=3ms, selectedTxsEvaluation=1ms, blockAssembled=1ms, awaitingRetrieval=296ms) | PayloadId 0x0094b62204eda4e5
[m[2m2026-09-14 23:23:50.755+0200[m[2m | [m[2mengine-ordered-execution-0[m[2m | [m[32mINFO [m[2m | [m[2mEngineNewPayloadV2[m[2m | [m[32mImported #50  (e2200.....660b2)|  309 tx|  0 ws|   4,76 mwei bfee|   6.489.000 ( 21,6%) gas used| 9,2ms exec| 705,49 Mgas/s|  0 peers
[m[2m2026-09-14 23:23:50.758+0200[m[2m | [m[2mengine-ordered-execution-0[m[2m | [m[32mINFO [m[2m | [m[2mEngineForkchoiceUpdatedV2[m[2m | [m[32mFCU(VALID) | head: e2200.....660b2 | safe: e2200.....660b2 | finalized: e2200.....660b2
[m[2m2026-09-14 23:23:50.939+0200[m[2m | [m[2mengine-ordered-execution-0[m[2m | [m[33mWARN [m[2m | [m[2mMergeCoordinator[m[2m | [m[33mNew payloadId 0x0094b6164d34a8e6 received so cancelling block creation tasks for the following payloadIds: 0x0094b62204eda4e5
[m[2m2026-09-14 23:23:50.939+0200[m[2m | [m[2mengine-ordered-execution-0[m[2m | [m[32mINFO [m[2m | [m[2mMergeCoordinator[m[2m | [m[32mStart building proposals for block 51 identified by 0x0094b6164d34a8e6
[m[2m2026-09-14 23:23:50.940+0200[m[2m | [m[2mengine-ordered-execution-0[m[2m | [m[32mINFO [m[2m | [m[2mEngineForkchoiceUpdatedV2[m[2m | [m[32mFCU(VALID) | head: e2200.....660b2 | safe: e2200.....660b2 | finalized: e2200.....660b2
[m[2m2026-09-14 23:23:50.978+0200[m[2m | [m[2mEthScheduler-BlockCreation-1-51[m[2m | [m[32mINFO [m[2m | [m[2mPostMergeContext[m[2m | [m[32mNew proposal for payloadId 0x0094b6164d34a8e6 block 51 (0x07ff43e7e2c8199e5820cdcf99d52e901fa0f8cd0f5049bac3b7b278ee104fd9) gas used 2751000 transactions 131 reward 2,75 szabo is better than the previous one by 2,75 szabo
[m[2m2026-09-14 23:23:51.454+0200[m[2m | [m[2mEthScheduler-BlockCreation-1-51[m[2m | [m[32mINFO [m[2m | [m[2mPostMergeContext[m[2m | [m[32mNew proposal for payloadId 0x0094b6164d34a8e6 block 51 (0x4fc55835e2bcc670a08afa10b8e75e7ec7dc64cb4638e4b463fc048cd1a4eb31) gas used 6111000 transactions 291 reward 6,11 szabo is better than the previous one by 3,36 szabo
[m[2m2026-09-14 23:23:51.744+0200[m[2m | [m[2mvert.x-worker-thread-16[m[2m | [m[32mINFO [m[2m | [m[2mEngineGetPayloadV2[m[2m | [m[32mProduced #51  (4fc55.....4eb31)|  291 tx | 0 ws | 6.111.000 (20,4%) gas in 0,299s | Timing(started at 2026-09-14T21:23:51.445113Z, duplicateWorldState=0ms, preTxsSelection=0ms, txsSelection=3ms, selectedTxsEvaluation=1ms, blockAssembled=1ms, awaitingRetrieval=294ms) | PayloadId 0x0094b6164d34a8e6
[m[2m2026-09-14 23:23:51.783+0200[m[2m | [m[2mengine-ordered-execution-0[m[2m | [m[32mINFO [m[2m | [m[2mEngineNewPayloadV2[m[2m | [m[32mImported #51  (4fc55.....4eb31)|  291 tx|  0 ws|   4,42 mwei bfee|   6.111.000 ( 20,4%) gas used| 6,6ms exec| 927,89 Mgas/s|  0 peers
[m[2m2026-09-14 23:23:51.797+0200[m[2m | [m[2mengine-ordered-execution-0[m[2m | [m[32mINFO [m[2m | [m[2mEngineForkchoiceUpdatedV2[m[2m | [m[32mFCU(VALID) | head: 4fc55.....4eb31 | safe: 4fc55.....4eb31 | finalized: 4fc55.....4eb31
[m[2m2026-09-14 23:23:51.940+0200[m[2m | [m[2mengine-ordered-execution-0[m[2m | [m[33mWARN [m[2m | [m[2mMergeCoordinator[m[2m | [m[33mNew payloadId 0x0094b61a3a8fe519 received so cancelling block creation tasks for the following payloadIds: 0x0094b6164d34a8e6
[m[2m2026-09-14 23:23:51.946+0200[m[2m | [m[2mengine-ordered-execution-0[m[2m | [m[32mINFO [m[2m | [m[2mMergeCoordinator[m[2m | [m[32mStart building proposals for block 52 identified by 0x0094b61a3a8fe519
[m[2m2026-09-14 23:23:51.950+0200[m[2m | [m[2mengine-ordered-execution-0[m[2m | [m[32mINFO [m[2m | [m[2mEngineForkchoiceUpdatedV2[m[2m | [m[32mFCU(VALID) | head: 4fc55.....4eb31 | safe: 4fc55.....4eb31 | finalized: 4fc55.....4eb31
[m[2m2026-09-14 23:23:51.959+0200[m[2m | [m[2mEthScheduler-BlockCreation-1-52[m[2m | [m[32mINFO [m[2m | [m[2mPostMergeContext[m[2m | [m[32mNew proposal for payloadId 0x0094b61a3a8fe519 block 52 (0x6f75e54eea5f115afbf151270ff5f6f5caf77aa4e615d2b7f15b01ac9ada58bf) gas used 3360000 transactions 160 reward 3,36 szabo is better than the previous one by 3,36 szabo
[m[2m2026-09-14 23:23:52.460+0200[m[2m | [m[2mEthScheduler-BlockCreation-1-52[m[2m | [m[32mINFO [m[2m | [m[2mPostMergeContext[m[2m | [m[32mNew proposal for payloadId 0x0094b61a3a8fe519 block 52 (0xdacb2d0973976fe79840dad52b5bdeffcd4b8045da0ca0a762598f8c95d80fb1) gas used 6636000 transactions 316 reward 6,64 szabo is better than the previous one by 3,28 szabo
[m[2m2026-09-14 23:23:52.756+0200[m[2m | [m[2mvert.x-worker-thread-4[m[2m | [m[32mINFO [m[2m | [m[2mEngineGetPayloadV2[m[2m | [m[32mProduced #52  (dacb2.....80fb1)|  316 tx | 0 ws | 6.636.000 (22,1%) gas in 0,306s | Timing(started at 2026-09-14T21:23:52.450274Z, duplicateWorldState=0ms, preTxsSelection=0ms, txsSelection=3ms, selectedTxsEvaluation=1ms, blockAssembled=1ms, awaitingRetrieval=301ms) | PayloadId 0x0094b61a3a8fe519
[m[2m2026-09-14 23:23:52.766+0200[m[2m | [m[2mengine-ordered-execution-0[m[2m | [m[32mINFO [m[2m | [m[2mEngineNewPayloadV2[m[2m | [m[32mImported #52  (dacb2.....80fb1)|  316 tx|  0 ws|   4,09 mwei bfee|   6.636.000 ( 22,1%) gas used| 7,7ms exec| 863,65 Mgas/s|  0 peers
[m[2m2026-09-14 23:23:52.770+0200[m[2m | [m[2mengine-ordered-execution-0[m[2m | [m[32mINFO [m[2m | [m[2mEngineForkchoiceUpdatedV2[m[2m | [m[32mFCU(VALID) | head: dacb2.....80fb1 | safe: dacb2.....80fb1 | finalized: dacb2.....80fb1
[m[2m2026-09-14 23:23:53.004+0200[m[2m | [m[2mengine-ordered-execution-0[m[2m | [m[32mINFO [m[2m | [m[2mMergeCoordinator[m[2m | [m[32mStart building proposals for block 53 identified by 0x0094b63ae08916e8
[m[2m2026-09-14 23:23:53.005+0200[m[2m | [m[2mengine-ordered-execution-0[m[2m | [m[32mINFO [m[2m | [m[2mEngineForkchoiceUpdatedV2[m[2m | [m[32mFCU(VALID) | head: dacb2.....80fb1 | safe: dacb2.....80fb1 | finalized: dacb2.....80fb1
[m[2m2026-09-14 23:23:53.010+0200[m[2m | [m[2mEthScheduler-BlockCreation-1-53[m[2m | [m[32mINFO [m[2m | [m[2mPostMergeContext[m[2m | [m[32mNew proposal for payloadId 0x0094b63ae08916e8 block 53 (0x35396dd6f5e0824c1be793cd260c20e486d08946d9cc8adb2cd3523ee73e54cc) gas used 2940000 transactions 140 reward 2,94 szabo is better than the previous one by 2,94 szabo
[m[2m2026-09-14 23:23:53.517+0200[m[2m | [m[2mEthScheduler-BlockCreation-1-53[m[2m | [m[32mINFO [m[2m | [m[2mPostMergeContext[m[2m | [m[32mNew proposal for payloadId 0x0094b63ae08916e8 block 53 (0x04c40942f6b48c3cf377d3bf915322e3c610a11f3ff53d30ff8aba1a924188a7) gas used 5208000 transactions 248 reward 5,21 szabo is better than the previous one by 2,27 szabo
[m[2m2026-09-14 23:23:53.813+0200[m[2m | [m[2mvert.x-worker-thread-3[m[2m | [m[32mINFO [m[2m | [m[2mEngineGetPayloadV2[m[2m | [m[32mProduced #53  (04c40.....188a7)|  248 tx | 0 ws | 5.208.000 (17,4%) gas in 0,304s | Timing(started at 2026-09-14T21:23:53.508679Z, duplicateWorldState=0ms, preTxsSelection=0ms, txsSelection=3ms, selectedTxsEvaluation=1ms, blockAssembled=1ms, awaitingRetrieval=299ms) | PayloadId 0x0094b63ae08916e8
[m[2m2026-09-14 23:23:53.825+0200[m[2m | [m[2mengine-ordered-execution-0[m[2m | [m[32mINFO [m[2m | [m[2mEngineNewPayloadV2[m[2m | [m[32mImported #53  (04c40.....188a7)|  248 tx|  0 ws|   3,81 mwei bfee|   5.208.000 ( 17,4%) gas used| 5,7ms exec| 906,69 Mgas/s|  0 peers
[m[2m2026-09-14 23:23:53.829+0200[m[2m | [m[2mengine-ordered-execution-0[m[2m | [m[32mINFO [m[2m | [m[2mEngineForkchoiceUpdatedV2[m[2m | [m[32mFCU(VALID) | head: 04c40.....188a7 | safe: 04c40.....188a7 | finalized: 04c40.....188a7
[m[2m2026-09-14 23:23:53.944+0200[m[2m | [m[2mengine-ordered-execution-0[m[2m | [m[33mWARN [m[2m | [m[2mMergeCoordinator[m[2m | [m[33mNew payloadId 0x0094b65444525f17 received so cancelling block creation tasks for the following payloadIds: 0x0094b63ae08916e8
[m[2m2026-09-14 23:23:53.944+0200[m[2m | [m[2mengine-ordered-execution-0[m[2m | [m[32mINFO [m[2m | [m[2mMergeCoordinator[m[2m | [m[32mStart building proposals for block 54 identified by 0x0094b65444525f17
[m[2m2026-09-14 23:23:53.945+0200[m[2m | [m[2mengine-ordered-execution-0[m[2m | [m[32mINFO [m[2m | [m[2mEngineForkchoiceUpdatedV2[m[2m | [m[32mFCU(VALID) | head: 04c40.....188a7 | safe: 04c40.....188a7 | finalized: 04c40.....188a7
[m[2m2026-09-14 23:23:54.952+0200[m[2m | [m[2mvert.x-worker-thread-5[m[2m | [m[32mINFO [m[2m | [m[2mEngineGetPayloadV2[m[2m | [m[32mProduced #54  (66788.....afa8c)|    0 tx | 0 ws | 0 (0,0%) gas in 0,000s | Timing(started at 2026-09-14T21:23:00.611849Z, empty-block-created=0ms, awaitingRetrieval=0ms) | PayloadId 0x0094b65444525f17
[m[2m2026-09-14 23:23:54.958+0200[m[2m | [m[2mengine-ordered-execution-0[m[2m | [m[32mINFO [m[2m | [m[2mEngineNewPayloadV2[m[2m | [m[32mImported #54  (66788.....afa8c)|    0 tx|  0 ws|   3,50 mwei bfee|           0 (  0,0%) gas used| 1,7ms exec|   0,00 Mgas/s|  0 peers
[m[2m2026-09-14 23:23:54.961+0200[m[2m | [m[2mengine-ordered-execution-0[m[2m | [m[32mINFO [m[2m | [m[2mEngineForkchoiceUpdatedV2[m[2m | [m[32mFCU(VALID) | head: 66788.....afa8c | safe: 66788.....afa8c | finalized: 66788.....afa8c
[m[2m2026-09-14 23:23:54.963+0200[m[2m | [m[2mengine-ordered-execution-0[m[2m | [m[32mINFO [m[2m | [m[2mMergeCoordinator[m[2m | [m[32mStart building proposals for block 55 identified by 0x0094b625b7c6f8ea
[m[2m2026-09-14 23:23:54.963+0200[m[2m | [m[2mengine-ordered-execution-0[m[2m | [m[32mINFO [m[2m | [m[2mEngineForkchoiceUpdatedV2[m[2m | [m[32mFCU(VALID) | head: 66788.....afa8c | safe: 66788.....afa8c | finalized: 66788.....afa8c
[m[2m2026-09-14 23:23:55.973+0200[m[2m | [m[2mvert.x-worker-thread-8[m[2m | [m[32mINFO [m[2m | [m[2mEngineGetPayloadV2[m[2m | [m[32mProduced #55  (154ae.....feef2)|    0 tx | 0 ws | 0 (0,0%) gas in 0,000s | Timing(started at 2026-09-14T21:23:00.611849Z, empty-block-created=0ms, awaitingRetrieval=0ms) | PayloadId 0x0094b625b7c6f8ea
[m[2m2026-09-14 23:23:55.978+0200[m[2m | [m[2mengine-ordered-execution-0[m[2m | [m[32mINFO [m[2m | [m[2mEngineNewPayloadV2[m[2m | [m[32mImported #55  (154ae.....feef2)|    0 tx|  0 ws|   3,06 mwei bfee|           0 (  0,0%) gas used| 1,5ms exec|   0,00 Mgas/s|  0 peers
[m[2m2026-09-14 23:23:55.980+0200[m[2m | [m[2mengine-ordered-execution-0[m[2m | [m[32mINFO [m[2m | [m[2mEngineForkchoiceUpdatedV2[m[2m | [m[32mFCU(VALID) | head: 154ae.....feef2 | safe: 154ae.....feef2 | finalized: 154ae.....feef2
[m[2m2026-09-14 23:23:55.982+0200[m[2m | [m[2mengine-ordered-execution-0[m[2m | [m[32mINFO [m[2m | [m[2mMergeCoordinator[m[2m | [m[32mStart building proposals for block 56 identified by 0x0094b66c5c312915
[m[2m2026-09-14 23:23:55.982+0200[m[2m | [m[2mengine-ordered-execution-0[m[2m | [m[32mINFO [m[2m | [m[2mEngineForkchoiceUpdatedV2[m[2m | [m[32mFCU(VALID) | head: 154ae.....feef2 | safe: 154ae.....feef2 | finalized: 154ae.....feef2
[m[2m2026-09-14 23:23:56.991+0200[m[2m | [m[2mvert.x-worker-thread-19[m[2m | [m[32mINFO [m[2m | [m[2mEngineGetPayloadV2[m[2m | [m[32mProduced #56  (822c9.....20295)|    0 tx | 0 ws | 0 (0,0%) gas in 0,000s | Timing(started at 2026-09-14T21:23:00.611849Z, empty-block-created=0ms, awaitingRetrieval=0ms) | PayloadId 0x0094b66c5c312915
[m[2m2026-09-14 23:23:56.995+0200[m[2m | [m[2mengine-ordered-execution-0[m[2m | [m[32mINFO [m[2m | [m[2mEngineNewPayloadV2[m[2m | [m[32mImported #56  (822c9.....20295)|    0 tx|  0 ws|   2,68 mwei bfee|           0 (  0,0%) gas used| 2,9ms exec|   0,00 Mgas/s|  0 peers
[m[2m2026-09-14 23:23:57.005+0200[m[2m | [m[2mengine-ordered-execution-0[m[2m | [m[32mINFO [m[2m | [m[2mEngineForkchoiceUpdatedV2[m[2m | [m[32mFCU(VALID) | head: 822c9.....20295 | safe: 822c9.....20295 | finalized: 822c9.....20295
[m[2m2026-09-14 23:23:57.009+0200[m[2m | [m[2mengine-ordered-execution-0[m[2m | [m[32mINFO [m[2m | [m[2mMergeCoordinator[m[2m | [m[32mStart building proposals for block 57 identified by 0x0094b64891f87c13
[m[2m2026-09-14 23:23:57.010+0200[m[2m | [m[2mengine-ordered-execution-0[m[2m | [m[32mINFO [m[2m | [m[2mEngineForkchoiceUpdatedV2[m[2m | [m[32mFCU(VALID) | head: 822c9.....20295 | safe: 822c9.....20295 | finalized: 822c9.....20295
[m[2m2026-09-14 23:23:58.014+0200[m[2m | [m[2mvert.x-worker-thread-3[m[2m | [m[32mINFO [m[2m | [m[2mEngineGetPayloadV2[m[2m | [m[32mProduced #57  (f83d7.....98b85)|    0 tx | 0 ws | 0 (0,0%) gas in 0,000s | Timing(started at 2026-09-14T21:23:00.611849Z, empty-block-created=0ms, awaitingRetrieval=0ms) | PayloadId 0x0094b64891f87c13
[m[2m2026-09-14 23:23:58.017+0200[m[2m | [m[2mengine-ordered-execution-0[m[2m | [m[32mINFO [m[2m | [m[2mEngineNewPayloadV2[m[2m | [m[32mImported #57  (f83d7.....98b85)|    0 tx|  0 ws|   2,34 mwei bfee|           0 (  0,0%) gas used| 0,5ms exec|   0,00 Mgas/s|  0 peers
[m[2m2026-09-14 23:23:58.018+0200[m[2m | [m[2mengine-ordered-execution-0[m[2m | [m[32mINFO [m[2m | [m[2mEngineForkchoiceUpdatedV2[m[2m | [m[32mFCU(VALID) | head: f83d7.....98b85 | safe: f83d7.....98b85 | finalized: f83d7.....98b85
[m[2m2026-09-14 23:23:58.019+0200[m[2m | [m[2mengine-ordered-execution-0[m[2m | [m[32mINFO [m[2m | [m[2mMergeCoordinator[m[2m | [m[32mStart building proposals for block 58 identified by 0x0094b66699063612
[m[2m2026-09-14 23:23:58.019+0200[m[2m | [m[2mengine-ordered-execution-0[m[2m | [m[32mINFO [m[2m | [m[2mEngineForkchoiceUpdatedV2[m[2m | [m[32mFCU(VALID) | head: f83d7.....98b85 | safe: f83d7.....98b85 | finalized: f83d7.....98b85
[m[2m2026-09-14 23:23:59.027+0200[m[2m | [m[2mvert.x-worker-thread-5[m[2m | [m[32mINFO [m[2m | [m[2mEngineGetPayloadV2[m[2m | [m[32mProduced #58  (78c87.....c68dc)|    0 tx | 0 ws | 0 (0,0%) gas in 0,000s | Timing(started at 2026-09-14T21:23:00.611849Z, empty-block-created=0ms, awaitingRetrieval=0ms) | PayloadId 0x0094b66699063612
[m[2m2026-09-14 23:23:59.029+0200[m[2m | [m[2mengine-ordered-execution-0[m[2m | [m[32mINFO [m[2m | [m[2mEngineNewPayloadV2[m[2m | [m[32mImported #58  (78c87.....c68dc)|    0 tx|  0 ws|   2,05 mwei bfee|           0 (  0,0%) gas used| 0,5ms exec|   0,00 Mgas/s|  0 peers
[m[2m2026-09-14 23:23:59.031+0200[m[2m | [m[2mengine-ordered-execution-0[m[2m | [m[32mINFO [m[2m | [m[2mEngineForkchoiceUpdatedV2[m[2m | [m[32mFCU(VALID) | head: 78c87.....c68dc | safe: 78c87.....c68dc | finalized: 78c87.....c68dc
[m[2m2026-09-14 23:23:59.032+0200[m[2m | [m[2mengine-ordered-execution-0[m[2m | [m[32mINFO [m[2m | [m[2mMergeCoordinator[m[2m | [m[32mStart building proposals for block 59 identified by 0x0094b6107d6eb811
[m[2m2026-09-14 23:23:59.032+0200[m[2m | [m[2mengine-ordered-execution-0[m[2m | [m[32mINFO [m[2m | [m[2mEngineForkchoiceUpdatedV2[m[2m | [m[32mFCU(VALID) | head: 78c87.....c68dc | safe: 78c87.....c68dc | finalized: 78c87.....c68dc
[m[2m2026-09-14 23:24:00.040+0200[m[2m | [m[2mvert.x-worker-thread-17[m[2m | [m[32mINFO [m[2m | [m[2mEngineGetPayloadV2[m[2m | [m[32mProduced #59  (d2f45.....a3378)|    0 tx | 0 ws | 0 (0,0%) gas in 0,000s | Timing(started at 2026-09-14T21:23:00.611849Z, empty-block-created=0ms, awaitingRetrieval=0ms) | PayloadId 0x0094b6107d6eb811
[m[2m2026-09-14 23:24:00.043+0200[m[2m | [m[2mengine-ordered-execution-0[m[2m | [m[32mINFO [m[2m | [m[2mEngineNewPayloadV2[m[2m | [m[32mImported #59  (d2f45.....a3378)|    0 tx|  0 ws|   1,79 mwei bfee|           0 (  0,0%) gas used| 0,6ms exec|   0,00 Mgas/s|  0 peers
[m[2m2026-09-14 23:24:00.044+0200[m[2m | [m[2mengine-ordered-execution-0[m[2m | [m[32mINFO [m[2m | [m[2mEngineForkchoiceUpdatedV2[m[2m | [m[32mFCU(VALID) | head: d2f45.....a3378 | safe: d2f45.....a3378 | finalized: d2f45.....a3378
[m[2m2026-09-14 23:24:00.046+0200[m[2m | [m[2mengine-ordered-execution-0[m[2m | [m[32mINFO [m[2m | [m[2mMergeCoordinator[m[2m | [m[32mStart building proposals for block 60 identified by 0x0094b6744922f510
[m[2m2026-09-14 23:24:00.046+0200[m[2m | [m[2mengine-ordered-execution-0[m[2m | [m[32mINFO [m[2m | [m[2mEngineForkchoiceUpdatedV2[m[2m | [m[32mFCU(VALID) | head: d2f45.....a3378 | safe: d2f45.....a3378 | finalized: d2f45.....a3378
[m[2m2026-09-14 23:24:01.053+0200[m[2m | [m[2mvert.x-worker-thread-5[m[2m | [m[32mINFO [m[2m | [m[2mEngineGetPayloadV2[m[2m | [m[32mProduced #60  (639cf.....2eb37)|    0 tx | 0 ws | 0 (0,0%) gas in 0,000s | Timing(started at 2026-09-14T21:23:00.611849Z, empty-block-created=0ms, awaitingRetrieval=0ms) | PayloadId 0x0094b6744922f510
[m[2m2026-09-14 23:24:01.055+0200[m[2m | [m[2mengine-ordered-execution-0[m[2m | [m[32mINFO [m[2m | [m[2mEngineNewPayloadV2[m[2m | [m[32mImported #60  (639cf.....2eb37)|    0 tx|  0 ws|   1,57 mwei bfee|           0 (  0,0%) gas used| 0,5ms exec|   0,00 Mgas/s|  0 peers
[m[2m2026-09-14 23:24:01.057+0200[m[2m | [m[2mengine-ordered-execution-0[m[2m | [m[32mINFO [m[2m | [m[2mEngineForkchoiceUpdatedV2[m[2m | [m[32mFCU(VALID) | head: 639cf.....2eb37 | safe: 639cf.....2eb37 | finalized: 639cf.....2eb37
[m[2m2026-09-14 23:24:01.058+0200[m[2m | [m[2mengine-ordered-execution-0[m[2m | [m[32mINFO [m[2m | [m[2mMergeCoordinator[m[2m | [m[32mStart building proposals for block 61 identified by 0x0094b618a0cef8f1
[m[2m2026-09-14 23:24:01.058+0200[m[2m | [m[2mengine-ordered-execution-0[m[2m | [m[32mINFO [m[2m | [m[2mEngineForkchoiceUpdatedV2[m[2m | [m[32mFCU(VALID) | head: 639cf.....2eb37 | safe: 639cf.....2eb37 | finalized: 639cf.....2eb37
[m[2m2026-09-14 23:24:02.067+0200[m[2m | [m[2mvert.x-worker-thread-1[m[2m | [m[32mINFO [m[2m | [m[2mEngineGetPayloadV2[m[2m | [m[32mProduced #61  (7e211.....2875b)|    0 tx | 0 ws | 0 (0,0%) gas in 0,000s | Timing(started at 2026-09-14T21:23:00.611849Z, empty-block-created=0ms, awaitingRetrieval=0ms) | PayloadId 0x0094b618a0cef8f1
[m[2m2026-09-14 23:24:02.074+0200[m[2m | [m[2mengine-ordered-execution-0[m[2m | [m[32mINFO [m[2m | [m[2mEngineNewPayloadV2[m[2m | [m[32mImported #61  (7e211.....2875b)|    0 tx|  0 ws|   1,37 mwei bfee|           0 (  0,0%) gas used| 1,7ms exec|   0,00 Mgas/s|  0 peers
[m[2m2026-09-14 23:24:02.076+0200[m[2m | [m[2mengine-ordered-execution-0[m[2m | [m[32mINFO [m[2m | [m[2mEngineForkchoiceUpdatedV2[m[2m | [m[32mFCU(VALID) | head: 7e211.....2875b | safe: 7e211.....2875b | finalized: 7e211.....2875b
[m[2m2026-09-14 23:24:02.078+0200[m[2m | [m[2mengine-ordered-execution-0[m[2m | [m[32mINFO [m[2m | [m[2mMergeCoordinator[m[2m | [m[32mStart building proposals for block 62 identified by 0x0094b65976c93b0e
[m[2m2026-09-14 23:24:02.078+0200[m[2m | [m[2mengine-ordered-execution-0[m[2m | [m[32mINFO [m[2m | [m[2mEngineForkchoiceUpdatedV2[m[2m | [m[32mFCU(VALID) | head: 7e211.....2875b | safe: 7e211.....2875b | finalized: 7e211.....2875b
[m[2m2026-09-14 23:24:03.087+0200[m[2m | [m[2mvert.x-worker-thread-9[m[2m | [m[32mINFO [m[2m | [m[2mEngineGetPayloadV2[m[2m | [m[32mProduced #62  (433d4.....54642)|    0 tx | 0 ws | 0 (0,0%) gas in 0,000s | Timing(started at 2026-09-14T21:23:00.611849Z, empty-block-created=0ms, awaitingRetrieval=0ms) | PayloadId 0x0094b65976c93b0e
[m[2m2026-09-14 23:24:03.092+0200[m[2m | [m[2mengine-ordered-execution-0[m[2m | [m[32mINFO [m[2m | [m[2mEngineNewPayloadV2[m[2m | [m[32mImported #62  (433d4.....54642)|    0 tx|  0 ws|   1,20 mwei bfee|           0 (  0,0%) gas used| 1,4ms exec|   0,00 Mgas/s|  0 peers
[m[2m2026-09-14 23:24:03.095+0200[m[2m | [m[2mengine-ordered-execution-0[m[2m | [m[32mINFO [m[2m | [m[2mEngineForkchoiceUpdatedV2[m[2m | [m[32mFCU(VALID) | head: 433d4.....54642 | safe: 433d4.....54642 | finalized: 433d4.....54642
[m[2m2026-09-14 23:24:03.097+0200[m[2m | [m[2mengine-ordered-execution-0[m[2m | [m[32mINFO [m[2m | [m[2mMergeCoordinator[m[2m | [m[32mStart building proposals for block 63 identified by 0x0094b6710fd1680d
[m[2m2026-09-14 23:24:03.097+0200[m[2m | [m[2mengine-ordered-execution-0[m[2m | [m[32mINFO [m[2m | [m[2mEngineForkchoiceUpdatedV2[m[2m | [m[32mFCU(VALID) | head: 433d4.....54642 | safe: 433d4.....54642 | finalized: 433d4.....54642
[m[2m2026-09-14 23:24:04.106+0200[m[2m | [m[2mvert.x-worker-thread-13[m[2m | [m[32mINFO [m[2m | [m[2mEngineGetPayloadV2[m[2m | [m[32mProduced #63  (66811.....40c97)|    0 tx | 0 ws | 0 (0,0%) gas in 0,000s | Timing(started at 2026-09-14T21:23:00.611849Z, empty-block-created=0ms, awaitingRetrieval=0ms) | PayloadId 0x0094b6710fd1680d
[m[2m2026-09-14 23:24:04.110+0200[m[2m | [m[2mengine-ordered-execution-0[m[2m | [m[32mINFO [m[2m | [m[2mEngineNewPayloadV2[m[2m | [m[32mImported #63  (66811.....40c97)|    0 tx|  0 ws|   1,05 mwei bfee|           0 (  0,0%) gas used| 0,8ms exec|   0,00 Mgas/s|  0 peers
[m[2m2026-09-14 23:24:04.111+0200[m[2m | [m[2mengine-ordered-execution-0[m[2m | [m[32mINFO [m[2m | [m[2mEngineForkchoiceUpdatedV2[m[2m | [m[32mFCU(VALID) | head: 66811.....40c97 | safe: 66811.....40c97 | finalized: 66811.....40c97
[m[2m2026-09-14 23:24:04.113+0200[m[2m | [m[2mengine-ordered-execution-0[m[2m | [m[32mINFO [m[2m | [m[2mMergeCoordinator[m[2m | [m[32mStart building proposals for block 64 identified by 0x0094b67f20a5280c
[m[2m2026-09-14 23:24:04.113+0200[m[2m | [m[2mengine-ordered-execution-0[m[2m | [m[32mINFO [m[2m | [m[2mEngineForkchoiceUpdatedV2[m[2m | [m[32mFCU(VALID) | head: 66811.....40c97 | safe: 66811.....40c97 | finalized: 66811.....40c97
[m[2m2026-09-14 23:24:05.123+0200[m[2m | [m[2mvert.x-worker-thread-17[m[2m | [m[32mINFO [m[2m | [m[2mEngineGetPayloadV2[m[2m | [m[32mProduced #64  (58480.....6403f)|    0 tx | 0 ws | 0 (0,0%) gas in 0,000s | Timing(started at 2026-09-14T21:23:00.611849Z, empty-block-created=0ms, awaitingRetrieval=0ms) | PayloadId 0x0094b67f20a5280c
[m[2m2026-09-14 23:24:05.124+0200[m[2m | [m[2mengine-ordered-execution-0[m[2m | [m[32mINFO [m[2m | [m[2mEngineNewPayloadV2[m[2m | [m[32mImported #64  (58480.....6403f)|    0 tx|  0 ws| 919,79 kwei bfee|           0 (  0,0%) gas used| 0,4ms exec|   0,00 Mgas/s|  0 peers
[m[2m2026-09-14 23:24:05.126+0200[m[2m | [m[2mengine-ordered-execution-0[m[2m | [m[32mINFO [m[2m | [m[2mEngineForkchoiceUpdatedV2[m[2m | [m[32mFCU(VALID) | head: 58480.....6403f | safe: 58480.....6403f | finalized: 58480.....6403f
[m[2m2026-09-14 23:24:05.127+0200[m[2m | [m[2mengine-ordered-execution-0[m[2m | [m[32mINFO [m[2m | [m[2mMergeCoordinator[m[2m | [m[32mStart building proposals for block 65 identified by 0x0094b673839f55f5
[m[2m2026-09-14 23:24:05.127+0200[m[2m | [m[2mengine-ordered-execution-0[m[2m | [m[32mINFO [m[2m | [m[2mEngineForkchoiceUpdatedV2[m[2m | [m[32mFCU(VALID) | head: 58480.....6403f | safe: 58480.....6403f | finalized: 58480.....6403f
[m[2m2026-09-14 23:24:06.136+0200[m[2m | [m[2mvert.x-worker-thread-2[m[2m | [m[32mINFO [m[2m | [m[2mEngineGetPayloadV2[m[2m | [m[32mProduced #65  (9a00c.....e593d)|    0 tx | 0 ws | 0 (0,0%) gas in 0,000s | Timing(started at 2026-09-14T21:23:00.611849Z, empty-block-created=0ms, awaitingRetrieval=0ms) | PayloadId 0x0094b673839f55f5
[m[2m2026-09-14 23:24:06.138+0200[m[2m | [m[2mengine-ordered-execution-0[m[2m | [m[32mINFO [m[2m | [m[2mEngineNewPayloadV2[m[2m | [m[32mImported #65  (9a00c.....e593d)|    0 tx|  0 ws| 804,81 kwei bfee|           0 (  0,0%) gas used| 0,4ms exec|   0,00 Mgas/s|  0 peers
[m[2m2026-09-14 23:24:06.139+0200[m[2m | [m[2mengine-ordered-execution-0[m[2m | [m[32mINFO [m[2m | [m[2mEngineForkchoiceUpdatedV2[m[2m | [m[32mFCU(VALID) | head: 9a00c.....e593d | safe: 9a00c.....e593d | finalized: 9a00c.....e593d
[m[2m2026-09-14 23:24:06.140+0200[m[2m | [m[2mengine-ordered-execution-0[m[2m | [m[32mINFO [m[2m | [m[2mMergeCoordinator[m[2m | [m[32mStart building proposals for block 66 identified by 0x0094b664360563f6
[m[2m2026-09-14 23:24:06.140+0200[m[2m | [m[2mengine-ordered-execution-0[m[2m | [m[32mINFO [m[2m | [m[2mEngineForkchoiceUpdatedV2[m[2m | [m[32mFCU(VALID) | head: 9a00c.....e593d | safe: 9a00c.....e593d | finalized: 9a00c.....e593d
[m[2m2026-09-14 23:24:07.150+0200[m[2m | [m[2mvert.x-worker-thread-5[m[2m | [m[32mINFO [m[2m | [m[2mEngineGetPayloadV2[m[2m | [m[32mProduced #66  (400d8.....d92a0)|    0 tx | 0 ws | 0 (0,0%) gas in 0,000s | Timing(started at 2026-09-14T21:23:00.611849Z, empty-block-created=0ms, awaitingRetrieval=0ms) | PayloadId 0x0094b664360563f6
[m[2m2026-09-14 23:24:07.153+0200[m[2m | [m[2mengine-ordered-execution-0[m[2m | [m[32mINFO [m[2m | [m[2mEngineNewPayloadV2[m[2m | [m[32mImported #66  (400d8.....d92a0)|    0 tx|  0 ws| 704,21 kwei bfee|           0 (  0,0%) gas used| 0,7ms exec|   0,00 Mgas/s|  0 peers
[m[2m2026-09-14 23:24:07.154+0200[m[2m | [m[2mengine-ordered-execution-0[m[2m | [m[32mINFO [m[2m | [m[2mEngineForkchoiceUpdatedV2[m[2m | [m[32mFCU(VALID) | head: 400d8.....d92a0 | safe: 400d8.....d92a0 | finalized: 400d8.....d92a0
[m[2m2026-09-14 23:24:07.155+0200[m[2m | [m[2mengine-ordered-execution-0[m[2m | [m[32mINFO [m[2m | [m[2mMergeCoordinator[m[2m | [m[32mStart building proposals for block 67 identified by 0x0094b66fb5020ff7
[m[2m2026-09-14 23:24:07.155+0200[m[2m | [m[2mengine-ordered-execution-0[m[2m | [m[32mINFO [m[2m | [m[2mEngineForkchoiceUpdatedV2[m[2m | [m[32mFCU(VALID) | head: 400d8.....d92a0 | safe: 400d8.....d92a0 | finalized: 400d8.....d92a0
[m[2m2026-09-14 23:24:08.159+0200[m[2m | [m[2mvert.x-worker-thread-14[m[2m | [m[32mINFO [m[2m | [m[2mEngineGetPayloadV2[m[2m | [m[32mProduced #67  (b3b2b.....70c7d)|    0 tx | 0 ws | 0 (0,0%) gas in 0,000s | Timing(started at 2026-09-14T21:23:00.611849Z, empty-block-created=0ms, awaitingRetrieval=0ms) | PayloadId 0x0094b66fb5020ff7
[m[2m2026-09-14 23:24:08.162+0200[m[2m | [m[2mengine-ordered-execution-0[m[2m | [m[32mINFO [m[2m | [m[2mEngineNewPayloadV2[m[2m | [m[32mImported #67  (b3b2b.....70c7d)|    0 tx|  0 ws| 616,19 kwei bfee|           0 (  0,0%) gas used| 0,7ms exec|   0,00 Mgas/s|  0 peers
[m[2m2026-09-14 23:24:08.163+0200[m[2m | [m[2mengine-ordered-execution-0[m[2m | [m[32mINFO [m[2m | [m[2mEngineForkchoiceUpdatedV2[m[2m | [m[32mFCU(VALID) | head: b3b2b.....70c7d | safe: b3b2b.....70c7d | finalized: b3b2b.....70c7d
[m[2m2026-09-14 23:24:08.165+0200[m[2m | [m[2mengine-ordered-execution-0[m[2m | [m[32mINFO [m[2m | [m[2mMergeCoordinator[m[2m | [m[32mStart building proposals for block 68 identified by 0x0094b626e6a497f8
[m[2m2026-09-14 23:24:08.165+0200[m[2m | [m[2mengine-ordered-execution-0[m[2m | [m[32mINFO [m[2m | [m[2mEngineForkchoiceUpdatedV2[m[2m | [m[32mFCU(VALID) | head: b3b2b.....70c7d | safe: b3b2b.....70c7d | finalized: b3b2b.....70c7d
[m[2m2026-09-14 23:24:08.171+0200[m[2m | [m[2mEthScheduler-BlockCreation-2-68[m[2m | [m[32mINFO [m[2m | [m[2mPostMergeContext[m[2m | [m[32mNew proposal for payloadId 0x0094b626e6a497f8 block 68 (0xb54055c106a4da3df1da09b0f919e1239d57d44b07c83fd3574a9fbc3cba3483) gas used 2562000 transactions 122 reward 2,56 szabo is better than the previous one by 2,56 szabo
[m[2m2026-09-14 23:24:08.689+0200[m[2m | [m[2mEthScheduler-BlockCreation-2-68[m[2m | [m[32mINFO [m[2m | [m[2mPostMergeContext[m[2m | [m[32mNew proposal for payloadId 0x0094b626e6a497f8 block 68 (0xa4c66f6c64c4a5249b717691bb7b332f5651cad760250abd9c0f06b049ec706c) gas used 7602000 transactions 362 reward 7,60 szabo is better than the previous one by 5,04 szabo
[m[2m2026-09-14 23:24:08.970+0200[m[2m | [m[2mvert.x-worker-thread-12[m[2m | [m[32mINFO [m[2m | [m[2mEngineGetPayloadV2[m[2m | [m[32mProduced #68  (a4c66.....c706c)|  362 tx | 0 ws | 7.602.000 (25,3%) gas in 0,300s | Timing(started at 2026-09-14T21:24:08.670033Z, duplicateWorldState=0ms, preTxsSelection=0ms, txsSelection=6ms, selectedTxsEvaluation=3ms, blockAssembled=2ms, awaitingRetrieval=291ms) | PayloadId 0x0094b626e6a497f8
[m[2m2026-09-14 23:24:08.979+0200[m[2m | [m[2mengine-ordered-execution-0[m[2m | [m[32mINFO [m[2m | [m[2mEngineNewPayloadV2[m[2m | [m[32mImported #68  (a4c66.....c706c)|  362 tx|  0 ws| 539,16 kwei bfee|   7.602.000 ( 25,3%) gas used| 6,1ms exec| 1254,92 Mgas/s|  0 peers
[m[2m2026-09-14 23:24:08.984+0200[m[2m | [m[2mengine-ordered-execution-0[m[2m | [m[32mINFO [m[2m | [m[2mEngineForkchoiceUpdatedV2[m[2m | [m[32mFCU(VALID) | head: a4c66.....c706c | safe: a4c66.....c706c | finalized: a4c66.....c706c
[m[2m2026-09-14 23:24:09.167+0200[m[2m | [m[2mengine-ordered-execution-0[m[2m | [m[33mWARN [m[2m | [m[2mMergeCoordinator[m[2m | [m[33mNew payloadId 0x0094b63546ef7207 received so cancelling block creation tasks for the following payloadIds: 0x0094b626e6a497f8
[m[2m2026-09-14 23:24:09.171+0200[m[2m | [m[2mengine-ordered-execution-0[m[2m | [m[32mINFO [m[2m | [m[2mMergeCoordinator[m[2m | [m[32mStart building proposals for block 69 identified by 0x0094b63546ef7207
[m[2m2026-09-14 23:24:09.171+0200[m[2m | [m[2mengine-ordered-execution-0[m[2m | [m[32mINFO [m[2m | [m[2mEngineForkchoiceUpdatedV2[m[2m | [m[32mFCU(VALID) | head: a4c66.....c706c | safe: a4c66.....c706c | finalized: a4c66.....c706c
[m[2m2026-09-14 23:24:09.181+0200[m[2m | [m[2mEthScheduler-BlockCreation-1-69[m[2m | [m[32mINFO [m[2m | [m[2mPostMergeContext[m[2m | [m[32mNew proposal for payloadId 0x0094b63546ef7207 block 69 (0xfa859b9f2c158f215f7ec6ae0a56112c205e5eab42810cc77cd0adaf567a2505) gas used 5229000 transactions 249 reward 5,23 szabo is better than the previous one by 5,23 szabo
[m[2m2026-09-14 23:24:09.690+0200[m[2m | [m[2mEthScheduler-BlockCreation-1-69[m[2m | [m[32mINFO [m[2m | [m[2mPostMergeContext[m[2m | [m[32mNew proposal for payloadId 0x0094b63546ef7207 block 69 (0x92685e38208cfa50adc06bd4311412ca75fca27a251c061c685fcb62ef5f2407) gas used 11340000 transactions 540 reward 11,34 szabo is better than the previous one by 6,11 szabo
[m[2m2026-09-14 23:24:09.976+0200[m[2m | [m[2mvert.x-worker-thread-3[m[2m | [m[32mINFO [m[2m | [m[2mEngineGetPayloadV2[m[2m | [m[32mProduced #69  (92685.....f2407)|  540 tx | 0 ws | 11.340.000 (37,8%) gas in 0,301s | Timing(started at 2026-09-14T21:24:09.674112Z, duplicateWorldState=0ms, preTxsSelection=0ms, txsSelection=5ms, selectedTxsEvaluation=2ms, blockAssembled=1ms, awaitingRetrieval=294ms) | PayloadId 0x0094b63546ef7207
[m[2m2026-09-14 23:24:09.986+0200[m[2m | [m[2mengine-ordered-execution-0[m[2m | [m[32mINFO [m[2m | [m[2mEngineNewPayloadV2[m[2m | [m[32mImported #69  (92685.....f2407)|  540 tx|  0 ws| 505,92 kwei bfee|  11.340.000 ( 37,8%) gas used| 7,3ms exec| 1557,85 Mgas/s|  0 peers
[m[2m2026-09-14 23:24:09.992+0200[m[2m | [m[2mengine-ordered-execution-0[m[2m | [m[32mINFO [m[2m | [m[2mEngineForkchoiceUpdatedV2[m[2m | [m[32mFCU(VALID) | head: 92685.....f2407 | safe: 92685.....f2407 | finalized: 92685.....f2407
[m[2m2026-09-14 23:24:10.168+0200[m[2m | [m[2mengine-ordered-execution-0[m[2m | [m[33mWARN [m[2m | [m[2mMergeCoordinator[m[2m | [m[33mNew payloadId 0x0094b639794c2d06 received so cancelling block creation tasks for the following payloadIds: 0x0094b63546ef7207
[m[2m2026-09-14 23:24:10.169+0200[m[2m | [m[2mengine-ordered-execution-0[m[2m | [m[32mINFO [m[2m | [m[2mMergeCoordinator[m[2m | [m[32mStart building proposals for block 70 identified by 0x0094b639794c2d06
[m[2m2026-09-14 23:24:10.169+0200[m[2m | [m[2mengine-ordered-execution-0[m[2m | [m[32mINFO [m[2m | [m[2mEngineForkchoiceUpdatedV2[m[2m | [m[32mFCU(VALID) | head: 92685.....f2407 | safe: 92685.....f2407 | finalized: 92685.....f2407
[m[2m2026-09-14 23:24:10.176+0200[m[2m | [m[2mEthScheduler-BlockCreation-0-70[m[2m | [m[32mINFO [m[2m | [m[2mPostMergeContext[m[2m | [m[32mNew proposal for payloadId 0x0094b639794c2d06 block 70 (0x3c391c24104abf848f3f5d0c9dd12cad0f5b8e91a71c0404e5e0a871d7240235) gas used 5040000 transactions 240 reward 5,04 szabo is better than the previous one by 5,04 szabo
[m[2m2026-09-14 23:24:10.686+0200[m[2m | [m[2mEthScheduler-BlockCreation-0-70[m[2m | [m[32mINFO [m[2m | [m[2mPostMergeContext[m[2m | [m[32mNew proposal for payloadId 0x0094b639794c2d06 block 70 (0x4c5c1c097663f0757959a8dfb50220492760362c04f3baf7571157c12f03331f) gas used 10080000 transactions 480 reward 10,08 szabo is better than the previous one by 5,04 szabo
[m[2m2026-09-14 23:24:10.970+0200[m[2m | [m[2mvert.x-worker-thread-9[m[2m | [m[32mINFO [m[2m | [m[2mEngineGetPayloadV2[m[2m | [m[32mProduced #70  (4c5c1.....3331f)|  480 tx | 0 ws | 10.080.000 (33,6%) gas in 0,297s | Timing(started at 2026-09-14T21:24:10.672808Z, duplicateWorldState=0ms, preTxsSelection=0ms, txsSelection=4ms, selectedTxsEvaluation=2ms, blockAssembled=1ms, awaitingRetrieval=291ms) | PayloadId 0x0094b639794c2d06
[m[2m2026-09-14 23:24:11.017+0200[m[2m | [m[2mengine-ordered-execution-0[m[2m | [m[32mINFO [m[2m | [m[2mEngineNewPayloadV2[m[2m | [m[32mImported #70  (4c5c1.....3331f)|  480 tx|  0 ws| 490,49 kwei bfee|  10.080.000 ( 33,6%) gas used| 9,7ms exec| 1044,03 Mgas/s|  0 peers
[m[2m2026-09-14 23:24:11.023+0200[m[2m | [m[2mengine-ordered-execution-0[m[2m | [m[32mINFO [m[2m | [m[2mEngineForkchoiceUpdatedV2[m[2m | [m[32mFCU(VALID) | head: 4c5c1.....3331f | safe: 4c5c1.....3331f | finalized: 4c5c1.....3331f
[m[2m2026-09-14 23:24:11.172+0200[m[2m | [m[2mengine-ordered-execution-0[m[2m | [m[33mWARN [m[2m | [m[2mMergeCoordinator[m[2m | [m[33mNew payloadId 0x0094b63fd61a0605 received so cancelling block creation tasks for the following payloadIds: 0x0094b639794c2d06
[m[2m2026-09-14 23:24:11.173+0200[m[2m | [m[2mengine-ordered-execution-0[m[2m | [m[32mINFO [m[2m | [m[2mMergeCoordinator[m[2m | [m[32mStart building proposals for block 71 identified by 0x0094b63fd61a0605
[m[2m2026-09-14 23:24:11.173+0200[m[2m | [m[2mengine-ordered-execution-0[m[2m | [m[32mINFO [m[2m | [m[2mEngineForkchoiceUpdatedV2[m[2m | [m[32mFCU(VALID) | head: 4c5c1.....3331f | safe: 4c5c1.....3331f | finalized: 4c5c1.....3331f
[m[2m2026-09-14 23:24:11.179+0200[m[2m | [m[2mEthScheduler-BlockCreation-1-71[m[2m | [m[32mINFO [m[2m | [m[2mPostMergeContext[m[2m | [m[32mNew proposal for payloadId 0x0094b63fd61a0605 block 71 (0xd3185319d36da694375471e72c14c44342a3036a46d6813ab4485555e7851685) gas used 5040000 transactions 240 reward 5,04 szabo is better than the previous one by 5,04 szabo
[m[2m2026-09-14 23:24:11.694+0200[m[2m | [m[2mEthScheduler-BlockCreation-1-71[m[2m | [m[32mINFO [m[2m | [m[2mPostMergeContext[m[2m | [m[32mNew proposal for payloadId 0x0094b63fd61a0605 block 71 (0x8a57191f52c1a1a2c44036d50f003027738c32153afa3734a929cb42dfdbe656) gas used 10206000 transactions 486 reward 10,21 szabo is better than the previous one by 5,17 szabo
[m[2m2026-09-14 23:24:11.977+0200[m[2m | [m[2mvert.x-worker-thread-11[m[2m | [m[32mINFO [m[2m | [m[2mEngineGetPayloadV2[m[2m | [m[32mProduced #71  (8a571.....be656)|  486 tx | 0 ws | 10.206.000 (34,0%) gas in 0,303s | Timing(started at 2026-09-14T21:24:11.673729Z, duplicateWorldState=0ms, preTxsSelection=0ms, txsSelection=6ms, selectedTxsEvaluation=3ms, blockAssembled=1ms, awaitingRetrieval=294ms) | PayloadId 0x0094b63fd61a0605
[m[2m2026-09-14 23:24:11.987+0200[m[2m | [m[2mengine-ordered-execution-0[m[2m | [m[32mINFO [m[2m | [m[2mEngineNewPayloadV2[m[2m | [m[32mImported #71  (8a571.....be656)|  486 tx|  0 ws| 470,38 kwei bfee|  10.206.000 ( 34,0%) gas used| 6,7ms exec| 1525,19 Mgas/s|  0 peers
[m[2m2026-09-14 23:24:11.992+0200[m[2m | [m[2mengine-ordered-execution-0[m[2m | [m[32mINFO [m[2m | [m[2mEngineForkchoiceUpdatedV2[m[2m | [m[32mFCU(VALID) | head: 8a571.....be656 | safe: 8a571.....be656 | finalized: 8a571.....be656
[m[2m2026-09-14 23:24:12.177+0200[m[2m | [m[2mengine-ordered-execution-0[m[2m | [m[32mINFO [m[2m | [m[2mMergeCoordinator[m[2m | [m[32mStart building proposals for block 72 identified by 0x0094b6767a4eb904
[m[2m2026-09-14 23:24:12.177+0200[m[2m | [m[2mengine-ordered-execution-0[m[2m | [m[32mINFO [m[2m | [m[2mEngineForkchoiceUpdatedV2[m[2m | [m[32mFCU(VALID) | head: 8a571.....be656 | safe: 8a571.....be656 | finalized: 8a571.....be656
[m[2m2026-09-14 23:24:12.188+0200[m[2m | [m[2mEthScheduler-BlockCreation-1-72[m[2m | [m[32mINFO [m[2m | [m[2mPostMergeContext[m[2m | [m[32mNew proposal for payloadId 0x0094b6767a4eb904 block 72 (0x9cb3aaedf60b94725b55c0f27e1706011290578aa0a618e09b43576f658e50d2) gas used 6174000 transactions 294 reward 6,17 szabo is better than the previous one by 6,17 szabo
[m[2m2026-09-14 23:24:12.692+0200[m[2m | [m[2mEthScheduler-BlockCreation-1-72[m[2m | [m[32mINFO [m[2m | [m[2mPostMergeContext[m[2m | [m[32mNew proposal for payloadId 0x0094b6767a4eb904 block 72 (0x0490e01675460ff0c66cea02cbe3605e4b7feae5190991361b78330c639e5a3c) gas used 10395000 transactions 495 reward 10,40 szabo is better than the previous one by 4,22 szabo
[m[2m2026-09-14 23:24:12.983+0200[m[2m | [m[2mvert.x-worker-thread-13[m[2m | [m[32mINFO [m[2m | [m[2mEngineGetPayloadV2[m[2m | [m[32mProduced #72  (0490e.....e5a3c)|  495 tx | 0 ws | 10.395.000 (34,7%) gas in 0,303s | Timing(started at 2026-09-14T21:24:12.679992Z, duplicateWorldState=0ms, preTxsSelection=0ms, txsSelection=4ms, selectedTxsEvaluation=2ms, blockAssembled=1ms, awaitingRetrieval=298ms) | PayloadId 0x0094b6767a4eb904
[m[2m2026-09-14 23:24:13.003+0200[m[2m | [m[2mengine-ordered-execution-0[m[2m | [m[32mINFO [m[2m | [m[2mEngineNewPayloadV2[m[2m | [m[32mImported #72  (0490e.....e5a3c)|  495 tx|  0 ws| 451,59 kwei bfee|  10.395.000 ( 34,7%) gas used| 16,0ms exec| 651,68 Mgas/s|  0 peers
[m[2m2026-09-14 23:24:13.024+0200[m[2m | [m[2mengine-ordered-execution-0[m[2m | [m[32mINFO [m[2m | [m[2mEngineForkchoiceUpdatedV2[m[2m | [m[32mFCU(VALID) | head: 0490e.....e5a3c | safe: 0490e.....e5a3c | finalized: 0490e.....e5a3c
[m[2m2026-09-14 23:24:13.178+0200[m[2m | [m[2mengine-ordered-execution-0[m[2m | [m[33mWARN [m[2m | [m[2mMergeCoordinator[m[2m | [m[33mNew payloadId 0x0094b675e99ca5fd received so cancelling block creation tasks for the following payloadIds: 0x0094b6767a4eb904
[m[2m2026-09-14 23:24:13.178+0200[m[2m | [m[2mengine-ordered-execution-0[m[2m | [m[32mINFO [m[2m | [m[2mMergeCoordinator[m[2m | [m[32mStart building proposals for block 73 identified by 0x0094b675e99ca5fd
[m[2m2026-09-14 23:24:13.179+0200[m[2m | [m[2mengine-ordered-execution-0[m[2m | [m[32mINFO [m[2m | [m[2mEngineForkchoiceUpdatedV2[m[2m | [m[32mFCU(VALID) | head: 0490e.....e5a3c | safe: 0490e.....e5a3c | finalized: 0490e.....e5a3c
[m[2m2026-09-14 23:24:13.186+0200[m[2m | [m[2mEthScheduler-BlockCreation-0-73[m[2m | [m[32mINFO [m[2m | [m[2mPostMergeContext[m[2m | [m[32mNew proposal for payloadId 0x0094b675e99ca5fd block 73 (0x8f024eedeabeada27cfcfd7423e1090db00c45ac986f3c9351a9431da20067a0) gas used 5859000 transactions 279 reward 5,86 szabo is better than the previous one by 5,86 szabo
[m[2m2026-09-14 23:24:13.693+0200[m[2m | [m[2mEthScheduler-BlockCreation-0-73[m[2m | [m[32mINFO [m[2m | [m[2mPostMergeContext[m[2m | [m[32mNew proposal for payloadId 0x0094b675e99ca5fd block 73 (0xc5dec7ada5ff734094b5b04a14beee0beead8dc40aa8131f3390948abc103dad) gas used 10899000 transactions 519 reward 10,90 szabo is better than the previous one by 5,04 szabo
[m[2m2026-09-14 23:24:13.981+0200[m[2m | [m[2mvert.x-worker-thread-17[m[2m | [m[32mINFO [m[2m | [m[2mEngineGetPayloadV2[m[2m | [m[32mProduced #73  (c5dec.....03dad)|  519 tx | 0 ws | 10.899.000 (36,3%) gas in 0,301s | Timing(started at 2026-09-14T21:24:13.679800Z, duplicateWorldState=0ms, preTxsSelection=0ms, txsSelection=4ms, selectedTxsEvaluation=2ms, blockAssembled=1ms, awaitingRetrieval=295ms) | PayloadId 0x0094b675e99ca5fd
[m[2m2026-09-14 23:24:13.994+0200[m[2m | [m[2mengine-ordered-execution-0[m[2m | [m[32mINFO [m[2m | [m[2mEngineNewPayloadV2[m[2m | [m[32mImported #73  (c5dec.....03dad)|  519 tx|  0 ws| 434,26 kwei bfee|  10.899.000 ( 36,3%) gas used| 6,6ms exec| 1657,55 Mgas/s|  0 peers
[m[2m2026-09-14 23:24:13.999+0200[m[2m | [m[2mengine-ordered-execution-0[m[2m | [m[32mINFO [m[2m | [m[2mEngineForkchoiceUpdatedV2[m[2m | [m[32mFCU(VALID) | head: c5dec.....03dad | safe: c5dec.....03dad | finalized: c5dec.....03dad
[m[2m2026-09-14 23:24:14.184+0200[m[2m | [m[2mengine-ordered-execution-0[m[2m | [m[32mINFO [m[2m | [m[2mMergeCoordinator[m[2m | [m[32mStart building proposals for block 74 identified by 0x0094b66bca2045fe
[m[2m2026-09-14 23:24:14.184+0200[m[2m | [m[2mengine-ordered-execution-0[m[2m | [m[32mINFO [m[2m | [m[2mEngineForkchoiceUpdatedV2[m[2m | [m[32mFCU(VALID) | head: c5dec.....03dad | safe: c5dec.....03dad | finalized: c5dec.....03dad
[m[2m2026-09-14 23:24:14.191+0200[m[2m | [m[2mEthScheduler-BlockCreation-0-74[m[2m | [m[32mINFO [m[2m | [m[2mPostMergeContext[m[2m | [m[32mNew proposal for payloadId 0x0094b66bca2045fe block 74 (0x67145f979b554fb9a39468a85a759bbc290011ee770c8ff2e7725f8464cf90fe) gas used 5040000 transactions 240 reward 5,04 szabo is better than the previous one by 5,04 szabo
[m[2m2026-09-14 23:24:14.704+0200[m[2m | [m[2mEthScheduler-BlockCreation-0-74[m[2m | [m[32mINFO [m[2m | [m[2mPostMergeContext[m[2m | [m[32mNew proposal for payloadId 0x0094b66bca2045fe block 74 (0x8a4e993c59bce58efdd6f9377a0d6abd190229d0503d4c178f8959db6a0ba233) gas used 10563000 transactions 503 reward 10,56 szabo is better than the previous one by 5,52 szabo
[m[2m2026-09-14 23:24:14.987+0200[m[2m | [m[2mvert.x-worker-thread-16[m[2m | [m[32mINFO [m[2m | [m[2mEngineGetPayloadV2[m[2m | [m[32mProduced #74  (8a4e9.....ba233)|  503 tx | 0 ws | 10.563.000 (35,2%) gas in 0,302s | Timing(started at 2026-09-14T21:24:14.685299Z, duplicateWorldState=0ms, preTxsSelection=0ms, txsSelection=5ms, selectedTxsEvaluation=2ms, blockAssembled=2ms, awaitingRetrieval=294ms) | PayloadId 0x0094b66bca2045fe
[m[2m2026-09-14 23:24:14.998+0200[m[2m | [m[2mengine-ordered-execution-0[m[2m | [m[32mINFO [m[2m | [m[2mEngineNewPayloadV2[m[2m | [m[32mImported #74  (8a4e9.....ba233)|  503 tx|  0 ws| 419,42 kwei bfee|  10.563.000 ( 35,2%) gas used| 7,2ms exec| 1465,62 Mgas/s|  0 peers
[m[2m2026-09-14 23:24:15.003+0200[m[2m | [m[2mengine-ordered-execution-0[m[2m | [m[32mINFO [m[2m | [m[2mEngineForkchoiceUpdatedV2[m[2m | [m[32mFCU(VALID) | head: 8a4e9.....ba233 | safe: 8a4e9.....ba233 | finalized: 8a4e9.....ba233
[m[2m2026-09-14 23:24:15.185+0200[m[2m | [m[2mengine-ordered-execution-0[m[2m | [m[33mWARN [m[2m | [m[2mMergeCoordinator[m[2m | [m[33mNew payloadId 0x0094b6559ecd9d01 received so cancelling block creation tasks for the following payloadIds: 0x0094b66bca2045fe
[m[2m2026-09-14 23:24:15.185+0200[m[2m | [m[2mengine-ordered-execution-0[m[2m | [m[32mINFO [m[2m | [m[2mMergeCoordinator[m[2m | [m[32mStart building proposals for block 75 identified by 0x0094b6559ecd9d01
[m[2m2026-09-14 23:24:15.185+0200[m[2m | [m[2mengine-ordered-execution-0[m[2m | [m[32mINFO [m[2m | [m[2mEngineForkchoiceUpdatedV2[m[2m | [m[32mFCU(VALID) | head: 8a4e9.....ba233 | safe: 8a4e9.....ba233 | finalized: 8a4e9.....ba233
[m[2m2026-09-14 23:24:15.192+0200[m[2m | [m[2mEthScheduler-BlockCreation-2-75[m[2m | [m[32mINFO [m[2m | [m[2mPostMergeContext[m[2m | [m[32mNew proposal for payloadId 0x0094b6559ecd9d01 block 75 (0xe4d324548cb9405836736848a688198237ba9fac9cd0f79db0d92059d0ef7654) gas used 5817000 transactions 277 reward 5,82 szabo is better than the previous one by 5,82 szabo
[m[2m2026-09-14 23:24:15.703+0200[m[2m | [m[2mEthScheduler-BlockCreation-2-75[m[2m | [m[32mINFO [m[2m | [m[2mPostMergeContext[m[2m | [m[32mNew proposal for payloadId 0x0094b6559ecd9d01 block 75 (0x1bec3fa5a4bee0df49d0d71b3bbb3d7e0bdbbb5e5db563f02893be47875bf911) gas used 10857000 transactions 517 reward 10,86 szabo is better than the previous one by 5,04 szabo
[m[2m2026-09-14 23:24:15.995+0200[m[2m | [m[2mvert.x-worker-thread-3[m[2m | [m[32mINFO [m[2m | [m[2mEngineGetPayloadV2[m[2m | [m[32mProduced #75  (1bec3.....bf911)|  517 tx | 0 ws | 10.857.000 (36,2%) gas in 0,305s | Timing(started at 2026-09-14T21:24:15.689152Z, duplicateWorldState=0ms, preTxsSelection=0ms, txsSelection=4ms, selectedTxsEvaluation=2ms, blockAssembled=1ms, awaitingRetrieval=299ms) | PayloadId 0x0094b6559ecd9d01
[m[2m2026-09-14 23:24:16.012+0200[m[2m | [m[2mengine-ordered-execution-0[m[2m | [m[32mINFO [m[2m | [m[2mEngineNewPayloadV2[m[2m | [m[32mImported #75  (1bec3.....bf911)|  517 tx|  0 ws| 403,92 kwei bfee|  10.857.000 ( 36,2%) gas used| 11,0ms exec| 989,01 Mgas/s|  0 peers
[m[2m2026-09-14 23:24:16.029+0200[m[2m | [m[2mengine-ordered-execution-0[m[2m | [m[32mINFO [m[2m | [m[2mEngineForkchoiceUpdatedV2[m[2m | [m[32mFCU(VALID) | head: 1bec3.....bf911 | safe: 1bec3.....bf911 | finalized: 1bec3.....bf911
[m[2m2026-09-14 23:24:16.189+0200[m[2m | [m[2mengine-ordered-execution-0[m[2m | [m[33mWARN [m[2m | [m[2mMergeCoordinator[m[2m | [m[33mNew payloadId 0x0094b633ee1e0d00 received so cancelling block creation tasks for the following payloadIds: 0x0094b6559ecd9d01
[m[2m2026-09-14 23:24:16.190+0200[m[2m | [m[2mengine-ordered-execution-0[m[2m | [m[32mINFO [m[2m | [m[2mMergeCoordinator[m[2m | [m[32mStart building proposals for block 76 identified by 0x0094b633ee1e0d00
[m[2m2026-09-14 23:24:16.190+0200[m[2m | [m[2mengine-ordered-execution-0[m[2m | [m[32mINFO [m[2m | [m[2mEngineForkchoiceUpdatedV2[m[2m | [m[32mFCU(VALID) | head: 1bec3.....bf911 | safe: 1bec3.....bf911 | finalized: 1bec3.....bf911
[m[2m2026-09-14 23:24:16.196+0200[m[2m | [m[2mEthScheduler-BlockCreation-0-76[m[2m | [m[32mINFO [m[2m | [m[2mPostMergeContext[m[2m | [m[32mNew proposal for payloadId 0x0094b633ee1e0d00 block 76 (0x655e67e8aa99e9ba5c75b77cc39b6b3f816bb36bf6b74f5db13e2e4a5ceca159) gas used 5040000 transactions 240 reward 5,04 szabo is better than the previous one by 5,04 szabo
[m[2m2026-09-14 23:24:16.707+0200[m[2m | [m[2mEthScheduler-BlockCreation-0-76[m[2m | [m[32mINFO [m[2m | [m[2mPostMergeContext[m[2m | [m[32mNew proposal for payloadId 0x0094b633ee1e0d00 block 76 (0xc3488e03ca206088f76039f22f2fe31f8724bb2d74141ae6baba91a403a97f66) gas used 10080000 transactions 480 reward 10,08 szabo is better than the previous one by 5,04 szabo
[m[2m2026-09-14 23:24:16.994+0200[m[2m | [m[2mvert.x-worker-thread-3[m[2m | [m[32mINFO [m[2m | [m[2mEngineGetPayloadV2[m[2m | [m[32mProduced #76  (c3488.....97f66)|  480 tx | 0 ws | 10.080.000 (33,6%) gas in 0,298s | Timing(started at 2026-09-14T21:24:16.695406Z, duplicateWorldState=0ms, preTxsSelection=0ms, txsSelection=3ms, selectedTxsEvaluation=2ms, blockAssembled=1ms, awaitingRetrieval=293ms) | PayloadId 0x0094b633ee1e0d00
[m[2m2026-09-14 23:24:17.004+0200[m[2m | [m[2mengine-ordered-execution-0[m[2m | [m[32mINFO [m[2m | [m[2mEngineNewPayloadV2[m[2m | [m[32mImported #76  (c3488.....97f66)|  480 tx|  0 ws| 389,97 kwei bfee|  10.080.000 ( 33,6%) gas used| 6,8ms exec| 1490,80 Mgas/s|  0 peers
[m[2m2026-09-14 23:24:17.009+0200[m[2m | [m[2mengine-ordered-execution-0[m[2m | [m[32mINFO [m[2m | [m[2mEngineForkchoiceUpdatedV2[m[2m | [m[32mFCU(VALID) | head: c3488.....97f66 | safe: c3488.....97f66 | finalized: c3488.....97f66
[m[2m2026-09-14 23:24:17.194+0200[m[2m | [m[2mengine-ordered-execution-0[m[2m | [m[33mWARN [m[2m | [m[2mMergeCoordinator[m[2m | [m[33mNew payloadId 0x0094b62f178d1401 received so cancelling block creation tasks for the following payloadIds: 0x0094b633ee1e0d00
[m[2m2026-09-14 23:24:17.195+0200[m[2m | [m[2mengine-ordered-execution-0[m[2m | [m[32mINFO [m[2m | [m[2mMergeCoordinator[m[2m | [m[32mStart building proposals for block 77 identified by 0x0094b62f178d1401
[m[2m2026-09-14 23:24:17.195+0200[m[2m | [m[2mengine-ordered-execution-0[m[2m | [m[32mINFO [m[2m | [m[2mEngineForkchoiceUpdatedV2[m[2m | [m[32mFCU(VALID) | head: c3488.....97f66 | safe: c3488.....97f66 | finalized: c3488.....97f66
[m[2m2026-09-14 23:24:17.204+0200[m[2m | [m[2mEthScheduler-BlockCreation-2-77[m[2m | [m[32mINFO [m[2m | [m[2mPostMergeContext[m[2m | [m[32mNew proposal for payloadId 0x0094b62f178d1401 block 77 (0x167cff5ae286e643daf20cb9ccb43fd699648ff6b8dd52472fb423b37f61b3ba) gas used 5040000 transactions 240 reward 5,04 szabo is better than the previous one by 5,04 szabo
[m[2m2026-09-14 23:24:17.715+0200[m[2m | [m[2mEthScheduler-BlockCreation-2-77[m[2m | [m[32mINFO [m[2m | [m[2mPostMergeContext[m[2m | [m[32mNew proposal for payloadId 0x0094b62f178d1401 block 77 (0x7431aeb5c7feca6aa7420ee107a90ba9f10fc1783146099ce5f84506b7d07a47) gas used 11340000 transactions 540 reward 11,34 szabo is better than the previous one by 6,30 szabo
[m[2m2026-09-14 23:24:17.998+0200[m[2m | [m[2mvert.x-worker-thread-2[m[2m | [m[32mINFO [m[2m | [m[2mEngineGetPayloadV2[m[2m | [m[32mProduced #77  (7431a.....07a47)|  540 tx | 0 ws | 11.340.000 (37,8%) gas in 0,298s | Timing(started at 2026-09-14T21:24:17.700346Z, duplicateWorldState=0ms, preTxsSelection=0ms, txsSelection=4ms, selectedTxsEvaluation=2ms, blockAssembled=1ms, awaitingRetrieval=292ms) | PayloadId 0x0094b62f178d1401
[m[2m2026-09-14 23:24:18.009+0200[m[2m | [m[2mengine-ordered-execution-0[m[2m | [m[32mINFO [m[2m | [m[2mEngineNewPayloadV2[m[2m | [m[32mImported #77  (7431a.....07a47)|  540 tx|  0 ws| 373,98 kwei bfee|  11.340.000 ( 37,8%) gas used| 7,1ms exec| 1586,64 Mgas/s|  0 peers
[m[2m2026-09-14 23:24:18.015+0200[m[2m | [m[2mengine-ordered-execution-0[m[2m | [m[32mINFO [m[2m | [m[2mEngineForkchoiceUpdatedV2[m[2m | [m[32mFCU(VALID) | head: 7431a.....07a47 | safe: 7431a.....07a47 | finalized: 7431a.....07a47
[m[2m2026-09-14 23:24:18.196+0200[m[2m | [m[2mengine-ordered-execution-0[m[2m | [m[33mWARN [m[2m | [m[2mMergeCoordinator[m[2m | [m[33mNew payloadId 0x0094b65ff6904702 received so cancelling block creation tasks for the following payloadIds: 0x0094b62f178d1401
[m[2m2026-09-14 23:24:18.197+0200[m[2m | [m[2mengine-ordered-execution-0[m[2m | [m[32mINFO [m[2m | [m[2mMergeCoordinator[m[2m | [m[32mStart building proposals for block 78 identified by 0x0094b65ff6904702
[m[2m2026-09-14 23:24:18.197+0200[m[2m | [m[2mengine-ordered-execution-0[m[2m | [m[32mINFO [m[2m | [m[2mEngineForkchoiceUpdatedV2[m[2m | [m[32mFCU(VALID) | head: 7431a.....07a47 | safe: 7431a.....07a47 | finalized: 7431a.....07a47
[m[2m2026-09-14 23:24:18.205+0200[m[2m | [m[2mEthScheduler-BlockCreation-0-78[m[2m | [m[32mINFO [m[2m | [m[2mPostMergeContext[m[2m | [m[32mNew proposal for payloadId 0x0094b65ff6904702 block 78 (0xa532016492d4fd07b82afc59a09a23f834593a42f81a426cc05688c98f821c3c) gas used 5040000 transactions 240 reward 5,04 szabo is better than the previous one by 5,04 szabo
[m[2m2026-09-14 23:24:18.717+0200[m[2m | [m[2mEthScheduler-BlockCreation-0-78[m[2m | [m[32mINFO [m[2m | [m[2mPostMergeContext[m[2m | [m[32mNew proposal for payloadId 0x0094b65ff6904702 block 78 (0xc62ff63af4e66882a5173739347d8a92f597d63d67a7ad6757ea99da6199b9c3) gas used 10080000 transactions 480 reward 10,08 szabo is better than the previous one by 5,04 szabo
[m[2m2026-09-14 23:24:18.998+0200[m[2m | [m[2mvert.x-worker-thread-13[m[2m | [m[32mINFO [m[2m | [m[2mEngineGetPayloadV2[m[2m | [m[32mProduced #78  (c62ff.....9b9c3)|  480 tx | 0 ws | 10.080.000 (33,6%) gas in 0,296s | Timing(started at 2026-09-14T21:24:18.701963Z, duplicateWorldState=0ms, preTxsSelection=0ms, txsSelection=5ms, selectedTxsEvaluation=2ms, blockAssembled=1ms, awaitingRetrieval=289ms) | PayloadId 0x0094b65ff6904702
[m[2m2026-09-14 23:24:19.033+0200[m[2m | [m[2mengine-ordered-execution-0[m[2m | [m[32mINFO [m[2m | [m[2mEngineNewPayloadV2[m[2m | [m[32mImported #78  (c62ff.....9b9c3)|  480 tx|  0 ws| 362,58 kwei bfee|  10.080.000 ( 33,6%) gas used| 25,3ms exec| 399,18 Mgas/s|  0 peers
[m[2m2026-09-14 23:24:19.052+0200[m[2m | [m[2mengine-ordered-execution-0[m[2m | [m[32mINFO [m[2m | [m[2mEngineForkchoiceUpdatedV2[m[2m | [m[32mFCU(VALID) | head: c62ff.....9b9c3 | safe: c62ff.....9b9c3 | finalized: c62ff.....9b9c3
[m[2m2026-09-14 23:24:19.198+0200[m[2m | [m[2mengine-ordered-execution-0[m[2m | [m[33mWARN [m[2m | [m[2mMergeCoordinator[m[2m | [m[33mNew payloadId 0x0094b623734da1fd received so cancelling block creation tasks for the following payloadIds: 0x0094b65ff6904702
[m[2m2026-09-14 23:24:19.199+0200[m[2m | [m[2mengine-ordered-execution-0[m[2m | [m[32mINFO [m[2m | [m[2mMergeCoordinator[m[2m | [m[32mStart building proposals for block 79 identified by 0x0094b623734da1fd
[m[2m2026-09-14 23:24:19.199+0200[m[2m | [m[2mengine-ordered-execution-0[m[2m | [m[32mINFO [m[2m | [m[2mEngineForkchoiceUpdatedV2[m[2m | [m[32mFCU(VALID) | head: c62ff.....9b9c3 | safe: c62ff.....9b9c3 | finalized: c62ff.....9b9c3
[m[2m2026-09-14 23:24:19.206+0200[m[2m | [m[2mEthScheduler-BlockCreation-2-79[m[2m | [m[32mINFO [m[2m | [m[2mPostMergeContext[m[2m | [m[32mNew proposal for payloadId 0x0094b623734da1fd block 79 (0x9f825523c6e432a81c7e932357ed6f88e231a63beec736de8c3b259fc3420c60) gas used 5040000 transactions 240 reward 5,04 szabo is better than the previous one by 5,04 szabo
[m[2m2026-09-14 23:24:19.716+0200[m[2m | [m[2mEthScheduler-BlockCreation-2-79[m[2m | [m[32mINFO [m[2m | [m[2mPostMergeContext[m[2m | [m[32mNew proposal for payloadId 0x0094b623734da1fd block 79 (0xdc5265bb70449db58f0a6d6b27ada4f35992c8552bd97796346781a588c96148) gas used 10080000 transactions 480 reward 10,08 szabo is better than the previous one by 5,04 szabo
[m[2m2026-09-14 23:24:20.001+0200[m[2m | [m[2mvert.x-worker-thread-0[m[2m | [m[32mINFO [m[2m | [m[2mEngineGetPayloadV2[m[2m | [m[32mProduced #79  (dc526.....96148)|  480 tx | 0 ws | 10.080.000 (33,6%) gas in 0,300s | Timing(started at 2026-09-14T21:24:19.701137Z, duplicateWorldState=0ms, preTxsSelection=0ms, txsSelection=5ms, selectedTxsEvaluation=2ms, blockAssembled=1ms, awaitingRetrieval=293ms) | PayloadId 0x0094b623734da1fd
[m[2m2026-09-14 23:24:20.014+0200[m[2m | [m[2mengine-ordered-execution-0[m[2m | [m[32mINFO [m[2m | [m[2mEngineNewPayloadV2[m[2m | [m[32mImported #79  (dc526.....96148)|  480 tx|  0 ws| 347,71 kwei bfee|  10.080.000 ( 33,6%) gas used| 9,6ms exec| 1046,12 Mgas/s|  0 peers
[m[2m2026-09-14 23:24:20.020+0200[m[2m | [m[2mengine-ordered-execution-0[m[2m | [m[32mINFO [m[2m | [m[2mEngineForkchoiceUpdatedV2[m[2m | [m[32mFCU(VALID) | head: dc526.....96148 | safe: dc526.....96148 | finalized: dc526.....96148
[m[2m2026-09-14 23:24:20.209+0200[m[2m | [m[2mengine-ordered-execution-0[m[2m | [m[32mINFO [m[2m | [m[2mMergeCoordinator[m[2m | [m[32mStart building proposals for block 80 identified by 0x0094b61101a6c0fc
[m[2m2026-09-14 23:24:20.210+0200[m[2m | [m[2mengine-ordered-execution-0[m[2m | [m[32mINFO [m[2m | [m[2mEngineForkchoiceUpdatedV2[m[2m | [m[32mFCU(VALID) | head: dc526.....96148 | safe: dc526.....96148 | finalized: dc526.....96148
[m[2m2026-09-14 23:24:20.225+0200[m[2m | [m[2mEthScheduler-BlockCreation-2-80[m[2m | [m[32mINFO [m[2m | [m[2mPostMergeContext[m[2m | [m[32mNew proposal for payloadId 0x0094b61101a6c0fc block 80 (0xa5cdf5f387381e844ce4120fa316b3c7a4389b9923c7eac6900a311041324602) gas used 5691000 transactions 271 reward 5,69 szabo is better than the previous one by 5,69 szabo
[m[2m2026-09-14 23:24:20.727+0200[m[2m | [m[2mEthScheduler-BlockCreation-2-80[m[2m | [m[32mINFO [m[2m | [m[2mPostMergeContext[m[2m | [m[32mNew proposal for payloadId 0x0094b61101a6c0fc block 80 (0x03475ede9c62230657799994aa00f44b9b4f128abf1d7171bdcc8aa9e3bfdb45) gas used 11340000 transactions 540 reward 11,34 szabo is better than the previous one by 5,65 szabo
[m[2m2026-09-14 23:24:21.017+0200[m[2m | [m[2mvert.x-worker-thread-0[m[2m | [m[32mINFO [m[2m | [m[2mEngineGetPayloadV2[m[2m | [m[32mProduced #80  (03475.....fdb45)|  540 tx | 0 ws | 11.340.000 (37,8%) gas in 0,305s | Timing(started at 2026-09-14T21:24:20.711702Z, duplicateWorldState=0ms, preTxsSelection=0ms, txsSelection=5ms, selectedTxsEvaluation=2ms, blockAssembled=1ms, awaitingRetrieval=297ms) | PayloadId 0x0094b61101a6c0fc
[m[2m2026-09-14 23:24:21.031+0200[m[2m | [m[2mengine-ordered-execution-0[m[2m | [m[32mINFO [m[2m | [m[2mEngineNewPayloadV2[m[2m | [m[32mImported #80  (03475.....fdb45)|  540 tx|  0 ws| 333,46 kwei bfee|  11.340.000 ( 37,8%) gas used| 10,5ms exec| 1080,34 Mgas/s|  0 peers
[m[2m2026-09-14 23:24:21.038+0200[m[2m | [m[2mengine-ordered-execution-0[m[2m | [m[32mINFO [m[2m | [m[2mEngineForkchoiceUpdatedV2[m[2m | [m[32mFCU(VALID) | head: 03475.....fdb45 | safe: 03475.....fdb45 | finalized: 03475.....fdb45
[m[2m2026-09-14 23:24:21.203+0200[m[2m | [m[2mengine-ordered-execution-0[m[2m | [m[33mWARN [m[2m | [m[2mMergeCoordinator[m[2m | [m[33mNew payloadId 0x0094b64acda89005 received so cancelling block creation tasks for the following payloadIds: 0x0094b61101a6c0fc
[m[2m2026-09-14 23:24:21.204+0200[m[2m | [m[2mengine-ordered-execution-0[m[2m | [m[32mINFO [m[2m | [m[2mMergeCoordinator[m[2m | [m[32mStart building proposals for block 81 identified by 0x0094b64acda89005
[m[2m2026-09-14 23:24:21.204+0200[m[2m | [m[2mengine-ordered-execution-0[m[2m | [m[32mINFO [m[2m | [m[2mEngineForkchoiceUpdatedV2[m[2m | [m[32mFCU(VALID) | head: 03475.....fdb45 | safe: 03475.....fdb45 | finalized: 03475.....fdb45
[m[2m2026-09-14 23:24:21.212+0200[m[2m | [m[2mEthScheduler-BlockCreation-1-81[m[2m | [m[32mINFO [m[2m | [m[2mPostMergeContext[m[2m | [m[32mNew proposal for payloadId 0x0094b64acda89005 block 81 (0x7ac5ae500ea13f50bd5674afd91e3105d3ed18ddf18804784ed064fdba67f9d7) gas used 5040000 transactions 240 reward 5,04 szabo is better than the previous one by 5,04 szabo
[m[2m2026-09-14 23:24:21.725+0200[m[2m | [m[2mEthScheduler-BlockCreation-1-81[m[2m | [m[32mINFO [m[2m | [m[2mPostMergeContext[m[2m | [m[32mNew proposal for payloadId 0x0094b64acda89005 block 81 (0xe073c6bda646079b0a30014f44b9abb4b60ed139e95fb18e427ff5e75ff973c9) gas used 10080000 transactions 480 reward 10,08 szabo is better than the previous one by 5,04 szabo
[m[2m2026-09-14 23:24:22.007+0200[m[2m | [m[2mvert.x-worker-thread-4[m[2m | [m[32mINFO [m[2m | [m[2mEngineGetPayloadV2[m[2m | [m[32mProduced #81  (e073c.....973c9)|  480 tx | 0 ws | 10.080.000 (33,6%) gas in 0,299s | Timing(started at 2026-09-14T21:24:21.708791Z, duplicateWorldState=0ms, preTxsSelection=0ms, txsSelection=4ms, selectedTxsEvaluation=2ms, blockAssembled=1ms, awaitingRetrieval=292ms) | PayloadId 0x0094b64acda89005
[m[2m2026-09-14 23:24:22.022+0200[m[2m | [m[2mengine-ordered-execution-0[m[2m | [m[32mINFO [m[2m | [m[2mEngineNewPayloadV2[m[2m | [m[32mImported #81  (e073c.....973c9)|  480 tx|  0 ws| 323,29 kwei bfee|  10.080.000 ( 33,6%) gas used| 10,4ms exec| 973,06 Mgas/s|  0 peers
[m[2m2026-09-14 23:24:22.028+0200[m[2m | [m[2mengine-ordered-execution-0[m[2m | [m[32mINFO [m[2m | [m[2mEngineForkchoiceUpdatedV2[m[2m | [m[32mFCU(VALID) | head: e073c.....973c9 | safe: e073c.....973c9 | finalized: e073c.....973c9
[m[2m2026-09-14 23:24:22.207+0200[m[2m | [m[2mengine-ordered-execution-0[m[2m | [m[33mWARN [m[2m | [m[2mMergeCoordinator[m[2m | [m[33mNew payloadId 0x0094b61be7e2e506 received so cancelling block creation tasks for the following payloadIds: 0x0094b64acda89005
[m[2m2026-09-14 23:24:22.208+0200[m[2m | [m[2mengine-ordered-execution-0[m[2m | [m[32mINFO [m[2m | [m[2mMergeCoordinator[m[2m | [m[32mStart building proposals for block 82 identified by 0x0094b61be7e2e506
[m[2m2026-09-14 23:24:22.208+0200[m[2m | [m[2mengine-ordered-execution-0[m[2m | [m[32mINFO [m[2m | [m[2mEngineForkchoiceUpdatedV2[m[2m | [m[32mFCU(VALID) | head: e073c.....973c9 | safe: e073c.....973c9 | finalized: e073c.....973c9
[m[2m2026-09-14 23:24:22.215+0200[m[2m | [m[2mEthScheduler-BlockCreation-2-82[m[2m | [m[32mINFO [m[2m | [m[2mPostMergeContext[m[2m | [m[32mNew proposal for payloadId 0x0094b61be7e2e506 block 82 (0xf5f629fa02de700615ac7573905fb786cecde0e70953da79489714bcbc0601e8) gas used 5040000 transactions 240 reward 5,04 szabo is better than the previous one by 5,04 szabo
[m[2m2026-09-14 23:24:22.741+0200[m[2m | [m[2mEthScheduler-BlockCreation-2-82[m[2m | [m[32mINFO [m[2m | [m[2mPostMergeContext[m[2m | [m[32mNew proposal for payloadId 0x0094b61be7e2e506 block 82 (0x3bcd8fb0091c38a3a334d28d20d3ae09bc59ae07a830c50257b68601e8d720df) gas used 10080000 transactions 480 reward 10,08 szabo is better than the previous one by 5,04 szabo
[m[2m2026-09-14 23:24:23.012+0200[m[2m | [m[2mvert.x-worker-thread-0[m[2m | [m[32mINFO [m[2m | [m[2mEngineGetPayloadV2[m[2m | [m[32mProduced #82  (3bcd8.....720df)|  480 tx | 0 ws | 10.080.000 (33,6%) gas in 0,299s | Timing(started at 2026-09-14T21:24:22.712834Z, duplicateWorldState=0ms, preTxsSelection=0ms, txsSelection=6ms, selectedTxsEvaluation=3ms, blockAssembled=2ms, awaitingRetrieval=289ms) | PayloadId 0x0094b61be7e2e506
[m[2m2026-09-14 23:24:23.024+0200[m[2m | [m[2mengine-ordered-execution-0[m[2m | [m[32mINFO [m[2m | [m[2mEngineNewPayloadV2[m[2m | [m[32mImported #82  (3bcd8.....720df)|  480 tx|  0 ws| 310,03 kwei bfee|  10.080.000 ( 33,6%) gas used| 6,8ms exec| 1490,49 Mgas/s|  0 peers
[m[2m2026-09-14 23:24:23.030+0200[m[2m | [m[2mengine-ordered-execution-0[m[2m | [m[32mINFO [m[2m | [m[2mEngineForkchoiceUpdatedV2[m[2m | [m[32mFCU(VALID) | head: 3bcd8.....720df | safe: 3bcd8.....720df | finalized: 3bcd8.....720df
[m[2m2026-09-14 23:24:23.229+0200[m[2m | [m[2mengine-ordered-execution-0[m[2m | [m[32mINFO [m[2m | [m[2mMergeCoordinator[m[2m | [m[32mStart building proposals for block 83 identified by 0x0094b67aec0ce907
[m[2m2026-09-14 23:24:23.229+0200[m[2m | [m[2mengine-ordered-execution-0[m[2m | [m[32mINFO [m[2m | [m[2mEngineForkchoiceUpdatedV2[m[2m | [m[32mFCU(VALID) | head: 3bcd8.....720df | safe: 3bcd8.....720df | finalized: 3bcd8.....720df
[m[2m2026-09-14 23:24:23.242+0200[m[2m | [m[2mEthScheduler-BlockCreation-2-83[m[2m | [m[32mINFO [m[2m | [m[2mPostMergeContext[m[2m | [m[32mNew proposal for payloadId 0x0094b67aec0ce907 block 83 (0xa554a68e29a1411e25b93b965c32534cd3124e7e3339f367fa230468032efc51) gas used 6153000 transactions 293 reward 6,15 szabo is better than the previous one by 6,15 szabo
[m[2m2026-09-14 23:24:23.747+0200[m[2m | [m[2mEthScheduler-BlockCreation-2-83[m[2m | [m[32mINFO [m[2m | [m[2mPostMergeContext[m[2m | [m[32mNew proposal for payloadId 0x0094b67aec0ce907 block 83 (0xfb01f9f10ef6ffaa0e6a878c3eba4d7e365cd35d6773b5ac9a7552556a0738ee) gas used 10710000 transactions 510 reward 10,71 szabo is better than the previous one by 4,56 szabo
[m[2m2026-09-14 23:24:24.034+0200[m[2m | [m[2mvert.x-worker-thread-6[m[2m | [m[32mINFO [m[2m | [m[2mEngineGetPayloadV2[m[2m | [m[32mProduced #83  (fb01f.....738ee)|  510 tx | 0 ws | 10.710.000 (35,7%) gas in 0,301s | Timing(started at 2026-09-14T21:24:23.732905Z, duplicateWorldState=0ms, preTxsSelection=0ms, txsSelection=4ms, selectedTxsEvaluation=2ms, blockAssembled=2ms, awaitingRetrieval=294ms) | PayloadId 0x0094b67aec0ce907
[m[2m2026-09-14 23:24:24.072+0200[m[2m | [m[2mengine-ordered-execution-0[m[2m | [m[32mINFO [m[2m | [m[2mEngineNewPayloadV2[m[2m | [m[32mImported #83  (fb01f.....738ee)|  510 tx|  0 ws| 297,32 kwei bfee|  10.710.000 ( 35,7%) gas used| 32,9ms exec| 325,82 Mgas/s|  0 peers
[m[2m2026-09-14 23:24:24.097+0200[m[2m | [m[2mengine-ordered-execution-0[m[2m | [m[32mINFO [m[2m | [m[2mEngineForkchoiceUpdatedV2[m[2m | [m[32mFCU(VALID) | head: fb01f.....738ee | safe: fb01f.....738ee | finalized: fb01f.....738ee
[m[2m2026-09-14 23:24:24.209+0200[m[2m | [m[2mengine-ordered-execution-0[m[2m | [m[33mWARN [m[2m | [m[2mMergeCoordinator[m[2m | [m[33mNew payloadId 0x0094b6784f43e208 received so cancelling block creation tasks for the following payloadIds: 0x0094b67aec0ce907
[m[2m2026-09-14 23:24:24.210+0200[m[2m | [m[2mengine-ordered-execution-0[m[2m | [m[32mINFO [m[2m | [m[2mMergeCoordinator[m[2m | [m[32mStart building proposals for block 84 identified by 0x0094b6784f43e208
[m[2m2026-09-14 23:24:24.210+0200[m[2m | [m[2mengine-ordered-execution-0[m[2m | [m[32mINFO [m[2m | [m[2mEngineForkchoiceUpdatedV2[m[2m | [m[32mFCU(VALID) | head: fb01f.....738ee | safe: fb01f.....738ee | finalized: fb01f.....738ee
[m[2m2026-09-14 23:24:24.217+0200[m[2m | [m[2mEthScheduler-BlockCreation-0-84[m[2m | [m[32mINFO [m[2m | [m[2mPostMergeContext[m[2m | [m[32mNew proposal for payloadId 0x0094b6784f43e208 block 84 (0xd50b0117b28a685f83503c514f0b8d6c1842d44a75da1f2b2dacd2fa05e11500) gas used 5418000 transactions 258 reward 5,42 szabo is better than the previous one by 5,42 szabo
[m[2m2026-09-14 23:24:24.725+0200[m[2m | [m[2mEthScheduler-BlockCreation-0-84[m[2m | [m[32mINFO [m[2m | [m[2mPostMergeContext[m[2m | [m[32mNew proposal for payloadId 0x0094b6784f43e208 block 84 (0x786aa6ceb58b6d8443c83464470fd9958456ff15eb600c8a30a8b5cfca28d98e) gas used 10710000 transactions 510 reward 10,71 szabo is better than the previous one by 5,29 szabo
[m[2m2026-09-14 23:24:25.011+0200[m[2m | [m[2mvert.x-worker-thread-18[m[2m | [m[32mINFO [m[2m | [m[2mEngineGetPayloadV2[m[2m | [m[32mProduced #84  (786aa.....8d98e)|  510 tx | 0 ws | 10.710.000 (35,7%) gas in 0,299s | Timing(started at 2026-09-14T21:24:24.711820Z, duplicateWorldState=0ms, preTxsSelection=0ms, txsSelection=4ms, selectedTxsEvaluation=2ms, blockAssembled=1ms, awaitingRetrieval=293ms) | PayloadId 0x0094b6784f43e208
[m[2m2026-09-14 23:24:25.058+0200[m[2m | [m[2mengine-ordered-execution-0[m[2m | [m[32mINFO [m[2m | [m[2mEngineNewPayloadV2[m[2m | [m[32mImported #84  (786aa.....8d98e)|  510 tx|  0 ws| 286,69 kwei bfee|  10.710.000 ( 35,7%) gas used| 15,2ms exec| 702,81 Mgas/s|  0 peers
[m[2m2026-09-14 23:24:25.073+0200[m[2m | [m[2mengine-ordered-execution-0[m[2m | [m[32mINFO [m[2m | [m[2mEngineForkchoiceUpdatedV2[m[2m | [m[32mFCU(VALID) | head: 786aa.....8d98e | safe: 786aa.....8d98e | finalized: 786aa.....8d98e
[m[2m2026-09-14 23:24:25.214+0200[m[2m | [m[2mengine-ordered-execution-0[m[2m | [m[32mINFO [m[2m | [m[2mMergeCoordinator[m[2m | [m[32mStart building proposals for block 85 identified by 0x0094b6550a9b8709
[m[2m2026-09-14 23:24:25.215+0200[m[2m | [m[2mengine-ordered-execution-0[m[2m | [m[32mINFO [m[2m | [m[2mEngineForkchoiceUpdatedV2[m[2m | [m[32mFCU(VALID) | head: 786aa.....8d98e | safe: 786aa.....8d98e | finalized: 786aa.....8d98e
[m[2m2026-09-14 23:24:25.222+0200[m[2m | [m[2mEthScheduler-BlockCreation-0-85[m[2m | [m[32mINFO [m[2m | [m[2mPostMergeContext[m[2m | [m[32mNew proposal for payloadId 0x0094b6550a9b8709 block 85 (0xdd7829833a0a9ce44a8470b5a5cf33d92d55a679424b97889629ecafe6f65ae2) gas used 4704000 transactions 224 reward 4,70 szabo is better than the previous one by 4,70 szabo
[m[2m2026-09-14 23:24:25.736+0200[m[2m | [m[2mEthScheduler-BlockCreation-0-85[m[2m | [m[32mINFO [m[2m | [m[2mPostMergeContext[m[2m | [m[32mNew proposal for payloadId 0x0094b6550a9b8709 block 85 (0xfc55b66ba3736237b97cf7e4778ccf862f8fae272de2fe6ea1cd5daff1fbd68b) gas used 10206000 transactions 486 reward 10,21 szabo is better than the previous one by 5,50 szabo
[m[2m2026-09-14 23:24:26.021+0200[m[2m | [m[2mvert.x-worker-thread-12[m[2m | [m[32mINFO [m[2m | [m[2mEngineGetPayloadV2[m[2m | [m[32mProduced #85  (fc55b.....bd68b)|  486 tx | 0 ws | 10.206.000 (34,0%) gas in 0,305s | Timing(started at 2026-09-14T21:24:25.715147Z, duplicateWorldState=0ms, preTxsSelection=0ms, txsSelection=6ms, selectedTxsEvaluation=2ms, blockAssembled=2ms, awaitingRetrieval=297ms) | PayloadId 0x0094b6550a9b8709
[m[2m2026-09-14 23:24:26.031+0200[m[2m | [m[2mengine-ordered-execution-0[m[2m | [m[32mINFO [m[2m | [m[2mEngineNewPayloadV2[m[2m | [m[32mImported #85  (fc55b.....bd68b)|  486 tx|  0 ws| 276,44 kwei bfee|  10.206.000 ( 34,0%) gas used| 7,0ms exec| 1457,21 Mgas/s|  0 peers
[m[2m2026-09-14 23:24:26.037+0200[m[2m | [m[2mengine-ordered-execution-0[m[2m | [m[32mINFO [m[2m | [m[2mEngineForkchoiceUpdatedV2[m[2m | [m[32mFCU(VALID) | head: fc55b.....bd68b | safe: fc55b.....bd68b | finalized: fc55b.....bd68b
[m[2m2026-09-14 23:24:26.246+0200[m[2m | [m[2mengine-ordered-execution-0[m[2m | [m[32mINFO [m[2m | [m[2mMergeCoordinator[m[2m | [m[32mStart building proposals for block 86 identified by 0x0094b65a3c89b2f6
[m[2m2026-09-14 23:24:26.246+0200[m[2m | [m[2mengine-ordered-execution-0[m[2m | [m[32mINFO [m[2m | [m[2mEngineForkchoiceUpdatedV2[m[2m | [m[32mFCU(VALID) | head: fc55b.....bd68b | safe: fc55b.....bd68b | finalized: fc55b.....bd68b
[m[2m2026-09-14 23:24:26.257+0200[m[2m | [m[2mEthScheduler-BlockCreation-0-86[m[2m | [m[32mINFO [m[2m | [m[2mPostMergeContext[m[2m | [m[32mNew proposal for payloadId 0x0094b65a3c89b2f6 block 86 (0x926e3b3c316c3c0f6d29674fbac17ed2fa0d88a00dfba10a2607c61724b44a50) gas used 5166000 transactions 246 reward 5,17 szabo is better than the previous one by 5,17 szabo
[m[2m2026-09-14 23:24:26.768+0200[m[2m | [m[2mEthScheduler-BlockCreation-0-86[m[2m | [m[32mINFO [m[2m | [m[2mPostMergeContext[m[2m | [m[32mNew proposal for payloadId 0x0094b65a3c89b2f6 block 86 (0x31a1db8e3360842b95b746b05db51ec089bfb85448a9d1de53b5c716fb70c397) gas used 11214000 transactions 534 reward 11,21 szabo is better than the previous one by 6,05 szabo
[m[2m2026-09-14 23:24:27.056+0200[m[2m | [m[2mvert.x-worker-thread-3[m[2m | [m[32mINFO [m[2m | [m[2mEngineGetPayloadV2[m[2m | [m[32mProduced #86  (31a1d.....0c397)|  534 tx | 0 ws | 11.214.000 (37,4%) gas in 0,305s | Timing(started at 2026-09-14T21:24:26.751329Z, duplicateWorldState=0ms, preTxsSelection=0ms, txsSelection=5ms, selectedTxsEvaluation=2ms, blockAssembled=1ms, awaitingRetrieval=297ms) | PayloadId 0x0094b65a3c89b2f6
[m[2m2026-09-14 23:24:27.074+0200[m[2m | [m[2mengine-ordered-execution-0[m[2m | [m[32mINFO [m[2m | [m[2mEngineNewPayloadV2[m[2m | [m[32mImported #86  (31a1d.....0c397)|  534 tx|  0 ws| 265,40 kwei bfee|  11.214.000 ( 37,4%) gas used| 13,0ms exec| 862,44 Mgas/s|  0 peers
[m[2m2026-09-14 23:24:27.086+0200[m[2m | [m[2mengine-ordered-execution-0[m[2m | [m[32mINFO [m[2m | [m[2mEngineForkchoiceUpdatedV2[m[2m | [m[32mFCU(VALID) | head: 31a1d.....0c397 | safe: 31a1d.....0c397 | finalized: 31a1d.....0c397
[m[2m2026-09-14 23:24:27.220+0200[m[2m | [m[2mengine-ordered-execution-0[m[2m | [m[33mWARN [m[2m | [m[2mMergeCoordinator[m[2m | [m[33mNew payloadId 0x0094b64cead241f5 received so cancelling block creation tasks for the following payloadIds: 0x0094b65a3c89b2f6
[m[2m2026-09-14 23:24:27.221+0200[m[2m | [m[2mengine-ordered-execution-0[m[2m | [m[32mINFO [m[2m | [m[2mMergeCoordinator[m[2m | [m[32mStart building proposals for block 87 identified by 0x0094b64cead241f5
[m[2m2026-09-14 23:24:27.221+0200[m[2m | [m[2mengine-ordered-execution-0[m[2m | [m[32mINFO [m[2m | [m[2mEngineForkchoiceUpdatedV2[m[2m | [m[32mFCU(VALID) | head: 31a1d.....0c397 | safe: 31a1d.....0c397 | finalized: 31a1d.....0c397
[m[2m2026-09-14 23:24:27.228+0200[m[2m | [m[2mEthScheduler-BlockCreation-2-87[m[2m | [m[32mINFO [m[2m | [m[2mPostMergeContext[m[2m | [m[32mNew proposal for payloadId 0x0094b64cead241f5 block 87 (0x2009eb9d79f59b04222bcbe5a924d59adcc59993df884c3fcf11671328913696) gas used 5040000 transactions 240 reward 5,04 szabo is better than the previous one by 5,04 szabo
[m[2m2026-09-14 23:24:27.741+0200[m[2m | [m[2mEthScheduler-BlockCreation-2-87[m[2m | [m[32mINFO [m[2m | [m[2mPostMergeContext[m[2m | [m[32mNew proposal for payloadId 0x0094b64cead241f5 block 87 (0x648ce2b1228eba41d858980eec9edaf98ed6238c3e6b4e48a39502a20843990d) gas used 9660000 transactions 460 reward 9,66 szabo is better than the previous one by 4,62 szabo
[m[2m2026-09-14 23:24:28.026+0200[m[2m | [m[2mvert.x-worker-thread-0[m[2m | [m[32mINFO [m[2m | [m[2mEngineGetPayloadV2[m[2m | [m[32mProduced #87  (648ce.....3990d)|  460 tx | 0 ws | 9.660.000 (32,2%) gas in 0,301s | Timing(started at 2026-09-14T21:24:27.725654Z, duplicateWorldState=0ms, preTxsSelection=0ms, txsSelection=4ms, selectedTxsEvaluation=2ms, blockAssembled=1ms, awaitingRetrieval=294ms) | PayloadId 0x0094b64cead241f5
[m[2m2026-09-14 23:24:28.093+0200[m[2m | [m[2mengine-ordered-execution-0[m[2m | [m[32mINFO [m[2m | [m[2mEngineNewPayloadV2[m[2m | [m[32mImported #87  (648ce.....3990d)|  460 tx|  0 ws| 257,03 kwei bfee|   9.660.000 ( 32,2%) gas used| 13,8ms exec| 698,10 Mgas/s|  0 peers
[m[2m2026-09-14 23:24:28.102+0200[m[2m | [m[2mengine-ordered-execution-0[m[2m | [m[32mINFO [m[2m | [m[2mEngineForkchoiceUpdatedV2[m[2m | [m[32mFCU(VALID) | head: 648ce.....3990d | safe: 648ce.....3990d | finalized: 648ce.....3990d
[m[2m2026-09-14 23:24:28.229+0200[m[2m | [m[2mengine-ordered-execution-0[m[2m | [m[33mWARN [m[2m | [m[2mMergeCoordinator[m[2m | [m[33mNew payloadId 0x0094b6722a904d0c received so cancelling block creation tasks for the following payloadIds: 0x0094b64cead241f5
[m[2m2026-09-14 23:24:28.230+0200[m[2m | [m[2mengine-ordered-execution-0[m[2m | [m[32mINFO [m[2m | [m[2mMergeCoordinator[m[2m | [m[32mStart building proposals for block 88 identified by 0x0094b6722a904d0c
[m[2m2026-09-14 23:24:28.230+0200[m[2m | [m[2mengine-ordered-execution-0[m[2m | [m[32mINFO [m[2m | [m[2mEngineForkchoiceUpdatedV2[m[2m | [m[32mFCU(VALID) | head: 648ce.....3990d | safe: 648ce.....3990d | finalized: 648ce.....3990d
[m[2m2026-09-14 23:24:28.235+0200[m[2m | [m[2mEthScheduler-BlockCreation-2-88[m[2m | [m[32mINFO [m[2m | [m[2mPostMergeContext[m[2m | [m[32mNew proposal for payloadId 0x0094b6722a904d0c block 88 (0x0c461783e5db26d9035f4d88bb293e013d5baafd6bbbe264a8a0a76f574ba2de) gas used 2730000 transactions 130 reward 2,73 szabo is better than the previous one by 2,73 szabo
[m[2m2026-09-14 23:24:29.036+0200[m[2m | [m[2mvert.x-worker-thread-7[m[2m | [m[32mINFO [m[2m | [m[2mEngineGetPayloadV2[m[2m | [m[32mProduced #88  (0c461.....ba2de)|  130 tx | 0 ws | 2.730.000 (9,1%) gas in 0,806s | Timing(started at 2026-09-14T21:24:28.230410Z, duplicateWorldState=0ms, preTxsSelection=0ms, txsSelection=1ms, selectedTxsEvaluation=0ms, blockAssembled=0ms, awaitingRetrieval=803ms) | PayloadId 0x0094b6722a904d0c
[m[2m2026-09-14 23:24:29.109+0200[m[2m | [m[2mengine-ordered-execution-0[m[2m | [m[32mINFO [m[2m | [m[2mEngineNewPayloadV2[m[2m | [m[32mImported #88  (0c461.....ba2de)|  130 tx|  0 ws| 245,59 kwei bfee|   2.730.000 (  9,1%) gas used| 10,3ms exec| 265,26 Mgas/s|  0 peers
[m[2m2026-09-14 23:24:29.125+0200[m[2m | [m[2mengine-ordered-execution-0[m[2m | [m[32mINFO [m[2m | [m[2mEngineForkchoiceUpdatedV2[m[2m | [m[32mFCU(VALID) | head: 0c461.....ba2de | safe: 0c461.....ba2de | finalized: 0c461.....ba2de
[m[2m2026-09-14 23:24:29.240+0200[m[2m | [m[2mengine-ordered-execution-0[m[2m | [m[32mINFO [m[2m | [m[2mMergeCoordinator[m[2m | [m[32mStart building proposals for block 89 identified by 0x0094b605c427cd0d
[m[2m2026-09-14 23:24:29.240+0200[m[2m | [m[2mengine-ordered-execution-0[m[2m | [m[32mINFO [m[2m | [m[2mEngineForkchoiceUpdatedV2[m[2m | [m[32mFCU(VALID) | head: 0c461.....ba2de | safe: 0c461.....ba2de | finalized: 0c461.....ba2de
[m[2m2026-09-14 23:24:30.251+0200[m[2m | [m[2mvert.x-worker-thread-19[m[2m | [m[32mINFO [m[2m | [m[2mEngineGetPayloadV2[m[2m | [m[32mProduced #89  (04a57.....3ef19)|    0 tx | 0 ws | 0 (0,0%) gas in 0,000s | Timing(started at 2026-09-14T21:23:00.611849Z, empty-block-created=0ms, awaitingRetrieval=0ms) | PayloadId 0x0094b605c427cd0d
[m[2m2026-09-14 23:24:30.254+0200[m[2m | [m[2mengine-ordered-execution-0[m[2m | [m[32mINFO [m[2m | [m[2mEngineNewPayloadV2[m[2m | [m[32mImported #89  (04a57.....3ef19)|    0 tx|  0 ws| 220,48 kwei bfee|           0 (  0,0%) gas used| 1,0ms exec|   0,00 Mgas/s|  0 peers
[m[2m2026-09-14 23:24:30.256+0200[m[2m | [m[2mengine-ordered-execution-0[m[2m | [m[32mINFO [m[2m | [m[2mEngineForkchoiceUpdatedV2[m[2m | [m[32mFCU(VALID) | head: 04a57.....3ef19 | safe: 04a57.....3ef19 | finalized: 04a57.....3ef19
[m[2m2026-09-14 23:24:30.259+0200[m[2m | [m[2mengine-ordered-execution-0[m[2m | [m[32mINFO [m[2m | [m[2mMergeCoordinator[m[2m | [m[32mStart building proposals for block 90 identified by 0x0094b635ef1ed00e
[m[2m2026-09-14 23:24:30.259+0200[m[2m | [m[2mengine-ordered-execution-0[m[2m | [m[32mINFO [m[2m | [m[2mEngineForkchoiceUpdatedV2[m[2m | [m[32mFCU(VALID) | head: 04a57.....3ef19 | safe: 04a57.....3ef19 | finalized: 04a57.....3ef19
[m[2m2026-09-14 23:24:31.265+0200[m[2m | [m[2mvert.x-worker-thread-8[m[2m | [m[32mINFO [m[2m | [m[2mEngineGetPayloadV2[m[2m | [m[32mProduced #90  (5ae40.....c76b7)|    0 tx | 0 ws | 0 (0,0%) gas in 0,000s | Timing(started at 2026-09-14T21:23:00.611849Z, empty-block-created=0ms, awaitingRetrieval=0ms) | PayloadId 0x0094b635ef1ed00e
[m[2m2026-09-14 23:24:31.268+0200[m[2m | [m[2mengine-ordered-execution-0[m[2m | [m[32mINFO [m[2m | [m[2mEngineNewPayloadV2[m[2m | [m[32mImported #90  (5ae40.....c76b7)|    0 tx|  0 ws| 192,92 kwei bfee|           0 (  0,0%) gas used| 0,8ms exec|   0,00 Mgas/s|  0 peers
[m[2m2026-09-14 23:24:31.270+0200[m[2m | [m[2mengine-ordered-execution-0[m[2m | [m[32mINFO [m[2m | [m[2mEngineForkchoiceUpdatedV2[m[2m | [m[32mFCU(VALID) | head: 5ae40.....c76b7 | safe: 5ae40.....c76b7 | finalized: 5ae40.....c76b7
[m[2m2026-09-14 23:24:31.272+0200[m[2m | [m[2mengine-ordered-execution-0[m[2m | [m[32mINFO [m[2m | [m[2mMergeCoordinator[m[2m | [m[32mStart building proposals for block 91 identified by 0x0094b61f561b30f1
[m[2m2026-09-14 23:24:31.273+0200[m[2m | [m[2mengine-ordered-execution-0[m[2m | [m[32mINFO [m[2m | [m[2mEngineForkchoiceUpdatedV2[m[2m | [m[32mFCU(VALID) | head: 5ae40.....c76b7 | safe: 5ae40.....c76b7 | finalized: 5ae40.....c76b7
[m[2m2026-09-14 23:24:32.280+0200[m[2m | [m[2mvert.x-worker-thread-0[m[2m | [m[32mINFO [m[2m | [m[2mEngineGetPayloadV2[m[2m | [m[32mProduced #91  (307fe.....ab974)|    0 tx | 0 ws | 0 (0,0%) gas in 0,000s | Timing(started at 2026-09-14T21:23:00.611849Z, empty-block-created=0ms, awaitingRetrieval=0ms) | PayloadId 0x0094b61f561b30f1
[m[2m2026-09-14 23:24:32.285+0200[m[2m | [m[2mengine-ordered-execution-0[m[2m | [m[32mINFO [m[2m | [m[2mEngineNewPayloadV2[m[2m | [m[32mImported #91  (307fe.....ab974)|    0 tx|  0 ws| 168,81 kwei bfee|           0 (  0,0%) gas used| 1,5ms exec|   0,00 Mgas/s|  0 peers
[m[2m2026-09-14 23:24:32.290+0200[m[2m | [m[2mengine-ordered-execution-0[m[2m | [m[32mINFO [m[2m | [m[2mEngineForkchoiceUpdatedV2[m[2m | [m[32mFCU(VALID) | head: 307fe.....ab974 | safe: 307fe.....ab974 | finalized: 307fe.....ab974
[m[2m2026-09-14 23:24:32.296+0200[m[2m | [m[2mengine-ordered-execution-0[m[2m | [m[32mINFO [m[2m | [m[2mMergeCoordinator[m[2m | [m[32mStart building proposals for block 92 identified by 0x0094b66c55d46ff0
[m[2m2026-09-14 23:24:32.296+0200[m[2m | [m[2mengine-ordered-execution-0[m[2m | [m[32mINFO [m[2m | [m[2mEngineForkchoiceUpdatedV2[m[2m | [m[32mFCU(VALID) | head: 307fe.....ab974 | safe: 307fe.....ab974 | finalized: 307fe.....ab974
[m[2m2026-09-14 23:24:33.305+0200[m[2m | [m[2mvert.x-worker-thread-7[m[2m | [m[32mINFO [m[2m | [m[2mEngineGetPayloadV2[m[2m | [m[32mProduced #92  (73a35.....2574e)|    0 tx | 0 ws | 0 (0,0%) gas in 0,000s | Timing(started at 2026-09-14T21:23:00.611849Z, empty-block-created=0ms, awaitingRetrieval=0ms) | PayloadId 0x0094b66c55d46ff0
[m[2m2026-09-14 23:24:33.339+0200[m[2m | [m[2mengine-ordered-execution-0[m[2m | [m[32mINFO [m[2m | [m[2mEngineNewPayloadV2[m[2m | [m[32mImported #92  (73a35.....2574e)|    0 tx|  0 ws| 147,71 kwei bfee|           0 (  0,0%) gas used| 1,0ms exec|   0,00 Mgas/s|  0 peers
[m[2m2026-09-14 23:24:33.341+0200[m[2m | [m[2mengine-ordered-execution-0[m[2m | [m[32mINFO [m[2m | [m[2mEngineForkchoiceUpdatedV2[m[2m | [m[32mFCU(VALID) | head: 73a35.....2574e | safe: 73a35.....2574e | finalized: 73a35.....2574e
[m[2m2026-09-14 23:24:33.344+0200[m[2m | [m[2mengine-ordered-execution-0[m[2m | [m[32mINFO [m[2m | [m[2mMergeCoordinator[m[2m | [m[32mStart building proposals for block 93 identified by 0x0094b61d206e19ef
[m[2m2026-09-14 23:24:33.344+0200[m[2m | [m[2mengine-ordered-execution-0[m[2m | [m[32mINFO [m[2m | [m[2mEngineForkchoiceUpdatedV2[m[2m | [m[32mFCU(VALID) | head: 73a35.....2574e | safe: 73a35.....2574e | finalized: 73a35.....2574e
[m[2m2026-09-14 23:24:34.350+0200[m[2m | [m[2mvert.x-worker-thread-5[m[2m | [m[32mINFO [m[2m | [m[2mEngineGetPayloadV2[m[2m | [m[32mProduced #93  (a6191.....eaec1)|    0 tx | 0 ws | 0 (0,0%) gas in 0,000s | Timing(started at 2026-09-14T21:23:00.611849Z, empty-block-created=0ms, awaitingRetrieval=0ms) | PayloadId 0x0094b61d206e19ef
[m[2m2026-09-14 23:24:34.372+0200[m[2m | [m[2mengine-ordered-execution-0[m[2m | [m[32mINFO [m[2m | [m[2mEngineNewPayloadV2[m[2m | [m[32mImported #93  (a6191.....eaec1)|    0 tx|  0 ws| 129,24 kwei bfee|           0 (  0,0%) gas used| 13,4ms exec|   0,00 Mgas/s|  0 peers
[m[2m2026-09-14 23:24:34.399+0200[m[2m | [m[2mengine-ordered-execution-0[m[2m | [m[32mINFO [m[2m | [m[2mEngineForkchoiceUpdatedV2[m[2m | [m[32mFCU(VALID) | head: a6191.....eaec1 | safe: a6191.....eaec1 | finalized: a6191.....eaec1
[m[2m2026-09-14 23:24:34.403+0200[m[2m | [m[2mengine-ordered-execution-0[m[2m | [m[32mINFO [m[2m | [m[2mMergeCoordinator[m[2m | [m[32mStart building proposals for block 94 identified by 0x0094b60d0d529912
[m[2m2026-09-14 23:24:34.403+0200[m[2m | [m[2mengine-ordered-execution-0[m[2m | [m[32mINFO [m[2m | [m[2mEngineForkchoiceUpdatedV2[m[2m | [m[32mFCU(VALID) | head: a6191.....eaec1 | safe: a6191.....eaec1 | finalized: a6191.....eaec1
[m[2m2026-09-14 23:24:35.413+0200[m[2m | [m[2mvert.x-worker-thread-14[m[2m | [m[32mINFO [m[2m | [m[2mEngineGetPayloadV2[m[2m | [m[32mProduced #94  (f728c.....c1068)|    0 tx | 0 ws | 0 (0,0%) gas in 0,000s | Timing(started at 2026-09-14T21:23:00.611849Z, empty-block-created=0ms, awaitingRetrieval=0ms) | PayloadId 0x0094b60d0d529912
[m[2m2026-09-14 23:24:35.432+0200[m[2m | [m[2mengine-ordered-execution-0[m[2m | [m[32mINFO [m[2m | [m[2mEngineNewPayloadV2[m[2m | [m[32mImported #94  (f728c.....c1068)|    0 tx|  0 ws| 113,09 kwei bfee|           0 (  0,0%) gas used| 10,6ms exec|   0,00 Mgas/s|  0 peers
[m[2m2026-09-14 23:24:35.449+0200[m[2m | [m[2mengine-ordered-execution-0[m[2m | [m[32mINFO [m[2m | [m[2mEngineForkchoiceUpdatedV2[m[2m | [m[32mFCU(VALID) | head: f728c.....c1068 | safe: f728c.....c1068 | finalized: f728c.....c1068
[m[2m2026-09-14 23:24:35.467+0200[m[2m | [m[2mengine-ordered-execution-0[m[2m | [m[32mINFO [m[2m | [m[2mMergeCoordinator[m[2m | [m[32mStart building proposals for block 95 identified by 0x0094b66d153ebb13
[m[2m2026-09-14 23:24:35.467+0200[m[2m | [m[2mengine-ordered-execution-0[m[2m | [m[32mINFO [m[2m | [m[2mEngineForkchoiceUpdatedV2[m[2m | [m[32mFCU(VALID) | head: f728c.....c1068 | safe: f728c.....c1068 | finalized: f728c.....c1068
[m[2m2026-09-14 23:24:36.476+0200[m[2m | [m[2mvert.x-worker-thread-19[m[2m | [m[32mINFO [m[2m | [m[2mEngineGetPayloadV2[m[2m | [m[32mProduced #95  (e2985.....2e185)|    0 tx | 0 ws | 0 (0,0%) gas in 0,000s | Timing(started at 2026-09-14T21:23:00.611849Z, empty-block-created=0ms, awaitingRetrieval=0ms) | PayloadId 0x0094b66d153ebb13
[m[2m2026-09-14 23:24:36.479+0200[m[2m | [m[2mengine-ordered-execution-0[m[2m | [m[32mINFO [m[2m | [m[2mEngineNewPayloadV2[m[2m | [m[32mImported #95  (e2985.....2e185)|    0 tx|  0 ws|  98,95 kwei bfee|           0 (  0,0%) gas used| 0,4ms exec|   0,00 Mgas/s|  0 peers
[m[2m2026-09-14 23:24:36.483+0200[m[2m | [m[2mengine-ordered-execution-0[m[2m | [m[32mINFO [m[2m | [m[2mEngineForkchoiceUpdatedV2[m[2m | [m[32mFCU(VALID) | head: e2985.....2e185 | safe: e2985.....2e185 | finalized: e2985.....2e185
[m[2m2026-09-14 23:24:36.484+0200[m[2m | [m[2mengine-ordered-execution-0[m[2m | [m[32mINFO [m[2m | [m[2mMergeCoordinator[m[2m | [m[32mStart building proposals for block 96 identified by 0x0094b60fbfc51614
[m[2m2026-09-14 23:24:36.484+0200[m[2m | [m[2mengine-ordered-execution-0[m[2m | [m[32mINFO [m[2m | [m[2mEngineForkchoiceUpdatedV2[m[2m | [m[32mFCU(VALID) | head: e2985.....2e185 | safe: e2985.....2e185 | finalized: e2985.....2e185
[m[2m2026-09-14 23:24:37.490+0200[m[2m | [m[2mvert.x-worker-thread-0[m[2m | [m[32mINFO [m[2m | [m[2mEngineGetPayloadV2[m[2m | [m[32mProduced #96  (8e135.....4df7f)|    0 tx | 0 ws | 0 (0,0%) gas in 0,000s | Timing(started at 2026-09-14T21:23:00.611849Z, empty-block-created=0ms, awaitingRetrieval=0ms) | PayloadId 0x0094b60fbfc51614
[m[2m2026-09-14 23:24:37.534+0200[m[2m | [m[2mengine-ordered-execution-0[m[2m | [m[32mINFO [m[2m | [m[2mEngineNewPayloadV2[m[2m | [m[32mImported #96  (8e135.....4df7f)|    0 tx|  0 ws|  86,58 kwei bfee|           0 (  0,0%) gas used| 1,7ms exec|   0,00 Mgas/s|  0 peers
[m[2m2026-09-14 23:24:37.549+0200[m[2m | [m[2mengine-ordered-execution-0[m[2m | [m[32mINFO [m[2m | [m[2mEngineForkchoiceUpdatedV2[m[2m | [m[32mFCU(VALID) | head: 8e135.....4df7f | safe: 8e135.....4df7f | finalized: 8e135.....4df7f
[m[2m2026-09-14 23:24:37.555+0200[m[2m | [m[2mengine-ordered-execution-0[m[2m | [m[32mINFO [m[2m | [m[2mMergeCoordinator[m[2m | [m[32mStart building proposals for block 97 identified by 0x0094b64d73d61215
[m[2m2026-09-14 23:24:37.555+0200[m[2m | [m[2mengine-ordered-execution-0[m[2m | [m[32mINFO [m[2m | [m[2mEngineForkchoiceUpdatedV2[m[2m | [m[32mFCU(VALID) | head: 8e135.....4df7f | safe: 8e135.....4df7f | finalized: 8e135.....4df7f
[m[2m2026-09-14 23:24:38.561+0200[m[2m | [m[2mvert.x-worker-thread-13[m[2m | [m[32mINFO [m[2m | [m[2mEngineGetPayloadV2[m[2m | [m[32mProduced #97  (2934c.....3cce7)|    0 tx | 0 ws | 0 (0,0%) gas in 0,000s | Timing(started at 2026-09-14T21:23:00.611849Z, empty-block-created=0ms, awaitingRetrieval=0ms) | PayloadId 0x0094b64d73d61215
[m[2m2026-09-14 23:24:38.569+0200[m[2m | [m[2mengine-ordered-execution-0[m[2m | [m[32mINFO [m[2m | [m[2mEngineNewPayloadV2[m[2m | [m[32mImported #97  (2934c.....3cce7)|    0 tx|  0 ws|  75,76 kwei bfee|           0 (  0,0%) gas used| 1,5ms exec|   0,00 Mgas/s|  0 peers
[m[2m2026-09-14 23:24:38.571+0200[m[2m | [m[2mengine-ordered-execution-0[m[2m | [m[32mINFO [m[2m | [m[2mEngineForkchoiceUpdatedV2[m[2m | [m[32mFCU(VALID) | head: 2934c.....3cce7 | safe: 2934c.....3cce7 | finalized: 2934c.....3cce7
[m[2m2026-09-14 23:24:38.573+0200[m[2m | [m[2mengine-ordered-execution-0[m[2m | [m[32mINFO [m[2m | [m[2mMergeCoordinator[m[2m | [m[32mStart building proposals for block 98 identified by 0x0094b65e3bc26116
[m[2m2026-09-14 23:24:38.573+0200[m[2m | [m[2mengine-ordered-execution-0[m[2m | [m[32mINFO [m[2m | [m[2mEngineForkchoiceUpdatedV2[m[2m | [m[32mFCU(VALID) | head: 2934c.....3cce7 | safe: 2934c.....3cce7 | finalized: 2934c.....3cce7
[m[2m2026-09-14 23:24:39.581+0200[m[2m | [m[2mvert.x-worker-thread-7[m[2m | [m[32mINFO [m[2m | [m[2mEngineGetPayloadV2[m[2m | [m[32mProduced #98  (2db83.....786ad)|    0 tx | 0 ws | 0 (0,0%) gas in 0,000s | Timing(started at 2026-09-14T21:23:00.611849Z, empty-block-created=0ms, awaitingRetrieval=0ms) | PayloadId 0x0094b65e3bc26116
[m[2m2026-09-14 23:24:39.590+0200[m[2m | [m[2mengine-ordered-execution-0[m[2m | [m[32mINFO [m[2m | [m[2mEngineNewPayloadV2[m[2m | [m[32mImported #98  (2db83.....786ad)|    0 tx|  0 ws|  66,29 kwei bfee|           0 (  0,0%) gas used| 1,9ms exec|   0,00 Mgas/s|  0 peers
[m[2m2026-09-14 23:24:39.596+0200[m[2m | [m[2mengine-ordered-execution-0[m[2m | [m[32mINFO [m[2m | [m[2mEngineForkchoiceUpdatedV2[m[2m | [m[32mFCU(VALID) | head: 2db83.....786ad | safe: 2db83.....786ad | finalized: 2db83.....786ad
[m[2m2026-09-14 23:24:39.600+0200[m[2m | [m[2mengine-ordered-execution-0[m[2m | [m[32mINFO [m[2m | [m[2mMergeCoordinator[m[2m | [m[32mStart building proposals for block 99 identified by 0x0094b622c22517e9
[m[2m2026-09-14 23:24:39.600+0200[m[2m | [m[2mengine-ordered-execution-0[m[2m | [m[32mINFO [m[2m | [m[2mEngineForkchoiceUpdatedV2[m[2m | [m[32mFCU(VALID) | head: 2db83.....786ad | safe: 2db83.....786ad | finalized: 2db83.....786ad
[m[2m2026-09-14 23:24:40.612+0200[m[2m | [m[2mvert.x-worker-thread-11[m[2m | [m[32mINFO [m[2m | [m[2mEngineGetPayloadV2[m[2m | [m[32mProduced #99  (d2233.....32c36)|    0 tx | 0 ws | 0 (0,0%) gas in 0,000s | Timing(started at 2026-09-14T21:23:00.611849Z, empty-block-created=0ms, awaitingRetrieval=0ms) | PayloadId 0x0094b622c22517e9
[m[2m2026-09-14 23:24:40.614+0200[m[2m | [m[2mengine-ordered-execution-0[m[2m | [m[32mINFO [m[2m | [m[2mEngineNewPayloadV2[m[2m | [m[32mImported #99  (d2233.....32c36)|    0 tx|  0 ws|  58,01 kwei bfee|           0 (  0,0%) gas used| 0,6ms exec|   0,00 Mgas/s|  0 peers
[m[2m2026-09-14 23:24:40.616+0200[m[2m | [m[2mengine-ordered-execution-0[m[2m | [m[32mINFO [m[2m | [m[2mEngineForkchoiceUpdatedV2[m[2m | [m[32mFCU(VALID) | head: d2233.....32c36 | safe: d2233.....32c36 | finalized: d2233.....32c36
[m[2m2026-09-14 23:24:40.617+0200[m[2m | [m[2mengine-ordered-execution-0[m[2m | [m[32mINFO [m[2m | [m[2mMergeCoordinator[m[2m | [m[32mStart building proposals for block 100 identified by 0x0094b616efd6b418
[m[2m2026-09-14 23:24:40.617+0200[m[2m | [m[2mengine-ordered-execution-0[m[2m | [m[32mINFO [m[2m | [m[2mEngineForkchoiceUpdatedV2[m[2m | [m[32mFCU(VALID) | head: d2233.....32c36 | safe: d2233.....32c36 | finalized: d2233.....32c36
[m[2m2026-09-14 23:24:41.627+0200[m[2m | [m[2mvert.x-worker-thread-2[m[2m | [m[32mINFO [m[2m | [m[2mEngineGetPayloadV2[m[2m | [m[32mProduced #100  (a8c67.....6ae8a)|    0 tx | 0 ws | 0 (0,0%) gas in 0,000s | Timing(started at 2026-09-14T21:23:00.611849Z, empty-block-created=0ms, awaitingRetrieval=0ms) | PayloadId 0x0094b616efd6b418
[m[2m2026-09-14 23:24:41.629+0200[m[2m | [m[2mengine-ordered-execution-0[m[2m | [m[32mINFO [m[2m | [m[2mEngineNewPayloadV2[m[2m | [m[32mImported #100  (a8c67.....6ae8a)|    0 tx|  0 ws|  50,76 kwei bfee|           0 (  0,0%) gas used| 0,4ms exec|   0,00 Mgas/s|  0 peers
[m[2m2026-09-14 23:24:41.631+0200[m[2m | [m[2mengine-ordered-execution-0[m[2m | [m[32mINFO [m[2m | [m[2mEngineForkchoiceUpdatedV2[m[2m | [m[32mFCU(VALID) | head: a8c67.....6ae8a | safe: a8c67.....6ae8a | finalized: a8c67.....6ae8a
[m[2m2026-09-14 23:24:41.632+0200[m[2m | [m[2mengine-ordered-execution-0[m[2m | [m[32mINFO [m[2m | [m[2mMergeCoordinator[m[2m | [m[32mStart building proposals for block 101 identified by 0x0094b67f0ceae3e7
[m[2m2026-09-14 23:24:41.632+0200[m[2m | [m[2mengine-ordered-execution-0[m[2m | [m[32mINFO [m[2m | [m[2mEngineForkchoiceUpdatedV2[m[2m | [m[32mFCU(VALID) | head: a8c67.....6ae8a | safe: a8c67.....6ae8a | finalized: a8c67.....6ae8a
[m[2m2026-09-14 23:24:42.639+0200[m[2m | [m[2mvert.x-worker-thread-15[m[2m | [m[32mINFO [m[2m | [m[2mEngineGetPayloadV2[m[2m | [m[32mProduced #101  (e3694.....bd9e9)|    0 tx | 0 ws | 0 (0,0%) gas in 0,000s | Timing(started at 2026-09-14T21:23:00.611849Z, empty-block-created=0ms, awaitingRetrieval=0ms) | PayloadId 0x0094b67f0ceae3e7
[m[2m2026-09-14 23:24:42.640+0200[m[2m | [m[2mengine-ordered-execution-0[m[2m | [m[32mINFO [m[2m | [m[2mEngineNewPayloadV2[m[2m | [m[32mImported #101  (e3694.....bd9e9)|    0 tx|  0 ws|  44,41 kwei bfee|           0 (  0,0%) gas used| 0,4ms exec|   0,00 Mgas/s|  0 peers
[m[2m2026-09-14 23:24:42.641+0200[m[2m | [m[2mengine-ordered-execution-0[m[2m | [m[32mINFO [m[2m | [m[2mEngineForkchoiceUpdatedV2[m[2m | [m[32mFCU(VALID) | head: e3694.....bd9e9 | safe: e3694.....bd9e9 | finalized: e3694.....bd9e9
[m[2m2026-09-14 23:24:42.642+0200[m[2m | [m[2mengine-ordered-execution-0[m[2m | [m[32mINFO [m[2m | [m[2mMergeCoordinator[m[2m | [m[32mStart building proposals for block 102 identified by 0x0094b60f63fba4e6
[m[2m2026-09-14 23:24:42.642+0200[m[2m | [m[2mengine-ordered-execution-0[m[2m | [m[32mINFO [m[2m | [m[2mEngineForkchoiceUpdatedV2[m[2m | [m[32mFCU(VALID) | head: e3694.....bd9e9 | safe: e3694.....bd9e9 | finalized: e3694.....bd9e9
[m[2m2026-09-14 23:24:43.649+0200[m[2m | [m[2mvert.x-worker-thread-18[m[2m | [m[32mINFO [m[2m | [m[2mEngineGetPayloadV2[m[2m | [m[32mProduced #102  (2febf.....a9f8e)|    0 tx | 0 ws | 0 (0,0%) gas in 0,000s | Timing(started at 2026-09-14T21:23:00.611849Z, empty-block-created=0ms, awaitingRetrieval=0ms) | PayloadId 0x0094b60f63fba4e6
[m[2m2026-09-14 23:24:43.650+0200[m[2m | [m[2mengine-ordered-execution-0[m[2m | [m[32mINFO [m[2m | [m[2mEngineNewPayloadV2[m[2m | [m[32mImported #102  (2febf.....a9f8e)|    0 tx|  0 ws|  38,86 kwei bfee|           0 (  0,0%) gas used| 0,4ms exec|   0,00 Mgas/s|  0 peers
[m[2m2026-09-14 23:24:43.651+0200[m[2m | [m[2mengine-ordered-execution-0[m[2m | [m[32mINFO [m[2m | [m[2mEngineForkchoiceUpdatedV2[m[2m | [m[32mFCU(VALID) | head: 2febf.....a9f8e | safe: 2febf.....a9f8e | finalized: 2febf.....a9f8e
[m[2m2026-09-14 23:24:43.652+0200[m[2m | [m[2mengine-ordered-execution-0[m[2m | [m[32mINFO [m[2m | [m[2mMergeCoordinator[m[2m | [m[32mStart building proposals for block 103 identified by 0x0094b6489d1e401b
[m[2m2026-09-14 23:24:43.652+0200[m[2m | [m[2mengine-ordered-execution-0[m[2m | [m[32mINFO [m[2m | [m[2mEngineForkchoiceUpdatedV2[m[2m | [m[32mFCU(VALID) | head: 2febf.....a9f8e | safe: 2febf.....a9f8e | finalized: 2febf.....a9f8e
[m[2m2026-09-14 23:24:44.662+0200[m[2m | [m[2mvert.x-worker-thread-15[m[2m | [m[32mINFO [m[2m | [m[2mEngineGetPayloadV2[m[2m | [m[32mProduced #103  (d68ec.....11a57)|    0 tx | 0 ws | 0 (0,0%) gas in 0,000s | Timing(started at 2026-09-14T21:23:00.611849Z, empty-block-created=0ms, awaitingRetrieval=0ms) | PayloadId 0x0094b6489d1e401b
[m[2m2026-09-14 23:24:44.663+0200[m[2m | [m[2mengine-ordered-execution-0[m[2m | [m[32mINFO [m[2m | [m[2mEngineNewPayloadV2[m[2m | [m[32mImported #103  (d68ec.....11a57)|    0 tx|  0 ws|  34,00 kwei bfee|           0 (  0,0%) gas used| 0,3ms exec|   0,00 Mgas/s|  0 peers
[m[2m2026-09-14 23:24:44.664+0200[m[2m | [m[2mengine-ordered-execution-0[m[2m | [m[32mINFO [m[2m | [m[2mEngineForkchoiceUpdatedV2[m[2m | [m[32mFCU(VALID) | head: d68ec.....11a57 | safe: d68ec.....11a57 | finalized: d68ec.....11a57
[m[2m2026-09-14 23:24:44.665+0200[m[2m | [m[2mengine-ordered-execution-0[m[2m | [m[32mINFO [m[2m | [m[2mMergeCoordinator[m[2m | [m[32mStart building proposals for block 104 identified by 0x0094b64ab49f39e4
[m[2m2026-09-14 23:24:44.665+0200[m[2m | [m[2mengine-ordered-execution-0[m[2m | [m[32mINFO [m[2m | [m[2mEngineForkchoiceUpdatedV2[m[2m | [m[32mFCU(VALID) | head: d68ec.....11a57 | safe: d68ec.....11a57 | finalized: d68ec.....11a57
[m[2m2026-09-14 23:24:45.673+0200[m[2m | [m[2mvert.x-worker-thread-3[m[2m | [m[32mINFO [m[2m | [m[2mEngineGetPayloadV2[m[2m | [m[32mProduced #104  (6cc32.....47223)|    0 tx | 0 ws | 0 (0,0%) gas in 0,000s | Timing(started at 2026-09-14T21:23:00.611849Z, empty-block-created=0ms, awaitingRetrieval=0ms) | PayloadId 0x0094b64ab49f39e4
[m[2m2026-09-14 23:24:45.674+0200[m[2m | [m[2mengine-ordered-execution-0[m[2m | [m[32mINFO [m[2m | [m[2mEngineNewPayloadV2[m[2m | [m[32mImported #104  (6cc32.....47223)|    0 tx|  0 ws|  29,75 kwei bfee|           0 (  0,0%) gas used| 0,4ms exec|   0,00 Mgas/s|  0 peers
[m[2m2026-09-14 23:24:45.675+0200[m[2m | [m[2mengine-ordered-execution-0[m[2m | [m[32mINFO [m[2m | [m[2mEngineForkchoiceUpdatedV2[m[2m | [m[32mFCU(VALID) | head: 6cc32.....47223 | safe: 6cc32.....47223 | finalized: 6cc32.....47223
[m[2m2026-09-14 23:24:45.675+0200[m[2m | [m[2mengine-ordered-execution-0[m[2m | [m[32mINFO [m[2m | [m[2mMergeCoordinator[m[2m | [m[32mStart building proposals for block 105 identified by 0x0094b66c91b47ce3
[m[2m2026-09-14 23:24:45.676+0200[m[2m | [m[2mengine-ordered-execution-0[m[2m | [m[32mINFO [m[2m | [m[2mEngineForkchoiceUpdatedV2[m[2m | [m[32mFCU(VALID) | head: 6cc32.....47223 | safe: 6cc32.....47223 | finalized: 6cc32.....47223
[m[2m2026-09-14 23:24:46.681+0200[m[2m | [m[2mvert.x-worker-thread-14[m[2m | [m[32mINFO [m[2m | [m[2mEngineGetPayloadV2[m[2m | [m[32mProduced #105  (de11e.....d85c2)|    0 tx | 0 ws | 0 (0,0%) gas in 0,000s | Timing(started at 2026-09-14T21:23:00.611849Z, empty-block-created=0ms, awaitingRetrieval=0ms) | PayloadId 0x0094b66c91b47ce3
[m[2m2026-09-14 23:24:46.683+0200[m[2m | [m[2mengine-ordered-execution-0[m[2m | [m[32mINFO [m[2m | [m[2mEngineNewPayloadV2[m[2m | [m[32mImported #105  (de11e.....d85c2)|    0 tx|  0 ws|  26,03 kwei bfee|           0 (  0,0%) gas used| 0,4ms exec|   0,00 Mgas/s|  0 peers
[m[2m2026-09-14 23:24:46.684+0200[m[2m | [m[2mengine-ordered-execution-0[m[2m | [m[32mINFO [m[2m | [m[2mEngineForkchoiceUpdatedV2[m[2m | [m[32mFCU(VALID) | head: de11e.....d85c2 | safe: de11e.....d85c2 | finalized: de11e.....d85c2
[m[2m2026-09-14 23:24:46.685+0200[m[2m | [m[2mengine-ordered-execution-0[m[2m | [m[32mINFO [m[2m | [m[2mMergeCoordinator[m[2m | [m[32mStart building proposals for block 106 identified by 0x0094b62623edc5e2
[m[2m2026-09-14 23:24:46.685+0200[m[2m | [m[2mengine-ordered-execution-0[m[2m | [m[32mINFO [m[2m | [m[2mEngineForkchoiceUpdatedV2[m[2m | [m[32mFCU(VALID) | head: de11e.....d85c2 | safe: de11e.....d85c2 | finalized: de11e.....d85c2
[m[2m2026-09-14 23:24:47.100+0200[m[2m | [m[2mBesuCommand-Shutdown-Hook[m[2m | [m[32mINFO [m[2m | [m[2mNetworkRunner[m[2m | [m[32mStopping Network.
[m[2m2026-09-14 23:24:47.101+0200[m[2m | [m[2mBesuCommand-Shutdown-Hook[m[2m | [m[32mINFO [m[2m | [m[2mEthProtocolManager[m[2m | [m[32mStopping eth Subprotocol.
[m[2m2026-09-14 23:24:47.107+0200[m[2m | [m[2mBesuCommand-Shutdown-Hook[m[2m | [m[32mINFO [m[2m | [m[2mEthProtocolManager[m[2m | [m[32meth Subprotocol stopped.
[m[2m2026-09-14 23:24:47.107+0200[m[2m | [m[2mBesuCommand-Shutdown-Hook[m[2m | [m[32mINFO [m[2m | [m[2mNetworkRunner[m[2m | [m[32mNetwork stopped.
[m[2m2026-09-14 23:24:47.107+0200[m[2m | [m[2mBesuCommand-Shutdown-Hook[m[2m | [m[32mINFO [m[2m | [m[2mAutoTransactionLogBloomCachingService[m[2m | [m[32mShutting down Auto transaction logs caching service.
[m[2m2026-09-14 23:24:47.107+0200[m[2m | [m[2mBesuCommand-Shutdown-Hook[m[2m | [m[32mINFO [m[2m | [m[2mNatService[m[2m | [m[32mNo NAT environment detected so no service could be stopped
[m