[2m2026-09-24 18:16:43.598+0200[m[2m | [m[2mmain[m[2m | [m[33mWARN [m[2m | [m[2mPluginVerifier[m[2m | [m[33mArtifact <repo>/.tmp/besu-home/plugins/ops-besu-approvals.jar containing plugins [OpsApprovalPlugin] is without a catalog
[m[2m2026-09-24 18:16:43.599+0200[m[2m | [m[2mmain[m[2m | [m[33mWARN [m[2m | [m[2mPluginVerifier[m[2m | [m[33mPlugin artifact <repo>/.tmp/besu-home/plugins/besu-shomei-plugin-v1.0.7.jar is built against Besu version 26.6.1-3fd233a while current running Besu version is 26.8.1
[m[2m2026-09-24 18:16:43.610+0200[m[2m | [m[2mmain[m[2m | [m[32mINFO [m[2m | [m[2mBesuPluginContextImpl[m[2m | [m[32mRegistered plugin of type ops.approvals.OpsApprovalPlugin.
[m[2m2026-09-24 18:16:43.639+0200[m[2m | [m[2mmain[m[2m | [m[32mINFO [m[2m | [m[2mAbstractLineaRequiredPlugin[m[2m | [m[32mRegistering Linea plugin lineth.sequencer.txselection.LineaTransactionSelectorPlugin
[m[2m2026-09-24 18:16:43.639+0200[m[2m | [m[2mmain[m[2m | [m[32mINFO [m[2m | [m[2mBesuPluginContextImpl[m[2m | [m[32mRegistered plugin of type lineth.sequencer.txselection.LineaTransactionSelectorPlugin.
[mSetting logging level to DEBUG
[2m2026-09-24 18:16:43.670+0200[m[2m | [m[2mmain[m[2m | [m[32mINFO [m[2m | [m[2mBesu[m[2m | [m[32mStarting Besu
[m[2m2026-09-24 18:16:43.686+0200[m[2m | [m[2mmain[m[2m | [m[36mDEBUG[m[2m | [m[2mPlatformDependent0[m[2m | [m[36mJava version: 25
[m[2m2026-09-24 18:16:43.686+0200[m[2m | [m[2mmain[m[2m | [m[36mDEBUG[m[2m | [m[2mPlatformDependent0[m[2m | [m[36m-Dio.netty.noUnsafe: false
[m[2m2026-09-24 18:16:43.687+0200[m[2m | [m[2mmain[m[2m | [m[36mDEBUG[m[2m | [m[2mPlatformDependent0[m[2m | [m[36msun.misc.Unsafe.theUnsafe: available
[m[2m2026-09-24 18:16:43.687+0200[m[2m | [m[2mmain[m[2m | [m[36mDEBUG[m[2m | [m[2mPlatformDependent0[m[2m | [m[36msun.misc.Unsafe base methods: all available
[m[2m2026-09-24 18:16:43.687+0200[m[2m | [m[2mmain[m[2m | [m[36mDEBUG[m[2m | [m[2mPlatformDependent0[m[2m | [m[36mjava.nio.Buffer.address: available
[m[2m2026-09-24 18:16:43.688+0200[m[2m | [m[2mmain[m[2m | [m[36mDEBUG[m[2m | [m[2mPlatformDependent0[m[2m | [m[36mdirect buffer constructor: available
[m[2m2026-09-24 18:16:43.688+0200[m[2m | [m[2mmain[m[2m | [m[36mDEBUG[m[2m | [m[2mPlatformDependent0[m[2m | [m[36mjava.nio.Bits.unaligned: available, true
[m[2m2026-09-24 18:16:43.689+0200[m[2m | [m[2mmain[m[2m | [m[36mDEBUG[m[2m | [m[2mPlatformDependent0[m[2m | [m[36mjdk.internal.misc.Unsafe.allocateUninitializedArray(int): available
[m[2m2026-09-24 18:16:43.690+0200[m[2m | [m[2mmain[m[2m | [m[36mDEBUG[m[2m | [m[2mPlatformDependent0[m[2m | [m[36mjava.nio.DirectByteBuffer.<init>(long, {int,long}): available
[m[2m2026-09-24 18:16:43.690+0200[m[2m | [m[2mmain[m[2m | [m[36mDEBUG[m[2m | [m[2mPlatformDependent[m[2m | [m[36msun.misc.Unsafe: available
[m[2m2026-09-24 18:16:43.691+0200[m[2m | [m[2mmain[m[2m | [m[36mDEBUG[m[2m | [m[2mPlatformDependent[m[2m | [m[36m-Dio.netty.tmpdir: $TMPDIR (java.io.tmpdir)
[m[2m2026-09-24 18:16:43.691+0200[m[2m | [m[2mmain[m[2m | [m[36mDEBUG[m[2m | [m[2mPlatformDependent[m[2m | [m[36m-Dio.netty.bitMode: 64 (sun.arch.data.model)
[m[2m2026-09-24 18:16:43.691+0200[m[2m | [m[2mmain[m[2m | [m[36mDEBUG[m[2m | [m[2mPlatformDependent[m[2m | [m[36mPlatform: MacOS
[m[2m2026-09-24 18:16:43.691+0200[m[2m | [m[2mmain[m[2m | [m[36mDEBUG[m[2m | [m[2mPlatformDependent[m[2m | [m[36m-Dio.netty.maxDirectMemory: 2147483648 bytes
[m[2m2026-09-24 18:16:43.691+0200[m[2m | [m[2mmain[m[2m | [m[36mDEBUG[m[2m | [m[2mCleanerJava9[m[2m | [m[36mjava.nio.ByteBuffer.cleaner(): available
[m[2m2026-09-24 18:16:43.691+0200[m[2m | [m[2mmain[m[2m | [m[36mDEBUG[m[2m | [m[2mPlatformDependent[m[2m | [m[36m-Dio.netty.noPreferDirect: false
[m[2m2026-09-24 18:16:43.692+0200[m[2m | [m[2mmain[m[2m | [m[36mDEBUG[m[2m | [m[2mPlatformDependent[m[2m | [m[36m-Dio.netty.ignoreExpensiveClean: false
[m[2m2026-09-24 18:16:43.692+0200[m[2m | [m[2mmain[m[2m | [m[36mDEBUG[m[2m | [m[2mPlatformDependent[m[2m | [m[36m-Dio.netty.jfr.enabled: true
[m[2m2026-09-24 18:16:43.696+0200[m[2m | [m[2mmain[m[2m | [m[36mDEBUG[m[2m | [m[2mLoggerFactory[m[2m | [m[36mUsing io.vertx.core.logging.Log4j2LogDelegateFactory
[m[2m2026-09-24 18:16:43.700+0200[m[2m | [m[2mmain[m[2m | [m[36mDEBUG[m[2m | [m[2mNativeLibraryLoader[m[2m | [m[36m-Dio.netty.native.workdir: $TMPDIR (io.netty.tmpdir)
[m[2m2026-09-24 18:16:43.700+0200[m[2m | [m[2mmain[m[2m | [m[36mDEBUG[m[2m | [m[2mNativeLibraryLoader[m[2m | [m[36m-Dio.netty.native.deleteLibAfterLoading: true
[m[2m2026-09-24 18:16:43.700+0200[m[2m | [m[2mmain[m[2m | [m[36mDEBUG[m[2m | [m[2mNativeLibraryLoader[m[2m | [m[36m-Dio.netty.native.tryPatchShadedId: true
[m[2m2026-09-24 18:16:43.700+0200[m[2m | [m[2mmain[m[2m | [m[36mDEBUG[m[2m | [m[2mNativeLibraryLoader[m[2m | [m[36m-Dio.netty.native.detectNativeLibraryDuplicates: true
[m[2m2026-09-24 18:16:43.908+0200[m[2m | [m[2mmain[m[2m | [m[36mDEBUG[m[2m | [m[2mNativeLibraryLoader[m[2m | [m[36mSuccessfully loaded the library $TMPDIR/libnetty_transport_native_kqueue_aarch_6413351825425260487308.dylib
[m[2m2026-09-24 18:16:43.910+0200[m[2m | [m[2mmain[m[2m | [m[36mDEBUG[m[2m | [m[2mNetUtil[m[2m | [m[36m-Djava.net.preferIPv4Stack: false
[m[2m2026-09-24 18:16:43.910+0200[m[2m | [m[2mmain[m[2m | [m[36mDEBUG[m[2m | [m[2mNetUtil[m[2m | [m[36m-Djava.net.preferIPv6Addresses: false
[m[2m2026-09-24 18:16:43.912+0200[m[2m | [m[2mmain[m[2m | [m[36mDEBUG[m[2m | [m[2mNetUtilInitializations[m[2m | [m[36mLoopback interface: lo0 (lo0, 0:0:0:0:0:0:0:1%lo0)
[m[2m2026-09-24 18:16:43.912+0200[m[2m | [m[2mmain[m[2m | [m[36mDEBUG[m[2m | [m[2mNetUtil[m[2m | [m[36mFailed to get SOMAXCONN from sysctl and file /proc/sys/net/core/somaxconn. Default: 128
[m[2m2026-09-24 18:16:43.916+0200[m[2m | [m[2mmain[m[2m | [m[36mDEBUG[m[2m | [m[2mEpoll[m[2m | [m[36mEpoll support is not available: null
[m[2m2026-09-24 18:16:43.918+0200[m[2m | [m[2mmain[m[2m | [m[36mDEBUG[m[2m | [m[2mIoUring[m[2m | [m[36mIoUring support is not available using kernel [unknown]: null
[m[2m2026-09-24 18:16:43.924+0200[m[2m | [m[2mmain[m[2m | [m[36mDEBUG[m[2m | [m[2mResourceLeakDetector[m[2m | [m[36m-Dio.netty.leakDetection.level: simple
[m[2m2026-09-24 18:16:43.924+0200[m[2m | [m[2mmain[m[2m | [m[36mDEBUG[m[2m | [m[2mResourceLeakDetector[m[2m | [m[36m-Dio.netty.leakDetection.targetRecords: 4
[m[2m2026-09-24 18:16:43.933+0200[m[2m | [m[2mmain[m[2m | [m[36mDEBUG[m[2m | [m[2mMultithreadEventLoopGroup[m[2m | [m[36m-Dio.netty.eventLoopThreads: 24
[m[2m2026-09-24 18:16:43.936+0200[m[2m | [m[2mmain[m[2m | [m[36mDEBUG[m[2m | [m[2mGlobalEventExecutor[m[2m | [m[36m-Dio.netty.globalEventExecutor.quietPeriodSeconds: 1
[m[2m2026-09-24 18:16:43.939+0200[m[2m | [m[2mmain[m[2m | [m[36mDEBUG[m[2m | [m[2mInternalThreadLocalMap[m[2m | [m[36m-Dio.netty.threadLocalMap.stringBuilder.initialSize: 1024
[m[2m2026-09-24 18:16:43.939+0200[m[2m | [m[2mmain[m[2m | [m[36mDEBUG[m[2m | [m[2mInternalThreadLocalMap[m[2m | [m[36m-Dio.netty.threadLocalMap.stringBuilder.maxSize: 4096
[m[2m2026-09-24 18:16:43.941+0200[m[2m | [m[2mmain[m[2m | [m[36mDEBUG[m[2m | [m[2mPlatformDependent[m[2m | [m[36morg.jctools-core.MpscChunkedArrayQueue: available
[m[2m2026-09-24 18:16:43.946+0200[m[2m | [m[2mmain[m[2m | [m[36mDEBUG[m[2m | [m[2mDefaultDnsServerAddressStreamProvider[m[2m | [m[36mDefault DNS servers: [/1.1.1.1:53, /8.8.8.8:53] (sun.net.dns.ResolverConfiguration)
[m[2m2026-09-24 18:16:43.952+0200[m[2m | [m[2mmain[m[2m | [m[36mDEBUG[m[2m | [m[2mDnsNameResolver[m[2m | [m[36mDefault ResolvedAddressTypes: IPV4_PREFERRED
[m[2m2026-09-24 18:16:43.952+0200[m[2m | [m[2mmain[m[2m | [m[36mDEBUG[m[2m | [m[2mDnsNameResolver[m[2m | [m[36mWindows hostname: null
[m[2m2026-09-24 18:16:43.953+0200[m[2m | [m[2mmain[m[2m | [m[36mDEBUG[m[2m | [m[2mDnsNameResolver[m[2m | [m[36mDefault search domains: []
[m[2m2026-09-24 18:16:43.953+0200[m[2m | [m[2mmain[m[2m | [m[36mDEBUG[m[2m | [m[2mDnsNameResolver[m[2m | [m[36mDefault UnixResolverOptions{ndots=1, timeout=5, attempts=16}
[m[2m2026-09-24 18:16:43.955+0200[m[2m | [m[2mmain[m[2m | [m[36mDEBUG[m[2m | [m[2mDefaultHostsFileEntriesResolver[m[2m | [m[36m-Dio.netty.hostsFileRefreshInterval: 0
[m[2m2026-09-24 18:16:44.134+0200[m[2m | [m[2mmain[m[2m | [m[36mDEBUG[m[2m | [m[2mNativeLibraryLoader[m[2m | [m[36mSuccessfully loaded the library $TMPDIR/libnetty_resolver_dns_native_macos_aarch_6411158416405355668321.dylib
[m[2m2026-09-24 18:16:44.134+0200[m[2m | [m[2mmain[m[2m | [m[36mDEBUG[m[2m | [m[2mDnsServerAddressStreamProviders[m[2m | [m[36mio.netty.resolver.dns.macos.MacOSDnsServerAddressStreamProvider: available
[m[2m2026-09-24 18:16:44.144+0200[m[2m | [m[2mmain[m[2m | [m[33mWARN [m[2m | [m[2mBesu[m[2m | [m[33m--discovery-enabled has been ignored because --p2p-enabled was not defined on the command line.
[m[2m2026-09-24 18:16:44.394+0200[m[2m | [m[2mmain[m[2m | [m[36mDEBUG[m[2m | [m[2mNative[m[2m | [m[36mLooking in classpath from jdk.internal.loader.ClassLoaders$AppClassLoader@14dad5dc for /com/sun/jna/darwin-aarch64/libjnidispatch.jnilib
[m[2m2026-09-24 18:16:44.394+0200[m[2m | [m[2mmain[m[2m | [m[36mDEBUG[m[2m | [m[2mNative[m[2m | [m[36mFound library resource at jar:file:<repo>/.tmp/worktrees/ops-besu-signed-approvals/.tmp/besu-dist/besu-26.8.1/lib/jna-5.18.1.jar!/com/sun/jna/darwin-aarch64/libjnidispatch.jnilib
[m[2m2026-09-24 18:16:44.394+0200[m[2m | [m[2mmain[m[2m | [m[36mDEBUG[m[2m | [m[2mNative[m[2m | [m[36mExtracting library to ~/Library/Caches/JNA/temp/jna18412558390658601798.tmp
[m[2m2026-09-24 18:16:44.395+0200[m[2m | [m[2mmain[m[2m | [m[36mDEBUG[m[2m | [m[2mNative[m[2m | [m[36mTrying ~/Library/Caches/JNA/temp/jna18412558390658601798.tmp
[m[2m2026-09-24 18:16:44.592+0200[m[2m | [m[2mmain[m[2m | [m[36mDEBUG[m[2m | [m[2mNative[m[2m | [m[36mFound jnidispatch at ~/Library/Caches/JNA/temp/jna18412558390658601798.tmp
[m[2m2026-09-24 18:16:44.598+0200[m[2m | [m[2mmain[m[2m | [m[36mDEBUG[m[2m | [m[2mNativeLibrary[m[2m | [m[36mLooking for library '$TMPDIR/secp256k1@11810807017400225243/libsecp256k1.dylib'
[m[2m2026-09-24 18:16:44.598+0200[m[2m | [m[2mmain[m[2m | [m[36mDEBUG[m[2m | [m[2mNativeLibrary[m[2m | [m[36mAdding paths from jna.library.path: null
[m[2m2026-09-24 18:16:44.598+0200[m[2m | [m[2mmain[m[2m | [m[36mDEBUG[m[2m | [m[2mNativeLibrary[m[2m | [m[36mTrying $TMPDIR/secp256k1@11810807017400225243/libsecp256k1.dylib
[m[2m2026-09-24 18:16:44.777+0200[m[2m | [m[2mmain[m[2m | [m[36mDEBUG[m[2m | [m[2mNativeLibrary[m[2m | [m[36mFound library '$TMPDIR/secp256k1@11810807017400225243/libsecp256k1.dylib' at $TMPDIR/secp256k1@11810807017400225243/libsecp256k1.dylib
[m[2m2026-09-24 18:16:44.778+0200[m[2m | [m[2mmain[m[2m | [m[36mDEBUG[m[2m | [m[2mCleaner[m[2m | [m[36mStarting CleanerThread
[m[2m2026-09-24 18:16:44.825+0200[m[2m | [m[2mmain[m[2m | [m[32mINFO [m[2m | [m[2mBesu[m[2m | [m[32mRPC HTTP JSON-RPC config: JsonRpcConfiguration{enabled=true, port=60843, host=127.0.0.1, corsAllowedDomains=[], hostsAllowlist=[localhost, 127.0.0.1], rpcApis=[ETH, NET, WEB3, DEBUG, TXPOOL, ADMIN, OPS], authenticationEnabled=false, authenticationCredentialsFile=null, authenticationPublicKeyFile=null, tlsConfiguration=Optional.empty, httpTimeoutSec=30, maxActiveConnections=4096, maxBatchSize=1024}
[m[2m2026-09-24 18:16:44.827+0200[m[2m | [m[2mmain[m[2m | [m[32mINFO [m[2m | [m[2mBesu[m[2m | [m[32mEngine JSON-RPC config: JsonRpcConfiguration{enabled=true, port=60844, host=127.0.0.1, corsAllowedDomains=[], hostsAllowlist=[*], rpcApis=[ENGINE, ETH], authenticationEnabled=true, authenticationCredentialsFile=null, authenticationPublicKeyFile=<repo>/.tmp/besu-approval-runs/lineth-selector-60588-1790266602/jwt.hex, tlsConfiguration=Optional.empty, httpTimeoutSec=30, maxActiveConnections=4096, maxBatchSize=1024}
[m[2m2026-09-24 18:16:44.832+0200[m[2m | [m[2mmain[m[2m | [m[33mWARN [m[2m | [m[2mBesu[m[2m | [m[33mForcing --bonsai-limit-trie-logs-enabled=false, since it cannot be enabled with --sync-mode=FULL and --data-storage-format=BONSAI.
[m[2m2026-09-24 18:16:44.832+0200[m[2m | [m[2mmain[m[2m | [m[36mDEBUG[m[2m | [m[2mBesu[m[2m | [m[36mStatic Nodes file: <repo>/.tmp/besu-approval-runs/lineth-selector-60588-1790266602/data/static-nodes.json
[m[2m2026-09-24 18:16:44.832+0200[m[2m | [m[2mmain[m[2m | [m[36mDEBUG[m[2m | [m[2mStaticNodesParser[m[2m | [m[36mStaticNodes file <repo>/.tmp/besu-approval-runs/lineth-selector-60588-1790266602/data/static-nodes.json does not exist, no static connections will be created.
[m[2m2026-09-24 18:16:44.833+0200[m[2m | [m[2mmain[m[2m | [m[32mINFO [m[2m | [m[2mBesu[m[2m | [m[32mConnecting to 0 static nodes.
[m[2m2026-09-24 18:16:44.833+0200[m[2m | [m[2mmain[m[2m | [m[36mDEBUG[m[2m | [m[2mBesu[m[2m | [m[36mStatic Nodes = []
[m[2m2026-09-24 18:16:44.837+0200[m[2m | [m[2mmain[m[2m | [m[33mWARN [m[2m | [m[2mBesu[m[2m | [m[33mForcing price bump for transaction replacement to 0, since min-gas-price is set to 0
[m[2m2026-09-24 18:16:44.837+0200[m[2m | [m[2mmain[m[2m | [m[33mWARN [m[2m | [m[2mBesu[m[2m | [m[33mForcing tx-pool-min-gas-price=0, since it cannot be greater than the value of min-gas-price
[m[2m2026-09-24 18:16:44.847+0200[m[2m | [m[2mmain[m[2m | [m[36mDEBUG[m[2m | [m[2mNativeLibrary[m[2m | [m[36mLooking for library 'System'
[m[2m2026-09-24 18:16:44.847+0200[m[2m | [m[2mmain[m[2m | [m[36mDEBUG[m[2m | [m[2mNativeLibrary[m[2m | [m[36mAdding paths from jna.library.path: null
[m[2m2026-09-24 18:16:44.847+0200[m[2m | [m[2mmain[m[2m | [m[36mDEBUG[m[2m | [m[2mNativeLibrary[m[2m | [m[36mTrying libSystem.dylib
[m[2m2026-09-24 18:16:44.848+0200[m[2m | [m[2mmain[m[2m | [m[36mDEBUG[m[2m | [m[2mNativeLibrary[m[2m | [m[36mFound library 'System' at libSystem.dylib
[m[2m2026-09-24 18:16:44.856+0200[m[2m | [m[2mmain[m[2m | [m[36mDEBUG[m[2m | [m[2mNativeLibrary[m[2m | [m[36mLooking for library 'IOKit'
[m[2m2026-09-24 18:16:44.857+0200[m[2m | [m[2mmain[m[2m | [m[36mDEBUG[m[2m | [m[2mNativeLibrary[m[2m | [m[36mAdding paths from jna.library.path: null
[m[2m2026-09-24 18:16:44.857+0200[m[2m | [m[2mmain[m[2m | [m[36mDEBUG[m[2m | [m[2mNativeLibrary[m[2m | [m[36mTrying libIOKit.dylib
[m[2m2026-09-24 18:16:44.857+0200[m[2m | [m[2mmain[m[2m | [m[36mDEBUG[m[2m | [m[2mNativeLibrary[m[2m | [m[36mLoading failed with message: dlopen(libIOKit.dylib, 0x0009): tried: 'libIOKit.dylib' (no such file), '/System/Volumes/Preboot/Cryptexes/OSlibIOKit.dylib' (no such file), '<repo>/.tmp/worktrees/ops-besu-signed-approvals/.tmp/jdk25/jdk-25.0.4.1+1/Contents/Home/bin/./libIOKit.dylib' (no such file), '<repo>/.tmp/worktrees/ops-besu-signed-approvals/.tmp/jdk25/jdk-25.0.4.1+1/Contents/Home/bin/../lib/libIOKit.dylib' (no such file), '/usr/lib/libIOKit.dylib' (no such file, not in dyld cache), 'libIOKit.dylib' (no such file)
[m[2m2026-09-24 18:16:44.857+0200[m[2m | [m[2mmain[m[2m | [m[36mDEBUG[m[2m | [m[2mNativeLibrary[m[2m | [m[36mAdding system paths: [/usr/lib]
[m[2m2026-09-24 18:16:44.857+0200[m[2m | [m[2mmain[m[2m | [m[36mDEBUG[m[2m | [m[2mNativeLibrary[m[2m | [m[36mTrying libIOKit.dylib
[m[2m2026-09-24 18:16:44.857+0200[m[2m | [m[2mmain[m[2m | [m[36mDEBUG[m[2m | [m[2mNativeLibrary[m[2m | [m[36mLoading failed with message: dlopen(libIOKit.dylib, 0x0009): tried: 'libIOKit.dylib' (no such file), '/System/Volumes/Preboot/Cryptexes/OSlibIOKit.dylib' (no such file), '<repo>/.tmp/worktrees/ops-besu-signed-approvals/.tmp/jdk25/jdk-25.0.4.1+1/Contents/Home/bin/./libIOKit.dylib' (no such file), '<repo>/.tmp/worktrees/ops-besu-signed-approvals/.tmp/jdk25/jdk-25.0.4.1+1/Contents/Home/bin/../lib/libIOKit.dylib' (no such file), '/usr/lib/libIOKit.dylib' (no such file, not in dyld cache), 'libIOKit.dylib' (no such file)
[m[2m2026-09-24 18:16:44.857+0200[m[2m | [m[2mmain[m[2m | [m[36mDEBUG[m[2m | [m[2mNativeLibrary[m[2m | [m[36mTrying ~/Library/Frameworks/IOKit.framework/IOKit
[m[2m2026-09-24 18:16:44.857+0200[m[2m | [m[2mmain[m[2m | [m[36mDEBUG[m[2m | [m[2mNativeLibrary[m[2m | [m[36mLoading failed with message: dlopen(~/Library/Frameworks/IOKit.framework/IOKit, 0x0009): tried: '~/Library/Frameworks/IOKit.framework/IOKit' (no such file), '/System/Volumes/Preboot/Cryptexes/OS~/Library/Frameworks/IOKit.framework/IOKit' (no such file), '~/Library/Frameworks/IOKit.framework/IOKit' (no such file)
[m[2m2026-09-24 18:16:44.858+0200[m[2m | [m[2mmain[m[2m | [m[36mDEBUG[m[2m | [m[2mNativeLibrary[m[2m | [m[36mTrying /Library/Frameworks/IOKit.framework/IOKit
[m[2m2026-09-24 18:16:44.858+0200[m[2m | [m[2mmain[m[2m | [m[36mDEBUG[m[2m | [m[2mNativeLibrary[m[2m | [m[36mLoading failed with message: dlopen(/Library/Frameworks/IOKit.framework/IOKit, 0x0009): tried: '/Library/Frameworks/IOKit.framework/IOKit' (no such file), '/System/Volumes/Preboot/Cryptexes/OS/Library/Frameworks/IOKit.framework/IOKit' (no such file), '/Library/Frameworks/IOKit.framework/IOKit' (no such file)
[m[2m2026-09-24 18:16:44.858+0200[m[2m | [m[2mmain[m[2m | [m[36mDEBUG[m[2m | [m[2mNativeLibrary[m[2m | [m[36mTrying /System/Library/Frameworks/IOKit.framework/IOKit
[m[2m2026-09-24 18:16:44.858+0200[m[2m | [m[2mmain[m[2m | [m[36mDEBUG[m[2m | [m[2mNativeLibrary[m[2m | [m[36mFound library 'IOKit' at libIOKit.dylib
[m[2m2026-09-24 18:16:44.860+0200[m[2m | [m[2mmain[m[2m | [m[36mDEBUG[m[2m | [m[2mNativeLibrary[m[2m | [m[36mLooking for library 'CoreFoundation'
[m[2m2026-09-24 18:16:44.860+0200[m[2m | [m[2mmain[m[2m | [m[36mDEBUG[m[2m | [m[2mNativeLibrary[m[2m | [m[36mAdding paths from jna.library.path: null
[m[2m2026-09-24 18:16:44.860+0200[m[2m | [m[2mmain[m[2m | [m[36mDEBUG[m[2m | [m[2mNativeLibrary[m[2m | [m[36mTrying libCoreFoundation.dylib
[m[2m2026-09-24 18:16:44.861+0200[m[2m | [m[2mmain[m[2m | [m[36mDEBUG[m[2m | [m[2mNativeLibrary[m[2m | [m[36mLoading failed with message: dlopen(libCoreFoundation.dylib, 0x0009): tried: 'libCoreFoundation.dylib' (no such file), '/System/Volumes/Preboot/Cryptexes/OSlibCoreFoundation.dylib' (no such file), '<repo>/.tmp/worktrees/ops-besu-signed-approvals/.tmp/jdk25/jdk-25.0.4.1+1/Contents/Home/bin/./libCoreFoundation.dylib' (no such file), '<repo>/.tmp/worktrees/ops-besu-signed-approvals/.tmp/jdk25/jdk-25.0.4.1+1/Contents/Home/bin/../lib/libCoreFoundation.dylib' (no such file), '/usr/lib/libCoreFoundation.dylib' (no such file, not in dyld cache), 'libCoreFoundation.dylib' (no such file)
[m[2m2026-09-24 18:16:44.861+0200[m[2m | [m[2mmain[m[2m | [m[36mDEBUG[m[2m | [m[2mNativeLibrary[m[2m | [m[36mAdding system paths: [/usr/lib]
[m[2m2026-09-24 18:16:44.861+0200[m[2m | [m[2mmain[m[2m | [m[36mDEBUG[m[2m | [m[2mNativeLibrary[m[2m | [m[36mTrying libCoreFoundation.dylib
[m[2m2026-09-24 18:16:44.861+0200[m[2m | [m[2mmain[m[2m | [m[36mDEBUG[m[2m | [m[2mNativeLibrary[m[2m | [m[36mLoading failed with message: dlopen(libCoreFoundation.dylib, 0x0009): tried: 'libCoreFoundation.dylib' (no such file), '/System/Volumes/Preboot/Cryptexes/OSlibCoreFoundation.dylib' (no such file), '<repo>/.tmp/worktrees/ops-besu-signed-approvals/.tmp/jdk25/jdk-25.0.4.1+1/Contents/Home/bin/./libCoreFoundation.dylib' (no such file), '<repo>/.tmp/worktrees/ops-besu-signed-approvals/.tmp/jdk25/jdk-25.0.4.1+1/Contents/Home/bin/../lib/libCoreFoundation.dylib' (no such file), '/usr/lib/libCoreFoundation.dylib' (no such file, not in dyld cache), 'libCoreFoundation.dylib' (no such file)
[m[2m2026-09-24 18:16:44.861+0200[m[2m | [m[2mmain[m[2m | [m[36mDEBUG[m[2m | [m[2mNativeLibrary[m[2m | [m[36mTrying ~/Library/Frameworks/CoreFoundation.framework/CoreFoundation
[m[2m2026-09-24 18:16:44.861+0200[m[2m | [m[2mmain[m[2m | [m[36mDEBUG[m[2m | [m[2mNativeLibrary[m[2m | [m[36mLoading failed with message: dlopen(~/Library/Frameworks/CoreFoundation.framework/CoreFoundation, 0x0009): tried: '~/Library/Frameworks/CoreFoundation.framework/CoreFoundation' (no such file), '/System/Volumes/Preboot/Cryptexes/OS~/Library/Frameworks/CoreFoundation.framework/CoreFoundation' (no such file), '~/Library/Frameworks/CoreFoundation.framework/CoreFoundation' (no such file)
[m[2m2026-09-24 18:16:44.861+0200[m[2m | [m[2mmain[m[2m | [m[36mDEBUG[m[2m | [m[2mNativeLibrary[m[2m | [m[36mTrying /Library/Frameworks/CoreFoundation.framework/CoreFoundation
[m[2m2026-09-24 18:16:44.862+0200[m[2m | [m[2mmain[m[2m | [m[36mDEBUG[m[2m | [m[2mNativeLibrary[m[2m | [m[36mLoading failed with message: dlopen(/Library/Frameworks/CoreFoundation.framework/CoreFoundation, 0x0009): tried: '/Library/Frameworks/CoreFoundation.framework/CoreFoundation' (no such file), '/System/Volumes/Preboot/Cryptexes/OS/Library/Frameworks/CoreFoundation.framework/CoreFoundation' (no such file), '/Library/Frameworks/CoreFoundation.framework/CoreFoundation' (no such file)
[m[2m2026-09-24 18:16:44.862+0200[m[2m | [m[2mmain[m[2m | [m[36mDEBUG[m[2m | [m[2mNativeLibrary[m[2m | [m[36mTrying /System/Library/Frameworks/CoreFoundation.framework/CoreFoundation
[m[2m2026-09-24 18:16:44.862+0200[m[2m | [m[2mmain[m[2m | [m[36mDEBUG[m[2m | [m[2mNativeLibrary[m[2m | [m[36mFound library 'CoreFoundation' at libCoreFoundation.dylib
[m[2m2026-09-24 18:16:44.879+0200[m[2m | [m[2mmain[m[2m | [m[32mINFO [m[2m | [m[2mBesu[m[2m | [m[32m
####################################################################################################
#                                                                                                  #
# Besu version 26.8.1                                                                              #
#                                                                                                  #
# Configuration:                                                                                   #
# Network: Custom genesis file                                                                     #
# <repo>                     #
# 96d2b9/poc/besu-signed-approvals/evidence/genesis.json                                           #
# Network Id: 31337                                                                                #
# Data storage: Bonsai                                                                             #
# RocksDB max open files: 1024 (derived from available resources)                                  #
# Sync mode: Full                                                                                  #
# Sync min peers: 5                                                                                #
# P2P Discovery: disabled                                                                          #
# RPC HTTP APIs: ETH,NET,WEB3,DEBUG,TXPOOL,ADMIN,OPS                                               #
# RPC HTTP port: 60843                                                                             #
# Engine APIs: ENGINE,ETH                                                                          #
# Engine port: 60844                                                                               #
# Engine JWT: <repo>                     #
# -a7217f5d8fe96d2b9/.tmp/besu-approval-runs/lineth-selector-60588-1790266602/                     #
# jwt.hex                                                                                          #
# Using LAYERED transaction pool implementation                                                    #
# Using STACKED worldstate update mode                                                             #
# Opcode optimizations enabled                                                                     #
# Parallel transaction processing enabled                                                          #
# BAL pruning enabled (retained BALs: 113056)                                                      #
#                                                                                                  #
# Host:                                                                                            #
# Java: openjdk-java-25                                                                            #
# Maximum heap size: 2,00 GB                                                                       #
# OS: osx-aarch_64                                                                                 #
# Total memory: 32,00 GB                                                                           #
# CPU cores: 12                                                                                    #
#                                                                                                  #
# Plugin Registration Summary:                                                                     #
# Registered Plugins:                                                                              #
#  - OpsApprovalPlugin (ops-besu-approvals/0.1.0-poc)                                              #
#  - LineaTransactionSelectorPlugin (linea-sequencer/linea-8bb72b4)                                #
# Detected but not registered:                                                                     #
#  - BesuShomeiRpcPlugin (besu-shomei-plugin/v1.0.7)                                               #
#  - ZkTrieLogPlugin (besu-shomei-plugin/v1.0.7)                                                   #
#  - ForwardBundlesPlugin (linea-sequencer/linea-8bb72b4)                                          #
#  - LineaExtraDataPlugin (linea-sequencer/linea-8bb72b4)                                          #
#  - LineaBundleEndpointsPlugin (linea-sequencer/linea-8bb72b4)                                    #
#  - LineaEstimateGasEndpointPlugin (linea-sequencer/linea-8bb72b4)                                #
#  - LineaForcedTransactionEndpointsPlugin (linea-sequencer/linea-8bb72b4)                         #
#  - LineaSetExtraDataEndpointPlugin (linea-sequencer/linea-8bb72b4)                               #
#  - LineaTransactionPoolValidatorPlugin (linea-sequencer/linea-8bb72b4)                           #
#  - LineaBlockTransactionValidatorPlugin (linea-sequencer/linea-8bb72b4)                          #
#  - TracerReadinessPlugin (linea-tracer/linea-8bb72b4)                                            #
#  - ConflatedLineCountsEndpointServicePlugin (linea-tracer/linea-8bb72b4)                         #
#  - CaptureEndpointServicePlugin (linea-tracer/linea-8bb72b4)                                     #
#  - LineCountsEndpointServicePlugin (linea-tracer/linea-8bb72b4)                                  #
#  - TracesEndpointServicePlugin (linea-tracer/linea-8bb72b4)                                      #
# TOTAL = 2 of 17 plugins successfully registered.                                                 #
#                                                                                                  #
####################################################################################################
[m[2m2026-09-24 18:16:44.880+0200[m[2m | [m[2mmain[m[2m | [m[32mINFO [m[2m | [m[2mBesu[m[2m | [m[32mSecurity Module: localfile
[m[2m2026-09-24 18:16:44.880+0200[m[2m | [m[2mmain[m[2m | [m[32mINFO [m[2m | [m[2mVersionMetadata[m[2m | [m[32mLookup version metadata file in data directory: <repo>/.tmp/besu-approval-runs/lineth-selector-60588-1790266602/data
[m[2m2026-09-24 18:16:44.880+0200[m[2m | [m[2mmain[m[2m | [m[32mINFO [m[2m | [m[2mVersionMetadata[m[2m | [m[32mData directory <repo>/.tmp/besu-approval-runs/lineth-selector-60588-1790266602/data does not exist - creating it
[m[2m2026-09-24 18:16:44.880+0200[m[2m | [m[2mmain[m[2m | [m[32mINFO [m[2m | [m[2mVersionMetadata[m[2m | [m[32mNo version data detected. Writing Besu version 26.8.1 to metadata file
[m[2m2026-09-24 18:16:44.913+0200[m[2m | [m[2mmain[m[2m | [m[36mDEBUG[m[2m | [m[2mNativeLibrary[m[2m | [m[36mLooking for library '$TMPDIR/gnark_eip_196@13723126976659581221/libgnark_eip_196.dylib'
[m[2m2026-09-24 18:16:44.913+0200[m[2m | [m[2mmain[m[2m | [m[36mDEBUG[m[2m | [m[2mNativeLibrary[m[2m | [m[36mAdding paths from jna.library.path: null
[m[2m2026-09-24 18:16:44.913+0200[m[2m | [m[2mmain[m[2m | [m[36mDEBUG[m[2m | [m[2mNativeLibrary[m[2m | [m[36mTrying $TMPDIR/gnark_eip_196@13723126976659581221/libgnark_eip_196.dylib
[m[2m2026-09-24 18:16:45.116+0200[m[2m | [m[2mmain[m[2m | [m[36mDEBUG[m[2m | [m[2mNativeLibrary[m[2m | [m[36mFound library '$TMPDIR/gnark_eip_196@13723126976659581221/libgnark_eip_196.dylib' at $TMPDIR/gnark_eip_196@13723126976659581221/libgnark_eip_196.dylib
[m[2m2026-09-24 18:16:45.117+0200[m[2m | [m[2mmain[m[2m | [m[32mINFO [m[2m | [m[2mBesu[m[2m | [m[32mUsing the native implementation of alt bn128
[m[2m2026-09-24 18:16:45.118+0200[m[2m | [m[2mmain[m[2m | [m[32mINFO [m[2m | [m[2mBesu[m[2m | [m[32mUsing the Java implementation of modexp
[m[2m2026-09-24 18:16:45.124+0200[m[2m | [m[2mmain[m[2m | [m[32mINFO [m[2m | [m[2mBesu[m[2m | [m[32mUsing the native implementation of the signature algorithm
[m[2m2026-09-24 18:16:45.125+0200[m[2m | [m[2mmain[m[2m | [m[36mDEBUG[m[2m | [m[2mNativeLibrary[m[2m | [m[36mLooking for library 'blake2bf'
[m[2m2026-09-24 18:16:45.125+0200[m[2m | [m[2mmain[m[2m | [m[36mDEBUG[m[2m | [m[2mNativeLibrary[m[2m | [m[36mAdding paths from jna.library.path: null
[m[2m2026-09-24 18:16:45.125+0200[m[2m | [m[2mmain[m[2m | [m[36mDEBUG[m[2m | [m[2mNativeLibrary[m[2m | [m[36mTrying libblake2bf.dylib
[m[2m2026-09-24 18:16:45.125+0200[m[2m | [m[2mmain[m[2m | [m[36mDEBUG[m[2m | [m[2mNativeLibrary[m[2m | [m[36mLoading failed with message: dlopen(libblake2bf.dylib, 0x0009): tried: 'libblake2bf.dylib' (no such file), '/System/Volumes/Preboot/Cryptexes/OSlibblake2bf.dylib' (no such file), '<repo>/.tmp/worktrees/ops-besu-signed-approvals/.tmp/jdk25/jdk-25.0.4.1+1/Contents/Home/bin/./libblake2bf.dylib' (no such file), '<repo>/.tmp/worktrees/ops-besu-signed-approvals/.tmp/jdk25/jdk-25.0.4.1+1/Contents/Home/bin/../lib/libblake2bf.dylib' (no such file), '/usr/lib/libblake2bf.dylib' (no such file, not in dyld cache), 'libblake2bf.dylib' (no such file)
[m[2m2026-09-24 18:16:45.125+0200[m[2m | [m[2mmain[m[2m | [m[36mDEBUG[m[2m | [m[2mNativeLibrary[m[2m | [m[36mAdding system paths: [/usr/lib]
[m[2m2026-09-24 18:16:45.125+0200[m[2m | [m[2mmain[m[2m | [m[36mDEBUG[m[2m | [m[2mNativeLibrary[m[2m | [m[36mTrying libblake2bf.dylib
[m[2m2026-09-24 18:16:45.126+0200[m[2m | [m[2mmain[m[2m | [m[36mDEBUG[m[2m | [m[2mNativeLibrary[m[2m | [m[36mLoading failed with message: dlopen(libblake2bf.dylib, 0x0009): tried: 'libblake2bf.dylib' (no such file), '/System/Volumes/Preboot/Cryptexes/OSlibblake2bf.dylib' (no such file), '<repo>/.tmp/worktrees/ops-besu-signed-approvals/.tmp/jdk25/jdk-25.0.4.1+1/Contents/Home/bin/./libblake2bf.dylib' (no such file), '<repo>/.tmp/worktrees/ops-besu-signed-approvals/.tmp/jdk25/jdk-25.0.4.1+1/Contents/Home/bin/../lib/libblake2bf.dylib' (no such file), '/usr/lib/libblake2bf.dylib' (no such file, not in dyld cache), 'libblake2bf.dylib' (no such file)
[m[2m2026-09-24 18:16:45.126+0200[m[2m | [m[2mmain[m[2m | [m[36mDEBUG[m[2m | [m[2mNativeLibrary[m[2m | [m[36mTrying ~/Library/Frameworks/blake2bf.framework/blake2bf
[m[2m2026-09-24 18:16:45.126+0200[m[2m | [m[2mmain[m[2m | [m[36mDEBUG[m[2m | [m[2mNativeLibrary[m[2m | [m[36mLoading failed with message: dlopen(~/Library/Frameworks/blake2bf.framework/blake2bf, 0x0009): tried: '~/Library/Frameworks/blake2bf.framework/blake2bf' (no such file), '/System/Volumes/Preboot/Cryptexes/OS~/Library/Frameworks/blake2bf.framework/blake2bf' (no such file), '~/Library/Frameworks/blake2bf.framework/blake2bf' (no such file)
[m[2m2026-09-24 18:16:45.126+0200[m[2m | [m[2mmain[m[2m | [m[36mDEBUG[m[2m | [m[2mNativeLibrary[m[2m | [m[36mTrying /Library/Frameworks/blake2bf.framework/blake2bf
[m[2m2026-09-24 18:16:45.126+0200[m[2m | [m[2mmain[m[2m | [m[36mDEBUG[m[2m | [m[2mNativeLibrary[m[2m | [m[36mLoading failed with message: dlopen(/Library/Frameworks/blake2bf.framework/blake2bf, 0x0009): tried: '/Library/Frameworks/blake2bf.framework/blake2bf' (no such file), '/System/Volumes/Preboot/Cryptexes/OS/Library/Frameworks/blake2bf.framework/blake2bf' (no such file), '/Library/Frameworks/blake2bf.framework/blake2bf' (no such file)
[m[2m2026-09-24 18:16:45.126+0200[m[2m | [m[2mmain[m[2m | [m[36mDEBUG[m[2m | [m[2mNativeLibrary[m[2m | [m[36mTrying /System/Library/Frameworks/blake2bf.framework/blake2bf
[m[2m2026-09-24 18:16:45.126+0200[m[2m | [m[2mmain[m[2m | [m[36mDEBUG[m[2m | [m[2mNativeLibrary[m[2m | [m[36mLoading failed with message: dlopen(/System/Library/Frameworks/blake2bf.framework/blake2bf, 0x0009): tried: '/System/Library/Frameworks/blake2bf.framework/blake2bf' (no such file), '/System/Volumes/Preboot/Cryptexes/OS/System/Library/Frameworks/blake2bf.framework/blake2bf' (no such file), '/System/Library/Frameworks/blake2bf.framework/blake2bf' (no such file, not in dyld cache)
[m[2m2026-09-24 18:16:45.126+0200[m[2m | [m[2mmain[m[2m | [m[36mDEBUG[m[2m | [m[2mNative[m[2m | [m[36mLooking in classpath from jdk.internal.loader.ClassLoaders$AppClassLoader@14dad5dc for blake2bf
[m[2m2026-09-24 18:16:45.126+0200[m[2m | [m[2mmain[m[2m | [m[36mDEBUG[m[2m | [m[2mNativeLibrary[m[2m | [m[36mLoading failed with message: Native library (darwin-aarch64/libblake2bf.dylib) not found in resource path (<repo>/.tmp/besu-home/lib/besu-26.8.1.jar:<repo>/.tmp/besu-home/lib/besu-ethereum-evmtool-26.8.1.jar:<repo>/.tmp/besu-home/lib/besu-app-26.8.1.jar:<repo>/.tmp/besu-home/lib/besu-ethereum-ethstats-26.8.1.jar:<repo>/.tmp/besu-home/lib/besu-consensus-clique-26.8.1.jar:<repo>/.tmp/besu-home/lib/besu-consensus-qbft-26.8.1.jar:<repo>/.tmp/besu-home/lib/besu-consensus-ibftlegacy-26.8.1.jar:<repo>/.tmp/besu-home/lib/besu-consensus-ibft-26.8.1.jar:<repo>/.tmp/besu-home/lib/besu-consensus-qbft-core-26.8.1.jar:<repo>/.tmp/besu-home/lib/besu-consensus-common-26.8.1.jar:<repo>/.tmp/besu-home/lib/besu-ethereum-api-26.8.1.jar:<repo>/.tmp/besu-home/lib/besu-ethereum-referencetests-26.8.1.jar:<repo>/.tmp/besu-home/lib/besu-consensus-merge-26.8.1.jar:<repo>/.tmp/besu-home/lib/besu-ethereum-blockcreation-26.8.1.jar:<repo>/.tmp/besu-home/lib/besu-plugins-rocksdb-26.8.1.jar:<repo>/.tmp/besu-home/lib/besu-ethereum-eth-26.8.1.jar:<repo>/.tmp/besu-home/lib/besu-ethereum-permissioning-26.8.1.jar:<repo>/.tmp/besu-home/lib/besu-ethereum-p2p-26.8.1.jar:<repo>/.tmp/besu-home/lib/besu-ethereum-core-26.8.1.jar:<repo>/.tmp/besu-home/lib/besu-ethereum-core-support-test-26.8.1-test-support.jar:<repo>/.tmp/besu-home/lib/besu-config-26.8.1.jar:<repo>/.tmp/besu-home/lib/besu-ethereum-trie-26.8.1.jar:<repo>/.tmp/besu-home/lib/besu-plugins-health-26.8.1.jar:<repo>/.tmp/besu-home/lib/besu-crypto-services-26.8.1.jar:<repo>/.tmp/besu-home/lib/besu-metrics-rocksdb-26.8.1.jar:<repo>/.tmp/besu-home/lib/besu-services-pipeline-26.8.1.jar:<repo>/.tmp/besu-home/lib/besu-services-tasks-26.8.1.jar:<repo>/.tmp/besu-home/lib/besu-metrics-core-26.8.1.jar:<repo>/.tmp/besu-home/lib/besu-services-kvstore-26.8.1.jar:<repo>/.tmp/besu-home/lib/besu-plugin-api-26.8.1.jar:<repo>/.tmp/besu-home/lib/besu-plugin-api-blockproduction-26.8.1.jar:<repo>/.tmp/besu-home/lib/besu-plugin-api-execution-26.8.1.jar:<repo>/.tmp/besu-home/lib/besu-plugin-api-worldstate-26.8.1.jar:<repo>/.tmp/besu-home/lib/besu-plugin-api-worldstate-backend-26.8.1.jar:<repo>/.tmp/besu-home/lib/besu-evm-26.8.1.jar:<repo>/.tmp/besu-home/lib/besu-plugin-api-storage-26.8.1.jar:<repo>/.tmp/besu-home/lib/besu-plugin-api-metrics-26.8.1.jar:<repo>/.tmp/besu-home/lib/besu-plugin-api-security-26.8.1.jar:<repo>/.tmp/besu-home/lib/besu-plugin-api-permissioning-26.8.1.jar:<repo>/.tmp/besu-home/lib/besu-plugin-api-p2p-26.8.1.jar:<repo>/.tmp/besu-home/lib/besu-plugin-api-txpool-26.8.1.jar:<repo>/.tmp/besu-home/lib/besu-plugin-api-sync-26.8.1.jar:<repo>/.tmp/besu-home/lib/besu-plugin-api-rpc-26.8.1.jar:<repo>/.tmp/besu-home/lib/besu-plugin-api-chain-26.8.1.jar:<repo>/.tmp/besu-home/lib/besu-plugin-api-core-26.8.1.jar:<repo>/.tmp/besu-home/lib/besu-datatypes-26.8.1.jar:<repo>/.tmp/besu-home/lib/besu-nat-26.8.1.jar:<repo>/.tmp/besu-home/lib/besu-ethereum-rlp-26.8.1.jar:<repo>/.tmp/besu-home/lib/besu-util-26.8.1.jar:<repo>/.tmp/besu-home/lib/besu-crypto-algorithms-26.8.1.jar:<repo>/.tmp/besu-home/lib/hibernate-validator-8.0.2.Final.jar:<repo>/.tmp/besu-home/lib/jakarta.validation-api-3.1.1.jar:<repo>/.tmp/besu-home/lib/jackson-datatype-jdk8-2.21.5.jar:<repo>/.tmp/besu-home/lib/jackson-databind-2.21.5.jar:<repo>/.tmp/besu-home/lib/tuweni-net-2.8.0.jar:<repo>/.tmp/besu-home/lib/discovery-26.8.0.jar:<repo>/.tmp/besu-home/lib/tuweni-crypto-2.8.0.jar:<repo>/.tmp/besu-home/lib/tuweni-units-2.8.0.jar:<repo>/.tmp/besu-home/lib/tuweni-rlp-2.8.0.jar:<repo>/.tmp/besu-home/lib/tuweni-bytes-2.8.0.jar:<repo>/.tmp/besu-home/lib/vertx-web-5.1.6.jar:<repo>/.tmp/besu-home/lib/vertx-auth-jwt-5.1.6.jar:<repo>/.tmp/besu-home/lib/vertx-unit-5.1.6.jar:<repo>/.tmp/besu-home/lib/vertx-web-common-5.1.6.jar:<repo>/.tmp/besu-home/lib/vertx-auth-common-5.1.6.jar:<repo>/.tmp/besu-home/lib/vertx-bridge-common-5.1.6.jar:<repo>/.tmp/besu-home/lib/vertx-eventbus-bridge-common-5.1.6.jar:<repo>/.tmp/besu-home/lib/vertx-core-5.1.6.jar:<repo>/.tmp/besu-home/lib/jackson-core-2.21.5.jar:<repo>/.tmp/besu-home/lib/oshi-core-6.10.0.jar:<repo>/.tmp/besu-home/lib/org.jupnp.support-3.0.4.jar:<repo>/.tmp/besu-home/lib/org.jupnp-3.0.4.jar:<repo>/.tmp/besu-home/lib/log4j-slf4j2-impl-2.25.5.jar:<repo>/.tmp/besu-home/lib/graphql-java-22.3.jar:<repo>/.tmp/besu-home/lib/java-dataloader-3.3.0.jar:<repo>/.tmp/besu-home/lib/dnsjava-3.6.4.jar:<repo>/.tmp/besu-home/lib/slf4j-api-2.0.17.jar:<repo>/.tmp/besu-home/lib/grpc-netty-1.79.0.jar:<repo>/.tmp/besu-home/lib/grpc-util-1.79.0.jar:<repo>/.tmp/besu-home/lib/grpc-core-1.79.0.jar:<repo>/.tmp/besu-home/lib/tuweni-io-2.8.0.jar:<repo>/.tmp/besu-home/lib/grpc-context-1.79.0.jar:<repo>/.tmp/besu-home/lib/grpc-api-1.79.0.jar:<repo>/.tmp/besu-home/lib/guava-33.5.0-jre.jar:<repo>/.tmp/besu-home/lib/dagger-2.59.2.jar:<repo>/.tmp/besu-home/lib/caffeine-3.2.3.jar:<repo>/.tmp/besu-home/lib/reactor-core-3.8.6.jar:<repo>/.tmp/besu-home/lib/jspecify-1.0.0.jar:<repo>/.tmp/besu-home/lib/splunk-library-javalogging-1.11.8.jar:<repo>/.tmp/besu-home/lib/gson-2.12.1.jar:<repo>/.tmp/besu-home/lib/error_prone_annotations-2.45.0.jar:<repo>/.tmp/besu-home/lib/opentelemetry-exporter-otlp-1.62.0.jar:<repo>/.tmp/besu-home/lib/opentelemetry-exporter-sender-okhttp-1.62.0.jar:<repo>/.tmp/besu-home/lib/ipaddress-5.6.1.jar:<repo>/.tmp/besu-home/lib/picocli-4.7.7.jar:<repo>/.tmp/besu-home/lib/opentelemetry-semconv-incubating-1.40.0-alpha.jar:<repo>/.tmp/besu-home/lib/opentelemetry-semconv-1.40.0.jar:<repo>/.tmp/besu-home/lib/tuweni-config-2.8.0.jar:<repo>/.tmp/besu-home/lib/tuweni-concurrent-2.8.0.jar:<repo>/.tmp/besu-home/lib/tuweni-toml-2.8.0.jar:<repo>/.tmp/besu-home/lib/javax.inject-1.jar:<repo>/.tmp/besu-home/lib/jna-platform-5.18.1.jar:<repo>/.tmp/besu-home/lib/secp256k1-2.0.0.jar:<repo>/.tmp/besu-home/lib/arithmetic-2.0.0.jar:<repo>/.tmp/besu-home/lib/gnark-2.0.0.jar:<repo>/.tmp/besu-home/lib/boringssl-2.0.0.jar:<repo>/.tmp/besu-home/lib/secp256r1-2.0.0.jar:<repo>/.tmp/besu-home/lib/blake2bf-2.0.0.jar:<repo>/.tmp/besu-home/lib/besu-native-common-2.0.0.jar:<repo>/.tmp/besu-home/lib/jna-5.18.1.jar:<repo>/.tmp/besu-home/lib/antlr4-4.13.2.jar:<repo>/.tmp/besu-home/lib/antlr4-runtime-4.13.2.jar:<repo>/.tmp/besu-home/lib/commons-collections4-4.5.0.jar:<repo>/.tmp/besu-home/lib/commons-lang3-3.20.0.jar:<repo>/.tmp/besu-home/lib/maven-artifact-3.9.15.jar:<repo>/.tmp/besu-home/lib/bcpkix-jdk18on-1.84.jar:<repo>/.tmp/besu-home/lib/abi-5.0.3.jar:<repo>/.tmp/besu-home/lib/utils-5.0.3.jar:<repo>/.tmp/besu-home/lib/bcutil-jdk18on-1.84.jar:<repo>/.tmp/besu-home/lib/bcprov-jdk18on-1.84.jar:<repo>/.tmp/besu-home/lib/jansi-2.4.2.jar:<repo>/.tmp/besu-home/lib/encoder-1.4.0.jar:<repo>/.tmp/besu-home/lib/rocksdbjni-10.6.2.jar:<repo>/.tmp/besu-home/lib/spring-security-crypto-6.4.9.jar:<repo>/.tmp/besu-home/lib/snappy-java-1.1.10.7.jar:<repo>/.tmp/besu-home/lib/jc-kzg-4844-2.1.8.jar:<repo>/.tmp/besu-home/lib/log4j-layout-template-json-2.25.5.jar:<repo>/.tmp/besu-home/lib/log4j-core-2.25.5.jar:<repo>/.tmp/besu-home/lib/log4j-jul-2.25.5.jar:<repo>/.tmp/besu-home/lib/async-profiler-4.0.jar:<repo>/.tmp/besu-home/lib/jackson-annotations-2.21.jar:<repo>/.tmp/besu-home/lib/netty-all-4.2.17.Final.jar:<repo>/.tmp/besu-home/lib/netty-transport-native-epoll-4.2.17.Final.jar:<repo>/.tmp/besu-home/lib/netty-transport-native-epoll-4.2.17.Final-linux-x86_64.jar:<repo>/.tmp/besu-home/lib/netty-transport-native-epoll-4.2.17.Final-linux-aarch_64.jar:<repo>/.tmp/besu-home/lib/netty-transport-native-epoll-4.2.17.Final-linux-riscv64.jar:<repo>/.tmp/besu-home/lib/netty-transport-native-kqueue-4.2.17.Final.jar:<repo>/.tmp/besu-home/lib/netty-transport-native-kqueue-4.2.17.Final-osx-x86_64.jar:<repo>/.tmp/besu-home/lib/netty-transport-native-kqueue-4.2.17.Final-osx-aarch_64.jar:<repo>/.tmp/besu-home/lib/netty-handler-proxy-4.2.17.Final.jar:<repo>/.tmp/besu-home/lib/netty-codec-http2-4.2.17.Final.jar:<repo>/.tmp/besu-home/lib/netty-codec-http-4.2.17.Final.jar:<repo>/.tmp/besu-home/lib/netty-codec-native-quic-4.2.17.Final-linux-x86_64.jar:<repo>/.tmp/besu-home/lib/netty-codec-native-quic-4.2.17.Final-linux-aarch_64.jar:<repo>/.tmp/besu-home/lib/netty-codec-native-quic-4.2.17.Final-osx-x86_64.jar:<repo>/.tmp/besu-home/lib/netty-codec-native-quic-4.2.17.Final-osx-aarch_64.jar:<repo>/.tmp/besu-home/lib/netty-codec-native-quic-4.2.17.Final-windows-x86_64.jar:<repo>/.tmp/besu-home/lib/netty-codec-classes-quic-4.2.17.Final.jar:<repo>/.tmp/besu-home/lib/netty-resolver-dns-native-macos-4.2.17.Final-osx-x86_64.jar:<repo>/.tmp/besu-home/lib/netty-resolver-dns-native-macos-4.2.17.Final-osx-aarch_64.jar:<repo>/.tmp/besu-home/lib/netty-resolver-dns-classes-macos-4.2.17.Final.jar:<repo>/.tmp/besu-home/lib/netty-resolver-dns-4.2.17.Final.jar:<repo>/.tmp/besu-home/lib/netty-handler-4.2.17.Final.jar:<repo>/.tmp/besu-home/lib/netty-transport-classes-epoll-4.2.17.Final.jar:<repo>/.tmp/besu-home/lib/netty-transport-classes-kqueue-4.2.17.Final.jar:<repo>/.tmp/besu-home/lib/netty-transport-native-io_uring-4.2.17.Final-linux-x86_64.jar:<repo>/.tmp/besu-home/lib/netty-transport-native-io_uring-4.2.17.Final-linux-aarch_64.jar:<repo>/.tmp/besu-home/lib/netty-transport-native-io_uring-4.2.17.Final-linux-riscv64.jar:<repo>/.tmp/besu-home/lib/netty-transport-classes-io_uring-4.2.17.Final.jar:<repo>/.tmp/besu-home/lib/netty-transport-native-unix-common-4.2.17.Final.jar:<repo>/.tmp/besu-home/lib/netty-codec-dns-4.2.17.Final.jar:<repo>/.tmp/besu-home/lib/netty-codec-compression-4.2.17.Final.jar:<repo>/.tmp/besu-home/lib/netty-codec-socks-4.2.17.Final.jar:<repo>/.tmp/besu-home/lib/netty-codec-base-4.2.17.Final.jar:<repo>/.tmp/besu-home/lib/netty-transport-4.2.17.Final.jar:<repo>/.tmp/besu-home/lib/netty-buffer-4.2.17.Final.jar:<repo>/.tmp/besu-home/lib/netty-codec-4.2.17.Final.jar:<repo>/.tmp/besu-home/lib/netty-codec-haproxy-4.2.17.Final.jar:<repo>/.tmp/besu-home/lib/netty-codec-http3-4.2.17.Final.jar:<repo>/.tmp/besu-home/lib/netty-codec-memcache-4.2.17.Final.jar:<repo>/.tmp/besu-home/lib/netty-codec-mqtt-4.2.17.Final.jar:<repo>/.tmp/besu-home/lib/netty-codec-redis-4.2.17.Final.jar:<repo>/.tmp/besu-home/lib/netty-codec-smtp-4.2.17.Final.jar:<repo>/.tmp/besu-home/lib/netty-codec-stomp-4.2.17.Final.jar:<repo>/.tmp/besu-home/lib/netty-codec-xml-4.2.17.Final.jar:<repo>/.tmp/besu-home/lib/netty-codec-protobuf-4.2.17.Final.jar:<repo>/.tmp/besu-home/lib/netty-codec-marshalling-4.2.17.Final.jar:<repo>/.tmp/besu-home/lib/netty-resolver-4.2.17.Final.jar:<repo>/.tmp/besu-home/lib/netty-common-4.2.17.Final.jar:<repo>/.tmp/besu-home/lib/netty-handler-ssl-ocsp-4.2.17.Final.jar:<repo>/.tmp/besu-home/lib/netty-transport-rxtx-4.2.17.Final.jar:<repo>/.tmp/besu-home/lib/netty-transport-sctp-4.2.17.Final.jar:<repo>/.tmp/besu-home/lib/netty-transport-udt-4.2.17.Final.jar:<repo>/.tmp/besu-home/lib/netty-tcnative-boringssl-static-2.0.81.Final.jar:<repo>/.tmp/besu-home/lib/netty-tcnative-classes-2.0.81.Final.jar:<repo>/.tmp/besu-home/lib/opentelemetry-extension-trace-propagators-1.62.0.jar:<repo>/.tmp/besu-home/lib/opentelemetry-sdk-extension-autoconfigure-1.62.0.jar:<repo>/.tmp/besu-home/lib/opentelemetry-exporter-otlp-common-1.62.0.jar:<repo>/.tmp/besu-home/lib/opentelemetry-exporter-common-1.62.0.jar:<repo>/.tmp/besu-home/lib/opentelemetry-sdk-extension-autoconfigure-spi-1.62.0.jar:<repo>/.tmp/besu-home/lib/opentelemetry-sdk-1.62.0.jar:<repo>/.tmp/besu-home/lib/opentelemetry-sdk-trace-1.62.0.jar:<repo>/.tmp/besu-home/lib/opentelemetry-sdk-metrics-1.62.0.jar:<repo>/.tmp/besu-home/lib/opentelemetry-sdk-logs-1.62.0.jar:<repo>/.tmp/besu-home/lib/opentelemetry-sdk-common-1.62.0.jar:<repo>/.tmp/besu-home/lib/opentelemetry-api-1.62.0.jar:<repo>/.tmp/besu-home/lib/opentelemetry-context-1.62.0.jar:<repo>/.tmp/besu-home/lib/opentelemetry-common-1.62.0.jar:<repo>/.tmp/besu-home/lib/prometheus-metrics-instrumentation-guava-1.5.0.jar:<repo>/.tmp/besu-home/lib/prometheus-metrics-instrumentation-jvm-1.5.0.jar:<repo>/.tmp/besu-home/lib/prometheus-metrics-core-1.5.0.jar:<repo>/.tmp/besu-home/lib/prometheus-metrics-exporter-httpserver-1.5.0.jar:<repo>/.tmp/besu-home/lib/prometheus-metrics-exporter-pushgateway-1.5.0.jar:<repo>/.tmp/besu-home/lib/prometheus-metrics-exporter-common-1.5.0.jar:<repo>/.tmp/besu-home/lib/prometheus-metrics-exposition-formats-1.5.0.jar:<repo>/.tmp/besu-home/lib/prometheus-metrics-exposition-textformats-1.5.0.jar:<repo>/.tmp/besu-home/lib/prometheus-metrics-model-1.5.0.jar:<repo>/.tmp/besu-home/lib/prometheus-metrics-config-1.5.0.jar:<repo>/.tmp/besu-home/lib/prometheus-metrics-tracer-initializer-1.5.0.jar:<repo>/.tmp/besu-home/lib/prometheus-metrics-tracer-otel-1.5.0.jar:<repo>/.tmp/besu-home/lib/prometheus-metrics-tracer-otel-agent-1.5.0.jar:<repo>/.tmp/besu-home/lib/prometheus-metrics-tracer-common-1.5.0.jar:<repo>/.tmp/besu-home/lib/vertx-codegen-5.1.6.jar:<repo>/.tmp/besu-home/lib/vertx-codegen-json-5.1.6.jar:<repo>/.tmp/besu-home/lib/vertx-codegen-processor-5.1.6.jar:<repo>/.tmp/besu-home/lib/vertx-codegen-api-5.1.6.jar:<repo>/.tmp/besu-home/lib/vertx-core-logging-5.1.6.jar:<repo>/.tmp/besu-home/lib/log4j-api-2.25.5.jar:<repo>/.tmp/besu-home/lib/value-annotations-2.12.1.jar:<repo>/.tmp/besu-home/lib/okhttp-jvm-5.3.2.jar:<repo>/.tmp/besu-home/lib/okio-jvm-3.16.4.jar:<repo>/.tmp/besu-home/lib/kotlin-stdlib-2.4.0.jar:<repo>/.tmp/besu-home/lib/failureaccess-1.0.3.jar:<repo>/.tmp/besu-home/lib/listenablefuture-9999.0-empty-to-avoid-conflict-with-guava.jar:<repo>/.tmp/besu-home/lib/j2objc-annotations-3.1.jar:<repo>/.tmp/besu-home/lib/jakarta.inject-api-2.0.1.jar:<repo>/.tmp/besu-home/lib/reactive-streams-1.0.4.jar:<repo>/.tmp/besu-home/lib/framework-1.3.2.jar:<repo>/.tmp/besu-home/lib/framework-internal-1.3.2.jar:<repo>/.tmp/besu-home/lib/jboss-logging-3.4.3.Final.jar:<repo>/.tmp/besu-home/lib/classmate-1.5.1.jar:<repo>/.tmp/besu-home/lib/jctools-core-4.0.6.jar:<repo>/.tmp/besu-home/lib/animal-sniffer-annotations-1.26.jar:<repo>/.tmp/besu-home/lib/perfmark-api-0.27.0.jar:<repo>/.tmp/besu-home/lib/annotations-4.1.1.4.jar:<repo>/.tmp/besu-home/lib/annotations-13.0.jar:<repo>/.tmp/besu-home/lib/commons-net-3.9.0.jar:<repo>/.tmp/besu-home/lib/plexus-utils-3.6.1.jar:<repo>/.tmp/besu-home/lib/jnr-ffi-2.2.14.jar:<repo>/.tmp/besu-home/lib/commons-codec-1.16.0.jar:<repo>/.tmp/besu-home/lib/ST4-4.3.4.jar:<repo>/.tmp/besu-home/lib/antlr-runtime-3.5.3.jar:<repo>/.tmp/besu-home/lib/org.abego.treelayout.core-1.0.3.jar:<repo>/.tmp/besu-home/lib/icu4j-72.1.jar:<repo>/.tmp/besu-home/lib/jsr305-3.0.2.jar:<repo>/.tmp/besu-home/lib/jffi-1.3.11.jar:<repo>/.tmp/besu-home/lib/jffi-1.3.11-native.jar:<repo>/.tmp/besu-home/lib/asm-commons-9.2.jar:<repo>/.tmp/besu-home/lib/asm-util-9.2.jar:<repo>/.tmp/besu-home/lib/asm-analysis-9.2.jar:<repo>/.tmp/besu-home/lib/asm-tree-9.2.jar:<repo>/.tmp/besu-home/lib/asm-9.2.jar:<repo>/.tmp/besu-home/lib/jnr-a64asm-1.0.0.jar:<repo>/.tmp/besu-home/lib/jnr-x86asm-1.0.2.jar)
[m[2m2026-09-24 18:16:45.130+0200[m[2m | [m[2mmain[m[2m | [m[32mINFO [m[2m | [m[2mBesu[m[2m | [m[32mUsing the Java implementation of the blake2bf algorithm
[m[2m2026-09-24 18:16:45.137+0200[m[2m | [m[2mmain[m[2m | [m[36mDEBUG[m[2m | [m[2mNativeLibrary[m[2m | [m[36mLooking for library '$TMPDIR/boringssl_precompiles@8010300444182490649/libboringssl_precompiles.dylib'
[m[2m2026-09-24 18:16:45.138+0200[m[2m | [m[2mmain[m[2m | [m[36mDEBUG[m[2m | [m[2mNativeLibrary[m[2m | [m[36mAdding paths from jna.library.path: null
[m[2m2026-09-24 18:16:45.138+0200[m[2m | [m[2mmain[m[2m | [m[36mDEBUG[m[2m | [m[2mNativeLibrary[m[2m | [m[36mTrying $TMPDIR/boringssl_precompiles@8010300444182490649/libboringssl_precompiles.dylib
[m[2m2026-09-24 18:16:45.324+0200[m[2m | [m[2mmain[m[2m | [m[36mDEBUG[m[2m | [m[2mNativeLibrary[m[2m | [m[36mFound library '$TMPDIR/boringssl_precompiles@8010300444182490649/libboringssl_precompiles.dylib' at $TMPDIR/boringssl_precompiles@8010300444182490649/libboringssl_precompiles.dylib
[m[2m2026-09-24 18:16:45.345+0200[m[2m | [m[2mmain[m[2m | [m[36mDEBUG[m[2m | [m[2mNativeLibrary[m[2m | [m[36mLooking for library '$TMPDIR/besu_native_ec@5271526242965739094/libbesu_native_ec.dylib'
[m[2m2026-09-24 18:16:45.345+0200[m[2m | [m[2mmain[m[2m | [m[36mDEBUG[m[2m | [m[2mNativeLibrary[m[2m | [m[36mAdding paths from jna.library.path: null
[m[2m2026-09-24 18:16:45.345+0200[m[2m | [m[2mmain[m[2m | [m[36mDEBUG[m[2m | [m[2mNativeLibrary[m[2m | [m[36mTrying $TMPDIR/besu_native_ec@5271526242965739094/libbesu_native_ec.dylib
[m[2m2026-09-24 18:16:45.542+0200[m[2m | [m[2mmain[m[2m | [m[36mDEBUG[m[2m | [m[2mNativeLibrary[m[2m | [m[36mFound library '$TMPDIR/besu_native_ec@5271526242965739094/libbesu_native_ec.dylib' at $TMPDIR/besu_native_ec@5271526242965739094/libbesu_native_ec.dylib
[m[2m2026-09-24 18:16:45.545+0200[m[2m | [m[2mmain[m[2m | [m[32mINFO [m[2m | [m[2mBesu[m[2m | [m[32mUsing the native BoringSSL implementation of p256verify
[m[2m2026-09-24 18:16:45.593+0200[m[2m | [m[2mmain[m[2m | [m[33mWARN [m[2m | [m[2mBesuController[m[2m | [m[33mNo consensus mechanism detected in genesis config, using PoS
[m[2m2026-09-24 18:16:45.600+0200[m[2m | [m[2mmain[m[2m | [m[33mWARN [m[2m | [m[2mBesu[m[2m | [m[33mForcing price bump for transaction replacement to 0, since min-gas-price is set to 0
[m[2m2026-09-24 18:16:45.604+0200[m[2m | [m[2mmain[m[2m | [m[33mWARN [m[2m | [m[2mBesu[m[2m | [m[33mForcing tx-pool-min-gas-price=0, since it cannot be greater than the value of min-gas-price
[m[2m2026-09-24 18:16:45.605+0200[m[2m | [m[2mmain[m[2m | [m[32mINFO [m[2m | [m[2mKeyPairUtil[m[2m | [m[32mAttempting to load public key from <repo>/.tmp/besu-approval-runs/lineth-selector-60588-1790266602/key
[m[2m2026-09-24 18:16:45.611+0200[m[2m | [m[2mmain[m[2m | [m[32mINFO [m[2m | [m[2mKeyPairUtil[m[2m | [m[32mLoaded public key 0x8318535b54105d4a7aae60c08fc45f9687181b4fdfc625bd1a753fa7397fed753547f11ca8696646f2f3acb08e31016afac23e630c5d11f59f61fef57b0d2aa5 from <repo>/.tmp/besu-approval-runs/lineth-selector-60588-1790266602/key
[m[2m2026-09-24 18:16:45.640+0200[m[2m | [m[2mmain[m[2m | [m[36mDEBUG[m[2m | [m[2mProtocolSpecBuilder[m[2m | [m[36mOpcode optimizations enabled for milestone SHANGHAI
[m[2m2026-09-24 18:16:45.658+0200[m[2m | [m[2mmain[m[2m | [m[32mINFO [m[2m | [m[2mProtocolScheduleBuilder[m[2m | [m[32mProtocol schedule created with milestones: [Shanghai:0]
[m[2m2026-09-24 18:16:45.659+0200[m[2m | [m[2mmain[m[2m | [m[32mINFO [m[2m | [m[2mRocksDBKeyValueStorageFactory[m[2m | [m[32mNo existing database at <repo>/.tmp/besu-approval-runs/lineth-selector-60588-1790266602/data. Using default metadata for new db versionedStorageFormat=BaseVersionedStorageFormat{format=BONSAI, version=3}
[m[2m2026-09-24 18:16:45.664+0200[m[2m | [m[2mmain[m[2m | [m[36mDEBUG[m[2m | [m[2mRocksDBKeyValueStorageFactory[m[2m | [m[36mBONSAI mode detected, Using OptimisticTransactionDB.
[m[2m2026-09-24 18:16:46.140+0200[m[2m | [m[2mmain[m[2m | [m[32mINFO [m[2m | [m[2mFlatDbStrategyProvider[m[2m | [m[32mFlat db mode found FULL
[m[2m2026-09-24 18:16:46.141+0200[m[2m | [m[2mmain[m[2m | [m[32mINFO [m[2m | [m[2mFlatDbStrategyProvider[m[2m | [m[32mDB mode with code stored using code hash enabled = true
[m[2m2026-09-24 18:16:46.147+0200[m[2m | [m[2mmain[m[2m | [m[32mINFO [m[2m | [m[2mFlatDbStrategyProvider[m[2m | [m[32mFlat db mode found FULL
[m[2m2026-09-24 18:16:46.147+0200[m[2m | [m[2mmain[m[2m | [m[32mINFO [m[2m | [m[2mFlatDbStrategyProvider[m[2m | [m[32mDB mode with code stored using code hash enabled = true
[m[2m2026-09-24 18:16:46.161+0200[m[2m | [m[2mmain[m[2m | [m[36mDEBUG[m[2m | [m[2mPathBasedWorldState[m[2m | [m[36mPersist world state for block Optional.empty
[m[2m2026-09-24 18:16:46.181+0200[m[2m | [m[2mmain[m[2m | [m[36mDEBUG[m[2m | [m[2mPathBasedWorldState[m[2m | [m[36mPersist world state for block Optional[BlockHeader{number=0, hash=0x206d061bf3b9595e8f05c26af5c9ee14aced73a68878f220ec3d1c8f8fe3fa10, parentHash=0x0000000000000000000000000000000000000000000000000000000000000000, ommersHash=0x1dcc4de8dec75d7aab85b567b6ccd41ad312451b948a7413f0a142fd40d49347, coinbase=0x0000000000000000000000000000000000000000, stateRoot=0xdd43580e35d232b50d00bdb1523ceb982108e8325b3fd90e73f1aef93cb1ce34, transactionsRoot=0x56e81f171bcc55a6ff8345e692c0f86e5b48e01b996cadc001622fb5e363b421, receiptsRoot=0x56e81f171bcc55a6ff8345e692c0f86e5b48e01b996cadc001622fb5e363b421, logsBloom=0x00000000000000000000000000000000000000000000000000000000000000000000000000000000000000000000000000000000000000000000000000000000000000000000000000000000000000000000000000000000000000000000000000000000000000000000000000000000000000000000000000000000000000000000000000000000000000000000000000000000000000000000000000000000000000000000000000000000000000000000000000000000000000000000000000000000000000000000000000000000000000000000000000000000000000000000000000000000000000000000000000000000000000000000000000000000, difficulty=0x0000000000000000000000000000000000000000000000000000000000000001, gasLimit=30000000, gasUsed=0, timestamp=0, extraData=0x, baseFee=0x000000000000000000000000000000000000000000000000000000003b9aca00, mixHashOrPrevRandao=0x0000000000000000000000000000000000000000000000000000000000000000, nonce=0, withdrawalsRoot=0x56e81f171bcc55a6ff8345e692c0f86e5b48e01b996cadc001622fb5e363b421, }]
[m[2m2026-09-24 18:16:46.183+0200[m[2m | [m[2mmain[m[2m | [m[36mDEBUG[m[2m | [m[2mTrieLogManager[m[2m | [m[36mAdding layered world state for 0 (0x206d061bf3b9595e8f05c26af5c9ee14aced73a68878f220ec3d1c8f8fe3fa10)
[m[2m2026-09-24 18:16:46.184+0200[m[2m | [m[2mmain[m[2m | [m[36mDEBUG[m[2m | [m[2mTrieLogManager[m[2m | [m[36mPersisting trie log for block hash 0 (0x206d061bf3b9595e8f05c26af5c9ee14aced73a68878f220ec3d1c8f8fe3fa10) and world state root 0xdd43580e35d232b50d00bdb1523ceb982108e8325b3fd90e73f1aef93cb1ce34
[m[2m2026-09-24 18:16:46.185+0200[m[2m | [m[2mmain[m[2m | [m[36mDEBUG[m[2m | [m[2mPathBasedWorldStateCacheManager[m[2m | [m[36madding layered world state for block 0 (0x206d061bf3b9595e8f05c26af5c9ee14aced73a68878f220ec3d1c8f8fe3fa10), state root hash 0xdd43580e35d232b50d00bdb1523ceb982108e8325b3fd90e73f1aef93cb1ce34
[m[2m2026-09-24 18:16:46.196+0200[m[2m | [m[2mmain[m[2m | [m[32mINFO [m[2m | [m[2mBesuControllerBuilder[m[2m | [m[32mAdding ChainDataPruner to observe block added events
[m[2m2026-09-24 18:16:46.197+0200[m[2m | [m[2mmain[m[2m | [m[32mINFO [m[2m | [m[2mBesuControllerBuilder[m[2m | [m[32mBAL pruning enabled | BALs retained: 113056 | Frequency: 256
[m[2m2026-09-24 18:16:46.213+0200[m[2m | [m[2mmain[m[2m | [m[32mINFO [m[2m | [m[2mTransactionPoolFactory[m[2m | [m[32mEnabling transaction pool
[m[2m2026-09-24 18:16:46.219+0200[m[2m | [m[2mmain[m[2m | [m[36mDEBUG[m[2m | [m[2mMergeBesuControllerBuilder[m[2m | [m[36munable to validate peers with terminal difficulty blocks
[m[2m2026-09-24 18:16:46.219+0200[m[2m | [m[2mmain[m[2m | [m[32mINFO [m[2m | [m[2mEthPeers[m[2m | [m[32mUpdating the default best peer comparator
[m[2m2026-09-24 18:16:46.223+0200[m[2m | [m[2mmain[m[2m | [m[32mINFO [m[2m | [m[2mBesuControllerBuilder[m[2m | [m[32mTTD difficulty is present, creating initial sync for PoS
[m[2m2026-09-24 18:16:46.232+0200[m[2m | [m[2mmain[m[2m | [m[36mDEBUG[m[2m | [m[2mBesuPluginContextImpl[m[2m | [m[36mbeforeExternalServices called on plugin of type ops.approvals.OpsApprovalPlugin.
[m[2m2026-09-24 18:16:46.268+0200[m[2m | [m[2mmain[m[2m | [m[36mDEBUG[m[2m | [m[2mAbstractLineaOptionsPlugin[m[2m | [m[36mConfigured plugin lineth.sequencer.txselection.LineaTransactionSelectorPlugin with configuration: LineaTracerSharedConfiguration[isLimitless=false, countHistoricalBlockHashes=false]
[m[2m2026-09-24 18:16:46.268+0200[m[2m | [m[2mmain[m[2m | [m[36mDEBUG[m[2m | [m[2mAbstractLineaOptionsPlugin[m[2m | [m[36mConfigured plugin lineth.sequencer.txselection.LineaTransactionSelectorPlugin with configuration: LineaL1L2BridgeSharedConfiguration[contract=0x33bf916373159a8c1b54b025202517bfdbb7863d, topic=0xe856c2b8bd4eb0027ce32eeaf595c21b0b6b4644b326e5b7bd80a1cf8db72e6c]
[m[2m2026-09-24 18:16:46.274+0200[m[2m | [m[2mmain[m[2m | [m[36mDEBUG[m[2m | [m[2mAbstractLineaOptionsPlugin[m[2m | [m[36mConfigured plugin lineth.sequencer.txselection.LineaTransactionSelectorPlugin with configuration: LineaTransactionSelectorConfiguration[maxBlockCallDataSize=null, blobSizeLimit=null, compressedBlockHeaderOverhead=1024, overLinesLimitCacheSize=10000, maxGasPerBlock=30000000, maxBundleGasPerBlock=15000000, maxBundlePoolSizeBytes=16777216, eventsDenyListPath=null, eventsDenyList={}, eventsBundleDenyListPath=null, eventsBundleDenyList={}, blobCompressorVersionActivationTimes={V3=-100001-12-31T23:59:59.999999999Z}]
[m[2m2026-09-24 18:16:46.275+0200[m[2m | [m[2mmain[m[2m | [m[36mDEBUG[m[2m | [m[2mAbstractLineaOptionsPlugin[m[2m | [m[36mConfigured plugin lineth.sequencer.txselection.LineaTransactionSelectorPlugin with configuration: LineaRejectedTxReportingConfiguration[rejectedTxEndpoint=null, lineaNodeType=null]
[m[2m2026-09-24 18:16:46.277+0200[m[2m | [m[2mmain[m[2m | [m[36mDEBUG[m[2m | [m[2mAbstractLineaOptionsPlugin[m[2m | [m[36mConfigured plugin lineth.sequencer.txselection.LineaTransactionSelectorPlugin with configuration: LineaLivenessServiceConfiguration[enabled=false, maxBlockAgeSeconds=PT1M, bundleMaxTimestampSurplusSecond=PT12S, contractAddress=null, signerType=WEB3SIGNER, signerUrl=null, signerKeyId=null, signerAddress=null, tlsEnabled=false, tlsKeyStorePath=null, tlsKeyStorePassword=null, tlsTrustStorePath=null, tlsTrustStorePassword=null, gasLimit=100000, gasPrice=7]
[m[2m2026-09-24 18:16:46.277+0200[m[2m | [m[2mmain[m[2m | [m[36mDEBUG[m[2m | [m[2mAbstractLineaOptionsPlugin[m[2m | [m[36mConfigured plugin lineth.sequencer.txselection.LineaTransactionSelectorPlugin with configuration: LineaTracerLineLimitConfiguration[moduleLimitsFilePath=<repo>/.tmp/linea-pkg/linea-besu/package/linea-besu/config/trace-limits.sepolia.toml, moduleLimitsMap={MMIO=4194304, BLOCK_L2_L1_LOGS=16, SHAKIRA_DATA=131072, OOB=524288, PRECOMPILE_MODEXP_EFFECTIVE_CALLS=64, PRECOMPILE_ECRECOVER_EFFECTIVE_CALLS=256, PRECOMPILE_POINT_EVALUATION_FAILURE_EFFECTIVE_CALLS=4, PRECOMPILE_ECMUL_EFFECTIVE_CALLS=80, RLP_TXN_RCPT=131072, PRECOMPILE_BLS_G2_ADD_EFFECTIVE_CALLS=16, EXP=131072, MXP=1048576, PRECOMPILE_BLS_C1_MEMBERSHIP_CALLS=16, EXT=1048576, TXN_DATA=16384, PRECOMPILE_BLS_MAP_FP_TO_G1_EFFECTIVE_CALLS=8, PRECOMPILE_ECADD_EFFECTIVE_CALLS=512, HUB=4194304, BLOCK_HASH=8192, PRECOMPILE_LARGE_MODEXP_EFFECTIVE_CALLS=2, EC_DATA=131072, WCP=524288, PRECOMPILE_BLS_G1_MSM_EFFECTIVE_CALLS=8, EUC=131072, RLP_AUTH=16384, PRECOMPILE_BLS_FINAL_EXPONENTIATIONS=4, PRECOMPILE_P256_VERIFY_EFFECTIVE_CALLS=256, PRECOMPILE_BLS_G1_MEMBERSHIP_CALLS=16, RLP_UTILS=262144, MUL=131072, PRECOMPILE_BLAKE_ROUNDS=0, LOG_INFO=8192, LOG_DATA=131072, RLP_TXN=262144, PRECOMPILE_BLS_G2_MSM_EFFECTIVE_CALLS=8, PRECOMPILE_ECPAIRING_FINAL_EXPONENTIATIONS=32, MMU=2097152, PRECOMPILE_BLS_PAIRING_CHECK_MILLER_LOOPS=16, PRECOMPILE_BLS_C2_MEMBERSHIP_CALLS=16, PRECOMPILE_BLS_MAP_FP2_TO_G2_EFFECTIVE_CALLS=8, BLAKE_MODEXP_DATA=32768, PRECOMPILE_ECPAIRING_G2_MEMBERSHIP_CALLS=128, PRECOMPILE_ECPAIRING_MILLER_LOOPS=128, ADD=524288, PRECOMPILE_SHA2_BLOCKS=400, BLOCK_DATA=8192, ROM_LEX=2048, PRECOMPILE_BLS_G2_MEMBERSHIP_CALLS=16, BLOCK_KECCAK=8192, GAS=131072, RLP_ADDR=8192, BLS_DATA=131072, PRECOMPILE_RIPEMD_BLOCKS=0, MOD=262144, SHF=524288, BLOCK_TRANSACTIONS=300, STP=32768, PRECOMPILE_BLS_POINT_EVALUATION_EFFECTIVE_CALLS=2, PRECOMPILE_BLS_G1_ADD_EFFECTIVE_CALLS=16, PRECOMPILE_BLAKE_EFFECTIVE_CALLS=0, BLOCK_L1_SIZE=120000, TRM=65536, ROM=16777216}]
[m[2m2026-09-24 18:16:46.277+0200[m[2m | [m[2mmain[m[2m | [m[36mDEBUG[m[2m | [m[2mAbstractLineaOptionsPlugin[m[2m | [m[36mConfigured plugin lineth.sequencer.txselection.LineaTransactionSelectorPlugin with configuration: LineaProfitabilityConfiguration(fixedCostWei=0, variableCostWei=0, ethGasPriceWei=0, minMargin=0.0, estimateGasMinMargin=1.0, txPoolMinMargin=0.5, txPoolCheckApiEnabled=true, txPoolCheckP2pEnabled=false, extraDataPricingEnabled=false, extraDataSetMinGasPriceEnabled=true, profitabilityMetricsBuckets=[0.1, 0.3, 0.5, 0.7, 0.9, 1.0, 1.1, 1.2, 1.5, 2.0, 5.0, 10.0], compressedTxCacheSize=10000)
[m[2m2026-09-24 18:16:46.278+0200[m[2m | [m[2mmain[m[2m | [m[36mDEBUG[m[2m | [m[2mAbstractLineaOptionsPlugin[m[2m | [m[36mConfigured plugin lineth.sequencer.txselection.LineaTransactionSelectorPlugin with configuration: LineaTransactionPoolValidatorConfiguration[denyListPath=<repo>/.tmp/linea-pkg/linea-besu/package/linea-besu/config/denylist.sepolia.txt, deniedAddresses=[], bundleOverridingDenyListPath=<repo>/.tmp/linea-pkg/linea-besu/package/linea-besu/config/denylist.sepolia.txt, bundleDeniedAddresses=[], maxTxGasLimit=30000000, maxTxCalldataSize=null, txPoolSimulationCheckApiEnabled=false, txPoolSimulationCheckP2pEnabled=false]
[m[2m2026-09-24 18:16:46.279+0200[m[2m | [m[2mmain[m[2m | [m[36mDEBUG[m[2m | [m[2mAbstractLineaOptionsPlugin[m[2m | [m[36mConfigured plugin lineth.sequencer.txselection.LineaTransactionSelectorPlugin with configuration: LineaRpcConfiguration(estimateGasCompatibilityModeEnabled=false, estimateGasCompatibilityMultiplier=1.2)
[m[2m2026-09-24 18:16:46.279+0200[m[2m | [m[2mmain[m[2m | [m[36mDEBUG[m[2m | [m[2mAbstractLineaOptionsPlugin[m[2m | [m[36mConfigured plugin lineth.sequencer.txselection.LineaTransactionSelectorPlugin with configuration: LineaBundleConfiguration(forwardUrls=[], retryDelayMillis=1000, timeoutMillis=5000)
[m[2m2026-09-24 18:16:46.279+0200[m[2m | [m[2mmain[m[2m | [m[36mDEBUG[m[2m | [m[2mAbstractLineaOptionsPlugin[m[2m | [m[36mConfigured plugin lineth.sequencer.txselection.LineaTransactionSelectorPlugin with configuration: LineaTransactionValidatorConfiguration[blobTxEnabled=false, delegateCodeTxEnabled=true]
[m[2m2026-09-24 18:16:46.280+0200[m[2m | [m[2mmain[m[2m | [m[36mDEBUG[m[2m | [m[2mAbstractLineaOptionsPlugin[m[2m | [m[36mConfigured plugin lineth.sequencer.txselection.LineaTransactionSelectorPlugin with configuration: LineaForcedTransactionConfiguration[statusCacheSize=10000, chainSecurityViolationHoldOffBeforeDeadline=7200]
[m[2m2026-09-24 18:16:46.280+0200[m[2m | [m[2mmain[m[2m | [m[36mDEBUG[m[2m | [m[2mBesuPluginContextImpl[m[2m | [m[36mbeforeExternalServices called on plugin of type lineth.sequencer.txselection.LineaTransactionSelectorPlugin.
[m[2m2026-09-24 18:16:46.280+0200[m[2m | [m[2mmain[m[2m | [m[36mDEBUG[m[2m | [m[2mBesuPluginContextImpl[m[2m | [m[36mPlugin startup complete.
[m[2m2026-09-24 18:16:46.284+0200[m[2m | [m[2mmain[m[2m | [m[32mINFO [m[2m | [m[2mRunnerBuilder[m[2m | [m[32mDetecting NAT service.
[m[2m2026-09-24 18:16:46.297+0200[m[2m | [m[2mmain[m[2m | [m[36mDEBUG[m[2m | [m[2mNioIoHandler[m[2m | [m[36m-Dio.netty.noKeySetOptimization: false
[m[2m2026-09-24 18:16:46.297+0200[m[2m | [m[2mmain[m[2m | [m[36mDEBUG[m[2m | [m[2mNioIoHandler[m[2m | [m[36m-Dio.netty.selectorAutoRebuildThreshold: 512
[m[2m2026-09-24 18:16:46.344+0200[m[2m | [m[2mmain[m[2m | [m[36mDEBUG[m[2m | [m[2mAdaptiveByteBufAllocator[m[2m | [m[36m-Dio.netty.allocator.useCachedMagazinesForNonEventLoopThreads: false
[m[2m2026-09-24 18:16:46.348+0200[m[2m | [m[2mmain[m[2m | [m[36mDEBUG[m[2m | [m[2mRecycler[m[2m | [m[36m-Dio.netty.recycler.maxCapacityPerThread: 4096
[m[2m2026-09-24 18:16:46.348+0200[m[2m | [m[2mmain[m[2m | [m[36mDEBUG[m[2m | [m[2mRecycler[m[2m | [m[36m-Dio.netty.recycler.ratio: 8
[m[2m2026-09-24 18:16:46.348+0200[m[2m | [m[2mmain[m[2m | [m[36mDEBUG[m[2m | [m[2mRecycler[m[2m | [m[36m-Dio.netty.recycler.chunkSize: 32
[m[2m2026-09-24 18:16:46.348+0200[m[2m | [m[2mmain[m[2m | [m[36mDEBUG[m[2m | [m[2mRecycler[m[2m | [m[36m-Dio.netty.recycler.blocking: false
[m[2m2026-09-24 18:16:46.348+0200[m[2m | [m[2mmain[m[2m | [m[36mDEBUG[m[2m | [m[2mRecycler[m[2m | [m[36m-Dio.netty.recycler.batchFastThreadLocalOnly: true
[m[2m2026-09-24 18:16:46.351+0200[m[2m | [m[2mmain[m[2m | [m[36mDEBUG[m[2m | [m[2mByteBufUtil[m[2m | [m[36m-Dio.netty.allocator.type: adaptive
[m[2m2026-09-24 18:16:46.351+0200[m[2m | [m[2mmain[m[2m | [m[36mDEBUG[m[2m | [m[2mByteBufUtil[m[2m | [m[36m-Dio.netty.threadLocalDirectBufferSize: 0
[m[2m2026-09-24 18:16:46.351+0200[m[2m | [m[2mmain[m[2m | [m[36mDEBUG[m[2m | [m[2mByteBufUtil[m[2m | [m[36m-Dio.netty.maxThreadLocalCharBufferSize: 16384
[m[2m2026-09-24 18:16:46.353+0200[m[2m | [m[2mmain[m[2m | [m[36mDEBUG[m[2m | [m[2mAbstractByteBuf[m[2m | [m[36m-Dio.netty.buffer.checkAccessible: true
[m[2m2026-09-24 18:16:46.353+0200[m[2m | [m[2mmain[m[2m | [m[36mDEBUG[m[2m | [m[2mAbstractByteBuf[m[2m | [m[36m-Dio.netty.buffer.checkBounds: true
[m[2m2026-09-24 18:16:46.353+0200[m[2m | [m[2mmain[m[2m | [m[36mDEBUG[m[2m | [m[2mResourceLeakDetectorFactory[m[2m | [m[36mLoaded default ResourceLeakDetector: io.netty.util.ResourceLeakDetector@1e029a04
[m[2m2026-09-24 18:16:46.361+0200[m[2m | [m[2mmain[m[2m | [m[32mINFO [m[2m | [m[2mRunner[m[2m | [m[32mStarting external services ... 
[m[2m2026-09-24 18:16:46.361+0200[m[2m | [m[2mmain[m[2m | [m[32mINFO [m[2m | [m[2mMetricsHttpService[m[2m | [m[32mStarting metrics http service on 127.0.0.1:60845
[m[2m2026-09-24 18:16:46.371+0200[m[2m | [m[2mmain[m[2m | [m[32mINFO [m[2m | [m[2mJsonRpcHttpService[m[2m | [m[32mStarting JSON-RPC service on 127.0.0.1:60843
[m[2m2026-09-24 18:16:46.371+0200[m[2m | [m[2mmain[m[2m | [m[36mDEBUG[m[2m | [m[2mJsonRpcHttpService[m[2m | [m[36mmax number of active connections 4096
[m[2m2026-09-24 18:16:46.396+0200[m[2m | [m[2mmain[m[2m | [m[36mDEBUG[m[2m | [m[2mDefaultChannelId[m[2m | [m[36m-Dio.netty.processId: 65101 (auto-detected)
[m[2m2026-09-24 18:16:46.397+0200[m[2m | [m[2mmain[m[2m | [m[36mDEBUG[m[2m | [m[2mDefaultChannelId[m[2m | [m[36m-Dio.netty.machineId: 5e:e9:1e:ff:fe:48:f5:64 (auto-detected)
[m[2m2026-09-24 18:16:46.403+0200[m[2m | [m[2mmain[m[2m | [m[36mDEBUG[m[2m | [m[2mChannelInitializerExtensions[m[2m | [m[36m-Dio.netty.bootstrap.extensions: null
[m[2m2026-09-24 18:16:46.406+0200[m[2m | [m[2mvert.x-eventloop-thread-1[m[2m | [m[32mINFO [m[2m | [m[2mJsonRpcHttpService[m[2m | [m[32mJSON-RPC service started and listening on 127.0.0.1:60843
[m[2m2026-09-24 18:16:46.406+0200[m[2m | [m[2mmain[m[2m | [m[32mINFO [m[2m | [m[2mEngineJsonRpcService[m[2m | [m[32mStarting JSON-RPC service on 127.0.0.1:60844
[m[2m2026-09-24 18:16:46.406+0200[m[2m | [m[2mmain[m[2m | [m[36mDEBUG[m[2m | [m[2mEngineJsonRpcService[m[2m | [m[36mmax number of active connections 4096
[m[2m2026-09-24 18:16:46.407+0200[m[2m | [m[2mvert.x-eventloop-thread-1[m[2m | [m[32mINFO [m[2m | [m[2mEngineJsonRpcService[m[2m | [m[32mJSON-RPC service started and listening on 127.0.0.1:60844
[m[2m2026-09-24 18:16:46.409+0200[m[2m | [m[2mmain[m[2m | [m[32mINFO [m[2m | [m[2mAutoTransactionLogBloomCachingService[m[2m | [m[32mStarting auto transaction log bloom caching service.
[m[2m2026-09-24 18:16:46.409+0200[m[2m | [m[2mmain[m[2m | [m[32mINFO [m[2m | [m[2mLogBloomCacheMetadata[m[2m | [m[32mLookup cache metadata file in data directory: <repo>/.tmp/besu-approval-runs/lineth-selector-60588-1790266602/data/caches
[m[2m2026-09-24 18:16:46.443+0200[m[2m | [m[2mmain[m[2m | [m[36mDEBUG[m[2m | [m[2mUtils[m[2m | [m[36mEpoll is not available, using Nio.
java.lang.ExceptionInInitializerError
	at io.netty.channel.epoll.Epoll.<clinit>(Epoll.java:42)
	at io.vertx.core.impl.transports.EpollTransport.isAvailable(EpollTransport.java:88)
	at io.vertx.core.impl.transports.TransportLoader.epoll(TransportLoader.java:23)
	at io.vertx.core.transport.Transport.<clinit>(Transport.java:38)
	at io.vertx.core.Vertx$1.bootstrap(Vertx.java:131)
	at io.vertx.core.Vertx$1.build(Vertx.java:141)
	at org.hyperledger.besu.cli.BesuCommand.createVertx(BesuCommand.java:2524)
	at org.hyperledger.besu.cli.BesuCommand.run(BesuCommand.java:1053)
	at picocli.CommandLine.executeUserObject(CommandLine.java:2045)
	at picocli.CommandLine.access$1500(CommandLine.java:148)
	at picocli.CommandLine$RunLast.executeUserObjectOfLastSubcommandWithSameParent(CommandLine.java:2469)
	at picocli.CommandLine$RunLast.handle(CommandLine.java:2461)
	at picocli.CommandLine$RunLast.handle(CommandLine.java:2423)
	at picocli.CommandLine$AbstractParseResultHandler.execute(CommandLine.java:2277)
	at picocli.CommandLine$RunLast.execute(CommandLine.java:2425)
	at picocli.CommandLine.execute(CommandLine.java:2174)
	at org.hyperledger.besu.cli.BesuCommand.lambda$createExecuteTask$0(BesuCommand.java:898)
	at picocli.CommandLine.execute(CommandLine.java:2174)
	at org.hyperledger.besu.cli.BesuCommand.lambda$createPluginRegistrationTask$0(BesuCommand.java:931)
	at picocli.CommandLine.execute(CommandLine.java:2174)
	at org.hyperledger.besu.cli.util.ConfigDefaultValueProviderStrategy.execute(ConfigDefaultValueProviderStrategy.java:58)
	at picocli.CommandLine.execute(CommandLine.java:2174)
	at org.hyperledger.besu.cli.BesuCommand.executeCommandLine(BesuCommand.java:1015)
	at org.hyperledger.besu.cli.BesuCommand.parse(BesuCommand.java:877)
	at org.hyperledger.besu.Besu.main(Besu.java:43)
Caused by: java.lang.IllegalStateException: Only supported on Linux
	at io.netty.channel.epoll.Native.loadNativeLibrary(Native.java:328)
	at io.netty.channel.epoll.Native.<clinit>(Native.java:96)
	... 25 more
[m[2m2026-09-24 18:16:46.470+0200[m[2m | [m[2mmain[m[2m | [m[36mDEBUG[m[2m | [m[2mServerImplBuilder[m[2m | [m[36mUnable to apply census stats
java.lang.ClassNotFoundException: io.grpc.census.InternalCensusStatsAccessor
	at java.base/jdk.internal.loader.BuiltinClassLoader.loadClass(BuiltinClassLoader.java:580)
	at java.base/java.lang.ClassLoader.loadClass(ClassLoader.java:490)
	at java.base/java.lang.Class.forName0(Native Method)
	at java.base/java.lang.Class.forName(Class.java:467)
	at java.base/java.lang.Class.forName(Class.java:458)
	at io.grpc.internal.ServerImplBuilder.getTracerFactories(ServerImplBuilder.java:260)
	at io.grpc.internal.ServerImplBuilder.build(ServerImplBuilder.java:245)
	at io.grpc.ForwardingServerBuilder.build(ForwardingServerBuilder.java:201)
	at ops.approvals.ApprovalServer.start(ApprovalServer.java:109)
	at ops.approvals.OpsApprovalPlugin.doStart(OpsApprovalPlugin.java:191)
	at ops.approvals.OpsApprovalPlugin.start(OpsApprovalPlugin.java:98)
	at org.hyperledger.besu.services.BesuPluginContextImpl.startPlugins(BesuPluginContextImpl.java:272)
	at org.hyperledger.besu.cli.BesuCommand.startPlugins(BesuCommand.java:1431)
	at org.hyperledger.besu.cli.BesuCommand.initialProcess(BesuCommand.java:1107)
	at org.hyperledger.besu.cli.BesuCommand.run(BesuCommand.java:1057)
	at picocli.CommandLine.executeUserObject(CommandLine.java:2045)
	at picocli.CommandLine.access$1500(CommandLine.java:148)
	at picocli.CommandLine$RunLast.executeUserObjectOfLastSubcommandWithSameParent(CommandLine.java:2469)
	at picocli.CommandLine$RunLast.handle(CommandLine.java:2461)
	at picocli.CommandLine$RunLast.handle(CommandLine.java:2423)
	at picocli.CommandLine$AbstractParseResultHandler.execute(CommandLine.java:2277)
	at picocli.CommandLine$RunLast.execute(CommandLine.java:2425)
	at picocli.CommandLine.execute(CommandLine.java:2174)
	at org.hyperledger.besu.cli.BesuCommand.lambda$createExecuteTask$0(BesuCommand.java:898)
	at picocli.CommandLine.execute(CommandLine.java:2174)
	at org.hyperledger.besu.cli.BesuCommand.lambda$createPluginRegistrationTask$0(BesuCommand.java:931)
	at picocli.CommandLine.execute(CommandLine.java:2174)
	at org.hyperledger.besu.cli.util.ConfigDefaultValueProviderStrategy.execute(ConfigDefaultValueProviderStrategy.java:58)
	at picocli.CommandLine.execute(CommandLine.java:2174)
	at org.hyperledger.besu.cli.BesuCommand.executeCommandLine(BesuCommand.java:1015)
	at org.hyperledger.besu.cli.BesuCommand.parse(BesuCommand.java:877)
	at org.hyperledger.besu.Besu.main(Besu.java:43)
[m[2m2026-09-24 18:16:46.470+0200[m[2m | [m[2mmain[m[2m | [m[36mDEBUG[m[2m | [m[2mServerImplBuilder[m[2m | [m[36mUnable to apply census stats
java.lang.ClassNotFoundException: io.grpc.census.InternalCensusTracingAccessor
	at java.base/jdk.internal.loader.BuiltinClassLoader.loadClass(BuiltinClassLoader.java:580)
	at java.base/java.lang.ClassLoader.loadClass(ClassLoader.java:490)
	at java.base/java.lang.Class.forName0(Native Method)
	at java.base/java.lang.Class.forName(Class.java:467)
	at java.base/java.lang.Class.forName(Class.java:458)
	at io.grpc.internal.ServerImplBuilder.getTracerFactories(ServerImplBuilder.java:292)
	at io.grpc.internal.ServerImplBuilder.build(ServerImplBuilder.java:245)
	at io.grpc.ForwardingServerBuilder.build(ForwardingServerBuilder.java:201)
	at ops.approvals.ApprovalServer.start(ApprovalServer.java:109)
	at ops.approvals.OpsApprovalPlugin.doStart(OpsApprovalPlugin.java:191)
	at ops.approvals.OpsApprovalPlugin.start(OpsApprovalPlugin.java:98)
	at org.hyperledger.besu.services.BesuPluginContextImpl.startPlugins(BesuPluginContextImpl.java:272)
	at org.hyperledger.besu.cli.BesuCommand.startPlugins(BesuCommand.java:1431)
	at org.hyperledger.besu.cli.BesuCommand.initialProcess(BesuCommand.java:1107)
	at org.hyperledger.besu.cli.BesuCommand.run(BesuCommand.java:1057)
	at picocli.CommandLine.executeUserObject(CommandLine.java:2045)
	at picocli.CommandLine.access$1500(CommandLine.java:148)
	at picocli.CommandLine$RunLast.executeUserObjectOfLastSubcommandWithSameParent(CommandLine.java:2469)
	at picocli.CommandLine$RunLast.handle(CommandLine.java:2461)
	at picocli.CommandLine$RunLast.handle(CommandLine.java:2423)
	at picocli.CommandLine$AbstractParseResultHandler.execute(CommandLine.java:2277)
	at picocli.CommandLine$RunLast.execute(CommandLine.java:2425)
	at picocli.CommandLine.execute(CommandLine.java:2174)
	at org.hyperledger.besu.cli.BesuCommand.lambda$createExecuteTask$0(BesuCommand.java:898)
	at picocli.CommandLine.execute(CommandLine.java:2174)
	at org.hyperledger.besu.cli.BesuCommand.lambda$createPluginRegistrationTask$0(BesuCommand.java:931)
	at picocli.CommandLine.execute(CommandLine.java:2174)
	at org.hyperledger.besu.cli.util.ConfigDefaultValueProviderStrategy.execute(ConfigDefaultValueProviderStrategy.java:58)
	at picocli.CommandLine.execute(CommandLine.java:2174)
	at org.hyperledger.besu.cli.BesuCommand.executeCommandLine(BesuCommand.java:1015)
	at org.hyperledger.besu.cli.BesuCommand.parse(BesuCommand.java:877)
	at org.hyperledger.besu.Besu.main(Besu.java:43)
[m[2m2026-09-24 18:16:46.473+0200[m[2m | [m[2mmain[m[2m | [m[36mDEBUG[m[2m | [m[2mPooledByteBufAllocator[m[2m | [m[36m-Dio.netty.allocator.numHeapArenas: 24
[m[2m2026-09-24 18:16:46.473+0200[m[2m | [m[2mmain[m[2m | [m[36mDEBUG[m[2m | [m[2mPooledByteBufAllocator[m[2m | [m[36m-Dio.netty.allocator.numDirectArenas: 24
[m[2m2026-09-24 18:16:46.473+0200[m[2m | [m[2mmain[m[2m | [m[36mDEBUG[m[2m | [m[2mPooledByteBufAllocator[m[2m | [m[36m-Dio.netty.allocator.pageSize: 8192
[m[2m2026-09-24 18:16:46.473+0200[m[2m | [m[2mmain[m[2m | [m[36mDEBUG[m[2m | [m[2mPooledByteBufAllocator[m[2m | [m[36m-Dio.netty.allocator.maxOrder: 9
[m[2m2026-09-24 18:16:46.473+0200[m[2m | [m[2mmain[m[2m | [m[36mDEBUG[m[2m | [m[2mPooledByteBufAllocator[m[2m | [m[36m-Dio.netty.allocator.chunkSize: 4194304
[m[2m2026-09-24 18:16:46.473+0200[m[2m | [m[2mmain[m[2m | [m[36mDEBUG[m[2m | [m[2mPooledByteBufAllocator[m[2m | [m[36m-Dio.netty.allocator.smallCacheSize: 256
[m[2m2026-09-24 18:16:46.473+0200[m[2m | [m[2mmain[m[2m | [m[36mDEBUG[m[2m | [m[2mPooledByteBufAllocator[m[2m | [m[36m-Dio.netty.allocator.normalCacheSize: 64
[m[2m2026-09-24 18:16:46.473+0200[m[2m | [m[2mmain[m[2m | [m[36mDEBUG[m[2m | [m[2mPooledByteBufAllocator[m[2m | [m[36m-Dio.netty.allocator.maxCachedBufferCapacity: 32768
[m[2m2026-09-24 18:16:46.474+0200[m[2m | [m[2mmain[m[2m | [m[36mDEBUG[m[2m | [m[2mPooledByteBufAllocator[m[2m | [m[36m-Dio.netty.allocator.cacheTrimInterval: 8192
[m[2m2026-09-24 18:16:46.474+0200[m[2m | [m[2mmain[m[2m | [m[36mDEBUG[m[2m | [m[2mPooledByteBufAllocator[m[2m | [m[36m-Dio.netty.allocator.cacheTrimIntervalMillis: 0
[m[2m2026-09-24 18:16:46.474+0200[m[2m | [m[2mmain[m[2m | [m[36mDEBUG[m[2m | [m[2mPooledByteBufAllocator[m[2m | [m[36m-Dio.netty.allocator.useCacheForAllThreads: false
[m[2m2026-09-24 18:16:46.474+0200[m[2m | [m[2mmain[m[2m | [m[36mDEBUG[m[2m | [m[2mPooledByteBufAllocator[m[2m | [m[36m-Dio.netty.allocator.maxCachedByteBuffersPerChunk: 1023
[m[2m2026-09-24 18:16:46.474+0200[m[2m | [m[2mmain[m[2m | [m[36mDEBUG[m[2m | [m[2mPooledByteBufAllocator[m[2m | [m[36m-Dio.netty.allocator.disableCacheFinalizersForFastThreadLocalThreads: false
[m[2m2026-09-24 18:16:46.476+0200[m[2m | [m[2mmain[m[2m | [m[36mDEBUG[m[2m | [m[2mUtils[m[2m | [m[36mUsing custom allocator: forceHeapBuffer=false, defaultPreferDirect=true
[m[2m2026-09-24 18:16:46.476+0200[m[2m | [m[2mmain[m[2m | [m[36mDEBUG[m[2m | [m[2mUtils[m[2m | [m[36mCreating allocator, preferDirect=true
[m[2m2026-09-24 18:16:46.476+0200[m[2m | [m[2mmain[m[2m | [m[36mDEBUG[m[2m | [m[2mUtils[m[2m | [m[36mForcing maxOrder=8
[m[2m2026-09-24 18:16:46.477+0200[m[2m | [m[2mmain[m[2m | [m[36mDEBUG[m[2m | [m[2mUtils[m[2m | [m[36mUsing custom allocator: forceHeapBuffer=false, defaultPreferDirect=true
[m[2m2026-09-24 18:16:46.480+0200[m[2m | [m[2mmain[m[2m | [m[32mINFO [m[2m | [m[2mOpsApprovalPlugin[m[2m | [m[32mOPS approval gate active: listen=127.0.0.1:60846 port=60846 boot_id=dc09956134eb97b7d7d86afc42f69a67 chain=31337 trusted_keys=[default] wait_ms=2000 capacity=100000 max_ttl_ms=3600000 allowed_sources=127.0.0.1/32 max_connections=32
[m[2m2026-09-24 18:16:46.480+0200[m[2m | [m[2mmain[m[2m | [m[36mDEBUG[m[2m | [m[2mBesuPluginContextImpl[m[2m | [m[36mStarted plugin of type ops.approvals.OpsApprovalPlugin.
[m[2m2026-09-24 18:16:46.492+0200[m[2m | [m[2mmain[m[2m | [m[36mDEBUG[m[2m | [m[2mNative[m[2m | [m[36mLooking in classpath from java.net.URLClassLoader@444cc791 for blob_compressor_jna_v4.0.1
[m[2m2026-09-24 18:16:46.492+0200[m[2m | [m[2mmain[m[2m | [m[36mDEBUG[m[2m | [m[2mNative[m[2m | [m[36mFound library resource at jar:file:<repo>/.tmp/besu-home/plugins/blob-compressor-4.0.1.jar!/darwin-aarch64/libblob_compressor_jna_v4.0.1.dylib
[m[2m2026-09-24 18:16:46.492+0200[m[2m | [m[2mmain[m[2m | [m[36mDEBUG[m[2m | [m[2mNative[m[2m | [m[36mExtracting library to ~/Library/Caches/JNA/temp/jna7896659339958666140.tmp
[m[2m2026-09-24 18:16:46.529+0200[m[2m | [m[2mvert.x-eventloop-thread-1[m[2m | [m[36mDEBUG[m[2m | [m[2mBrotli[m[2m | [m[36mbrotli4j not in the classpath; Brotli support will be unavailable.
[m[2m2026-09-24 18:16:46.529+0200[m[2m | [m[2mvert.x-eventloop-thread-1[m[2m | [m[36mDEBUG[m[2m | [m[2mZstd[m[2m | [m[36mzstd-jni not in the classpath; Zstd support will be unavailable.
[m[2m2026-09-24 18:16:46.531+0200[m[2m | [m[2mmain[m[2m | [m[36mDEBUG[m[2m | [m[2mNativeLibrary[m[2m | [m[36mLooking for library '~/Library/Caches/JNA/temp/jna7896659339958666140.tmp'
[m[2m2026-09-24 18:16:46.531+0200[m[2m | [m[2mmain[m[2m | [m[36mDEBUG[m[2m | [m[2mNativeLibrary[m[2m | [m[36mAdding paths from jna.library.path: null
[m[2m2026-09-24 18:16:46.531+0200[m[2m | [m[2mmain[m[2m | [m[36mDEBUG[m[2m | [m[2mNativeLibrary[m[2m | [m[36mTrying ~/Library/Caches/JNA/temp/jna7896659339958666140.tmp
[m[2m2026-09-24 18:16:46.550+0200[m[2m | [m[2mvert.x-eventloop-thread-1[m[2m | [m[36mDEBUG[m[2m | [m[2mZlibCodecFactory[m[2m | [m[36m-Dio.netty.noJdkZlibDecoder: false
[m[2m2026-09-24 18:16:46.551+0200[m[2m | [m[2mvert.x-eventloop-thread-1[m[2m | [m[36mDEBUG[m[2m | [m[2mZlibCodecFactory[m[2m | [m[36m-Dio.netty.noJdkZlibEncoder: false
[m[2m2026-09-24 18:16:46.551+0200[m[2m | [m[2mvert.x-eventloop-thread-1[m[2m | [m[36mDEBUG[m[2m | [m[2mZlibCodecFactory[m[2m | [m[36mJZlib not in the classpath; the only window bits supported value will be 15
[m[2m2026-09-24 18:16:46.551+0200[m[2m | [m[2mvert.x-eventloop-thread-1[m[2m | [m[36mDEBUG[m[2m | [m[2mJsonRpcHttpService[m[2m | [m[36mOpened connection from 127.0.0.1:60917. Total of active connections: 1/4096
[m[2m2026-09-24 18:16:46.565+0200[m[2m | [m[2mvert.x-eventloop-thread-1[m[2m | [m[36mDEBUG[m[2m | [m[2mJacksonFactory[m[2m | [m[36mUsing io.vertx.core.json.DatabindCodec
[m[2m2026-09-24 18:16:46.635+0200[m[2m | [m[2mops-approval-io-3-1[m[2m | [m[36mDEBUG[m[2m | [m[2mNettyServerHandler[m[2m | [m[36m[id: 0x14a618b7, L:/127.0.0.1:60846 - R:/127.0.0.1:60919] OUTBOUND SETTINGS: ack=false settings={=32, =1048576, =8192}
[m[2m2026-09-24 18:16:46.640+0200[m[2m | [m[2mops-approval-io-3-1[m[2m | [m[36mDEBUG[m[2m | [m[2mNettyServerHandler[m[2m | [m[36m[id: 0x14a618b7, L:/127.0.0.1:60846 - R:/127.0.0.1:60919] OUTBOUND WINDOW_UPDATE: streamId=0 windowSizeIncrement=983041
[m[2m2026-09-24 18:16:46.642+0200[m[2m | [m[2mops-approval-io-3-1[m[2m | [m[36mDEBUG[m[2m | [m[2mNettyServerHandler[m[2m | [m[36m[id: 0x14a618b7, L:/127.0.0.1:60846 - R:/127.0.0.1:60919] INBOUND SETTINGS: ack=false settings={}
[m[2m2026-09-24 18:16:46.643+0200[m[2m | [m[2mops-approval-io-3-1[m[2m | [m[36mDEBUG[m[2m | [m[2mNettyServerHandler[m[2m | [m[36m[id: 0x14a618b7, L:/127.0.0.1:60846 - R:/127.0.0.1:60919] OUTBOUND SETTINGS: ack=true
[m[2m2026-09-24 18:16:46.643+0200[m[2m | [m[2mops-approval-io-3-1[m[2m | [m[36mDEBUG[m[2m | [m[2mNettyServerHandler[m[2m | [m[36m[id: 0x14a618b7, L:/127.0.0.1:60846 - R:/127.0.0.1:60919] INBOUND SETTINGS: ack=true
[m[2m2026-09-24 18:16:46.645+0200[m[2m | [m[2mops-approval-io-3-1[m[2m | [m[36mDEBUG[m[2m | [m[2mNettyServerHandler[m[2m | [m[36m[id: 0x14a618b7, L:/127.0.0.1:60846 - R:/127.0.0.1:60919] INBOUND HEADERS: streamId=1 headers=GrpcHttp2RequestHeaders[:path: /ops.approvals.v1.ApprovalDelivery/Status, :authority: 127.0.0.1:60846, :method: POST, :scheme: http, te: trailers, content-type: application/grpc, user-agent: grpc-go/1.82.1, grpc-timeout: 1968987u] padding=0 endStream=false
[m[2m2026-09-24 18:16:46.654+0200[m[2m | [m[2mops-approval-call-1[m[2m | [m[36mDEBUG[m[2m | [m[2mContext[m[2m | [m[36mStorage override doesn't exist. Using default
java.lang.ClassNotFoundException: io.grpc.override.ContextStorageOverride
	at java.base/jdk.internal.loader.BuiltinClassLoader.loadClass(BuiltinClassLoader.java:580)
	at java.base/java.lang.ClassLoader.loadClass(ClassLoader.java:490)
	at java.base/java.lang.Class.forName0(Native Method)
	at java.base/java.lang.Class.forName(Class.java:467)
	at java.base/java.lang.Class.forName(Class.java:458)
	at io.grpc.Context$LazyStorage.createStorage(Context.java:129)
	at io.grpc.Context$LazyStorage.<clinit>(Context.java:118)
	at io.grpc.Context.storage(Context.java:106)
	at io.grpc.Context.attach(Context.java:427)
	at io.grpc.Context$CancellableContext.attach(Context.java:714)
	at io.grpc.internal.ContextRunnable.run(ContextRunnable.java:35)
	at io.grpc.internal.SerializingExecutor.run(SerializingExecutor.java:133)
	at java.base/java.util.concurrent.ThreadPoolExecutor.runWorker(ThreadPoolExecutor.java:1090)
	at java.base/java.util.concurrent.ThreadPoolExecutor$Worker.run(ThreadPoolExecutor.java:614)
	at java.base/java.lang.Thread.run(Thread.java:1474)
[m[2m2026-09-24 18:16:46.657+0200[m[2m | [m[2mops-approval-io-3-1[m[2m | [m[36mDEBUG[m[2m | [m[2mNettyServerHandler[m[2m | [m[36m[id: 0x14a618b7, L:/127.0.0.1:60846 - R:/127.0.0.1:60919] INBOUND DATA: streamId=1 padding=0 endStream=true length=5 bytes=0000000000
[m[2m2026-09-24 18:16:46.657+0200[m[2m | [m[2mops-approval-io-3-1[m[2m | [m[36mDEBUG[m[2m | [m[2mNettyServerHandler[m[2m | [m[36m[id: 0x14a618b7, L:/127.0.0.1:60846 - R:/127.0.0.1:60919] OUTBOUND PING: ack=false bytes=1234
[m[2m2026-09-24 18:16:46.659+0200[m[2m | [m[2mops-approval-io-3-1[m[2m | [m[36mDEBUG[m[2m | [m[2mNettyServerHandler[m[2m | [m[36m[id: 0x14a618b7, L:/127.0.0.1:60846 - R:/127.0.0.1:60919] INBOUND PING: ack=true bytes=1234
[m[2m2026-09-24 18:16:46.659+0200[m[2m | [m[2mops-approval-io-3-1[m[2m | [m[36mDEBUG[m[2m | [m[2mNettyServerHandler[m[2m | [m[36mWindow: 1.048.576
[m[2m2026-09-24 18:16:46.666+0200[m[2m | [m[2mops-approval-io-3-1[m[2m | [m[36mDEBUG[m[2m | [m[2mNettyServerHandler[m[2m | [m[36m[id: 0x14a618b7, L:/127.0.0.1:60846 - R:/127.0.0.1:60919] OUTBOUND HEADERS: streamId=1 headers=GrpcHttp2OutboundHeaders[:status: 200, content-type: application/grpc, grpc-encoding: identity, grpc-accept-encoding: gzip] padding=0 endStream=false
[m[2m2026-09-24 18:16:46.668+0200[m[2m | [m[2mops-approval-io-3-1[m[2m | [m[36mDEBUG[m[2m | [m[2mNettyServerHandler[m[2m | [m[36m[id: 0x14a618b7, L:/127.0.0.1:60846 - R:/127.0.0.1:60919] OUTBOUND DATA: streamId=1 padding=0 endStream=false length=64 bytes=000000003b0a20646330393935363133346562393762376437643836616663343266363961363710e9f4011a0764656661756c742080dddb0128a08d0630d00f
[m[2m2026-09-24 18:16:46.668+0200[m[2m | [m[2mops-approval-io-3-1[m[2m | [m[36mDEBUG[m[2m | [m[2mNettyServerHandler[m[2m | [m[36m[id: 0x14a618b7, L:/127.0.0.1:60846 - R:/127.0.0.1:60919] OUTBOUND HEADERS: streamId=1 headers=GrpcHttp2OutboundHeaders[grpc-status: 0] padding=0 endStream=true
[m[2m2026-09-24 18:16:46.669+0200[m[2m | [m[2mops-approval-io-3-1[m[2m | [m[36mDEBUG[m[2m | [m[2mNettyServerHandler[m[2m | [m[36m[id: 0x14a618b7, L:/127.0.0.1:60846 - R:/127.0.0.1:60919] INBOUND WINDOW_UPDATE: streamId=0 windowSizeIncrement=64
[m[2m2026-09-24 18:16:46.669+0200[m[2m | [m[2mops-approval-io-3-1[m[2m | [m[36mDEBUG[m[2m | [m[2mNettyServerHandler[m[2m | [m[36m[id: 0x14a618b7, L:/127.0.0.1:60846 - R:/127.0.0.1:60919] INBOUND PING: ack=false bytes=145258749040133895
[m[2m2026-09-24 18:16:46.669+0200[m[2m | [m[2mops-approval-io-3-1[m[2m | [m[36mDEBUG[m[2m | [m[2mNettyServerHandler[m[2m | [m[36m[id: 0x14a618b7, L:/127.0.0.1:60846 - R:/127.0.0.1:60919] OUTBOUND PING: ack=true bytes=145258749040133895
[m[2m2026-09-24 18:16:46.769+0200[m[2m | [m[2mmain[m[2m | [m[36mDEBUG[m[2m | [m[2mNativeLibrary[m[2m | [m[36mFound library '~/Library/Caches/JNA/temp/jna7896659339958666140.tmp' at ~/Library/Caches/JNA/temp/jna7896659339958666140.tmp
[m[2m2026-09-24 18:16:46.799+0200[m[2m | [m[2mmain[m[2m | [m[32mINFO [m[2m | [m[2mAbstractLineaRequiredPlugin[m[2m | [m[32mStarting Linea plugin lineth.sequencer.txselection.LineaTransactionSelectorPlugin
[m[2m2026-09-24 18:16:46.800+0200[m[2m | [m[2mmain[m[2m | [m[36mDEBUG[m[2m | [m[2mBesuPluginContextImpl[m[2m | [m[36mStarted plugin of type lineth.sequencer.txselection.LineaTransactionSelectorPlugin.
[m[2m2026-09-24 18:16:46.800+0200[m[2m | [m[2mmain[m[2m | [m[36mDEBUG[m[2m | [m[2mBesuPluginContextImpl[m[2m | [m[36mPlugin startup complete.
[m[2m2026-09-24 18:16:46.800+0200[m[2m | [m[2mmain[m[2m | [m[32mINFO [m[2m | [m[2mRunner[m[2m | [m[32mStarting Ethereum main loop ... 
[m[2m2026-09-24 18:16:46.801+0200[m[2m | [m[2mmain[m[2m | [m[32mINFO [m[2m | [m[2mNatService[m[2m | [m[32mNo NAT environment detected so no service could be started
[m[2m2026-09-24 18:16:46.801+0200[m[2m | [m[2mmain[m[2m | [m[32mINFO [m[2m | [m[2mNetworkRunner[m[2m | [m[32mStarting Network.
[m[2m2026-09-24 18:16:46.804+0200[m[2m | [m[2mmain[m[2m | [m[32mINFO [m[2m | [m[2mNetworkRunner[m[2m | [m[32mSupported capabilities: [eth/68, eth/69, eth/70, eth/71], [snap/1]
[m[2m2026-09-24 18:16:46.804+0200[m[2m | [m[2mmain[m[2m | [m[32mINFO [m[2m | [m[2mRunner[m[2m | [m[32mEthereum main loop is up.
[m[2m2026-09-24 18:16:47.209+0200[m[2m | [m[2mvert.x-eventloop-thread-1[m[2m | [m[36mDEBUG[m[2m | [m[2mJsonRpcHttpService[m[2m | [m[36mOpened connection from 127.0.0.1:60920. Total of active connections: 2/4096
[m[2m2026-09-24 18:16:47.213+0200[m[2m | [m[2mvert.x-eventloop-thread-1[m[2m | [m[36mDEBUG[m[2m | [m[2mJdkZlibEncoder[m[2m | [m[36m-Dio.netty.jdkzlib.encoder.maxInitialOutputBufferSize=65536
[m[2m2026-09-24 18:16:47.213+0200[m[2m | [m[2mvert.x-eventloop-thread-1[m[2m | [m[36mDEBUG[m[2m | [m[2mJdkZlibEncoder[m[2m | [m[36m-Dio.netty.jdkzlib.encoder.maxInputBufferSize=65536
[m[2m2026-09-24 18:16:47.228+0200[m[2m | [m[2mvert.x-worker-thread-4[m[2m | [m[36mDEBUG[m[2m | [m[2mTransactionSimulator[m[2m | [m[36mapplying overrides to state for account 0x70997970c51812dc3a010c7d01b50e0d17dc79c8
[m[2m2026-09-24 18:16:47.251+0200[m[2m | [m[2mops-approval-io-3-1[m[2m | [m[36mDEBUG[m[2m | [m[2mNettyServerHandler[m[2m | [m[36m[id: 0x14a618b7, L:/127.0.0.1:60846 - R:/127.0.0.1:60919] INBOUND HEADERS: streamId=3 headers=GrpcHttp2RequestHeaders[:path: /ops.approvals.v1.ApprovalDelivery/Deliver, :authority: 127.0.0.1:60846, :method: POST, :scheme: http, te: trailers, content-type: application/grpc, user-agent: grpc-go/1.82.1, grpc-timeout: 1999980u] padding=0 endStream=false
[m[2m2026-09-24 18:16:47.251+0200[m[2m | [m[2mops-approval-io-3-1[m[2m | [m[36mDEBUG[m[2m | [m[2mNettyServerHandler[m[2m | [m[36m[id: 0x14a618b7, L:/127.0.0.1:60846 - R:/127.0.0.1:60919] INBOUND DATA: streamId=3 padding=0 endStream=true length=242 bytes=00000000ed0aea014f50535f415050524f56414c5f42415443485f5632000764656661756c74000001a0d4348692000001a0d43dae52000000014f50535f4150...
[m[2m2026-09-24 18:16:47.259+0200[m[2m | [m[2mops-approval-io-3-1[m[2m | [m[36mDEBUG[m[2m | [m[2mNettyServerHandler[m[2m | [m[36m[id: 0x14a618b7, L:/127.0.0.1:60846 - R:/127.0.0.1:60919] OUTBOUND HEADERS: streamId=3 headers=GrpcHttp2OutboundHeaders[:status: 200, content-type: application/grpc, grpc-encoding: identity, grpc-accept-encoding: gzip] padding=0 endStream=false
[m[2m2026-09-24 18:16:47.259+0200[m[2m | [m[2mops-approval-io-3-1[m[2m | [m[36mDEBUG[m[2m | [m[2mNettyServerHandler[m[2m | [m[36m[id: 0x14a618b7, L:/127.0.0.1:60846 - R:/127.0.0.1:60919] OUTBOUND DATA: streamId=3 padding=0 endStream=false length=41 bytes=00000000240a2064633039393536313334656239376237643764383661666334326636396136371001
[m[2m2026-09-24 18:16:47.259+0200[m[2m | [m[2mops-approval-io-3-1[m[2m | [m[36mDEBUG[m[2m | [m[2mNettyServerHandler[m[2m | [m[36m[id: 0x14a618b7, L:/127.0.0.1:60846 - R:/127.0.0.1:60919] OUTBOUND HEADERS: streamId=3 headers=GrpcHttp2OutboundHeaders[grpc-status: 0] padding=0 endStream=true
[m[2m2026-09-24 18:16:47.260+0200[m[2m | [m[2mops-approval-io-3-1[m[2m | [m[36mDEBUG[m[2m | [m[2mNettyServerHandler[m[2m | [m[36m[id: 0x14a618b7, L:/127.0.0.1:60846 - R:/127.0.0.1:60919] INBOUND WINDOW_UPDATE: streamId=0 windowSizeIncrement=41
[m[2m2026-09-24 18:16:47.260+0200[m[2m | [m[2mops-approval-io-3-1[m[2m | [m[36mDEBUG[m[2m | [m[2mNettyServerHandler[m[2m | [m[36m[id: 0x14a618b7, L:/127.0.0.1:60846 - R:/127.0.0.1:60919] INBOUND PING: ack=false bytes=145258749040133895
[m[2m2026-09-24 18:16:47.260+0200[m[2m | [m[2mops-approval-io-3-1[m[2m | [m[36mDEBUG[m[2m | [m[2mNettyServerHandler[m[2m | [m[36m[id: 0x14a618b7, L:/127.0.0.1:60846 - R:/127.0.0.1:60919] OUTBOUND PING: ack=true bytes=145258749040133895
[m[2m2026-09-24 18:16:47.474+0200[m[2m | [m[2mvert.x-eventloop-thread-1[m[2m | [m[36mDEBUG[m[2m | [m[2mEngineJsonRpcService[m[2m | [m[36mOpened connection from 127.0.0.1:60933. Total of active connections: 1/4096
[m[2m2026-09-24 18:16:47.484+0200[m[2m | [m[2mengine-ordered-execution-0[m[2m | [m[36mDEBUG[m[2m | [m[2mEngineForkchoiceUpdatedV2[m[2m | [m[36mForkchoice parameters headBlockHash=0x206d061bf3b9595e8f05c26af5c9ee14aced73a68878f220ec3d1c8f8fe3fa10, safeBlockHash=0x206d061bf3b9595e8f05c26af5c9ee14aced73a68878f220ec3d1c8f8fe3fa10, finalizedBlockHash=0x206d061bf3b9595e8f05c26af5c9ee14aced73a68878f220ec3d1c8f8fe3fa10
[m[2m2026-09-24 18:16:47.485+0200[m[2m | [m[2mengine-ordered-execution-0[m[2m | [m[36mDEBUG[m[2m | [m[2mEngineForkchoiceUpdatedV2[m[2m | [m[36mPayload attributes Optional[org.hyperledger.besu.ethereum.api.jsonrpc.internal.parameters.PayloadAttributesV2@235005e]
[m[2m2026-09-24 18:16:47.485+0200[m[2m | [m[2mengine-ordered-execution-0[m[2m | [m[36mDEBUG[m[2m | [m[2mAbstractForkchoicePivotSelector[m[2m | [m[36mReceived new FCU ForkchoiceEvent{headBlockHash=0x206d061bf3b9595e8f05c26af5c9ee14aced73a68878f220ec3d1c8f8fe3fa10, safeBlockHash=0x206d061bf3b9595e8f05c26af5c9ee14aced73a68878f220ec3d1c8f8fe3fa10, finalizedBlockHash=0x206d061bf3b9595e8f05c26af5c9ee14aced73a68878f220ec3d1c8f8fe3fa10}
[m[2m2026-09-24 18:16:47.486+0200[m[2m | [m[2mengine-ordered-execution-0[m[2m | [m[36mDEBUG[m[2m | [m[2mMergeCoordinator[m[2m | [m[36mBlockHeader 0 (0x206d061bf3b9595e8f05c26af5c9ee14aced73a68878f220ec3d1c8f8fe3fa10) is already present in blockchain
[m[2m2026-09-24 18:16:47.486+0200[m[2m | [m[2mengine-ordered-execution-0[m[2m | [m[36mDEBUG[m[2m | [m[2mMergeCoordinator[m[2m | [m[36mchecking if block 0 (0x206d061bf3b9595e8f05c26af5c9ee14aced73a68878f220ec3d1c8f8fe3fa10) is ancestor of 0 (0x206d061bf3b9595e8f05c26af5c9ee14aced73a68878f220ec3d1c8f8fe3fa10)
[m[2m2026-09-24 18:16:47.486+0200[m[2m | [m[2mengine-ordered-execution-0[m[2m | [m[36mDEBUG[m[2m | [m[2mMergeCoordinator[m[2m | [m[36mchecking if block 0 (0x206d061bf3b9595e8f05c26af5c9ee14aced73a68878f220ec3d1c8f8fe3fa10) is ancestor of 0 (0x206d061bf3b9595e8f05c26af5c9ee14aced73a68878f220ec3d1c8f8fe3fa10)
[m[2m2026-09-24 18:16:47.486+0200[m[2m | [m[2mengine-ordered-execution-0[m[2m | [m[36mDEBUG[m[2m | [m[2mMergeCoordinator[m[2m | [m[36mchecking if block 0 (0x206d061bf3b9595e8f05c26af5c9ee14aced73a68878f220ec3d1c8f8fe3fa10) is ancestor of 0 (0x206d061bf3b9595e8f05c26af5c9ee14aced73a68878f220ec3d1c8f8fe3fa10)
[m[2m2026-09-24 18:16:47.486+0200[m[2m | [m[2mengine-ordered-execution-0[m[2m | [m[36mDEBUG[m[2m | [m[2mMergeCoordinator[m[2m | [m[36mNothing to do new head 0 (0x206d061bf3b9595e8f05c26af5c9ee14aced73a68878f220ec3d1c8f8fe3fa10) is already chain head
[m[2m2026-09-24 18:16:47.493+0200[m[2m | [m[2mengine-ordered-execution-0[m[2m | [m[36mDEBUG[m[2m | [m[2mEngineForkchoiceUpdatedV2[m[2m | [m[36mfailed to exec consensus method engine_forkchoiceUpdatedV2
java.lang.IllegalStateException: Block creation failed unexpectedly. Will restart on next block added to chain.
	at org.hyperledger.besu.ethereum.blockcreation.AbstractBlockCreator.createBlock(AbstractBlockCreator.java:374)
	at org.hyperledger.besu.consensus.merge.blockcreation.MergeBlockCreator.createBlock(MergeBlockCreator.java:89)
	at org.hyperledger.besu.consensus.merge.blockcreation.MergeCoordinator.preparePayload(MergeCoordinator.java:259)
	at org.hyperledger.besu.ethereum.api.jsonrpc.internal.methods.engine.EngineForkchoiceUpdatedV1.syncResponse(EngineForkchoiceUpdatedV1.java:257)
	at org.hyperledger.besu.ethereum.api.jsonrpc.internal.methods.ExecutionEngineJsonRpcMethod.computeResponseSafely(ExecutionEngineJsonRpcMethod.java:172)
	at org.hyperledger.besu.ethereum.api.jsonrpc.internal.methods.OrderedExecutionJsonRpcMethod.lambda$response$0(OrderedExecutionJsonRpcMethod.java:66)
	at io.vertx.core.impl.ExecuteBlocking$1.execute(ExecuteBlocking.java:36)
	at io.vertx.core.impl.WorkerTask.run(WorkerTask.java:57)
	at java.base/java.util.concurrent.ThreadPoolExecutor.runWorker(ThreadPoolExecutor.java:1090)
	at java.base/java.util.concurrent.ThreadPoolExecutor$Worker.run(ThreadPoolExecutor.java:614)
	at io.netty.util.concurrent.FastThreadLocalRunnable.run(FastThreadLocalRunnable.java:30)
	at java.base/java.lang.Thread.run(Thread.java:1474)
Caused by: java.lang.IllegalArgumentException: Fork no more supported by the tracer: SHANGHAI
	at net.consensys.linea.zktracer.Fork.fromMainnetHardforkIdToTracerFork(Fork.java:125)
	at lineth.sequencer.txselection.selectors.TraceLineLimitTransactionSelector$LineCountingTracerWithLog.<init>(TraceLineLimitTransactionSelector.java:251)
	at lineth.sequencer.txselection.selectors.TraceLineLimitTransactionSelector.<init>(TraceLineLimitTransactionSelector.java:89)
	at lineth.sequencer.txselection.selectors.LineaTransactionSelector.createTransactionSelectors(LineaTransactionSelector.java:117)
	at lineth.sequencer.txselection.selectors.LineaTransactionSelector.<init>(LineaTransactionSelector.java:69)
	at lineth.sequencer.txselection.LineaTransactionSelectorFactory.create(LineaTransactionSelectorFactory.java:125)
	at org.hyperledger.besu.ethereum.blockcreation.pluginadapter.TransactionSelectionServiceImpl.lambda$createPluginTransactionSelector$0(TransactionSelectionServiceImpl.java:63)
	at java.base/java.util.stream.ReferencePipeline$3$1.accept(ReferencePipeline.java:214)
	at java.base/java.util.ArrayList$ArrayListSpliterator.forEachRemaining(ArrayList.java:1716)
	at java.base/java.util.stream.AbstractPipeline.copyInto(AbstractPipeline.java:570)
	at java.base/java.util.stream.AbstractPipeline.wrapAndCopyInto(AbstractPipeline.java:560)
	at java.base/java.util.stream.AbstractPipeline.evaluate(AbstractPipeline.java:635)
	at java.base/java.util.stream.AbstractPipeline.evaluateToArrayNode(AbstractPipeline.java:291)
	at java.base/java.util.stream.ReferencePipeline.toArray(ReferencePipeline.java:652)
	at java.base/java.util.stream.ReferencePipeline.toArray(ReferencePipeline.java:658)
	at java.base/java.util.stream.ReferencePipeline.toList(ReferencePipeline.java:663)
	at org.hyperledger.besu.ethereum.blockcreation.pluginadapter.TransactionSelectionServiceImpl.createPluginTransactionSelector(TransactionSelectionServiceImpl.java:64)
	at org.hyperledger.besu.ethereum.blockcreation.AbstractBlockCreator.createBlock(AbstractBlockCreator.java:230)
	... 11 more
[m[2m2026-09-24 18:16:47.497+0200[m[2m | [m[2mops-approval-io-3-1[m[2m | [m[36mDEBUG[m[2m | [m[2mNettyServerHandler[m[2m | [m[36m[id: 0x14a618b7, L:/127.0.0.1:60846 - R:/127.0.0.1:60919] INBOUND GO_AWAY: lastStreamId=3 errorCode=0 length=25 bytes=636c69656e74207472616e73706f72742073687574646f776e
[m[2m2026-09-24 18:16:47.498+0200[m[2m | [m[2mvert.x-eventloop-thread-1[m[2m | [m[36mDEBUG[m[2m | [m[2mJsonRpcHttpService[m[2m | [m[36mConnection closed from 127.0.0.1:60920. Total of active connections: 1/4096
[m[2m2026-09-24 18:16:47.498+0200[m[2m | [m[2mvert.x-eventloop-thread-1[m[2m | [m[36mDEBUG[m[2m | [m[2mJsonRpcHttpService[m[2m | [m[36mConnection closed from 127.0.0.1:60917. Total of active connections: 0/4096
[m[2m2026-09-24 18:16:47.499+0200[m[2m | [m[2mvert.x-eventloop-thread-1[m[2m | [m[36mDEBUG[m[2m | [m[2mEngineJsonRpcService[m[2m | [m[36mConnection closed from 127.0.0.1:60933. Total of active connections: 0/4096
[m[2m2026-09-24 18:16:47.500+0200[m[2m | [m[2mops-approval-io-3-1[m[2m | [m[36mDEBUG[m[2m | [m[2mPoolThreadCache[m[2m | [m[36mFreed 9 thread-local buffer(s) from thread: ops-approval-io-3-1
[m[2m2026-09-24 18:16:47.500+0200[m[2m | [m[2mBesuCommand-Shutdown-Hook[m[2m | [m[36mDEBUG[m[2m | [m[2mBesuPluginContextImpl[m[2m | [m[36mStopped plugin of type ops.approvals.OpsApprovalPlugin.
[m[2m2026-09-24 18:16:47.501+0200[m[2m | [m[2mBesuCommand-Shutdown-Hook[m[2m | [m[36mDEBUG[m[2m | [m[2mBesuPluginContextImpl[m[2m | [m[36mStopped plugin of type lineth.sequencer.txselection.LineaTransactionSelectorPlugin.
[m[2m2026-09-24 18:16:47.501+0200[m[2m | [m[2mBesuCommand-Shutdown-Hook[m[2m | [m[36mDEBUG[m[2m | [m[2mBesuPluginContextImpl[m[2m | [m[36mClosed plugin classloader
[m[2m2026-09-24 18:16:47.501+0200[m[2m | [m[2mBesuCommand-Shutdown-Hook[m[2m | [m[36mDEBUG[m[2m | [m[2mBesuPluginContextImpl[m[2m | [m[36mPlugin shutdown complete.
[m[2m2026-09-24 18:16:47.510+0200[m[2m | [m[2mBesuCommand-Shutdown-Hook[m[2m | [m[32mINFO [m[2m | [m[2mNetworkRunner[m[2m | [m[32mStopping Network.
[m[2m2026-09-24 18:16:47.510+0200[m[2m | [m[2mBesuCommand-Shutdown-Hook[m[2m | [m[32mINFO [m[2m | [m[2mEthProtocolManager[m[2m | [m[32mStopping eth Subprotocol.
[m[2m2026-09-24 18:16:47.511+0200[m[2m | [m[2mBesuCommand-Shutdown-Hook[m[2m | [m[32mINFO [m[2m | [m[2mEthProtocolManager[m[2m | [m[32meth Subprotocol stopped.
[m[2m2026-09-24 18:16:47.511+0200[m[2m | [m[2mBesuCommand-Shutdown-Hook[m[2m | [m[32mINFO [m[2m | [m[2mNetworkRunner[m[2m | [m[32mNetwork stopped.
[m[2m2026-09-24 18:16:47.511+0200[m[2m | [m[2mBesuCommand-Shutdown-Hook[m[2m | [m[32mINFO [m[2m | [m[2mAutoTransactionLogBloomCachingService[m[2m | [m[32mShutting down Auto transaction logs caching service.
[m[2m2026-09-24 18:16:47.511+0200[m[2m | [m[2mBesuCommand-Shutdown-Hook[m[2m | [m[32mINFO [m[2m | [m[2mNatService[m[2m | [m[32mNo NAT environment detected so no service could be stopped
[m